id,text,label_text,persona,label
b244c98f-2ee9-498f-a281-ccf003da09c1,I've been staring at my account all damn day waiting for my cash back and nothing shows up—what the hell is going on?!,Refund_not_showing_up,angry_layperson,51
0e49c64b-7e35-430b-a901-ff26ea8f02c6,I asked that store to give me my money back weeks ago and it still ain't showing up in my account—fix this right now!,Refund_not_showing_up,angry_layperson,51
0d3f7385-6e87-47ae-a888-621fed64393f,"I've been waiting forever for that cash the store promised to give me back and it still ain't show up, what the hell is going on?",Refund_not_showing_up,angry_layperson,51
a87b5ff3-a03d-4774-b226-1e802e617b6b,I asked that shop to give me my cash back like two weeks ago and there’s still zero dollars in my account—what the hell is taking so long?!,Refund_not_showing_up,angry_layperson,51
51b22215-51de-49a1-86ce-418efa6efe37,I asked for my money back weeks ago and it’s still not in my account—what the hell is going on?!,Refund_not_showing_up,angry_layperson,51
cd8ea249-6702-4519-be41-5c08c4453790,"This is absurd—my refund from weeks ago still hasn't hit my balance, so sort it out immediately!",Refund_not_showing_up,angry_layperson,51
f1d69082-d993-477b-82b7-df302199b2fd,Refund due yesterday still not in account I need it now,Refund_not_showing_up,panicking_emergency,51
2aa3cd0d-90c0-4626-a998-965e62969773,Missing refund panic need it now check account now,Refund_not_showing_up,panicking_emergency,51
7907029b-e66a-40c2-8abd-112e972e9a1b,Refund missing from account yesterday promised today still not here need it now check urgently,Refund_not_showing_up,panicking_emergency,51
298b5087-5bef-462b-9d1d-b6ef5d7eb2cd,Refund promised yesterday still not in account need it now urgently,Refund_not_showing_up,panicking_emergency,51
163de63c-095f-438d-86c6-7ce95d5fdea5,Refund not in my balance I asked days ago I need it now check it,Refund_not_showing_up,panicking_emergency,51
f1268a0f-762c-4edc-89b2-2a7d2891505e,Refund still not in my account I need the money now,Refund_not_showing_up,panicking_emergency,51
21cb3af5-a4e3-4605-98ad-441719b6abef,"I am writing to inquire about the status of a refund that was issued by the merchant on [date]; despite the passage of the standard processing period, the credited amount has not yet appeared on my account statement, and I would appreciate your assistance in investigating and resolving this discrepancy.",Refund_not_showing_up,polite_expert,51
7b05fedb-4a47-4d51-991f-f272b179daf9,"I have confirmed with the merchant that a refund was issued, yet the corresponding credit has not appeared on my account statement.",Refund_not_showing_up,polite_expert,51
077e29f4-6f72-4c48-b075-98ba11782a6c,"I wish to inquire about the status of a refund that was processed by the merchant a week ago, as it has not yet appeared on my account statement despite the anticipated processing timeframe.",Refund_not_showing_up,polite_expert,51
498b8c0b-01bf-4d73-838d-52382c9d465c,"I would appreciate assistance in locating a refund that was processed last week, as it has not yet appeared on my account statement.",Refund_not_showing_up,polite_expert,51
1d09ca19-7a1e-4396-83e2-0e799d657738,"I have noted that the refund issued on the 12th of July has not yet been reflected in my account balance, and I would appreciate clarification regarding the anticipated posting date of these funds.",Refund_not_showing_up,polite_expert,51
c4000b86-4b33-40eb-8552-b3ef2ce947d6,"I have observed that the refund pertaining to the purchase made on March 15 has not been posted to my account, and I kindly request an investigation into the delay.",Refund_not_showing_up,polite_expert,51
ebf463dd-ccbc-43d8-b493-fe76505b4732,"Hey, I asked for a refund on that hoodie last week and still nada in my app, wtf can u check?",Refund_not_showing_up,gen_z_slang,51
39993da4-4938-4f4b-9008-fa051b3d2869,"Hey, I asked for a refund from that shop a few days ago but it still ain't on my account, can u check?",Refund_not_showing_up,gen_z_slang,51
69d2e2fd-2ae0-44da-91c8-9e4df1d45a91,"Yo, I asked for a refund from that shop weeks ago and nothing's hit my account yet, can you check what's up?",Refund_not_showing_up,gen_z_slang,51
58f5d453-0dbc-4920-930e-486c865f9fab,"Yo, i returned a purchase last week and the cash still ain’t hit my account, any clue when it’ll drop?",Refund_not_showing_up,gen_z_slang,51
4b61f2eb-c42e-4d80-8635-0dae923c3470,"Yo, I hit up support for a cash‑back on that order a few days back and my account’s still dry—can you peep it for me?",Refund_not_showing_up,gen_z_slang,51
d6ce5f56-746d-419a-a615-2e19bb8c47ad,"Yo, I was supposed to get a refund but it ain’t showing up on my statement, what’s the deal?",Refund_not_showing_up,gen_z_slang,51
4ebd8325-5108-4d85-9d93-4083bba84866,"Hello, I ask seller for refund two weeks ago but money not in my account yet. I check often but nothing show, please help.",Refund_not_showing_up,non_native_speaker,51
c27b31fa-89ae-47d0-a86e-c0a08437d321,"Hello, I returned a shirt last week but money not in my account yet, can you help?",Refund_not_showing_up,non_native_speaker,51
0fa9b8f5-01cb-45e2-b784-678331e7b3af,"Hi, I was told my refund will be in my account but it not show up yet.",Refund_not_showing_up,non_native_speaker,51
c86595e6-097e-4cc6-8165-6805d319f02b,"Hello, I return a purchase a few days ago but the money not in my account yet, can you help please?",Refund_not_showing_up,non_native_speaker,51
f6f59a16-7f94-464c-a82c-16456ceb674e,"I asked the shop for my money back last week but the refund not appear on my account yet, can you please check?",Refund_not_showing_up,non_native_speaker,51
71449d7a-9f0f-475d-856f-a76920d87934,"I was told I will get my money back but I not see it in my account, can you help me?",Refund_not_showing_up,non_native_speaker,51
8960ae77-3f4a-4b8e-9502-299cc3416e7b,Refund not in account,Refund_not_showing_up,short_wording,51
9c35165b-283d-4ec7-a7fd-46d96c709612,Refund not received,Refund_not_showing_up,short_wording,51
dd346fe1-ee0e-480e-8df4-a21e09895e5a,Refund not showing,Refund_not_showing_up,short_wording,51
c133a659-f904-4ca9-9172-6ff6d6955fcc,Refund hasn't shown up,Refund_not_showing_up,short_wording,51
108e2fad-87f7-49f5-836d-97f3b46ba504,Refund missing from statement,Refund_not_showing_up,short_wording,51
b31d7fce-18d3-4cc6-84f7-cd2962c6de6e,No refund visible,Refund_not_showing_up,short_wording,51
8cf19d64-a76a-4852-b570-cb73754661ac,I just got my new damn card and I need it working right now—what the hell do I have to do to turn it on?,activate_my_card,angry_layperson,0
eba90306-9352-4bd6-86ca-31d69fdd1b29,"I just got my damn new card and I can't figure out how the heck I'm supposed to turn it on, this is ridiculous!",activate_my_card,angry_layperson,0
f5b39ba5-58fe-4a36-a7cf-d9f7dea79d4a,I got this damn new card in the mail and I have no idea how the hell I'm supposed to make it work—sort this out right now!,activate_my_card,angry_layperson,0
26b10c18-23f1-4dfc-9274-8a67d9a2a285,"I just got this stupid new card and every time I try to get it working it just sits there—what the hell, get it activated already!",activate_my_card,angry_layperson,0
e96d1292-9858-4b6c-b675-ff19b5eb227d,"I got this stupid new card and it still won't work, fix it and get it ready to use right now!",activate_my_card,angry_layperson,0
b1b4608a-aa78-43f1-b31a-f5ebf78eca04,"I got a brand‑new card and it still won’t work, what the hell do I gotta do to get it up and running already?",activate_my_card,angry_layperson,0
a687682c-70b2-4b35-9094-e326d24f417d,New card arrived cannot use need activation now urgent help please,activate_my_card,panicking_emergency,0
3d90b86b-883e-4e92-aa81-c2fe35ab99e6,New card in hand need it working immediately cant wait,activate_my_card,panicking_emergency,0
2a211522-abd7-48bd-9085-0b5e770f4940,Card arrived now can't use it need activation asap please help now,activate_my_card,panicking_emergency,0
d11e60f4-e3f3-4696-a29d-e9643b990940,Card arrived cant use need activation now urgent,activate_my_card,panicking_emergency,0
897e47ef-441b-4782-a775-29e0f6115369,Card arrived today need it active now cant withdraw cash,activate_my_card,panicking_emergency,0
2bb235da-a854-45cb-bacc-0d59815b5436,I just received my new card and need it activated immediately so I can pay my bills—please help me enable it right away.,activate_my_card,panicking_emergency,0
d7a68af4-f32d-4782-8d2a-57c63f6e1aae,I kindly request detailed instructions on how to activate the new debit card that I have recently received.,activate_my_card,polite_expert,0
a1f9474c-3a4e-46b9-9dfe-e2894e516c49,Could you walk me through the steps needed to activate the debit card I just received?,activate_my_card,polite_expert,0
56fd3080-f6bb-40f1-b114-be874c007a3f,"Now that my new debit card is in hand, I need a clear guide on how to turn it on for use.",activate_my_card,polite_expert,0
3cb277fb-b6b3-4ed3-8479-43f8a4fde619,I would appreciate assistance in initiating the activation of my newly issued debit card at your earliest convenience.,activate_my_card,polite_expert,0
72dce33b-f521-487d-8912-f7712f95bdd7,"I kindly request assistance in activating the newly issued debit card I have received, as my attempts to complete the activation process have been unsuccessful.",activate_my_card,polite_expert,0
75f53db6-a9be-4b45-a71f-51597a96f78e,"Please outline the activation process for my freshly issued card, mentioning any verification or security checks required.",activate_my_card,polite_expert,0
04a7f5dd-d834-4ccc-a30c-2e0b939492df,"Yo, just got my new card and need to get it up and running—how do I turn it on?",activate_my_card,gen_z_slang,0
31e218e9-fe80-4b3c-9b0a-d2719678cc9f,"Sup, just received the fresh card—what's the quick way to fire it up?",activate_my_card,gen_z_slang,0
7cf3488f-0b10-4923-9341-30426ddf7416,"Yo, I just got my new card—how do I turn it on and start using it?",activate_my_card,gen_z_slang,0
665099ff-7d25-470c-a3ca-3412831acd66,"Yo, the new card just landed in my wallet—how do I get it activated ASAP?",activate_my_card,gen_z_slang,0
f9f59645-a705-4ba0-a1ef-dada197712ab,"Hey, I just got my new card and the app won’t turn it on, can you help me get it active?",activate_my_card,gen_z_slang,0
799881f3-80fb-4afd-b49b-d5072e49597b,"Yo, just got my new card—where do I go to turn it on?",activate_my_card,gen_z_slang,0
d6686fe0-df56-4292-ae97-086d6d7bb0b4,"I just get new card, please tell me how I can make it work.",activate_my_card,non_native_speaker,0
3e45fde3-ed03-4642-ac50-f61cc3c9e3e3,"I get new card but I not know how to turn it on, please help.",activate_my_card,non_native_speaker,0
1bdbd4c4-099f-43cf-bfde-4c16363f1bdf,Could you explain the steps to activate my freshly issued card?,activate_my_card,non_native_speaker,0
587daed8-d5ad-4f85-a049-f8f8d5d8604e,I just received my replacement card and I'm unsure how to enable it; any guidance?,activate_my_card,non_native_speaker,0
fd7e925b-87cb-4e1d-997a-6bdb641a892f,"Hey, I have my new card here—how do I get it up and running?",activate_my_card,non_native_speaker,0
71091fe4-85a4-4184-b666-1ad7664edad5,"Hi there, I got a brand‑new card today; can you show me how to activate it?",activate_my_card,non_native_speaker,0
4c354ea0-aaa5-460d-962d-cbfc1c53e066,Card activation issue,activate_my_card,short_wording,0
dd271812-f655-4ac1-a6c2-dfb9abe1036a,Card activation help,activate_my_card,short_wording,0
c2ef3ad5-b13d-45b1-9d12-bbc30eb78aad,activate new card,activate_my_card,short_wording,0
a9432f35-f65c-4489-8e97-3f5b8291650a,Start my new card,activate_my_card,short_wording,0
312740dd-6ac1-4c0b-857e-253c00050812,Can I enable a fresh card?,activate_my_card,short_wording,0
c38b5c71-ccd8-4cc2-bf7d-d2b4280e701d,Card activation failed,activate_my_card,short_wording,0
7f143c8b-e6cc-4346-b49c-fe773bb0ee0b,"What the hell gives, you won’t let my 13‑year‑old have an account, I need to know what age you think is okay!",age_limit,angry_layperson,1
53f257d3-88fc-4f6a-b969-4e1568b77bae,"What the hell, why the damn system won't let me open an account for my kid because of some stupid age rule?!",age_limit,angry_layperson,1
aaa0800b-8c42-4b26-ad78-c2115d9cd481,I’m sick of this crap—tell me how old I gotta be to get an account already!,age_limit,angry_layperson,1
908169c2-b5c7-4214-a7c3-644c8093ff6f,"I'm only 16 and you guys are telling me I can't even open a damn account—what the hell, this is total nonsense!",age_limit,angry_layperson,1
9da31e00-d533-4796-92f7-b44e54cecd3c,Enough with this nonsense—why must I wait until my child reaches some arbitrary age before they can have an account?!,age_limit,angry_layperson,1
f1ee0f71-9619-4f56-9ba7-b354dff290b5,I'm fed up—how old do I actually need to be to sign up? I'm 17 and you’re saying I’m barred.,age_limit,angry_layperson,1
8ca5e43a-3fe1-476c-823f-df7e6fe5738d,Open account for my 10 year old urgent need help,age_limit,panicking_emergency,1
ed1855ba-8fe6-4108-87bb-d5c626d13af8,Need account now cant wait how old must I be to open it,age_limit,panicking_emergency,1
012308d1-6084-41d5-9eca-12f6b8317ba8,I’m desperate to create a junior account right this minute and I’m unsure if my child meets the age criteria.,age_limit,panicking_emergency,1
6c8cb80c-1550-4be6-b883-629dcb85e175,"I need to open an account for my 12‑year‑old now help

(Note: The answer includes a hyphen, which is punctuation. We need to avoid punctuation entirely, including hyphens. So we must rewrite without hyphens.)

Let's produce final: ""I need to open an account for my twelve year old now help"".
I need to open an account for my twelve year old now help",age_limit,panicking_emergency,1
5425c031-2848-4a49-9eab-f57ea19200b7,My 15 year old needs an account today urgent help,age_limit,panicking_emergency,1
afbf12e1-489e-4a63-87a0-d2dc0cb09b66,Help I need a junior account for my 12 year old son right now I dont know if he can have one,age_limit,panicking_emergency,1
62ef2fc1-f85d-4b37-8f0b-fbfc545d96fa,I would appreciate clarification regarding the minimum age at which an individual may legally open a deposit account with your bank.,age_limit,polite_expert,1
d90562ec-ad49-4698-a2d7-5c71728289b7,I would like to inquire about the minimum age required for an individual to establish a personal account with your bank.,age_limit,polite_expert,1
7f8d15ff-0b2c-45d9-af3d-186598691d31,Could you kindly inform me of the youngest age at which a person may open a personal banking account?,age_limit,polite_expert,1
c0f54778-880f-4628-b95b-f5790a2dd102,"As a parent considering checking options for my child, I would appreciate knowing the minimum age required to open a personal checking account at your institution.",age_limit,polite_expert,1
91a57b25-41d2-4fab-aeca-3530664b7c94,I wish to ascertain the minimum age requisite for establishing an account with your institution.,age_limit,polite_expert,1
3c3bb81f-3cf0-48d4-89aa-12d05f3f2c73,I would be grateful if you could indicate the minimum age at which an individual is permitted to open a deposit account with your bank.,age_limit,polite_expert,1
5f907005-28f7-406e-838f-87e82986bdca,"Hey, quick Q—what's the youngest age y’all let someone open an account?",age_limit,gen_z_slang,1
a6ed04e7-5f88-4e61-9fa9-b913205e09ad,"Yo, hit me up with the minimum age you let folks start a bank account, 'cause I'm checking for my little bro.",age_limit,gen_z_slang,1
40b90d99-b0aa-4159-a13d-82dd1c312dc8,"Sup, need to know the youngest age you allow someone to sign up for an account—I'm 16 and ready to roll.",age_limit,gen_z_slang,1
48eb1da2-04d9-4195-8135-c4c8a387a362,"Hey, can u tell me the youngest age I can open a personal account?",age_limit,gen_z_slang,1
bfa69f9a-e894-431e-9006-b8572fe5621e,"Yo, what's the min age to open an acct, need to know if my kid can get one.",age_limit,gen_z_slang,1
9794e270-0a48-4e6d-9671-dd3960a875d5,"hey, do my kids need to be a certain age to get their own account or can they sign up now?",age_limit,gen_z_slang,1
3740176c-10bb-4bbf-8eba-ec1f806e3150,"I want open account for my daughter, what age she need to be?",age_limit,non_native_speaker,1
467cd302-8783-41fb-8084-6c76504a1c23,Could you let me know the minimum age needed to open an account for my daughter?,age_limit,non_native_speaker,1
c38f87af-38ee-424b-92bd-8d40a31d58fc,"Hi, can you tell me what age need for child have a bank account?",age_limit,non_native_speaker,1
618b3947-0d4e-44e1-8b51-4dcc242cda93,What age does my daughter have to be before she can get a bank account?,age_limit,non_native_speaker,1
d6235442-24dd-4f67-8615-a2ee7b49fc45,"My son 16, can he open account?",age_limit,non_native_speaker,1
70ce3882-f279-452b-bf5c-3d0e5e954dff,"Hi, can you tell me what age I need for open an account?",age_limit,non_native_speaker,1
290a78c0-d978-4acb-8e24-38913344d928,Minimum age?,age_limit,short_wording,1
388e0c59-5837-4ea2-9d4d-1803954d2f22,Minimum age for account?,age_limit,short_wording,1
f21f96a3-a275-46b1-9607-3bd4810047ce,Minimum age to open?,age_limit,short_wording,1
7d263cfb-5192-4054-8e49-26f45007b721,Age to start?,age_limit,short_wording,1
6cb51966-e469-4c76-b371-e937b5d86909,Age limit for a profile?,age_limit,short_wording,1
54f4b52c-8fc9-449a-846b-6d7322e8428e,Account age requirement?,age_limit,short_wording,1
c010945f-86a6-4b89-bf2f-08bfc0c9ab77,"I tried to top up with Apple Pay on my phone and it just keeps blowing up, I’m fed up with this crap!",apple_pay_or_google_pay,angry_layperson,2
2865b20d-4d57-4324-bb6a-7b5bda78c17f,Why the hell can't I use my AmEx in Apple Pay to add cash to my account? It keeps freaking failing!,apple_pay_or_google_pay,angry_layperson,2
ab240911-7b9a-446d-b74a-408c87501796,"I'm fed up 'cause I finally got my new card and that damn phone payment thing still won't work, so fix it already!",apple_pay_or_google_pay,angry_layperson,2
6ff84264-4d1f-4726-a7c7-733b363370d6,"This is ridiculous—my phone's Apple Pay refuses to accept my AmEx, and I'm sick of the constant errors!",apple_pay_or_google_pay,angry_layperson,2
6d139d4a-4dbf-4edb-a1b4-b24dcfc7a359,"Why the hell won't my Apple Pay work to shove money into my account, this junk never does what it's supposed to!",apple_pay_or_google_pay,angry_layperson,2
c8bd68e8-1105-4ebb-b038-497d285b5662,I've had enough of trying to fund my account with that damn mobile payment; it just crashes every time!,apple_pay_or_google_pay,angry_layperson,2
1ee5081b-d0f3-43b0-83d5-895cf7eec734,Help I need to top up with my phone wallet it is failing,apple_pay_or_google_pay,panicking_emergency,2
40bef4e8-bdab-4083-8a9d-e12a2d4b2e76,Add money with my watch now urgent cant log in,apple_pay_or_google_pay,panicking_emergency,2
75b1bb45-778f-454c-ba7a-ec8c6ead5ad0,Apple Pay top up failed need cash now,apple_pay_or_google_pay,panicking_emergency,2
a1b16a74-f44d-430d-9bfc-d84af94cc975,Google Pay top up failed account empty need help now,apple_pay_or_google_pay,panicking_emergency,2
0b5211fa-30b8-49c8-a9a0-19fe885e70bd,Apple wallet top up not working need help now,apple_pay_or_google_pay,panicking_emergency,2
0c451b8c-7d1c-4ab0-924d-eada125ff6c6,I can't add funds using my smartwatch and need urgent assistance.,apple_pay_or_google_pay,panicking_emergency,2
4e9a7742-9a17-429c-8a62-3e401a1b053f,"I would appreciate clarification on whether my account may be funded through Apple Pay and, if such a method is permitted, kindly provide the detailed procedural steps required to complete the transaction.",apple_pay_or_google_pay,polite_expert,2
89c50ab7-eb1f-45bb-8e25-1f43ea7010ec,"I would like to inquire whether I may fund my account using Apple Pay or Google Pay, and, if permissible, kindly provide the detailed procedure required to execute such a top‑up.",apple_pay_or_google_pay,polite_expert,2
7f9b1904-77e6-4586-9cf6-26a74a641013,"Dear Sir or Madam, I have recently received my American Express card and am attempting to add it to my mobile wallet for contactless transactions; however, the enrollment process is repeatedly declined, and I would appreciate your guidance on how to resolve this issue.",apple_pay_or_google_pay,polite_expert,2
4acafb69-d50a-48b9-b4fa-cf462c64f21d,"Could you please tell me if I can add money to my account using the wallet functions on my Apple Watch or Android phone—specifically Apple Pay or Google Pay—and, if that’s possible, outline the exact steps I need to follow?",apple_pay_or_google_pay,polite_expert,2
78e8d285-d4e2-4e6c-8f0e-c92cfb90403b,I am unable to complete a top‑up using Apple Pay on my mobile device and would appreciate guidance on the necessary setup and any restrictions that may apply.,apple_pay_or_google_pay,polite_expert,2
fab9abaf-455f-446b-8bf5-d18fafdb45ed,"I’m wondering whether the Apple Watch’s payment feature can be used to top‑up my account, and if it can, what actions are required to enable and complete the process.",apple_pay_or_google_pay,polite_expert,2
757d82c3-c694-435c-837f-0e2a293c632b,"Yo, I'm tryna top up my phone wallet but idk how, can u hook me up?",apple_pay_or_google_pay,gen_z_slang,2
267363dc-aff2-4e9b-8f4f-34f34ae57392,"Hey, I tried topping up with Apple Pay using my AmEx and it’s just not working, can u help?",apple_pay_or_google_pay,gen_z_slang,2
3c8d74d5-3e6b-4626-897d-b2aec14689d5,"Yo, I'm trying to add cash through my phone's wallet but it keeps failing, what's the deal?",apple_pay_or_google_pay,gen_z_slang,2
b13881d9-056a-4085-ae1e-c5ac31718fa3,"Yo, I'm trying to top up using my Apple Watch and it's just not working, can you help me sort it out?",apple_pay_or_google_pay,gen_z_slang,2
b101c8b2-8ec2-4369-8ba4-066467c98c63,"Yo, I added my AmEx to Apple Pay and tried to top up but it’s not going through, what’s the deal?",apple_pay_or_google_pay,gen_z_slang,2
f8db3a86-6a8e-4b6a-a373-2e2a5a65f324,"Hey, can I just link my phone wallet or watch to top up instead of doing it in the app?",apple_pay_or_google_pay,gen_z_slang,2
ba2c451d-5a52-4fcf-bd2b-1f0b4d3fa2aa,"Hello, I try top up using my phone pay but it not work, please help.",apple_pay_or_google_pay,non_native_speaker,2
30337a17-6397-4db5-bf02-d1ec77d8f846,I try to top up with Apple Pay but it not work.,apple_pay_or_google_pay,non_native_speaker,2
07f73529-8945-4d86-ac02-5b98836fc563,"Could you assist me? I'm attempting to fund my account through Apple Pay, but the transaction keeps failing.",apple_pay_or_google_pay,non_native_speaker,2
72dab243-3378-44f5-936b-4ee4c3f5f5da,I want to top up using Apple Pay but it says error and I not understand why.,apple_pay_or_google_pay,non_native_speaker,2
650a6850-90d3-4515-bb83-0111ebfa86f7,"Whenever I try to reload my balance with Apple Pay, an error message appears and I can't figure out the cause.",apple_pay_or_google_pay,non_native_speaker,2
029db91a-c3c7-46aa-90cf-7e5b41eb8477,I'm having trouble adding funds via Apple Pay; the process just stops working. Please advise.,apple_pay_or_google_pay,non_native_speaker,2
abc9a52a-a9b6-4e05-b8a8-25f0cb4359b3,Apple Pay top-up declined,apple_pay_or_google_pay,short_wording,2
05a85fa9-fdea-458e-8300-d5c0003764e0,Apple Pay top-up failing,apple_pay_or_google_pay,short_wording,2
42e7c57d-11d9-4b38-9b8c-96fc49f0db1a,Can't add funds using Apple Pay,apple_pay_or_google_pay,short_wording,2
8c8b7152-5de1-431b-bc6a-58e4a9a7bb18,Apple Pay top up?,apple_pay_or_google_pay,short_wording,2
9db81243-14c2-4f83-bc33-95a80ca8c875,Is topping up with Apple Pay allowed?,apple_pay_or_google_pay,short_wording,2
74e6c72d-9a46-4579-93b9-8f7bfaec3f8f,Google Pay top up failing?,apple_pay_or_google_pay,short_wording,2
3a1f36e9-806b-4459-ad03-2b870d1bc25e,"Why the hell are all the ATMs out there rejecting my card when I need cash, and nobody can tell me which ones actually work?",atm_support,angry_layperson,3
d8d21945-0633-44cc-96ce-d776af3af770,I'm sick of driving around like a fool trying to find any damn ATM that will actually take my card—where the hell are they?,atm_support,angry_layperson,3
b8fc9fad-9112-421e-8c40-ca7e672658bf,I’m sick of hunting for a damn ATM that actually works with my card—where the hell is the nearest one that doesn’t spit me out?,atm_support,angry_layperson,3
153ae41f-a474-4ffe-a7e5-d7d3a4f0ecb9,"I'm sick of this crap—none of the damn ATMs around take my card, tell me where the hell I can actually pull cash!",atm_support,angry_layperson,3
9ecba731-c16d-493b-9953-bc37fd214376,"Enough already—point me to a working ATM right now, because I'm tired of this card being rejected everywhere!",atm_support,angry_layperson,3
bc6d39ea-c772-4840-a2a0-b17aacd24eb7,I’m fed up—where the hell’s the nearest ATM so I can finally get some cash?!,atm_support,angry_layperson,3
b1b3127e-3998-4cf2-a6c0-e44e74e7bff4,Need cash now cant find any machine near me help fast,atm_support,panicking_emergency,3
bc1850dc-8cb6-444d-83f5-6f48e529c412,Need nearest ATM now card won’t work urgent,atm_support,panicking_emergency,3
69986315-a66c-45fc-bbdd-ebf7c53e7c96,Card not working need ATM now,atm_support,panicking_emergency,3
17facd96-dcd4-4424-8e8e-fe029885a860,Need cash fast card declined find nearest ATM,atm_support,panicking_emergency,3
fc38ff00-9009-405c-834e-fef0d45dc4f5,I'm desperate for money; I can't locate any ATM nearby and need assistance immediately.,atm_support,panicking_emergency,3
51ce9e21-ee69-4ddf-83cc-e5c02e3f9678,Need cash now card not working at any machine help fast,atm_support,panicking_emergency,3
2e70dfc0-1a70-4966-98e0-83b286350b2d,I would be grateful if you could furnish me with a comprehensive list of the ATM locations within the network where my card is accepted.,atm_support,polite_expert,3
e8efef0f-d00b-491c-a235-3a6ee1d29964,I would be grateful if you could provide clarification regarding the network of ATMs that will permit withdrawals using my Mastercard debit card and advise me on the most convenient location where such a machine is available.,atm_support,polite_expert,3
24f024cd-e126-46f9-855d-465ec9013116,"I would be grateful if you could provide a comprehensive list of the nearest ATMs that accept my debit card, including any applicable network affiliations and geographic coordinates.",atm_support,polite_expert,3
5f7eedfa-dd53-40c6-8de1-47a0e47d5e29,"I would be grateful if you could provide me with a list of the nearest ATMs that accept my debit card, including any applicable fees and operating hours.",atm_support,polite_expert,3
f2b47909-22ce-4b4e-8416-d5c38b9e5d33,I would be grateful if you could kindly advise me of the nearest ATM locations where my account‑linked card may be utilized.,atm_support,polite_expert,3
1b2eca7c-7e2b-4903-ad4f-52971efc31a7,I would appreciate clarification regarding which automated teller machines within the bank’s network are authorized to accept my debit card and whether any such facilities are available in close proximity to my residence.,atm_support,polite_expert,3
d7eeb019-41bd-413a-b6e7-92749c51da7b,"hey, can i use my card at any atm or are there only certain ones i gotta hit up?",atm_support,gen_z_slang,3
9ae0fef5-8bff-4fa5-9ba7-a389411af172,"Hey, can u let me know which ATMs I can hit up to pull cash with this card?",atm_support,gen_z_slang,3
ed00b3ff-5376-4e5e-a8b7-b4f7b8e44ca4,"Hey, can u tell me which ATMs actually take my card and where the closest one is?",atm_support,gen_z_slang,3
09fdd563-7964-44e8-ae8a-a055498163e4,"Yo, where can I pull cash with my card, need the nearest ATMs that actually work?",atm_support,gen_z_slang,3
76c1ec21-4a7b-4bae-8fdc-05255ce9628c,"Yo, drop me the nearest places where I can cash out with this card, ASAP.",atm_support,gen_z_slang,3
87826d52-db4b-4f67-b8bf-e9b2aa3b81cf,"Yo, can u tell me where the nearest ATMs are so I can pull cash fast?",atm_support,gen_z_slang,3
cb74e9cc-41ec-457f-a22b-97c5dc901f06,"Hi, can you tell me which ATMs i can use my card on please?",atm_support,non_native_speaker,3
c7e5d5c5-2667-4876-9625-f5d7ce267028,"Hi, I want find ATM that accept my card near my home, please help.",atm_support,non_native_speaker,3
a03723d7-7906-4a88-a129-24e1d01c38db,"Hello, can you tell me where nearest ATM that accept my card?",atm_support,non_native_speaker,3
53ae4396-21b9-4645-9030-01e80f2c19a0,Could you point me to the closest machine that works with my card?,atm_support,non_native_speaker,3
c9acb8d9-1a63-464b-81c8-3ea9625e1b72,"Hello, I want withdraw money, where is nearest ATM?",atm_support,non_native_speaker,3
2ae3bb46-7d6e-4b6f-a1de-9e23fc56a1ca,"Hi, I need know which ATM can accept my card?",atm_support,non_native_speaker,3
780a8dc0-e184-4538-8fe7-85e6bc8864a6,Which ATMs accept?,atm_support,short_wording,3
2c027188-a4ba-4520-bec5-2419f1c1a039,List ATMs that dispense cash.,atm_support,short_wording,3
f6a42462-b435-4696-9729-0f930525169f,Nearest ATM?,atm_support,short_wording,3
ac0bd0cc-f716-4a8e-8e0b-5fa0b8c547cb,Show me the closest cash point.,atm_support,short_wording,3
56c51c3b-bc37-41a2-8ac1-c6c470d13009,Nearby ATMs?,atm_support,short_wording,3
74e49ec3-7be7-4263-a2c2-dce095b00372,Cash not dispensing,atm_support,short_wording,3
7415c2db-889b-4006-9c39-49fa55c9bbe5,"I'm sick of my balance hitting zero and I can't get that stupid auto‑fill thing to work, so just tell me how the hell it’s supposed to add money when I'm broke!",automatic_top_up,angry_layperson,4
1d7df9b2-fb6f-45ef-82a6-0805c7b6421b,Why the hell does my balance keep hitting rock bottom and nobody's automatically adding cash when I'm about to go broke?,automatic_top_up,angry_layperson,4
5483c871-4292-41f9-8f18-eab977a3ff2e,"I’m fed up having to keep chucking money in every time my balance drops, just make it add cash on its own already!",automatic_top_up,angry_layperson,4
be6866c7-fe8f-41d7-b33a-a0868a3b2e27,"Hey, why the hell doesn’t my account top itself up when I’m about to run out of cash, sort this out now!",automatic_top_up,angry_layperson,4
d721e957-86b0-4dc9-9e5c-ed46a8ba08e0,I’m fed up with my balance hitting zero and nothing refilling itself—where the hell is that auto‑refill feature and why the heck is it capped?,automatic_top_up,angry_layperson,4
e55781c7-22ca-4448-bfa9-83c066bf5550,"I’m sick of hunting for that damn auto‑add money feature, can’t find it anywhere and it’s driving me crazy!",automatic_top_up,angry_layperson,4
7ed801e2-9e55-4c87-aa06-fe3f46ff577a,Balance dropped to zero need money added automatically right now,automatic_top_up,panicking_emergency,4
dbe1218c-724d-4072-9e99-a3d103163921,Balance zero need auto refill now help,automatic_top_up,panicking_emergency,4
d2f3f909-f6cc-4017-af36-a1bedbaf8b2d,My account hit zero and the automatic top‑up never fired—please push the money in right away.,automatic_top_up,panicking_emergency,4
f5b262bd-b666-4e60-a4d1-b17e56f1445b,Balance empty need money added now set up auto refill asap,automatic_top_up,panicking_emergency,4
f9a2f233-a328-44ba-9099-487f348068da,Help me now app won’t add money automatically when balance low,automatic_top_up,panicking_emergency,4
04d6b1ea-8ba9-405b-9601-3ed3b46e6ecb,"The balance is at zero and I was counting on an auto‑refill, but it didn’t trigger—need immediate assistance.",automatic_top_up,panicking_emergency,4
2a578523-3f2e-46a5-91b3-0dcb722125c2,"I would like to inquire whether my account can be configured to receive automatic replenishment when the balance falls below a predefined threshold, and what limits or conditions apply to such scheduled top‑ups.",automatic_top_up,polite_expert,4
3cfdd874-ac34-4c8b-a193-bd9900ff0363,"Could you explain how I can arrange for my account to be topped up automatically at set intervals—say, every week or month—and what the relevant conditions or limits might be?",automatic_top_up,polite_expert,4
1ef1080e-470c-482b-8e06-7c958baf72d0,"I have recently attempted to activate the scheduled replenishment of my account balance, yet the system prevents me from confirming the arrangement; could you kindly clarify the requirements and resolve this issue?",automatic_top_up,polite_expert,4
1355e722-1f4b-43a7-b01a-c11821ba6086,"I would appreciate clarification on how the automatic replenishment feature can be configured to add funds to my account at predetermined intervals while traveling, and what limits, if any, apply to such transactions.",automatic_top_up,polite_expert,4
9a779d1d-9579-44ef-9477-48b6c9eb39ed,I would appreciate guidance on configuring my account to automatically replenish its balance when it dips below a predetermined limit.,automatic_top_up,polite_expert,4
936ef8f6-c256-4248-a706-7872ab4806a8,I would like to inquire about the possibility of activating an automatic balance replenishment feature for my account and request detailed instructions on how to enable this service.,automatic_top_up,polite_expert,4
396636a7-4573-435d-9772-93b8ad8ac233,"Hey, can I set it up so my balance auto refills when it’s low, pls?",automatic_top_up,gen_z_slang,4
998e5b9a-d0f2-4c30-a2e7-e87e02aeed16,"Yo, can I set my app to auto‑top‑up cash every week so I don’t gotta think about it?",automatic_top_up,gen_z_slang,4
35bdf76a-dad4-44a7-856b-ac55571265f5,"Hey, I'm trying to set up the app to auto‑add funds when my balance dips but I can't find the option anywhere, can you help?",automatic_top_up,gen_z_slang,4
1483d51d-2803-4f68-94d1-d3631043d366,"Yo, can u tell me where the auto‑top thing lives in the app and what the max amount is?",automatic_top_up,gen_z_slang,4
548a895a-c65b-4a25-96b8-f4fd9dce853f,"Yo, how do I flip the auto‑recharge so my wallet tops up each time it dips?",automatic_top_up,gen_z_slang,4
07045f49-b7a4-47f0-ab03-5f5843cd1c28,"Hey, I can't find the auto‑top‑up feature—need it to drop cash into my account on a schedule when I'm traveling, can you point me there?",automatic_top_up,gen_z_slang,4
50d8619b-77b9-417a-9d7f-cc8132aa3c1f,"I looking for auto top up in app but I cannot find it, please help me.",automatic_top_up,non_native_speaker,4
ddc01913-4dae-4ddb-8a6a-ea4de8ecacc9,Can you make my account add money when it low?,automatic_top_up,non_native_speaker,4
6b7cb9dc-af2a-4397-b121-0f12f9a7e667,"My balance low, can you set it to add money by itself when it drops?",automatic_top_up,non_native_speaker,4
c08eb6fa-d90c-476c-8821-59afe43154df,"When my balance gets low I’d like the card to top up automatically, but I can’t seem to locate that setting inside the app.",automatic_top_up,non_native_speaker,4
2ef7895d-2673-4f10-ad81-488c323e50ff,"Please help, I need money added to my account automatically when balance become low.",automatic_top_up,non_native_speaker,4
434508e3-505d-4170-805a-1524936d45b3,Could you configure the app so it adds funds to my account on its own whenever the balance drops below a threshold?,automatic_top_up,non_native_speaker,4
608e20b7-ac92-49b1-8cc1-15fda51b4373,Auto top-up limits?,automatic_top_up,short_wording,4
14c5fb1a-b128-4c05-8f40-b3a3930204a9,Auto top-up not activating,automatic_top_up,short_wording,4
6d9dc794-1fb2-4490-ac5a-a0897efe217c,Enable auto top‑up?,automatic_top_up,short_wording,4
cfbdd963-c401-4f71-aaa9-50cb6a52f059,auto top-up setup?,automatic_top_up,short_wording,4
23f25a54-8108-4d4a-ab99-bf218ae886c8,Auto top-up schedule?,automatic_top_up,short_wording,4
ff127a1c-6a01-4466-9b65-45d04718f8a8,Auto‑top‑up maximum?,automatic_top_up,short_wording,4
e6b02e0d-e796-42d3-867c-fada9454591e,"Yo, I sent a transfer ages ago and my balance still looks like nothing happened—fix this crap now!",balance_not_updated_after_bank_transfer,angry_layperson,5
d0d60cef-484e-4c20-b72f-f824298dda6a,"I sent my money over yesterday and my account still shows nothing—what the hell is taking so long, fix this now!",balance_not_updated_after_bank_transfer,angry_layperson,5
f4ceb629-f54f-469d-b309-34397897b03e,"I sent a transfer a few hours ago and my money still hasn't popped up, this is ridiculous!",balance_not_updated_after_bank_transfer,angry_layperson,5
c02ed2fd-9966-4d20-a29b-b4cfc140f7e2,"It's been forever since I moved the money, yet my account shows $0—explain this nonsense!",balance_not_updated_after_bank_transfer,angry_layperson,5
50306de5-cc97-4edd-94e0-56d14356c54e,"I transferred funds yesterday, but today the balance hasn't changed a bit. Where did my cash disappear to?",balance_not_updated_after_bank_transfer,angry_layperson,5
7871ca55-fabc-46ca-a604-f9f63a5c3247,"After initiating a transfer this morning, my balance remains at zero. This is unacceptable—resolve it immediately!",balance_not_updated_after_bank_transfer,angry_layperson,5
cea91013-c394-4b89-aebc-1de37e233777,Money transferred this morning not in balance need help now,balance_not_updated_after_bank_transfer,panicking_emergency,5
56075a70-3bbd-4d1b-b91d-678a6eab611d,Transfer made minutes ago money not in balance help now,balance_not_updated_after_bank_transfer,panicking_emergency,5
3667ddcd-8fbc-46d9-970b-e97fc3f616f8,Bank transfer made hours ago still not in balance need it now,balance_not_updated_after_bank_transfer,panicking_emergency,5
17174a17-1f5c-4e7b-afc9-b6c92976e3b2,Transferred money three hours ago balance unchanged panic need immediate check,balance_not_updated_after_bank_transfer,panicking_emergency,5
85a4a270-5f68-4816-a722-508d1f9a62d1,"I sent a transfer earlier today, but my account still shows the same amount; I require a rapid resolution.",balance_not_updated_after_bank_transfer,panicking_emergency,5
91556934-740c-48ef-90b8-ca30b1e4aa9f,Transfer done two hours ago balance still zero need it now,balance_not_updated_after_bank_transfer,panicking_emergency,5
ff2b95b2-41ad-4098-848b-b8c29a65af67,"Dear Sir/Madam, I wish to bring to your attention that a recent bank transfer I initiated on [date] has not been reflected in my account balance, despite the confirmation of successful processing, and I would appreciate your assistance in investigating and rectifying this discrepancy at your earliest convenience.",balance_not_updated_after_bank_transfer,polite_expert,5
588b2d71-e6fd-452b-ba57-01b34667d06c,Could you kindly investigate why the interbank transfer I performed this morning has not yet appeared in the available balance of my account?,balance_not_updated_after_bank_transfer,polite_expert,5
fe110651-e40e-4554-8189-678c0295229a,"I sent funds from my UK bank to my [Bank Name] account earlier today, but the balance still shows the old amount; I would appreciate it if you could verify the transfer’s current status.",balance_not_updated_after_bank_transfer,polite_expert,5
62f359b3-22d1-4a5b-b43b-7ab3506481ef,I recently initiated a bank transfer from my UK account and have noticed that the available balance has not been adjusted accordingly; could you kindly investigate the status of this transaction?,balance_not_updated_after_bank_transfer,polite_expert,5
3c91b7eb-1a08-4cd4-b6e6-16fc1c0110b1,"After initiating a recent transfer from my UK account, the amount has not been posted to my balance; could you please confirm the transaction’s progress and advise when it is expected to be reflected?",balance_not_updated_after_bank_transfer,polite_expert,5
e20eea3d-efe2-423d-b4c0-636cf6bd9cb9,"I kindly request clarification as to why the recent bank transfer I initiated has not yet been reflected in my account balance, despite the indicated processing time having elapsed.",balance_not_updated_after_bank_transfer,polite_expert,5
23df45ad-5ea2-412f-85a3-7b4ac707254a,"Yo, I sent a transfer a few hrs ago and my balance still shows zero, can u check what's up?",balance_not_updated_after_bank_transfer,gen_z_slang,5
9c20037b-ecd0-4bce-9be0-9e417582102e,"Yo, I sent a transfer a couple hrs ago and my balance still looks the same, can you check on it pls?",balance_not_updated_after_bank_transfer,gen_z_slang,5
7f3f5491-e7f1-4e15-b6d6-f60c93b8dd44,"Yo, I did a transfer a few hrs ago and my balance still looks the same, can you peep it?",balance_not_updated_after_bank_transfer,gen_z_slang,5
eb5d394c-8fe7-4adf-b9a6-0dfd21d6ab95,"Yo, I did a transfer to my account but the balance still looks the same, can u check it real quick pls",balance_not_updated_after_bank_transfer,gen_z_slang,5
eeb78497-4904-476a-ba81-eeb138c969a3,"Yo, I sent a transfer earlier but my balance still looks empty, what's the hold up?",balance_not_updated_after_bank_transfer,gen_z_slang,5
f5c11409-79e9-4441-886e-3d33866d0ff4,"Yo, I sent a transfer from my UK bank a few hours ago and my balance still looks the same, can you peep it?",balance_not_updated_after_bank_transfer,gen_z_slang,5
3cb8fa73-0c14-47d9-b6c0-3eaf35b81f5f,"I made a transfer yesterday but my balance still same, can you tell me when money will appear?",balance_not_updated_after_bank_transfer,non_native_speaker,5
f905fe6b-c53f-491e-9b47-cf4e72477966,"Hello, I send money from my bank to my account yesterday but my balance not change, can you please look?",balance_not_updated_after_bank_transfer,non_native_speaker,5
ab98fd85-956b-49ed-8e99-e4a2cf54feb0,"I just made a transfer and my balance not update, can you help?",balance_not_updated_after_bank_transfer,non_native_speaker,5
5485e5ce-53a8-4d09-a20b-bfc980048704,"Good day, I completed a bank transfer earlier today, yet my account still reflects the old amount; could you let me know when the funds will be reflected?",balance_not_updated_after_bank_transfer,non_native_speaker,5
2681cd82-0de5-4a6a-8e68-2cbb0968dbc2,"Hi, I have transfer money but my balance not show new amount, please check.",balance_not_updated_after_bank_transfer,non_native_speaker,5
16107889-f0d8-4c07-b281-d8235b2c0ea1,"I transferred money to another of my accounts, but the total shown hasn't changed at all.",balance_not_updated_after_bank_transfer,non_native_speaker,5
14d3548d-8262-494d-9a65-060171bce19b,"Transfer completed, no update",balance_not_updated_after_bank_transfer,short_wording,5
9c4f4dbb-6230-4bfd-b8d2-ddd5db8f8f7f,Transfer not reflected,balance_not_updated_after_bank_transfer,short_wording,5
f3117a74-b14f-484d-9a55-e4c9d635ae2d,"Sent, but balance same",balance_not_updated_after_bank_transfer,short_wording,5
f93707f8-734d-4240-a79b-c5e7712835ff,"Money moved, account not updated",balance_not_updated_after_bank_transfer,short_wording,5
e0e29d1e-a27d-4956-99f8-57dbb3389e6f,"Transfer done, balance unchanged",balance_not_updated_after_bank_transfer,short_wording,5
a3c6577d-35b5-4865-89bc-82d4f7e8f6ab,Balance unchanged after transfer,balance_not_updated_after_bank_transfer,short_wording,5
c05513e6-3e5a-4426-a4a4-66d436873b39,I dumped cash at your branch yesterday and my balance is still the same—what the hell is taking so long?!,balance_not_updated_after_cheque_or_cash_deposit,angry_layperson,6
4381b7f8-03d1-4682-b65b-1c921c37c509,"I'm sick of waiting, I dropped cash at the branch two days ago and my balance still says zero – where the hell is my money?",balance_not_updated_after_cheque_or_cash_deposit,angry_layperson,6
9a7273d3-c6da-4c87-a0ab-b7a4e1e18899,"I tossed cash into the ATM and my balance still says zero, what the hell is this garbage?",balance_not_updated_after_cheque_or_cash_deposit,angry_layperson,6
cd7514d4-b7b8-47f7-a957-f47d31cc465e,"I swung by the branch this morning to hand over cash, yet my account still shows no increase—explain this nonsense!",balance_not_updated_after_cheque_or_cash_deposit,angry_layperson,6
a6274588-3db0-4f1e-ac2f-42de46425d67,I dropped cash and a cheque at the branch today and my balance still hasn't moved—what the hell is going on?!,balance_not_updated_after_cheque_or_cash_deposit,angry_layperson,6
199458ab-1b4c-42f3-ab59-01dd924fb388,I dropped a bunch of cash at the branch this morning and my account still says I got nothing—fix this crap now!,balance_not_updated_after_cheque_or_cash_deposit,angry_layperson,6
290a15ff-f888-44c5-bf1c-507425bfb09b,Dropped cheque this morning no balance change need cash now,balance_not_updated_after_cheque_or_cash_deposit,panicking_emergency,6
487c1b21-bb30-4f0f-ae4c-b43040b03ddb,Deposit cash this morning balance still same urgent need funds now please help,balance_not_updated_after_cheque_or_cash_deposit,panicking_emergency,6
820b74fb-c648-4854-8752-11d49be1cf53,Deposited a cheque two days ago nothing in balance need money now urgently please check account ASAP,balance_not_updated_after_cheque_or_cash_deposit,panicking_emergency,6
17703b74-20e6-4219-b442-d30829f4b809,Deposited cash this morning not showing balance urgent need help,balance_not_updated_after_cheque_or_cash_deposit,panicking_emergency,6
9a0eba6c-ae62-481b-831a-a5651e2d9e99,Deposited cash yesterday still zero balance need immediate fix,balance_not_updated_after_cheque_or_cash_deposit,panicking_emergency,6
7711c3cb-983a-4d1c-8865-66d1d0c775d1,Deposited cash this morning balance unchanged panic need immediate fix,balance_not_updated_after_cheque_or_cash_deposit,panicking_emergency,6
31db2355-1ec9-41df-8ee5-d3ce9087f19b,"I wish to bring to your attention that the cash I deposited this morning has not yet been reflected in my account balance, and I would appreciate clarification on the expected posting time.",balance_not_updated_after_cheque_or_cash_deposit,polite_expert,6
687deac9-f360-4f2d-8111-eba224da3068,I would appreciate your assistance in investigating why the recent cash deposit I made on [date] has not yet been reflected in the available balance of my account.,balance_not_updated_after_cheque_or_cash_deposit,polite_expert,6
9af87cbd-234e-43b9-b782-5e1d5d302633,Could you please investigate why the proceeds from my most recent cash and cheque deposit have not yet shown up in my account balance?,balance_not_updated_after_cheque_or_cash_deposit,polite_expert,6
31fb6a4a-cbf5-4d01-8402-e7aa65e9c2a1,"I would be grateful for clarification on the processing timeline, as my latest cash and cheque deposit is still absent from the available balance.",balance_not_updated_after_cheque_or_cash_deposit,polite_expert,6
8f17a6f8-a604-4e11-a1e9-97694ad1677a,"I would be grateful if you could kindly investigate why the recent cheque and cash deposit I made on 12 April have not yet been reflected in my account balance, as the funds remain unavailable.",balance_not_updated_after_cheque_or_cash_deposit,polite_expert,6
f8708218-d80f-4855-b148-2a9efd00f08f,"I kindly request your assistance in investigating why the recent cheque I deposited on [date] has not yet been reflected in my account balance, as the funds remain unavailable despite the deposit being made.",balance_not_updated_after_cheque_or_cash_deposit,polite_expert,6
aff83daa-0e8f-4b46-af73-c26c65c5f946,"Yo, I dropped a cheque a couple days ago and my balance still shows zero, what’s the hold up I need that cash ASAP.",balance_not_updated_after_cheque_or_cash_deposit,gen_z_slang,6
4fcf0d07-3c1c-42a4-b53d-a240b283898c,"Yo, I deposited a cheque and some cash but my balance still ain’t showing any change, what’s the deal?",balance_not_updated_after_cheque_or_cash_deposit,gen_z_slang,6
8f8d0541-4206-4b68-b3ba-88a49a6708d0,"Yo, I tossed a cash deposit earlier today and my account still shows the previous amount—can you sort it out pronto?",balance_not_updated_after_cheque_or_cash_deposit,gen_z_slang,6
3ce3a25c-c1f0-4def-bd33-54b6b9e92d92,"Yo, I deposited cash at the branch a few days ago and my balance still shows zero, can you sort it out ASAP?",balance_not_updated_after_cheque_or_cash_deposit,gen_z_slang,6
2107c082-2e0f-4fa0-ac9c-e5ada16cb053,"Yo, i deposited a cheque yesterday and my balance is still stuck, can u sort it out ASAP?",balance_not_updated_after_cheque_or_cash_deposit,gen_z_slang,6
03dd71ab-3f3c-40b7-a237-cb4f09657d6b,"Yo, I dropped a cash deposit earlier today and my balance is still stuck on the old amount, what’s the deal?",balance_not_updated_after_cheque_or_cash_deposit,gen_z_slang,6
def57e27-16da-47c1-9ff2-9d2c5630f271,"I deposited cash two days ago but my balance no show yet, can you please check?",balance_not_updated_after_cheque_or_cash_deposit,non_native_speaker,6
6fdf3ddf-5a22-4ebc-ad19-2a2f4f021522,"I dropped cash off this morning, yet my account balance hasn't moved—could you look into it?",balance_not_updated_after_cheque_or_cash_deposit,non_native_speaker,6
f0fd83c7-3000-4caf-8115-bb2e94a187ef,"Hi, I deposit cash and a cheque yesterday but my balance still not change, I need this money soon, can you please check?",balance_not_updated_after_cheque_or_cash_deposit,non_native_speaker,6
46437c8c-619d-4131-b2fa-c1629454ed76,"Hello, I put cash in the branch yesterday and my account still not show the deposit, please help.",balance_not_updated_after_cheque_or_cash_deposit,non_native_speaker,6
822625a1-1c90-4fc9-9596-10254646371c,"Hi, I put a cheque two days ago and my balance still same, can you please check?",balance_not_updated_after_cheque_or_cash_deposit,non_native_speaker,6
1845d985-1af3-4a74-af93-3822d0829360,"This morning I handed over cash at the bank, but the funds aren't reflected in my balance; please investigate.",balance_not_updated_after_cheque_or_cash_deposit,non_native_speaker,6
b6debd4b-1543-4168-b958-8d9c13391fdd,Cheque deposit not reflected,balance_not_updated_after_cheque_or_cash_deposit,short_wording,6
0e1324f1-5d7f-4ce1-aeea-284720930254,Cash deposit missing,balance_not_updated_after_cheque_or_cash_deposit,short_wording,6
237d7c24-92b2-4f06-a939-f567abccac1b,Cheque entry didn't appear,balance_not_updated_after_cheque_or_cash_deposit,short_wording,6
1a8bd694-09ab-448f-9867-f9ad067d6794,Deposit not reflected,balance_not_updated_after_cheque_or_cash_deposit,short_wording,6
6dabe716-ab31-4820-b812-80a045fc292a,Cash added but not visible,balance_not_updated_after_cheque_or_cash_deposit,short_wording,6
35dce535-0f91-4983-9a34-0b0590fbd6a7,Cheque deposit missing,balance_not_updated_after_cheque_or_cash_deposit,short_wording,6
b847f986-04a8-4d53-a237-5e9c686afd84,I tried to send money to my cousin and the app just blocks it—what the heck is going on?!,beneficiary_not_allowed,angry_layperson,7
9cb03112-2675-4eec-9a79-5697cc0abe2f,"What the hell is wrong with this app, I keep trying to send money to my friend and it keeps saying I can’t do it!",beneficiary_not_allowed,angry_layperson,7
822ccad2-fc25-4776-a95e-bd1b460624e0,"Why the hell can't I transfer cash to my buddy's account, this is ridiculous!",beneficiary_not_allowed,angry_layperson,7
b3ec9338-916b-411f-93e3-eb1a81252d4c,Are you kidding me? I attempted to move money to my cousin and the app flat‑out refused it—this is pure nonsense!,beneficiary_not_allowed,angry_layperson,7
8b01602b-807d-44dd-bded-4522ef78d543,"I’ve been trying to send cash to my cousin for ages and the app keeps blocking it, what the hell is wrong with your system?",beneficiary_not_allowed,angry_layperson,7
e47dad91-d731-4ac1-8a50-d3e0da2eb731,"I was trying to send cash to my friend and the platform blocked the transaction, which is absolutely ridiculous!",beneficiary_not_allowed,angry_layperson,7
70977c9a-ffca-49dd-afd5-33ee11a7da01,Transfer to my aunt fails every time I try need this fixed now,beneficiary_not_allowed,panicking_emergency,7
e003c489-dda4-4c43-941b-5b468858162b,Transfer to my sister denied need it now urgent,beneficiary_not_allowed,panicking_emergency,7
c279377a-e5a6-4b8b-920e-1adc1e784164,Cant add my aunt as beneficiary why is it blocked need help now,beneficiary_not_allowed,panicking_emergency,7
41e34cae-8904-4e45-bcae-e245dad9506e,Transfer to mom account denied now need money urgent help,beneficiary_not_allowed,panicking_emergency,7
30e77f8f-08c4-4f00-aada-66e82fdd9739,Can't transfer to my saved beneficiary account blocked need it now urgently,beneficiary_not_allowed,panicking_emergency,7
30682440-7546-4328-bd3c-ed741de69476,Transfer blocked I need money now why cant I send to that account,beneficiary_not_allowed,panicking_emergency,7
45734305-7b88-44f0-b527-d0967cbfa34a,I am encountering an error indicating that a transfer to the designated beneficiary cannot be processed.,beneficiary_not_allowed,polite_expert,7
f360780b-e34b-4698-bf0e-eb24649fb545,"I am attempting to initiate a funds transfer to a designated beneficiary, but the system prevents me from completing the transaction.",beneficiary_not_allowed,polite_expert,7
580cde92-40ae-4130-b21c-5b42b08cd663,"I am attempting to initiate a funds transfer to a designated recipient, but the transaction is being rejected and I am unable to proceed; could you please advise on the necessary steps to resolve this issue?",beneficiary_not_allowed,polite_expert,7
6047f314-c3ec-4311-a7ef-37355ce8ba7b,"I am unable to remit funds to the intended recipient, as the system consistently rejects the beneficiary designation.",beneficiary_not_allowed,polite_expert,7
4c259b0b-4e7d-4c07-86b9-b4330dca1ce7,"I attempted to initiate a transfer to a previously used recipient, yet the system returned an error indicating that the transaction cannot be processed, and I would appreciate clarification on why this beneficiary is being rejected.",beneficiary_not_allowed,polite_expert,7
060772a6-5694-4c1d-a4b8-a69224ee9e31,"I have attempted to initiate a funds transfer to a designated recipient, yet the system repeatedly returns an error stating that the beneficiary is not permitted; I would be grateful if you could clarify the underlying cause and advise me on the necessary steps to resolve this issue.",beneficiary_not_allowed,polite_expert,7
12d0bfe6-d551-4c8a-8c18-7d9b4749febf,"Hey, I keep trying to send cash to my friend but the app says the transfer can't be done, what's up?",beneficiary_not_allowed,gen_z_slang,7
c2389503-2998-4016-a95a-ad9d816c096e,"Yo, I tried sending cash to my buddy but it keeps saying the transfer can’t go through, what’s up?",beneficiary_not_allowed,gen_z_slang,7
dbcc66f0-9b38-4f03-a71a-5d649a907010,"Yo, I tried to send money to my buddy but it says the recipient isn’t allowed, what’s the deal?",beneficiary_not_allowed,gen_z_slang,7
13f52405-841f-4258-a932-b5cef079bf4c,"Yo, I tried to send cash to my bud but the app's trippin and won’t let the transfer go through, what’s the deal?",beneficiary_not_allowed,gen_z_slang,7
fa0a98cc-8ec8-4e8a-a492-ff194b6580fc,"Yo, I’m trying to send cash to my buddy’s account but the app keeps saying it can’t go through, what’s the deal?",beneficiary_not_allowed,gen_z_slang,7
2a6ed7b1-6275-44b4-9cc5-e3353acd4596,"Yo, I tried shooting cash over to my homie's account but the app keeps blocking it, what's the sitch?",beneficiary_not_allowed,gen_z_slang,7
22785a07-9095-4ef5-bf87-01f89e8e2767,"I try send money to my sister account but the app say cannot do, can you help?",beneficiary_not_allowed,non_native_speaker,7
95bb5725-0f9d-4b53-9a74-6d00b3e5680a,Could you explain why the app blocks a transfer to my aunt? It tells me the transaction isn’t allowed.,beneficiary_not_allowed,non_native_speaker,7
3a289455-3bf2-4479-9cfa-1e94c2b3c563,"I want to send money to my friend but the app say not allowed, can you help?",beneficiary_not_allowed,non_native_speaker,7
6356687d-df9a-4a8d-a611-c8c7d6c15e45,"I try to send money to my brother but it says cannot, I did it before, why not now?",beneficiary_not_allowed,non_native_speaker,7
e06c9239-a789-4467-a769-374701bffe22,"When I attempt to move funds to my brother, the application replies that the operation isn’t possible—what’s the reason?",beneficiary_not_allowed,non_native_speaker,7
c1f8da89-251f-4d43-9dba-acc01d267ed6,"I’m trying to pay my aunt, but the system says the transfer can’t be completed; can someone assist?",beneficiary_not_allowed,non_native_speaker,7
45bf7038-ea11-43a9-a4a7-f9d8835fb1a9,Transfer to beneficiary blocked.,beneficiary_not_allowed,short_wording,7
3b9c4976-201a-4c30-b3f7-16d86cd8419d,Can't send money to that recipient.,beneficiary_not_allowed,short_wording,7
48f2e466-3434-408e-a809-f17fd17be944,Transfer to beneficiary denied,beneficiary_not_allowed,short_wording,7
60b4a0c6-6be9-468c-8ef8-7c85ea7d6a96,Beneficiary transfer denied,beneficiary_not_allowed,short_wording,7
af948963-7076-4c19-9022-b78d063be921,"Transfer blocked, beneficiary not allowed",beneficiary_not_allowed,short_wording,7
9771cc39-0c99-4960-b57c-3c7ae60496ce,Recipient not permitted for transfers.,beneficiary_not_allowed,short_wording,7
bdd97e29-b0ab-4af5-92ca-38fa0e354def,"I screwed up and sent cash to the wrong dude, pull it back right now before it disappears!",cancel_transfer,angry_layperson,8
b1567bbf-0824-450f-8e36-2c9c39714793,I messed up and sent my cash to the wrong account—stop it right now before it disappears!,cancel_transfer,angry_layperson,8
444db8db-2386-433c-bc76-934e51f74cc2,I sent that stupid money to the wrong account this morning and I want it pulled back right now!,cancel_transfer,angry_layperson,8
8f96fd5f-61de-463a-8bfa-bb2225174562,I typed the wrong account and sent my cash to some stranger—stop that damn payment right now before it disappears!,cancel_transfer,angry_layperson,8
ccfb0373-c9f4-4917-9723-6f8bf5e3ea3e,I goofed and moved the wrong funds yesterday; halt that transfer now before my rent gets ruined!,cancel_transfer,angry_layperson,8
4d773405-edca-4268-b8ac-3998323e0ad1,Cancel that transfer ASAP—I accidentally wired money to a stranger this morning!,cancel_transfer,angry_layperson,8
7e0da2d8-9359-425b-b17b-3190005c8fad,Help stop the transfer now sent to wrong account I am terrified it will go through,cancel_transfer,panicking_emergency,8
ca81cc7d-fa5c-4c2d-bdfa-9fcf99d71a1b,Stop it now send money back wrong account made a mistake need it reversed ASAP,cancel_transfer,panicking_emergency,8
fe475fb4-07cf-4078-aba1-b34f52def6eb,I accidentally transferred funds to the wrong recipient; please cancel it right away.,cancel_transfer,panicking_emergency,8
f9d578db-1907-460c-ae18-68dcca969b5a,Please abort the payment I just made because I entered an incorrect account number.,cancel_transfer,panicking_emergency,8
d1845a08-1f28-4929-a2f9-23d29c10a229,Sent transfer wrong now halt it immediately,cancel_transfer,panicking_emergency,8
f7622c70-7e9f-4457-bd25-4033660f3119,Wrong account number sent money now stop it fast I need it reversed,cancel_transfer,panicking_emergency,8
51c58121-6d42-411c-b909-8a26dac6e786,"I respectfully request the immediate reversal of the funds transfer I recently initiated in error, as the details were entered incorrectly and I wish to prevent its execution.",cancel_transfer,polite_expert,8
b444fe1c-84b7-4d79-9a05-02547761ec4c,I inadvertently initiated a funds transfer to an incorrect account and respectfully request assistance in halting the transaction before settlement.,cancel_transfer,polite_expert,8
9322c388-126e-414d-88c5-27fca8d265b9,I mistakenly approved a transfer with wrong details and would appreciate it if you could block the payment now and reverse it as soon as possible.,cancel_transfer,polite_expert,8
b6a1563e-bfff-4823-9436-9dfb2e84e745,"I kindly request the immediate cancellation of the funds transfer I initiated earlier this morning, as I have reconsidered the transaction.",cancel_transfer,polite_expert,8
1b1bf4f0-3e8c-4a9e-aeca-f8bb8ea03e51,Could you please cancel the recent transfer I made by mistake today? I entered the wrong beneficiary information and need it stopped.,cancel_transfer,polite_expert,8
318b97ed-e0db-473a-9e23-2c8cd06a9611,Please void the payment I sent earlier; I realized the account number was entered incorrectly and the system won’t let me stop it.,cancel_transfer,polite_expert,8
3b399a11-95d5-4e77-a5b8-039d4c539ec7,"Yo, I messed up and need to pull that transfer I just sent, can you stop it ASAP.",cancel_transfer,gen_z_slang,8
c0bd3abc-09d2-4509-8a1d-83405918c35e,"Yo, I goofed and need to stop the payment I just sent, can you cancel it ASAP?",cancel_transfer,gen_z_slang,8
a4cf1397-7f4e-4586-b15c-0bf4ee651532,"Yo, I accidentally sent money to the wrong account, can u pull it back ASAP?",cancel_transfer,gen_z_slang,8
40a16659-e1d9-4072-a76d-0e78ecdb1294,"Yo, I messed up a transfer earlier and need it stopped ASAP before it goes through.",cancel_transfer,gen_z_slang,8
c3157d8d-db1f-456a-aa6c-c30999b2372a,"Hey, I just sent a payment and need to pull it back—can you stop that transfer ASAP?",cancel_transfer,gen_z_slang,8
bda35230-4863-4323-9d47-248836255923,"Hey, I goofed up and need to pull back the transfer I just sent, can you fix it ASAP?",cancel_transfer,gen_z_slang,8
2e564140-682d-4930-8127-75b05ab9b60f,"I have send money to wrong place, please stop it.",cancel_transfer,non_native_speaker,8
7b666e75-1de0-4bb7-a85f-ae5be2e1cabc,"Hi, I sent money to friend yesterday but I need stop it now, please help.",cancel_transfer,non_native_speaker,8
1dc9218b-4bc1-4b49-a6af-e107eb30d77c,"Hello, I need stop money I sent yesterday, please help.",cancel_transfer,non_native_speaker,8
c4ce5357-541f-4228-a7c7-c8fadb8f81e9,"I make transfer mistake, please help stop it now.",cancel_transfer,non_native_speaker,8
2c56af26-d25a-43e9-8668-8e0406b7b2dd,I send money yesterday and I need to stop it now please.,cancel_transfer,non_native_speaker,8
2e1a1081-9670-4528-88d3-754a725d77ab,"I made mistake and send money to wrong account, please help stop it.",cancel_transfer,non_native_speaker,8
c9dbe52c-6117-4f8a-9c12-502f6b8fec38,Cancel recent transfer,cancel_transfer,short_wording,8
c3d1fe66-b64e-45fb-b04c-75eec295aedb,Stop the last transfer,cancel_transfer,short_wording,8
f8ace5c7-fc8a-4357-8aa6-06e68702c0c6,Revoke recent transaction,cancel_transfer,short_wording,8
82ff3019-16fa-4057-ab8e-726746a0acd4,Undo the recent transfer,cancel_transfer,short_wording,8
3d1906ba-e79d-4ab7-9ff8-6353f3e6cd89,Cancel the transfer I just made,cancel_transfer,short_wording,8
e61260ab-f280-4f78-9322-0b6decb95ccf,Pull back my latest transfer,cancel_transfer,short_wording,8
6ca8a0b0-1261-44cd-bcb1-c9524f1eff45,My damn card's about to die and I still haven't got a replacement—sort this out right now!,card_about_to_expire,angry_layperson,9
9e595f00-9e41-42ed-bbbc-4b4fc30b0e15,"Hey, my stupid card’s gonna run out next week, I need a new one now—how much is it gonna cost and when the hell will it show up?",card_about_to_expire,angry_layperson,9
2e2e93e3-06dc-4ba9-b1b1-b99c67f4bc26,"Yo, my damn card's gonna die next month and I need a fresh one ASAP—what the hell's the deal with getting a replacement?",card_about_to_expire,angry_layperson,9
7d48cb9f-831a-4e0f-ac0b-71a88b333cad,This is ridiculous—my card is set to stop working next week and I still haven’t received a new one. Get me a replacement right now!,card_about_to_expire,angry_layperson,9
e448e22f-961e-499d-b6de-1508a6884351,I demand an update on my replacement; my card is about to expire and I’ve heard nothing. Sort this out immediately!,card_about_to_expire,angry_layperson,9
984a2a55-82e2-44b9-b403-d42f4b436856,"My damn card’s about to quit on me and I need a fresh one fast, what the hell’s the hold‑up and how much is this gonna cost?",card_about_to_expire,angry_layperson,9
0197a1a9-24c7-4b9b-99dc-c7c6f3f1310e,My card expires next week I need a new one now how fast can you send it please help urgently,card_about_to_expire,panicking_emergency,9
1a081e07-aeaf-4f98-8d1e-80aa1833eb9b,Card expires soon need new one now cost and delivery time,card_about_to_expire,panicking_emergency,9
a15b3c6a-b4bd-4f84-a2a8-0e0932e721e1,Card expires soon need replacement immediately,card_about_to_expire,panicking_emergency,9
bd73ba63-647b-4391-984d-298a705b4d16,card expires in two days need new one immediately send to my address abroad,card_about_to_expire,panicking_emergency,9
02890463-2d78-4cad-a731-e2512870b954,Card expires tomorrow need replacement now send fast cannot wait,card_about_to_expire,panicking_emergency,9
e58367e3-57b7-4352-b804-3102fd974b62,I just realized my card will expire soon and I must get a replacement immediately; can you rush a new one to me right now?,card_about_to_expire,panicking_emergency,9
59697b14-f11c-45c1-8299-280e196b7e02,I have noticed that my debit card will reach its expiration date shortly and I would like to inquire about the procedure for obtaining a replacement prior to that date.,card_about_to_expire,polite_expert,9
989d87cf-985d-4785-a63e-dcfe17bf864e,I have received notification that my payment card is set to expire shortly and I would appreciate detailed guidance on the process for receiving a replacement card.,card_about_to_expire,polite_expert,9
fb431ff6-7b83-4df8-8157-12a4707d0435,Would you kindly outline the steps I need to follow to order a fresh debit card now that my existing one is set to expire soon?,card_about_to_expire,polite_expert,9
09f20db1-9626-4973-b8da-4351ffef3c98,"I have been notified that my current card will soon expire, and I would appreciate detailed information regarding the issuance of a replacement card, including any applicable fees and the anticipated delivery timeline, especially as I will be residing abroad.",card_about_to_expire,polite_expert,9
94b26e64-97db-4ce2-8aea-cfb6638cad30,I have observed that my card will reach its expiration date next month and I would like to inquire about the procedure for obtaining a replacement card to ensure uninterrupted service.,card_about_to_expire,polite_expert,9
a20b3ee4-2058-4a78-a1c4-29a4b9e916f7,I have noted that my card will reach its expiration date next month and would appreciate guidance on the procedure for obtaining a replacement.,card_about_to_expire,polite_expert,9
27d34941-874b-43e3-a55c-64ef73f6fee5,"Yo, my card’s about to expire—can you let me know how to order a new one and how long it’ll take to arrive?",card_about_to_expire,gen_z_slang,9
b05d419e-19fd-4ea3-92d6-780b74ae0b7e,"Yo, my card’s about to expire soon—can I get a replacement quick, and what's the cost and delivery time?",card_about_to_expire,gen_z_slang,9
4814da68-66d7-44ff-90cb-0651b6bf3637,"Yo, my card’s about to expire, plz tell me the fee, how long it takes to get a new one, and if you can ship it to me while I’m abroad.",card_about_to_expire,gen_z_slang,9
202b0fcb-c0a9-4327-9eb7-3698679657a5,"Yo, my card's about to expire soon—what's the fee for a replacement and how fast can you get it shipped, even overseas?",card_about_to_expire,gen_z_slang,9
8887d5a6-c6ec-4bd1-a0c2-59df3533f51a,"Yo, my card’s about to expire soon, can you hook me up with a replacement and let me know if it can be shipped overseas?",card_about_to_expire,gen_z_slang,9
bf07bf2a-5763-483f-b047-98adc335e600,"Yo, my card’s about to expire—when can I get a new one and how much it’ll cost?",card_about_to_expire,gen_z_slang,9
db9e0076-94e4-4a80-b8ac-903eef17a949,"My card will expire soon, how can I get new one?",card_about_to_expire,non_native_speaker,9
92c2e7d7-4579-4b4d-ba2a-d326fbafbab3,"My card soon expire, I need new one, can you send to my home?",card_about_to_expire,non_native_speaker,9
4176ed15-2da7-46eb-adf3-7542fe2b47b3,"Hi, my card is almost expire, can you tell me how get new one and when it will arrive?",card_about_to_expire,non_native_speaker,9
f92f3996-76a4-4445-b48c-4fa2df5e33f6,"Hello, my card go expire soon, please tell me how I can get new one?",card_about_to_expire,non_native_speaker,9
f3392b1e-c979-4618-a845-20662b2b3aae,"My card near expire soon, I need new one, please tell me cost and when it will come and can you send to my address in China?",card_about_to_expire,non_native_speaker,9
13a2b821-d8b3-4032-8ec0-ca103b0b3f53,"My card soon no work, I need new one, tell me how fast and how much cost?",card_about_to_expire,non_native_speaker,9
97014a2b-28be-4bb9-9a8a-e1ac8b8727b7,Card expiring next month?,card_about_to_expire,short_wording,9
b0c113d8-3c66-40dc-92f5-cb6b3e3245fc,card expiring soon,card_about_to_expire,short_wording,9
13e2677c-722c-459c-9fe7-06241e0e5cd4,"Card expiring soon, replace?",card_about_to_expire,short_wording,9
0bc2fb3b-a276-4ca9-9d5e-4846bc6cc2b9,Will my card end soon?,card_about_to_expire,short_wording,9
8218bed0-db13-4f79-99b6-c7a829f8fd55,Card about to expire,card_about_to_expire,short_wording,9
e279066b-ae84-494c-9969-bd2689e97d52,Is the card close to expiry?,card_about_to_expire,short_wording,9
f5e0f0d2-1350-40c3-ae53-c2b257754d78,"I’m fed up trying to find a damn place that actually lets me swipe this card—every shop I go to just tells me “nope, not accepted” and I’m sick of the nonsense!",card_acceptance,angry_layperson,10
a83c423f-8935-4591-8347-4a74c14f5aa1,I'm sick of trying to pay everywhere and my stupid card keeps getting rejected—when the heck am I supposed to actually use it?,card_acceptance,angry_layperson,10
2a6de238-8324-436e-95d2-ff8fcbe8961a,"I’m sick of trying to pay everywhere and getting told my card ain’t accepted—tell me which places actually take this thing, especially if I’m heading to Germany!",card_acceptance,angry_layperson,10
1a50c3df-1877-4507-991d-c6cf8a5c1196,"Why the hell can't I use my damn card at the gas station or any other place, every time I try they just shut me out!",card_acceptance,angry_layperson,10
d267aa2a-5d29-435b-aafc-4dcd77fe9d55,"What the hell, I can't even use my stupid card at the damn coffee shop—who the heck actually accepts this thing?",card_acceptance,angry_layperson,10
d9917ab9-6e9d-43fb-94ab-e5e9911f892a,"Seriously, every time I stroll into that downtown café my card gets tossed aside—when will anyone actually let me pay with it?",card_acceptance,angry_layperson,10
d7265c0b-50a2-447c-9335-320b13f51963,Help me I need to know if my card works at the gas station now,card_acceptance,panicking_emergency,10
51319ce1-2e23-49b0-b477-f80eb57d1f7c,Card declined at the pharmacy I need to know where it works now,card_acceptance,panicking_emergency,10
ca638c8a-a59f-4e90-80ce-ff022843355f,Help now card declined at gas station need to know where it works,card_acceptance,panicking_emergency,10
6a98f983-2e32-4288-932d-013c69f74ad8,Card not accepted at pharmacy need to pay now,card_acceptance,panicking_emergency,10
be7e352d-fdd8-449d-871b-592fcace159a,Card declined at coffee shop need to know where it will work now urgently help,card_acceptance,panicking_emergency,10
17ba3cb3-b5c0-44a7-8034-9b903c3d85d8,I’m in a hurry—my card got rejected at a gas station; can you tell me if it works at other locations?,card_acceptance,panicking_emergency,10
7a0f8641-493e-4301-8aab-1d30941c4897,"I would like to confirm whether my debit card is universally accepted at merchant locations, including overseas establishments, and if there are any restrictions on its usage within specific jurisdictions.",card_acceptance,polite_expert,10
e57f538a-67b8-400f-809c-365fee7ca343,"I would appreciate clarification regarding the extent of merchant and geographic acceptance of my credit card, specifically whether it can be utilized at all retail establishments and service providers both domestically and abroad.",card_acceptance,polite_expert,10
4c8e5637-3bc9-421a-b8db-9e293dced6e5,"Could you kindly clarify the geographical regions and merchant categories in which my card may be presented for transactions, as I wish to ensure compliance with all applicable usage restrictions?",card_acceptance,polite_expert,10
b8dd3527-4ba8-454e-b670-a9d7dd77dcda,"Please inform me of any restrictions concerning transaction types, merchant categories, or locations where my card might be declined.",card_acceptance,polite_expert,10
5ba8c106-f146-40ed-b9a7-e467c7233e48,"I would like to inquire whether my card is accepted at merchant locations worldwide, encompassing both point‑of‑sale and online transactions.",card_acceptance,polite_expert,10
46d43c81-065f-4819-8f36-9a1e90ccaf1b,Could you detail the specific merchants and geographic areas where my card can be used for payments?,card_acceptance,polite_expert,10
4310570b-0825-4fe2-8065-dd75eaf545ce,"Yo, can you let me know if my card works everywhere or just at specific places?",card_acceptance,gen_z_slang,10
f9f199f4-29e1-431c-aa83-74251ed4f109,"Hey, quick q – can I use my card at literally any shop or are there spots that won’t take it?",card_acceptance,gen_z_slang,10
0a23b8fc-9c0a-4e1a-a895-70ceb6da425f,"Yo, could you break down which spots actually accept my card—think cafés, boutiques, or online stores?",card_acceptance,gen_z_slang,10
82b81720-2ece-4e74-b93f-903ebae3513b,"Yo, can u let me know where this card actually works?",card_acceptance,gen_z_slang,10
370096ef-fcce-4760-a0f7-d2d11aa69adc,"Hey, lowkey need to know if my card works everywhere or just at certain spots, fr.",card_acceptance,gen_z_slang,10
9926d9e1-f6ec-4da6-8e36-cdbeb597d00d,"Yo, spill the tea on where this card can be swiped; what kinds of places actually take it?",card_acceptance,gen_z_slang,10
41d19741-5ece-4909-9a14-24978f2b6905,Can I use my card in any shop or only some?,card_acceptance,non_native_speaker,10
b383fab8-5e03-40ff-8f98-2f2083921c51,"Hello, I need know where my card work for buy things?",card_acceptance,non_native_speaker,10
ffd8f45e-a8b6-454b-9794-fc26b86c0b24,"Hello, can you tell me which places accept my card, like stores or gas stations?",card_acceptance,non_native_speaker,10
5fff28ee-be31-4f0a-ba78-c6f179ef109b,"Can I use my card at all shop, or some places not accept?",card_acceptance,non_native_speaker,10
de9de8c7-9930-44e1-9065-bc88731c741e,"Hello, I want know where my card can be used, like shop or online, please.",card_acceptance,non_native_speaker,10
66065769-a618-479a-93b2-f1c9796dacf9,"Hi, can you tell me where my card can be use for pay?",card_acceptance,non_native_speaker,10
c18ef94c-27f4-44e0-a706-a2a2a4d8458b,Card accepted where?,card_acceptance,short_wording,10
72d04166-b26d-4409-bbf2-ab783f956eb9,Card accepted worldwide?,card_acceptance,short_wording,10
9c2b33d8-f147-4510-b5a6-5bbdb351cc20,Where can I use card?,card_acceptance,short_wording,10
2a5b1996-eeb3-4f50-b00c-c58b1f48eb64,Is the card usable at all merchants?,card_acceptance,short_wording,10
840d0621-b43b-409f-98ee-e85c8f2d055c,Card accepted everywhere?,card_acceptance,short_wording,10
f74c2d9a-86ed-4e9c-b843-4c8eedae406d,Can I use this card anywhere in the world?,card_acceptance,short_wording,10
5e7116d0-1266-4a67-aee8-3ee5b05fba8e,"I’ve been waiting for my damn card for over two weeks and it still hasn’t showed up, what the hell is going on?",card_arrival,angry_layperson,11
390b7f37-113b-4356-ab20-1752258c47e5,I’m sick of waiting—where the heck is my new card already?,card_arrival,angry_layperson,11
25b99107-4b34-40e4-818d-1d33123b0794,"Yo, where the hell is my new card, it’s been forever and I’m sick of waiting!",card_arrival,angry_layperson,11
cb94a94a-ffbd-4adf-b8b2-52e3d38c57d1,"I ordered my damn card weeks ago and it’s still MIA, what the hell is going on?",card_arrival,angry_layperson,11
2bd8a7b1-dfc0-4da5-81b1-f73f6b3ab7f4,"What the hell, I ordered a new card ages ago and it's still not here—where the heck is it?",card_arrival,angry_layperson,11
e2b6ed08-10c9-471d-8eac-7edba5c5c48a,"I've been twiddling my thumbs for ages waiting on that blasted replacement card—still nothing in the mailbox, this is ridiculous!",card_arrival,angry_layperson,11
ee272ad3-b301-4d83-8917-0c69b38d54f1,New card still not here after 10 days need it urgently,card_arrival,panicking_emergency,11
40534dd2-b392-4fb3-9ca6-89f5f3c0e1c1,I’ve been waiting for days and my replacement card still hasn't shown up; I need it immediately.,card_arrival,panicking_emergency,11
97b698c1-63ad-4888-8aa8-c39d549b33b3,Card still missing urgent need it now,card_arrival,panicking_emergency,11
fd47d6c7-b4a5-40c0-827e-9f6b4cbf08a9,My card has not arrived need it urgently,card_arrival,panicking_emergency,11
014d2d67-0a03-4042-8296-dea7546c90bf,Where is my new card I need it now tracking number please,card_arrival,panicking_emergency,11
358d2c80-c704-4a5f-90e4-008daa35cac7,Ordered new card days ago still not here need it now urgent,card_arrival,panicking_emergency,11
b5806ee4-a19a-4420-9d94-ec6a904cb305,"I would be grateful if you could confirm the expected delivery date of my newly issued debit card, as I have not yet received it despite the anticipated timeframe.",card_arrival,polite_expert,11
aa7d8098-a70b-447b-9689-5f52024affbf,"I kindly request an update on the status of my recently issued credit card, as I have not yet received it within the anticipated delivery timeframe.",card_arrival,polite_expert,11
67c5d2f5-1565-4ad7-9de8-13b1951930f5,"I would appreciate clarification regarding the status of my newly issued debit card, as it has not arrived within the anticipated delivery timeframe.",card_arrival,polite_expert,11
0a64de0d-b9d0-40c2-a015-1e08d6475d89,"Could you please check the shipment of my debit card, which was supposed to arrive two weeks ago, and let me know if there are any tracking details or delivery problems?",card_arrival,polite_expert,11
2be507f7-ff89-41cd-85d4-45e190b53730,"May I ask when I can expect my new debit card to be delivered, since it has not reached me yet?",card_arrival,polite_expert,11
3792c180-f46f-4e70-95f6-f4e8a70da23f,"I would like to inquire about the status of the debit card I ordered two weeks prior, as it has not yet been delivered to my registered address, and kindly request an estimated arrival date along with any necessary steps to rectify the delay.",card_arrival,polite_expert,11
1049fd49-230c-40bd-b2c0-d8d65b1958d7,"Yo, my new card still hasn't shown up after like two weeks, what’s the deal?",card_arrival,gen_z_slang,11
a8d1dab2-b5db-4e16-80ac-bc82f25b9a5b,"Yo, any update on when my new card’s gonna drop, ’cause I still haven’t seen it.",card_arrival,gen_z_slang,11
0b694aa9-73e1-4d6f-af6c-fd66e328be9d,"Hey, can you peep the shipment status? My fresh card hasn't rolled up yet, need the deets.",card_arrival,gen_z_slang,11
ad1025d1-89d9-473d-952d-f3e12e52cefb,"Sup, my brand‑new card's MIA—any clue when it'll touch down in my mailbox?",card_arrival,gen_z_slang,11
643fe445-4f7d-4699-94c8-925dcdf0aecf,"Yo, been twiddling my thumbs waiting on that card, what's the ETA? Hit me back with the latest.",card_arrival,gen_z_slang,11
409eda70-8dd4-462d-860f-e7b682274fe1,"Yo, where's my new card at, it's been forever, plz check the status.",card_arrival,gen_z_slang,11
b4117fc2-6b97-4fa1-8224-0b9eecab9e94,"Hello, I still waiting for my new card, can you give me the tracking number please?",card_arrival,non_native_speaker,11
69d01d2c-46f3-44c0-8038-2e80c81bfecc,"Hi, I wait for my new card, can you tell me where is it or any tracking number please?",card_arrival,non_native_speaker,11
979faaa5-035e-401d-b6d1-1c8b5f28db7c,"I waiting for my new card but it not come yet, can you tell me when it will arrive?",card_arrival,non_native_speaker,11
e32890b0-4c9f-4d7a-9227-1b9f88c18b31,"Hello, I wait for my new card but still not here, can you tell me when it come?",card_arrival,non_native_speaker,11
ec62b16a-db0a-4461-b8fd-670629f25711,"Hello, I ordered new card last week but it still not here, can you help me find it?",card_arrival,non_native_speaker,11
2a3c930c-1f62-4072-82b9-be19c7d9cd85,Could you tell me the expected arrival date for my new card? It hasn't shown up yet.,card_arrival,non_native_speaker,11
e10d6839-1c29-4678-9e97-39089dac6b9c,Card not arrived,card_arrival,short_wording,11
1e2babce-68e2-49d3-b5d0-8e7ceb5ae9e3,Card not arrived yet,card_arrival,short_wording,11
544cabd3-2dff-4296-8788-b33f49bb85aa,My card hasn't shown up.,card_arrival,short_wording,11
e24fc2c2-3c4b-41da-a04f-fa4bff40ff25,Still waiting for the card.,card_arrival,short_wording,11
ca0efcc1-cc21-4704-b72e-67bb2d78cb49,No card in mail yet.,card_arrival,short_wording,11
ff3613a5-3307-43da-9992-7edb856e4020,Card delivery missing.,card_arrival,short_wording,11
89fdeca4-e880-4cda-ae8c-e47ddda8df13,Where the hell is my damn card already? I've been waiting forever and I need it yesterday!,card_delivery_estimate,angry_layperson,12
969ef6bd-1ad1-4078-a854-3ff4522a092a,"Seriously, where is my card? I can't afford to wait another week!",card_delivery_estimate,angry_layperson,12
cbcafa55-9e41-4202-8df6-299deb57d29c,I've been waiting forever for my damn card—when the hell is it actually gonna show up?,card_delivery_estimate,angry_layperson,12
7dc40229-09ba-46cf-94b6-f99a767a5b4c,I've been stuck in limbo for my brand‑new card—when the heck is it finally going to land in my mailbox?,card_delivery_estimate,angry_layperson,12
97bac192-dab4-45b4-a38a-d99e6dcb04c4,"I'm fed up waiting for my damn card—when will it actually show up, and can you fast‑track the delivery?",card_delivery_estimate,angry_layperson,12
3674a155-dbf1-484c-a2d5-590585be6bb0,"What the hell is takin' forever for my damn card to show up, I need it yesterday!",card_delivery_estimate,angry_layperson,12
d4e339c6-58e1-4975-b5cd-559c4110e875,My card hasn't arrived need it now send it immediately,card_delivery_estimate,panicking_emergency,12
aa9a2c54-5455-4f41-a476-9c2f44e744a1,My card not here I need it now,card_delivery_estimate,panicking_emergency,12
f1360348-928b-419b-a3e9-4dd1a62fb2ac,Card still not arrived I need it now my trip starts tomorrow please expedite,card_delivery_estimate,panicking_emergency,12
425b3d5d-360b-44dc-ae08-4d5b58b9ea34,I still haven't received my card and I'm running out of time—can you tell me the expected delivery date right away?,card_delivery_estimate,panicking_emergency,12
a4921d79-67f1-40b1-a084-3d06d0718874,Card not here yet need it tomorrow urgent can't wait,card_delivery_estimate,panicking_emergency,12
71278f20-ea2d-4e78-9950-98d39287f2fc,need card now what day will it be here,card_delivery_estimate,panicking_emergency,12
ac87b9ed-04bc-4bd5-b619-4c84fcd52015,"I would appreciate clarification regarding the anticipated delivery date for my newly issued debit card, as I have not yet received it.",card_delivery_estimate,polite_expert,12
c4f5f1f9-c7bb-408b-b4bd-1bdde29c788a,"Could you let me know when I can expect my new debit card to be mailed, since I need it by a certain deadline?",card_delivery_estimate,polite_expert,12
585c0422-0b08-4b92-8a5e-1f9f08ae1cba,Could you kindly inform me of the expected delivery timeframe for the newly issued debit card I have requested?,card_delivery_estimate,polite_expert,12
ce013a54-3400-4810-80c3-034893337df5,"Please tell me the projected shipping schedule for my recently issued debit card to my U.S. address, as I need it soon for upcoming purchases.",card_delivery_estimate,polite_expert,12
ecf24481-3b07-42c0-ae1a-7d1825db9817,I would like to understand if I can choose a specific delivery slot for my new card and what the typical delivery window looks like.,card_delivery_estimate,polite_expert,12
f949c66c-3ea1-4c0f-8aba-22b61a5a3f36,I would be grateful if you could provide an estimated arrival date for the debit card that has been issued to me.,card_delivery_estimate,polite_expert,12
80e28ce0-2c2e-4365-8202-855ca9658b83,"Yo, any idea when my new card’s gonna land? I need it ASAP.",card_delivery_estimate,gen_z_slang,12
89f81571-7d27-4c6f-8206-321bd04dffa8,"Hey, can u let me know how long it’ll take for my new card to arrive cuz I need it ASAP.",card_delivery_estimate,gen_z_slang,12
759dc812-303c-41e6-be43-48f31c263d5d,"Yo, could you let me know the ETA for my fresh card? I'm itching to start using it right away.",card_delivery_estimate,gen_z_slang,12
807c8f0e-d25f-431b-9877-26383eb2ef1b,"Hey, what's the delivery timeline for my replacement card? I’ve got a weekend getaway and really need it ASAP.",card_delivery_estimate,gen_z_slang,12
2206397c-2c9c-4d27-ae4a-ffcf8de0a99f,"Hey, any word on when the new card will hit my mailbox? I’m hoping to get it soon, preferably today.",card_delivery_estimate,gen_z_slang,12
758e93e3-4026-4cb8-8f3f-00d94578ed86,"Yo, when's my card gonna drop, I need it pronto.",card_delivery_estimate,gen_z_slang,12
b7fcd692-e315-49b7-b1fd-9fa561efba67,"Hello, I need know when my card will be arrive?",card_delivery_estimate,non_native_speaker,12
89b168f7-a5a4-4479-a54d-d71689c05dd8,"Hi, I waiting for my new card, can you tell me when it will arrive?",card_delivery_estimate,non_native_speaker,12
1e898e4a-3ebc-4ebf-8896-ee5cb1049983,"Greetings, I placed an order for a new card several weeks back; could you inform me of its expected delivery date?",card_delivery_estimate,non_native_speaker,12
feb1b681-3155-48e6-a029-6574121db581,"Hello, I order new card many weeks ago, can you tell me when it will come to my house in US?",card_delivery_estimate,non_native_speaker,12
407bf590-84f7-487b-af2e-55ff5d6ec475,"I need my new card quickly, can you tell me when it will be arrive?",card_delivery_estimate,non_native_speaker,12
08a9d49e-13be-45b0-9a27-cae3a8712b16,"I order new card last week, when will it arrive to me?",card_delivery_estimate,non_native_speaker,12
2741e012-9258-44ec-b537-e70b461df0b9,Card delivery timeline?,card_delivery_estimate,short_wording,12
2f277209-bc6c-4a1b-abfb-2f38e54180dc,Card ETA US?,card_delivery_estimate,short_wording,12
5a218b2f-bdf7-4192-9d47-ffab47980bc5,Card delivery time?,card_delivery_estimate,short_wording,12
a3c83faf-aaba-4f7c-8733-dc012a35a4c1,Card arrival date?,card_delivery_estimate,short_wording,12
15b04832-ec4d-4ec8-9c93-c95e621358cb,Card dispatch estimate?,card_delivery_estimate,short_wording,12
75bfd826-6c7f-4afd-8446-06987c1010ba,When will card arrive?,card_delivery_estimate,short_wording,12
5ca047c7-7d9f-4b79-a69e-29abe16d391b,I’m sick of this crap—just tell me how the hell I’m supposed to hook up my new card to my account already!,card_linking,angry_layperson,13
d1f46bad-d2f3-4369-98cb-8b811c8569b4,I’m fed up trying to stick my card into this damn app—where the hell am I supposed to put the card info already?!,card_linking,angry_layperson,13
f1187e17-6c26-4572-8539-d00991646fcf,"I got my new damn card and the app still won’t let me stick it in, this is ridiculous!",card_linking,angry_layperson,13
df4e919e-51b8-464d-82fc-e94d38bcf0f5,"I’m fed up—why the hell can’t I get my new card hooked up to my account already, this is stupid!",card_linking,angry_layperson,13
e2b82d2a-3012-406b-bb3f-8a7c09373a94,I already got a new freakin’ card and it ain’t showing up in the app—fix that crap right now!,card_linking,angry_layperson,13
cba132c3-d621-4f11-ad65-608f20414d19,I got my stupid new card and I’m sick of waiting—just tell me how the heck I’m supposed to get it into the app already!,card_linking,angry_layperson,13
cfce30a6-9292-49fa-acee-2dfab257758f,Card in hand not in app need it linked now urgent,card_linking,panicking_emergency,13
2fdbe29d-c76e-46ed-bb41-7adaec67d81f,Add my card now I need access to money,card_linking,panicking_emergency,13
ba528c59-26a5-49ed-a0a6-57fac5a712b6,New card arrived app blank need it linked ASAP,card_linking,panicking_emergency,13
8b0f1b6f-c63e-4e30-a19b-3460eaba0964,New card not showing in app urgent need it linked now,card_linking,panicking_emergency,13
12a74d8a-c9e3-4cb6-baeb-8cc97a57b70b,Lost my card just got replacement need it linked to account now,card_linking,panicking_emergency,13
24442f4e-477a-48b3-8d22-1bebe5b074e4,Found my card need it linked to the app now urgent help,card_linking,panicking_emergency,13
4a5d1d31-0fd5-4e2d-a096-1b6da0bd7feb,"I would appreciate guidance on how to associate my existing debit card with my online banking profile, as I have recently retrieved the card and wish to ensure it is properly linked for future transactions.",card_linking,polite_expert,13
bfe6b4a7-b6df-4ece-ae9a-2765fc048e97,Could you walk me through the steps to connect my brand‑new debit card to my digital banking account?,card_linking,polite_expert,13
c023af2a-b0d4-49a9-a9af-7717436481d9,I would like to inquire about the procedure for linking my newly issued debit card to my existing online banking profile.,card_linking,polite_expert,13
cb5595c5-af7d-45fb-99fb-92ceb79933bc,I would appreciate guidance on how to associate an additional debit card with my existing account through the mobile application.,card_linking,polite_expert,13
88189930-65a1-4494-b3ab-e2e943227588,"Having just received my fresh debit card, I’d like clear instructions on adding it to the banking app so I can begin using it.",card_linking,polite_expert,13
fcfcdc55-110e-4397-9abe-8804c2f0f583,I would like to inquire about the procedure for linking an additional debit card to my existing account within the mobile application.,card_linking,polite_expert,13
c9e57619-7788-4eea-97e1-fd4679c9f18b,"Hey, I just got my new card and need to hook it up in the app ASAP, where do I do that?",card_linking,gen_z_slang,13
a4043e5a-5fc1-43e8-b03d-19f2e37543e6,"Sup, I just received a fresh card and I'm trying to set it up in the app. Can you walk me through the process?",card_linking,gen_z_slang,13
c86b6ddb-6a14-49d8-bf65-1dc3e3fb59f1,"hey, can u point me to the spot in the app where i link my new card? thx",card_linking,gen_z_slang,13
d0839de3-7128-438f-b557-d384f32a1965,"Hey, can u tell me where to link the card I already got in the app? I can't find the option.",card_linking,gen_z_slang,13
05957f0a-853e-40c2-99a8-149e649ae217,"Hey, I just got my new card—can you tell me how to add it to the app?",card_linking,gen_z_slang,13
385000c0-9777-47e9-9c0e-e4a422de22b1,"Yo, can u show me how to link my fresh replacement card to the app asap?",card_linking,gen_z_slang,13
dfa52a0a-09f8-4376-b836-27882f7019f7,"Hello, I have new card and I need add it to my account, can you tell me how?",card_linking,non_native_speaker,13
8eb3c0da-299e-4de0-90e2-78073e5b11a9,I have my new card but I no know how to put it in the app.,card_linking,non_native_speaker,13
82b14a68-937b-4a00-98a7-133fb4faf8ba,"I want add my card to the app, where I go?",card_linking,non_native_speaker,13
28882e87-9b93-46ff-9b12-4a207dcc2b7d,"Hello, I have a card already and I want link it to my account, where I can do this?",card_linking,non_native_speaker,13
9b79c33b-bef1-4a7e-ac45-b304ee5c7969,I already have a card; could you tell me how to attach it to my account?,card_linking,non_native_speaker,13
8162cb90-7715-47fd-8551-5081db3299ce,My new card just arrived—what steps should I follow to link it with the app?,card_linking,non_native_speaker,13
57bc093b-400b-4f17-9bed-b5938e99eab7,Add existing card,card_linking,short_wording,13
6e7ea71b-8194-449b-a86a-532372fe69da,Link my new card?,card_linking,short_wording,13
6488f860-1f6f-4200-9872-d26f755c85ce,Add card to app?,card_linking,short_wording,13
a571cc98-5ee2-483d-977f-796994fd6e44,Link my old card,card_linking,short_wording,13
5845262b-f540-421d-bee9-a5dd8de159ef,Add card to account,card_linking,short_wording,13
848f1aee-9e61-4b1f-8869-4f94b1dd1ee2,Attach card now,card_linking,short_wording,13
73a30f6a-36f5-48ea-a70d-3306ada007ea,"My damn card got rejected at the grocery again and I'm fed up, tell me what's wrong already!",card_not_working,angry_layperson,14
2afad18f-4451-43a0-908a-d05d5774a400,"What the hell, my damn card just won’t work no matter what I do!",card_not_working,angry_layperson,14
4bdc9420-d5fd-43cd-8d76-116b879a8c66,"What the hell is wrong with my damn card, nothing even works!",card_not_working,angry_layperson,14
2904a446-1c94-421f-b716-2733e2954d97,"Hey, my damn card just stopped working out of nowhere and I can't even get my cash, fix this now!",card_not_working,angry_layperson,14
3dfd7458-3d9c-4113-8f1d-8a35bb8fa485,"What the hell is up with my damn card, it just won't work and I'm sick of trying to pay for anything!",card_not_working,angry_layperson,14
612af69a-986b-4d26-b6c9-add393c3ffc5,"What the hell is wrong with my stupid card, it keeps getting declined everywhere and I’m fed up!",card_not_working,angry_layperson,14
73237c60-c6db-497c-9826-d18e0a9e69bc,Card wont work I need money now ATM declined everything,card_not_working,panicking_emergency,14
953c1f5e-1dc8-46a3-9ffd-03f9d134e19e,"The ATM is rejecting my card even though my balance appears correct, and I need urgent assistance immediately.",card_not_working,panicking_emergency,14
c9f6458d-9532-479b-a753-b0b81a36825b,Card dead now cant pay bills need help ASAP,card_not_working,panicking_emergency,14
0fc58831-eb0f-412c-b519-806d43b2fcf3,Card stopped working now need money fast help,card_not_working,panicking_emergency,14
9de9481e-b6a5-4296-a692-6875426a9642,Card won’t swipe any time I try need help now,card_not_working,panicking_emergency,14
71f9726b-c4d1-46e3-9a8f-d348a39e0a2f,Card declined at store cash machine won't accept me need fix now,card_not_working,panicking_emergency,14
7b8e52b6-46dd-4048-946e-bb938da77d76,I kindly request assistance in addressing the situation wherein my debit card is no longer authorising any transactions despite being within its valid expiration date.,card_not_working,polite_expert,14
9bf1ad76-33b7-498d-a22f-913c04adbb65,"I wish to bring to your attention that my debit card has unexpectedly ceased to function during recent transactions, and I would be grateful for your prompt assistance in diagnosing and rectifying the issue.",card_not_working,polite_expert,14
d9ea3af0-cbb4-4a20-b084-5bb94b7fd625,"I am currently unable to complete any transactions with my debit card, as it is consistently declined at both point‑of‑sale terminals and online merchants despite having sufficient available funds.",card_not_working,polite_expert,14
34f7d407-5737-4a22-bba3-58a544477446,I would be grateful if you could investigate why my debit card continues to be declined despite having adequate funds and entering the correct PIN.,card_not_working,polite_expert,14
8f93ff7e-d716-44ab-8e3e-b90ace45df02,"I am presently unable to effect any transactions with my debit card, as it appears to be non‑functional despite multiple attempts and verification of sufficient account balances.",card_not_working,polite_expert,14
42c4bc08-5b8b-497d-9d0a-e06ae181e42b,"Although the mobile app shows my debit card as active, every purchase attempt fails; could you kindly help restore its functionality?",card_not_working,polite_expert,14
f65d9d12-d4ce-444e-a109-8ce8851de734,"Yo, my card keeps getting declined every time I try to use it, fr.",card_not_working,gen_z_slang,14
52af4d15-cd84-4614-929d-e931a94c60fd,"Yo, my card just straight up stopped working, can you help me sort it out?",card_not_working,gen_z_slang,14
5d9e9733-1a6f-4b7b-a7db-b7e4247fddc1,"Hey, my card totally bailed on me when I tried to swipe, what's up?",card_not_working,gen_z_slang,14
80b907a8-5203-4f11-8930-aeef067cfe92,"Yo, my card just ghosted me and I can’t make any payments rn, plz help.",card_not_working,gen_z_slang,14
3d1414c6-8207-4606-8b4b-290bbe5279bf,"Bruh, my card just flat‑lined on me, can't even buy a coffee—need a fix ASAP.",card_not_working,gen_z_slang,14
4d1d5606-eb4a-4c76-a80a-189180948b25,"Yo, my card is literally dead right now and won’t work for anything, can you help me get it sorted?",card_not_working,gen_z_slang,14
749adb90-6401-4492-ba02-aa9fde11825d,"Hi, my card not work when I try to pay at shop.",card_not_working,non_native_speaker,14
53a3e3fd-7251-48fc-aeba-4b003036e076,"Hi, I try use my card today but it no work, can you help me?",card_not_working,non_native_speaker,14
ac2eedac-3a00-48b7-b4c2-245106234158,"Could you help me? Each time I try to use my card, the payment is rejected.",card_not_working,non_native_speaker,14
433c32f5-7cd8-45ae-b817-ac2c430698b2,"Greetings, I'm unable to complete a purchase because my card fails every time I attempt to pay in a store.",card_not_working,non_native_speaker,14
79905a54-c888-4183-9fc0-c63df858e83e,"Hi, I try to pay but my card not work.",card_not_working,non_native_speaker,14
b10bddea-a793-4aa2-bfcc-54455854f7d2,"Hello, my card suddenly stopped functioning when I try to make a payment; I would appreciate assistance.",card_not_working,non_native_speaker,14
d80564a0-903a-4eca-81fe-1afe18b9f267,Card won't work,card_not_working,short_wording,14
5752edce-3ac3-4f31-9a83-2dd05a0dec76,Card fails,card_not_working,short_wording,14
4bb94fdb-dbf2-4aee-b6b8-0d529b785d5c,Can't use card,card_not_working,short_wording,14
3cb7fdbb-bd8b-48cf-81c9-e20983ce2d3a,Card is dead,card_not_working,short_wording,14
dc5bb609-98df-463a-9da5-41473bae4c06,Card not functioning,card_not_working,short_wording,14
67c1296a-d176-45f7-8b12-e6cef3e6592c,Card won't process,card_not_working,short_wording,14
c94d6c0d-aba1-44cb-8922-5c011e21844b,I’m pissed that I got hit with some random extra charge just for using my card and I want to know why the hell I had to pay extra!,card_payment_fee_charged,angry_layperson,15
bd007976-ecd5-4768-949f-4b12721a17df,"What the hell is this stupid extra charge on my card payment, I’ve never seen this before and I’m fed up!",card_payment_fee_charged,angry_layperson,15
e5fabd5a-d6a8-46c4-9a09-772d6a4eb6b6,I just swiped my card and now I'm being hit with an absurd surcharge—this is unacceptable!,card_payment_fee_charged,angry_layperson,15
b80030f5-6ca7-48eb-be57-172c5c0bb34a,"What the hell, you guys just slapped a fee on my card purchase for no reason?!",card_payment_fee_charged,angry_layperson,15
e7a615b0-0738-423e-85f6-0ae7080d361b,Explain why I'm being charged a ridiculous fee just for using my card; I shouldn't have to pay this nonsense!,card_payment_fee_charged,angry_layperson,15
1a35e9d4-4207-4a86-b8e2-e8a765f67b06,"Seriously, why was an unnecessary fee tacked onto my card purchase? This is infuriating!",card_payment_fee_charged,angry_layperson,15
4a1fce19-65fc-48e9-bcbc-7f87ba4c76f3,Fee on card payment appeared why need immediate help,card_payment_fee_charged,panicking_emergency,15
d8b6d550-f9c0-479a-a9fa-c8e1e6d4bf91,Fee on card payment showing why now need it reversed immediately,card_payment_fee_charged,panicking_emergency,15
1331c232-9093-479e-934d-c08a4f100e4d,Fee added to my card purchase just now I did not expect it urgent fix needed,card_payment_fee_charged,panicking_emergency,15
ef029a25-fb46-44e4-83bd-16e3bc791c0f,Fee on my card payment just appeared I am panicking need it reversed now,card_payment_fee_charged,panicking_emergency,15
12d1efb5-b5b4-46be-a1e3-6bd4b49ff629,Fee charged on card payment why now,card_payment_fee_charged,panicking_emergency,15
8190fb2a-9ec3-45ca-b23f-cfa5a06228c1,Fee showing on my card payment now panic need it removed immediately,card_payment_fee_charged,panicking_emergency,15
b1a2f146-a273-49c2-8a03-b1e423849afe,I have observed an additional merchant surcharge on a recent card transaction and would appreciate clarification regarding the nature of this fee.,card_payment_fee_charged,polite_expert,15
189a041c-56d6-4caa-98f2-14821c40ded1,Could you explain the extra service charge that appeared on my latest card purchase? I'm unclear about how this fee fits into your pricing model.,card_payment_fee_charged,polite_expert,15
32666399-5f96-4bb7-a4fb-8af2170df8eb,"A merchant added a surcharge to my recent card payment, and I would like to understand the reason behind this unexpected cost.",card_payment_fee_charged,polite_expert,15
f801f174-af45-4a7a-a0bf-5ca7e2a28ef8,"I would appreciate clarification as to why a fee has been applied to my recent card payment, since I was under the impression that such transactions are ordinarily exempt from charges.",card_payment_fee_charged,polite_expert,15
aa66bd00-585d-432b-bf30-c4477eb8d277,I noticed a surprise service fee on a card transaction I made recently and would appreciate details on why it was levied.,card_payment_fee_charged,polite_expert,15
bb4042e4-14ce-4626-96fb-ad8490b912e7,There seems to be an unanticipated processing charge on my last card payment; can you clarify its source and whether it should apply?,card_payment_fee_charged,polite_expert,15
ad7097b9-4c2a-4b9f-9fee-31e03ed2987f,"Yo, I just got hit with a random fee on a card payment, can u tell me why?",card_payment_fee_charged,gen_z_slang,15
095dbd1a-8f9d-42a1-9544-87f376d55cb0,"Yo, just noticed a random fee on my card payment, what's the deal?",card_payment_fee_charged,gen_z_slang,15
6c9a2b8e-62e0-4fc6-8f8e-2d6f6dd026b9,"Yo, why’d I get hit with a fee on my card payment, kinda sus.",card_payment_fee_charged,gen_z_slang,15
927016ee-e0eb-42ef-a98d-df68689b25d0,"Yo, I was shocked to see a charge on my card when I thought it was free—what's up with that?",card_payment_fee_charged,gen_z_slang,15
e84736a4-f74a-4253-b22d-eb530ca0fb50,"Yo, I just got hit w/ an extra fee on my card after a purchase, what's the deal?",card_payment_fee_charged,gen_z_slang,15
af672d21-fe8a-4850-9033-4ddd80f8be85,"Yo, why did my card get hit with a fee when I paid?",card_payment_fee_charged,gen_z_slang,15
0f101996-ba5d-4845-b481-c5b12ec99a34,"I paid with card and I see fee on my account, why you charge?",card_payment_fee_charged,non_native_speaker,15
07392a80-8abe-461d-b8bf-9d1588f0e823,"I bought something with my card and now a charge appears, could you tell me why?",card_payment_fee_charged,non_native_speaker,15
1debfe17-3049-428a-a94f-1d79a814f9fe,"There is an unexpected fee on the card transaction I made, please explain the reason.",card_payment_fee_charged,non_native_speaker,15
a59c141f-3aa7-44c8-a35c-eb58e1654974,After using my card for a purchase I noticed an additional cost on my balance; why was this added?,card_payment_fee_charged,non_native_speaker,15
d83fe741-ae3d-406e-9516-c1faf2b60ea6,"Hello, I used my card for payment and I see a fee added, I not understand, can you explain?",card_payment_fee_charged,non_native_speaker,15
77725d53-4202-470a-ad58-860fdf5a724d,"Hi, I paid in a store with my card and a surplus charge shows up, can you clarify why this happened?",card_payment_fee_charged,non_native_speaker,15
f7c6cda5-7ce3-49ee-b29a-2f442b37d47f,Unexpected card fee,card_payment_fee_charged,short_wording,15
88a27ebb-b397-4dc8-b774-0e83dab59a54,Card payment extra fee,card_payment_fee_charged,short_wording,15
c9ec9359-f739-45df-97b2-1330d0c266ad,Fee on card payment,card_payment_fee_charged,short_wording,15
2d8ee48f-11e0-4eea-9767-8e173e5c9f55,Surprise fee on my card,card_payment_fee_charged,short_wording,15
a223256b-f47c-4f79-b338-49ba243c44f9,Card charge I didn't expect,card_payment_fee_charged,short_wording,15
1d7c4dc6-2c31-4d6c-8484-ffb73569548b,Extra cost for card use,card_payment_fee_charged,short_wording,15
eb1d1163-b9dd-4690-9e9b-1c236eb7a631,"Yo, I just checked my account and there's some random charge I never made, freeze that damn card right now!",card_payment_not_recognised,angry_layperson,16
1da627d9-2483-4877-a404-169bc6697bf0,"There's a damn charge on my account for something I never bought, sort this out right now!",card_payment_not_recognised,angry_layperson,16
bd00bc1e-b026-4035-ae68-6d83f2a7febe,"What the hell is this random charge on my account? I never bought anything like that, fix it now!",card_payment_not_recognised,angry_layperson,16
8917eaf8-a72c-4ea9-ac84-ee3ef25f12b9,"I just saw a charge on my damn account for some stupid thing I never bought, fix this now!",card_payment_not_recognised,angry_layperson,16
2976fd38-aa5f-4254-b31d-88a43a94e8c6,"Look at this bogus transaction on my account; I never did that purchase, so sort it out at once!",card_payment_not_recognised,angry_layperson,16
12e96f20-1580-4b90-ab71-d93230b70838,"This is outrageous—my statement shows a charge I didn’t authorize, and I want the card blocked immediately!",card_payment_not_recognised,angry_layperson,16
d20ee6ad-d7c8-48f7-9863-14eedd9f7b90,Someone charged me I never did I need help now,card_payment_not_recognised,panicking_emergency,16
729c4197-7944-48bc-b837-87cb86a4287f,Unknown charge on my card freeze it now,card_payment_not_recognised,panicking_emergency,16
7043ec8a-bee0-4201-8b86-54fc71033a60,"A mysterious transaction just showed up, and I'm freaking out—please lock my account right away!",card_payment_not_recognised,panicking_emergency,16
1c6bf285-31b2-43d4-97d4-040cc919b345,Unknown payment on my card I did not do urgent block it,card_payment_not_recognised,panicking_emergency,16
d4a9a0a3-a2d0-42eb-a145-938e971a4ebc,I just noticed an unauthorized debit and I'm panicking; can you deactivate my card instantly?,card_payment_not_recognised,panicking_emergency,16
f0041639-2554-4a7f-a097-c11d79e87749,Someone used my card I see a charge I never made freeze the card now,card_payment_not_recognised,panicking_emergency,16
de040330-b6e8-421a-b372-734dd6bf0f51,"I have identified a charge on my card statement that I did not authorize and respectfully request an immediate investigation, together with a provisional suspension of the card pending resolution of this unauthorized transaction.",card_payment_not_recognised,polite_expert,16
8816ef3a-f47f-4086-8d9d-fa59ed682fa2,"I wish to bring to your attention a recent card transaction for which I have no recollection of authorising, and I kindly request an investigation into this unauthorised charge.",card_payment_not_recognised,polite_expert,16
3dadc35f-9e63-4305-a6df-3178adcc9027,I have observed a debit on my card account for a merchant I have not authorized and respectfully request a thorough investigation and appropriate resolution.,card_payment_not_recognised,polite_expert,16
79c43235-b42e-4cfc-b165-766c1361d8a9,I have identified an unfamiliar transaction on my card statement and respectfully request clarification regarding its origin and authorization.,card_payment_not_recognised,polite_expert,16
ca4c4181-ab99-4aa8-819f-a8ebc2841fcf,"Could you kindly review a recent debit that shows up on my card statement which I do not recognize, and advise me on the appropriate steps to address it?",card_payment_not_recognised,polite_expert,16
eeb1526d-d63f-4957-b3c1-b923ec0e28c2,I have spotted an unauthorized charge on my account and would appreciate information about its origin as well as guidance on how to resolve the issue.,card_payment_not_recognised,polite_expert,16
7608a51b-0174-4eb1-b87a-e021011ae503,"Yo, I just saw a charge on my app that I never did, can u check what’s up?",card_payment_not_recognised,gen_z_slang,16
da4719b5-6cf6-49aa-b50f-4cb0ade92ba9,"Yo, I just noticed a random charge on my card I never made, can you look into it?",card_payment_not_recognised,gen_z_slang,16
04ea4a4a-e7ac-418b-ab4f-f080cd07c192,"Yo, some shady fee popped up on my card, I swear I never authorized it—feels like my account got compromised, can you check it out ASAP?",card_payment_not_recognised,gen_z_slang,16
01136846-8228-4c6e-af55-488ae2493f37,"Yo, I just caught a bogus charge on my card that I didn’t do—can you lock it down and sort it out, pretty please?",card_payment_not_recognised,gen_z_slang,16
e67d7ebd-67db-40ba-a5f5-22a5292e7f5e,"Yo, I just noticed a random charge on my card that I never made, what's the deal?",card_payment_not_recognised,gen_z_slang,16
dbd089df-aa76-4f1c-970e-c79d740eeeeb,"Yo, I just peeped a charge on my card that ain't mine, what’s the deal?",card_payment_not_recognised,gen_z_slang,16
7e33e49c-db74-4a51-b1c3-c1febc8b86d0,"There is a payment on my card I no know, can you look and maybe freeze it?",card_payment_not_recognised,non_native_speaker,16
1120a442-301e-4d00-9433-11a5ea506c3b,I spotted a transaction on my card that I never authorized; can you look into it and let me know what to do?,card_payment_not_recognised,non_native_speaker,16
17e784a9-84bf-442c-856d-134f7de00111,I have a charge on my card that I not recognize.,card_payment_not_recognised,non_native_speaker,16
6c421822-0dbe-4975-af25-7b9c3414644d,"I see a payment on my card that I not do, please help.",card_payment_not_recognised,non_native_speaker,16
40a6a6fd-8918-446d-9d38-fc7bf0ea4c7a,"Hello, I have a payment on my card that not mine, can you please help?",card_payment_not_recognised,non_native_speaker,16
a72b373d-2353-4af3-9aa7-a7a56bab21a6,Please investigate a recent charge on my card that I did not make—it seems to be a mistake.,card_payment_not_recognised,non_native_speaker,16
cea90223-d546-4c83-9e70-4318dd70a21d,Card charge not mine,card_payment_not_recognised,short_wording,16
8b94ce95-ae7d-47f0-8727-36338495abbe,Unknown card charge,card_payment_not_recognised,short_wording,16
a7c7effe-8506-4a12-a631-2a8a3fd91e90,Unrecognized card charge,card_payment_not_recognised,short_wording,16
6668e3e4-b563-4591-b101-d38e388467e3,Charge I didn't make,card_payment_not_recognised,short_wording,16
7c95633a-87fb-44a0-b2ee-4541e708b52e,Mystery card fee,card_payment_not_recognised,short_wording,16
e826c88a-94cf-4983-b222-14ab75c2eac4,Strange card payment,card_payment_not_recognised,short_wording,16
c055643f-5628-4207-88b2-f09f861f6123,"Yo, I just got hit with a bogus exchange rate on my overseas purchase and I'm being ripped off—fix this now!",card_payment_wrong_exchange_rate,angry_layperson,17
fee8ff77-7b3d-4178-8f74-09a4afe5a7d9,"What the hell, I was hit with a crazy high charge on my purchase because you guys used some stupid exchange rate that makes no sense!",card_payment_wrong_exchange_rate,angry_layperson,17
73d2b201-e0be-4c42-aeed-9ca29d5b89db,"I just got hit with a stupid card charge and the conversion was way off, you gotta fix that right now!",card_payment_wrong_exchange_rate,angry_layperson,17
c93eef46-53cc-4335-8ff6-0ad517d22205,"Why the hell did you charge me with some crazy rate on that overseas purchase, it’s totally wrong and I’m fed up!",card_payment_wrong_exchange_rate,angry_layperson,17
d50ac64e-2b8f-4108-96ca-f1af64c0337d,"I just checked my statement and the amount is completely messed up—you charged me way more than I should have for that foreign purchase, fix it now!",card_payment_wrong_exchange_rate,angry_layperson,17
30cf92dc-f085-4cab-bafe-6b1e5485d2ac,"Listen, the conversion applied to my international purchase was wildly inaccurate, inflating the cost—please correct the amount right away.",card_payment_wrong_exchange_rate,angry_layperson,17
a1be0210-fa26-468e-9ed8-7b4c5b282aac,Foreign purchase charged huge wrong rate my account drained need fix now,card_payment_wrong_exchange_rate,panicking_emergency,17
52dae5a7-f346-4d93-a4a2-baf59292b239,Card charge foreign transaction wrong rate extra fee urgent fix needed,card_payment_wrong_exchange_rate,panicking_emergency,17
5c887cd5-292d-4faf-8103-08902ec4f85b,Card payment abroad wrong rate charged too much need fix now,card_payment_wrong_exchange_rate,panicking_emergency,17
2d8ac68f-bcd6-4352-b444-9d0037b3d1ab,Bought something overseas charge wrong rate need fix immediately,card_payment_wrong_exchange_rate,panicking_emergency,17
a750cd70-ca52-4f10-9ce5-81c63d0a95e4,Urgent help my card payment used wrong rate I was overcharged need correction now,card_payment_wrong_exchange_rate,panicking_emergency,17
03d06dd9-4923-46c7-9e87-968b652a7dfc,My foreign purchase charged huge rate I don’t understand fix it now,card_payment_wrong_exchange_rate,panicking_emergency,17
f22ab095-4f8a-4215-9b87-4f1166d84c78,I kindly request clarification as to why the foreign‑exchange rate applied to my recent card transaction appears to be inaccurate relative to the prevailing market rate.,card_payment_wrong_exchange_rate,polite_expert,17
d23528ac-7fbd-4a27-8a4a-355ea7900834,"I have noticed that the foreign exchange rate applied to a recent card purchase appears inconsistent with the prevailing market rate, and I would appreciate clarification and correction.",card_payment_wrong_exchange_rate,polite_expert,17
0c66f466-4b61-445f-8838-b7645948588b,I have observed that the foreign exchange rate applied to a recent card transaction appears to be inaccurate and would appreciate clarification.,card_payment_wrong_exchange_rate,polite_expert,17
f65510ff-57b7-4a3c-a268-197fa00aee18,"I have observed that the foreign‑currency conversion applied to my recent card purchase differs from the prevailing interbank rate, and I would appreciate a review and correction of the exchange rate used.",card_payment_wrong_exchange_rate,polite_expert,17
a7a14b80-00f9-48b4-9164-afa19476b0ec,"Could you kindly review the conversion applied to my most recent card purchase, as the rate used appears to differ from the prevailing market rate, and advise on the appropriate correction?",card_payment_wrong_exchange_rate,polite_expert,17
579a52a5-d61d-4f67-902e-ac72ad7a4344,"I recently completed a card transaction denominated in euros, and it appears that the foreign‑exchange rate applied to the payment deviates from the prevailing interbank rate; could you kindly review the conversion applied and advise on the appropriate adjustment?",card_payment_wrong_exchange_rate,polite_expert,17
4fdacfbb-e38f-4433-b3c0-f169bdcdbc93,"Hey, just saw my card charge from abroad and the exchange rate is totally messed up, can u fix it?",card_payment_wrong_exchange_rate,gen_z_slang,17
93b190e3-fb1a-4178-96cb-322cc40f4f70,"Yo, just noticed the card charge for my overseas buy used a whack exchange rate—can u sort this out?",card_payment_wrong_exchange_rate,gen_z_slang,17
d5cfdf8e-7af1-49dd-b66c-d03ddef16213,"Yo, I just checked my receipt and the FX rate on that overseas purchase looks totally off, can y’all fix it?",card_payment_wrong_exchange_rate,gen_z_slang,17
94c4bbe9-567d-4f8c-aac6-12f431f11aff,"Yo, I just checked my recent overseas charge and the rate looks whack, got way more than I should've paid, can u fix it?",card_payment_wrong_exchange_rate,gen_z_slang,17
8012870e-15c8-4cb8-b8b2-b2f59e22c7cb,"Hey, I just grabbed something overseas and the rate on my card charge seems totally off, can u fix it?",card_payment_wrong_exchange_rate,gen_z_slang,17
06ac273a-c507-49f3-a5ac-789e59ee6543,"Hey, the exchange rate on my recent card payment is mad off, got charged way more than it should've been.",card_payment_wrong_exchange_rate,gen_z_slang,17
5ff5e1b9-0909-416d-8f80-e4772d601b7f,"I bought a coat in Paris and the money was changed with wrong rate, so I paid much more than should.",card_payment_wrong_exchange_rate,non_native_speaker,17
745907ea-6ef4-4202-8c48-4ea913483824,"Hello, I use my card to buy a shirt abroad but the amount in my account is much higher, I think exchange rate is wrong.",card_payment_wrong_exchange_rate,non_native_speaker,17
acdedd1a-1486-4311-8def-e2be4c5579d3,"I use my card for buying in Russia but they give me very bad exchange rate and I pay too much, please help.",card_payment_wrong_exchange_rate,non_native_speaker,17
c906f445-8a2c-4bd1-ab6f-5aeab4f04f02,"I buy something in Spain and the rate on my card wrong, can you help please?",card_payment_wrong_exchange_rate,non_native_speaker,17
c26f9626-f5c4-4d42-b05b-286377ce93d6,"I bought watch in France and exchange rate on my card was wrong, I paid too much.",card_payment_wrong_exchange_rate,non_native_speaker,17
41d010c9-7abd-483a-839b-5fb47b165ae1,"I buy something in foreign money and the rate you gave is wrong, I pay too much.",card_payment_wrong_exchange_rate,non_native_speaker,17
98a64668-9c99-4da9-b396-d27e555190ab,Wrong exchange rate purchase,card_payment_wrong_exchange_rate,short_wording,17
2b5f5b8b-9e9f-40e1-973c-e691f4467fdd,Incorrect exchange rate charged,card_payment_wrong_exchange_rate,short_wording,17
ff8dd9c0-e0e3-4024-9480-6259e1d6cba3,Incorrect rate on purchase,card_payment_wrong_exchange_rate,short_wording,17
98a2f028-beab-4c2a-a608-794e3c59f970,Incorrect exchange rate,card_payment_wrong_exchange_rate,short_wording,17
0162a32d-94f9-4cd1-8930-f3218ed224ef,Card payment wrong rate,card_payment_wrong_exchange_rate,short_wording,17
ac71e0b2-8c31-4727-9212-efed502422e2,Incorrect exchange rate purchase,card_payment_wrong_exchange_rate,short_wording,17
5c45cb50-038e-4b33-a4ad-4bd5ee12a88f,"I just stuck my damn card in that stupid ATM and it ate it, now I'm stuck without my card and I need it ASAP!",card_swallowed,angry_layperson,18
ed5d8a3e-a774-458a-add0-75a2246a86a7,"What the hell, the damn ATM ate my card and left me stranded!",card_swallowed,angry_layperson,18
1b15b89f-5f11-4356-964e-51857596f0f5,"I jammed my card into the damn ATM and it sucked it in, I need it back ASAP!",card_swallowed,angry_layperson,18
b718f2da-e9f2-4a6c-b330-6d4e8f5eee0f,"That blasted ATM swallowed my card and refuses to give it back, leaving me stuck and furious!",card_swallowed,angry_layperson,18
0f5914a5-a69d-4254-bc50-203fcf08bd5b,"What the hell, that damn ATM just choked on my card and won’t spit it out, and I’m stuck here freakin’ out!",card_swallowed,angry_layperson,18
a440cd1b-6124-4fb5-8c30-652b4c41e7f1,"My card vanished the moment I slid it into the machine, leaving me unable to pay and fuming—help!",card_swallowed,angry_layperson,18
9035de76-0604-4fcd-aade-e4738fd8abe7,ATM ate my card I need it now help fast,card_swallowed,panicking_emergency,18
9e3a4b72-6ceb-47ef-a044-f15075c33370,The machine swallowed my debit card and I'm stuck—please respond immediately!,card_swallowed,panicking_emergency,18
fc629b6b-5d6e-495f-ba5b-804f244f1798,ATM took my card I can’t get it please help now,card_swallowed,panicking_emergency,18
5c7cc003-d943-4172-93ca-597da5d59a8e,ATM grabbed my card I am panicked need it now,card_swallowed,panicking_emergency,18
a2554f08-b289-4387-b01e-3890c78109c1,My card got trapped inside the ATM; I can't retrieve it and I'm desperate for assistance right away.,card_swallowed,panicking_emergency,18
0d28b491-b5d4-4164-bb51-a12b310b1461,The ATM captured my card and I have no way to get it back; I need urgent help!,card_swallowed,panicking_emergency,18
186a02e0-496c-4c4d-bcc1-c13a7a9aa735,I attempted a withdrawal at an ATM and the machine retained my debit card; could you please advise on the procedures for retrieving the card and any necessary safeguards for my account?,card_swallowed,polite_expert,18
1e47e849-0055-4fca-a833-93e2f0acafbc,"I would appreciate guidance on the procedure for retrieving my debit card, which was retained by an automated teller machine during a cash withdrawal.",card_swallowed,polite_expert,18
78de3104-cb12-4e0a-9486-bec6a50830a4,"I would like to report that, during my recent transaction, the automated teller machine retained my debit card, and I kindly request guidance on the procedures required to retrieve the card and any necessary steps to secure my account.",card_swallowed,polite_expert,18
74d83c57-1cad-48c8-86d2-d6e3ba25b3c4,I was attempting a withdrawal and the ATM retained my debit card; could you advise on the procedure for retrieving it and securing my account?,card_swallowed,polite_expert,18
256c973c-05ce-45b5-bd16-ab80de54dd87,"During a transaction at the ATM on High Street, the device retained my debit card, and I would appreciate guidance on the necessary steps to secure a replacement and any associated fees.",card_swallowed,polite_expert,18
2b41af23-3ab6-4047-9d5b-eafb5418a412,"I attempted to withdraw funds at an automated teller machine, and the machine retained my debit card; I would appreciate detailed guidance on the procedure for retrieving the card and any steps required to obtain a replacement if necessary.",card_swallowed,polite_expert,18
25c61d04-1893-44ad-abec-15252fdd7a5f,"Yo, the ATM just ate my card, need a fix ASAP.",card_swallowed,gen_z_slang,18
8caacbbb-d243-47ae-996d-63d29290eafb,"Yo, I just tried pulling cash and the ATM ate my card, any quick fix?",card_swallowed,gen_z_slang,18
c51b76c6-ca0a-485f-a883-7dd1b2711284,"Bruh, the machine just gulped my card, can you hook me up with a new one pronto?",card_swallowed,gen_z_slang,18
54b30f4b-8f33-4ac2-ae5c-7814d9d186cf,"Hey, I was trying to cash out at Main St., and the ATM devoured my card. What’s the play to replace it fast?",card_swallowed,gen_z_slang,18
b8dd9f2e-66a4-41e8-9553-f9c605cb2fd7,"Yo fam, the ATM chomped my card—need a rescue squad to retrieve it ASAP.",card_swallowed,gen_z_slang,18
2cb852f6-7e90-4ca8-8ca1-ae3b6ca234bd,"Yo, I stuck my card in the ATM, it ate it on the spot. Send me a fresh one, quick!",card_swallowed,gen_z_slang,18
4675afb5-7e92-45dc-aeaa-41fc04947342,"I put my card in ATM and it not give back, can you help me?",card_swallowed,non_native_speaker,18
d909fde0-9fb9-4ae7-92df-98101ddb7683,"Hi, I try get cash but the ATM keep my card, please help me get it back.",card_swallowed,non_native_speaker,18
fe700829-5e62-4b47-9ba2-9928dfafbdd8,"I was getting money and the ATM ate my card, can you please help me get it back?",card_swallowed,non_native_speaker,18
3df2c0e6-c6df-433e-9be0-21d2228f444a,"Hi, I was using the ATM and it took my card, I cannot get it back, please help.",card_swallowed,non_native_speaker,18
bf015fa7-5ba1-4555-8ab5-fd5778e839dc,"I went to the ATM on Main street and it swallow my card, can you please help me get it back?",card_swallowed,non_native_speaker,18
7d04e6a7-b9c4-4db1-9e23-1c5cd5f7dd04,"Hello, when I tried to withdraw cash the ATM held onto my card; could you help me recover it?",card_swallowed,non_native_speaker,18
b1fa5f01-73d4-43ed-8fb5-1ded99c9d0d0,ATM ate my card,card_swallowed,short_wording,18
eec41495-b95d-466d-b9f5-c4cb839e16a2,ATM kept my card,card_swallowed,short_wording,18
460cdd8a-aa12-469e-8a30-d21b16f51f57,ATM ate card,card_swallowed,short_wording,18
7a42e187-efef-4230-adea-c05c5edddc4f,ATM held onto my card,card_swallowed,short_wording,18
d01ad398-77dd-4243-972b-4d81c9344185,Card got swallowed by the ATM,card_swallowed,short_wording,18
45cb80d9-4f4f-485d-97a6-822ee3bb41c0,ATM kept card,card_swallowed,short_wording,18
82a0e7cb-dcd1-4c58-8a1d-e57282b1b697,I went to pull cash from the damn ATM and got slapped with a stupid charge I never signed up for—fix this now!,cash_withdrawal_charge,angry_layperson,19
4c282fad-3d81-4040-9bb5-c2a86a33477d,"What the hell is this stupid fee they slapped on my cash withdrawal, I shouldn't have to pay extra for getting my own money!",cash_withdrawal_charge,angry_layperson,19
3589b564-694b-4d34-9b58-84847ca454cb,"What the hell, why the heck did you slap me with a fee when I tried to pull out cash?!",cash_withdrawal_charge,angry_layperson,19
82abb8d6-7cd9-4a96-aded-2511b158bb2a,"What the hell is this stupid extra charge on my cash pull, I didn’t sign up for any weird fees!",cash_withdrawal_charge,angry_layperson,19
768f325d-0461-400c-97a0-a673955876c6,"Yo, why the hell did you just yank a charge off my ATM cash pull? I didn't sign up for that crap!",cash_withdrawal_charge,angry_layperson,19
999c774b-4873-4882-b8d7-c5e8def05207,I just tried to grab cash from the ATM and you guys ripped off a stupid fee – what the hell is that for?,cash_withdrawal_charge,angry_layperson,19
20ae36fe-e136-47ee-aeea-ff01ef05a7aa,Why was I charged for withdrawing cash now my balance gone panic,cash_withdrawal_charge,panicking_emergency,19
8ce0b857-9c15-4708-b621-40d2d424ef04,Fee on ATM withdrawal now I need cash urgently my account was free before I cannot wait for a reply,cash_withdrawal_charge,panicking_emergency,19
3af744ff-1c7d-48de-a7b5-23cfa7541076,Just withdrew cash got a fee why now need this fixed immediately,cash_withdrawal_charge,panicking_emergency,19
13ffb7f9-7d1f-4b3a-8b00-aae07a13391f,Just saw a charge after I took cash from the ATM I need this fee removed immediately,cash_withdrawal_charge,panicking_emergency,19
b2f163ff-6ae7-4a1b-b010-5e98094205c2,ATM fee charged I didn't expect this urgent help needed now my account low I need it fixed fast,cash_withdrawal_charge,panicking_emergency,19
cc961ee5-2e90-4ed4-8236-75221dc12703,Charged extra at the ATM need it fixed immediately,cash_withdrawal_charge,panicking_emergency,19
240e6bac-fb20-4a3d-bdea-7097776e3733,"Dear Sir or Madam, I recently performed an ATM cash withdrawal from my checking account and have observed an unexpected service charge applied to the transaction; I would be grateful if you could elucidate the applicable fee schedule, the conditions under which such charges are imposed, and any possible recourse for removal of this charge.",cash_withdrawal_charge,polite_expert,19
11ff07fd-1ca1-4944-915c-0d8abdd74b80,I have noticed a fee applied to my recent ATM cash withdrawal and would appreciate a detailed explanation of the circumstances under which such a charge is imposed.,cash_withdrawal_charge,polite_expert,19
aad85942-82c5-46db-9b28-ace6eb407060,Could you please clarify why a fee was charged on my latest ATM withdrawal? I would like to understand the specific rule that triggered this amount.,cash_withdrawal_charge,polite_expert,19
0fb5294a-6238-41fc-96ca-bc7642df569c,I was surprised to see an extra charge on a cash withdrawal from my account; kindly explain what caused this fee.,cash_withdrawal_charge,polite_expert,19
b0641c88-4a74-421a-bd5b-6ea7ca07fa39,An unexpected surcharge appeared on my recent cash withdrawal. Please detail the reasons and the terms that allow such a fee.,cash_withdrawal_charge,polite_expert,19
0e16e7b4-7bb8-4f76-b072-ca47a0a9b27c,I noticed a charge on my latest cash withdrawal that I did not anticipate. Would you be able to outline the circumstances that resulted in this fee?,cash_withdrawal_charge,polite_expert,19
0cfa8dcf-1cff-4721-bdb4-17111940a70c,"Yo, why did I get hit with a fee after pulling cash at the ATM?",cash_withdrawal_charge,gen_z_slang,19
962f166c-fe50-419f-a860-5da5a851db96,"hey why did my atm pull come with a surprise fee, i never got charged for that before",cash_withdrawal_charge,gen_z_slang,19
81b62aa7-b670-4e71-98e5-b01664214ee6,"Yo, I just got hit with a fee after pulling cash, what's the deal?",cash_withdrawal_charge,gen_z_slang,19
65c98544-5001-44ae-b7cf-78b38f997192,"Yo, what's the story behind that extra charge on my recent cash grab at the ATM?",cash_withdrawal_charge,gen_z_slang,19
7d58150f-7991-440c-85be-480d1b962436,"Yo, I just snagged some cash and got hit with a fee—what's going on?",cash_withdrawal_charge,gen_z_slang,19
3cf95daa-61f0-4fa1-8d56-d365fa32b701,"Yo, the ATM slapped a fee on my last withdrawal; can you break down why?",cash_withdrawal_charge,gen_z_slang,19
8213ae76-f399-4538-911b-96ac3c47b6c9,"Hello, I just see a fee on my cash withdraw from ATM, I never pay before, can you tell me why?",cash_withdrawal_charge,non_native_speaker,19
e045fafa-df2c-48f6-950e-aa08dc48a275,I dont understand why I pay fee when I take cash from ATM.,cash_withdrawal_charge,non_native_speaker,19
eac53b9c-4da2-44cd-b0d9-4ab8ce3b4c32,"I just withdraw cash from ATM and I see a charge, why?",cash_withdrawal_charge,non_native_speaker,19
e3153334-59ed-4329-8062-6239bdf88368,"I withdraw cash from ATM and see extra fee, I not understand.",cash_withdrawal_charge,non_native_speaker,19
76e9781c-e59c-4932-83ba-a806d8cc903e,Could you explain why a charge appeared after I used the ATM to get cash?,cash_withdrawal_charge,non_native_speaker,19
fd09e518-4229-4ee6-8cd7-9acca0cf1f68,"After my recent ATM withdrawal, I noticed an unexpected fee on my statement—what's the reason?",cash_withdrawal_charge,non_native_speaker,19
61eb31f7-a0df-44e2-be22-b952725110fd,Cash withdrawal fee?,cash_withdrawal_charge,short_wording,19
8d9940e6-ddfe-4ddf-a16d-99f9d2ab4520,Fee on cash withdrawal?,cash_withdrawal_charge,short_wording,19
67ca62da-8ca2-4e65-badf-9a6c63078944,Unexpected cash withdrawal fee,cash_withdrawal_charge,short_wording,19
4f7750bf-ca43-4822-9ccb-6b46924d4b06,Withdrawal fee charged?,cash_withdrawal_charge,short_wording,19
acd62003-b902-49e8-9faa-faf7461edc1c,Unexpected withdrawal fee,cash_withdrawal_charge,short_wording,19
cd058251-805c-4ac7-85bf-b8608c91676d,ATM fee charged,cash_withdrawal_charge,short_wording,19
38d9fb0b-2856-4c9d-a0f0-531d4fbc6706,"I’m pissed—there’s a $300 ATM pull on my account that I never made, sort this out right now!",cash_withdrawal_not_recognised,angry_layperson,20
a5e552d6-6294-45eb-9fd9-9577a1d651d2,I just saw a stupid ATM pull on my account that I never did—what the hell is going on and why am I being charged for it?!,cash_withdrawal_not_recognised,angry_layperson,20
a15e7b38-0362-46e6-84a3-6705aa36c291,"Yo, I just checked my app and there's a damn ATM charge I never made, freeze that damn card right now!",cash_withdrawal_not_recognised,angry_layperson,20
bd470dfb-baa6-4962-ab7a-4fd47443a332,"I look at the app and it says I took cash out of an ATM, but I never even stepped near one—what the hell is going on?!",cash_withdrawal_not_recognised,angry_layperson,20
fc421056-f3fe-41c2-9dd6-47a46cefd455,"I opened my statement and spotted a cash withdrawal I never made—who emptied my account, and fix it now!",cash_withdrawal_not_recognised,angry_layperson,20
cff0f658-e1fd-4d00-92f4-9bee7fd18600,I didn't even touch an ATM but my account shows cash taken out—fix this right now!,cash_withdrawal_not_recognised,angry_layperson,20
dcdfbb58-ab1f-42ac-ac94-25a9db8ecf13,ATM shows withdrawal I never made money gone panic need help now,cash_withdrawal_not_recognised,panicking_emergency,20
b7addc36-7919-4824-94f6-d8731ccaa7d3,Someone took my card withdrew cash I never did freeze account now,cash_withdrawal_not_recognised,panicking_emergency,20
b57adba7-cc42-4d61-ad3c-b6a6d5d9c810,Someone withdrew cash from my account I never used ATM unknown now balance zero help,cash_withdrawal_not_recognised,panicking_emergency,20
1a77076f-526f-4b0b-9abb-6558ff83a0f7,unknown cash taken from my account now panic need stop it,cash_withdrawal_not_recognised,panicking_emergency,20
ab00c914-9cb5-4974-89f3-bc867fb2054e,Someone took cash from my card I did not withdraw account balance gone urgent help,cash_withdrawal_not_recognised,panicking_emergency,20
5a53e72e-0569-42d2-af2b-8053d77bb09d,I just noticed a withdrawal I didn't make; my funds have vanished and I urgently need help to stop this.,cash_withdrawal_not_recognised,panicking_emergency,20
618c2a26-fc59-444f-b08d-3002461ea4bc,"I have noticed an unauthorised cash withdrawal of £500 from my account, which I did not execute, and I respectfully request a prompt investigation and reversal of this transaction.",cash_withdrawal_not_recognised,polite_expert,20
5a353f6c-819a-4d46-b76d-e99332971583,"Dear Sir or Madam, I have observed an unauthorised cash disbursement recorded in my account statement, originating from an ATM location to which I have never travelled, and I respectfully request an immediate investigation and temporary suspension of my card to prevent further loss.",cash_withdrawal_not_recognised,polite_expert,20
92a3a1fc-7937-4ee8-a2d4-adbfa6569ee9,"I have observed a debit entry labeled as a cash withdrawal on my recent account statement that I did not authorize, and I would be grateful for a thorough investigation and clarification of this transaction.",cash_withdrawal_not_recognised,polite_expert,20
a02552a6-8a37-49cc-aadb-91f96f833644,"I have noticed a debit for an ATM cash withdrawal on my recent transaction summary that I did not perform, and I kindly request an investigation and resolution of this discrepancy.",cash_withdrawal_not_recognised,polite_expert,20
97467da0-28a7-42fc-af7e-d623a34a36c1,"I have observed a debit entry for an ATM cash withdrawal on my recent statement which I did not authorize, and I kindly request a thorough investigation and correction of this discrepancy at your earliest convenience.",cash_withdrawal_not_recognised,polite_expert,20
b17078a3-055f-4ba1-ae52-6834023ed44d,I have observed an unauthorized cash withdrawal recorded in my account activity and kindly request clarification and appropriate remediation.,cash_withdrawal_not_recognised,polite_expert,20
69956df5-1013-4598-a249-ffe521c0b41f,"Bruh, there's a random cash pull in my app I never did, can u sort it out?",cash_withdrawal_not_recognised,gen_z_slang,20
b2589a24-9826-48f5-86e0-5a013ab7ddb5,"Yo, my app is showing an ATM cash pull I never made, can you fix it ASAP?",cash_withdrawal_not_recognised,gen_z_slang,20
c1bb4851-83f7-4362-bd46-ffdc97bcb9fd,"Yo, I see a weird ATM pull on my app that I didn’t do, can u look into it?",cash_withdrawal_not_recognised,gen_z_slang,20
3da13d82-b0fa-44af-a1ff-e69ed12e0aeb,"Yo, there's an ATM withdrawal showing in my app that I never did, can u check?",cash_withdrawal_not_recognised,gen_z_slang,20
c3579057-aacf-4500-8250-f4f3e754ce44,"Yo, I just spotted a weird withdrawal on my account that I never did, can u help figure this out?",cash_withdrawal_not_recognised,gen_z_slang,20
aed891b6-8fb0-4df7-84d9-00d0791c177c,"Yo, I just saw an ATM pull cash from my account that I never did, freeze the card ASAP.",cash_withdrawal_not_recognised,gen_z_slang,20
e36f8dd6-6ac6-4afb-8ba1-67341cde64e2,"I see withdraw on my account I not do, need help.",cash_withdrawal_not_recognised,non_native_speaker,20
eb713d0f-61e3-4c59-a551-a65b767557de,I see a cash withdrawal on my account but I didn’t do it.,cash_withdrawal_not_recognised,non_native_speaker,20
5e544d23-0365-4f3a-a779-6a2289b62376,"Hi, i hope you can help, i see cash withdraw at ATM but i not do it, maybe someone use my card, please help me.",cash_withdrawal_not_recognised,non_native_speaker,20
98789362-22b1-4f42-90d1-63f94fea0fd4,"Hello, I notice a withdraw on my account that I not did, please help me.",cash_withdrawal_not_recognised,non_native_speaker,20
e87aa622-c9b2-4e83-81e0-6229a233e886,"Hi, I look at my app and there is a cash withdraw I not do, please help me fix it",cash_withdrawal_not_recognised,non_native_speaker,20
9b54a375-e15e-45fd-9e81-2cff1d2b3955,When I opened the app I noticed an unauthorized cash withdrawal and need assistance to resolve it.,cash_withdrawal_not_recognised,non_native_speaker,20
2bb344b7-8b2e-4fbc-add2-315144319216,Unknown ATM withdrawal,cash_withdrawal_not_recognised,short_wording,20
e0d9e93e-7d79-4bad-a420-08185f265aa8,ATM withdrawal not mine,cash_withdrawal_not_recognised,short_wording,20
ab22f59f-bc63-4eeb-b76d-5de5f9861e29,ATM cash taken without my consent,cash_withdrawal_not_recognised,short_wording,20
18b8919a-d535-470a-94c5-042820947c57,Unknown ATM transaction,cash_withdrawal_not_recognised,short_wording,20
bda97ee9-efff-423e-8617-0a14e7709457,Unrecognized ATM withdrawal,cash_withdrawal_not_recognised,short_wording,20
35bc2f11-79a9-47b3-97ab-56e04eb6b532,I didn't request this ATM dispense,cash_withdrawal_not_recognised,short_wording,20
68da7ac8-94a0-43b6-aabe-90707ed41ae1,"I'm fed up with this stupid ATM not letting me swap my PIN, I need it fixed right now!",change_pin,angry_layperson,21
f05f3c60-e84e-4ac9-97dd-b56dbad6f8ff,"I’m fed up with this stupid system—how the heck am I supposed to switch my PIN already, and why is it such a nightmare?",change_pin,angry_layperson,21
1edb796c-7883-4ff6-a4e8-779ae7c41872,"I’m fed up—my card’s PIN is messed up and I can’t get it changed anywhere, sort me a new one right now!",change_pin,angry_layperson,21
c79b3845-7cd5-4c51-beab-0b7c3b990aad,"Man, I'm sick of this stupid system—just let me switch my card's secret code already!",change_pin,angry_layperson,21
f33ee232-a0c4-48f8-b99f-5ef45bbb505b,"I’m fed up with this stupid system, I need to flip my card’s PIN right now and nobody’s telling me how!",change_pin,angry_layperson,21
08317fc9-5ba3-49e4-b483-5dbba6405db0,"I'm pissed, I need a new PIN ASAP—where the hell can I do that?",change_pin,angry_layperson,21
aabccb87-e1a2-4dfe-80f5-34d676ab2027,Card stopped working need new pin ASAP help me now,change_pin,panicking_emergency,21
2f988b48-b908-4d5c-ac58-1cf41ce67e41,Lost my PIN need new one now abroad can't access ATM help,change_pin,panicking_emergency,21
c961bf00-09e2-4ef8-995d-694045e8c6c3,My PIN stopped working need new one immediately,change_pin,panicking_emergency,21
d786e98e-ad12-48df-8635-4b68ad47a2c9,Lost my PIN need a new one right now card won’t work urgent help please,change_pin,panicking_emergency,21
1d93bc7b-fd5d-4f0a-8027-81cc1451b562,Need to change my card PIN urgently stuck abroad can’t wait,change_pin,panicking_emergency,21
431388d1-453b-4adf-ad7c-71fa2a3c30ef,Pin locked need new pin now at ATM help,change_pin,panicking_emergency,21
1f62844d-4187-4ecf-a980-3c073f67d40b,"I kindly request guidance on how to modify the personal identification number assigned to my debit card, as I wish to establish a new PIN for security purposes.",change_pin,polite_expert,21
fa420264-e9f2-433b-8c37-5f8c18836d5e,I would like to request guidance on updating the personal identification number associated with my debit card.,change_pin,polite_expert,21
82935b5c-f12c-40cc-b3aa-3561653e05df,I am writing to request assistance in updating the personal identification number associated with my debit card.,change_pin,polite_expert,21
062d43ab-31c1-466a-8cf1-091dc4b02737,I am currently residing in Austria and require assistance in updating the personal identification number associated with my debit card; could you please advise the procedures and eligible ATMs for this operation?,change_pin,polite_expert,21
ea88d369-431d-4e2f-8aeb-d586fc39c9ee,"I would like to inquire about the procedure for updating the personal identification number associated with my debit card, as I will be traveling shortly and require the change promptly.",change_pin,polite_expert,21
06c279d9-4653-49d3-a361-33ffd45d4d74,"I would appreciate guidance on how to modify the personal identification number linked to my debit card, including whether this alteration can be effected at an automated teller machine or via the bank’s digital channels.",change_pin,polite_expert,21
9ff6cf81-1d61-4afe-ad55-46f5cf0e2fc2,"Hey, can u tell me how to switch up my card PIN real quick?",change_pin,gen_z_slang,21
5791f694-3726-4619-9304-9854b519821c,"Yo, need to switch my card PIN quick, how do I do it from here?",change_pin,gen_z_slang,21
4df95968-64d7-48d2-aacc-9fbc92b2e60a,"Yo, need to reset my card PIN ASAP—can you drop the quick how‑to?",change_pin,gen_z_slang,21
25253352-5d26-41c3-b69b-fbbf9223511f,"Hey, I need a new PIN for my card, can u hook me up?",change_pin,gen_z_slang,21
ad2b1022-d740-4a05-b238-52d30f290264,"Hey, can I swap my PIN at an ATM or do I gotta do it in the app, lol?",change_pin,gen_z_slang,21
57a5c58e-df30-4dcc-932a-d3242921f4cf,"Yo, can I get the deets on swapping my card PIN?",change_pin,gen_z_slang,21
10da0410-92ab-4734-b48c-34df52c30986,"Hi, I want to change my card pin, where I can do it?",change_pin,non_native_speaker,21
9c4dd663-d196-40bb-a98d-ad6eeb545b9f,"Hi, I want to set another PIN for my card, how I can do?",change_pin,non_native_speaker,21
97c59699-c550-47fe-b3e8-ea75bd0a1a42,"Hello, I need new PIN for my card, can you tell me how I do it?",change_pin,non_native_speaker,21
65607c62-39b2-4207-b3b0-4a8b415b7f0f,"Hello, I want set new PIN for my card, can you tell me how?",change_pin,non_native_speaker,21
64e5e972-761c-4fee-b2ce-730ac81a257a,"I want new PIN for my card, how I do?",change_pin,non_native_speaker,21
0275ee43-ceb0-4e43-929e-68d093b50dca,"Hello, I need to make my card pin new, can you tell me how?",change_pin,non_native_speaker,21
201cd4b9-4bae-4829-ace3-0d5d6990ef63,Change PIN request,change_pin,short_wording,21
31d03222-676c-4acd-8748-1a876fa4bb6d,Change card PIN,change_pin,short_wording,21
0962f08c-56e9-4a72-82d5-8602123c28e5,Change my PIN,change_pin,short_wording,21
06b00e1a-0925-4992-a7a7-4c1d83ec4a0c,Change PIN at ATM?,change_pin,short_wording,21
f5c123b6-1148-42d6-906b-4880eb1c918e,Update card PIN,change_pin,short_wording,21
7edad462-2376-4e9b-9d35-1b13d6ab5306,Change PIN instructions?,change_pin,short_wording,21
7dbdef10-f69d-4981-b0ca-957b2407f994,"Yo, some joker’s been running up charges on my card without my say‑so and I need a brand‑new card right now!",compromised_card,angry_layperson,22
a5b9e718-ea71-42bc-af74-d9c94cfee243,"Freeze my damn card right now, some idiot’s been swiping it and I didn’t even touch it!",compromised_card,angry_layperson,22
c592c11b-5010-449a-a2d1-c7f888cd381b,"I just saw a bunch of weird charges on my card, someone’s got my info and I want it locked down right now!",compromised_card,angry_layperson,22
96b14b95-d361-40e0-bcab-c128e9792d23,My damn card’s been getting random charges and I’m sick of it – lock it down right now!,compromised_card,angry_layperson,22
302767e5-b1f5-49ff-b1f9-967e7d9a0042,"Someone ripped my card and is running up charges all over the place, shut it down now before I lose everything!",compromised_card,angry_layperson,22
df85e5be-ac98-4aff-9b5f-b97ca389f194,Someone's been swiping my card like crazy while I'm nowhere near it—freeze it right now!,compromised_card,angry_layperson,22
8f240007-8e63-4044-b5a7-e302fa64347e,My card was used by someone else I see charges I never made freeze it send a new card now please,compromised_card,panicking_emergency,22
2a23f59c-38df-4ab8-994d-e4c695256b52,Card used without me stop it now,compromised_card,panicking_emergency,22
59515924-6e3a-4d8c-aa1b-63cc23297eb9,Someone stole my card details unauthorized charges freeze card immediately,compromised_card,panicking_emergency,22
d7faa151-a81c-499c-bfa9-785e14548e36,My card has unknown purchases I didnt make block it stop all transactions,compromised_card,panicking_emergency,22
76608639-41ac-49ff-bd69-201cd54c6b79,My card is being used unauthorized charges appearing block it immediately,compromised_card,panicking_emergency,22
fac309e1-3781-49dc-8144-c047fb81c8cd,Card being used now stop all transactions freeze it,compromised_card,panicking_emergency,22
e418ba7d-beac-472c-a989-72ac5eabbbb1,"I have identified multiple unauthorized transactions on my card, including charges from locations to which I have never traveled, and I respectfully request an immediate suspension of the card together with a thorough investigation into these fraudulent activities.",compromised_card,polite_expert,22
2beeaba2-5ef0-4a1d-adf9-d5ee1f2f8091,"I have become aware that my card information may have been accessed by unauthorized individuals, and I kindly request the issuance of a replacement card together with any necessary security actions to safeguard my account.",compromised_card,polite_expert,22
524dad13-440e-4f8c-9cdf-d9e18facbe5f,I have observed several unauthorized transactions on my card and suspect fraudulent use; kindly investigate the matter promptly and consider freezing the account to prevent any further loss.,compromised_card,polite_expert,22
b037ef07-6b60-4e43-a6de-247e34276107,"I have noticed several unauthorized transactions on my account and suspect that my card details have been compromised; consequently, I kindly request that the card be promptly frozen and the necessary fraud dispute procedures be initiated.",compromised_card,polite_expert,22
105f01d5-a347-418d-81c9-bf3364f8483e,"Having discovered a number of suspicious purchases on my debit card, I kindly ask that you deactivate this card immediately and arrange for a replacement to avoid any additional fraud.",compromised_card,polite_expert,22
836a3810-8498-4250-9c31-e4fd6d4f34ca,Please be advised that I suspect my card details have been compromised after noticing a series of unfamiliar charges; I would appreciate it if you could block the current card and send me a new one as soon as possible.,compromised_card,polite_expert,22
fb387c63-e77b-457a-ab13-c41307599dea,"Hey, I just saw a bunch of random online charges on my card, think someone’s legit using it, can you lock it down ASAP?",compromised_card,gen_z_slang,22
ff9c17be-0f61-4806-ba02-06abb8d85b60,"Yo, I just noticed a bunch of weird charges on my card that I didn’t do, can you freeze it ASAP?",compromised_card,gen_z_slang,22
2e782159-2e7e-4fde-abbf-1681df08eb88,"Yo, my feed's blowing up with unknown purchases—none of them are mine. Hit the freeze button now, stat!",compromised_card,gen_z_slang,22
929b988a-049f-4c32-a5f9-0936857b7e55,"Yo, I just saw a bunch of weird charges on my card that I never did, think someone else might be using it.",compromised_card,gen_z_slang,22
549a9a8d-2449-48aa-bba5-b5b221343741,"Yo, I just saw some weird charges on my statement that I never did, can u lock my card ASAP and help sort this out?",compromised_card,gen_z_slang,22
2ed156cc-01c6-4feb-9540-200e7b5d9472,"Yo, just caught some random online buys showing up on my account. Can you slap a lock on it ASAP?",compromised_card,gen_z_slang,22
d7c5ef52-dfa3-4c69-85ac-7fa32f1e8b65,"Hello, I think someone have my card number, can you please freeze my card now.",compromised_card,non_native_speaker,22
8d43a491-aca3-4c2c-926b-ec35d25b69f9,"I think someone using my card without permission, what I do?",compromised_card,non_native_speaker,22
3670855d-45f8-4084-acd1-23df757ec53a,"I think somebody use my card, I see strange purchases, please help freeze it.",compromised_card,non_native_speaker,22
c7841c10-bfe8-4636-a0d6-63b5afa68d5f,"Hello, i think someone use my card without my permission, can you please block it now.",compromised_card,non_native_speaker,22
67fbfbe9-4c62-4e51-801e-61baa7a2c0b5,"Hello, I see some purchase I did not do, I think my card being used by someone else, please help me stop it.",compromised_card,non_native_speaker,22
2801d533-ffa4-490e-aa38-a621cf98954d,"Hi, I think someone use my card and there are many purchase I not recognize, please help stop it.",compromised_card,non_native_speaker,22
70175a12-df13-4245-8583-014fb04ed9b6,Freeze card now,compromised_card,short_wording,22
ccdde882-8467-4a8d-afcb-9b84d6a49bec,Block card ASAP,compromised_card,short_wording,22
772bdfcf-870a-4509-b286-85eec8ced65b,Unauthorized card use,compromised_card,short_wording,22
8d547e4c-add2-4791-8f1b-a274db00535b,"Freeze card, unknown charges",compromised_card,short_wording,22
447579ca-ad26-4794-a466-921a672b4506,Someone using my card,compromised_card,short_wording,22
3245828b-dd29-4dee-8187-4ec284b6fecf,Unknown charges on card,compromised_card,short_wording,22
f1383433-7019-4f15-a6d0-d885c185a718,"My card just refuses to tap anywhere, this stupid crap needs fixing right now!",contactless_not_working,angry_layperson,23
8d3c9a8e-51b5-46b1-bc3f-28999bdf5cb2,"Man, I tried using my card at the coffee shop and it just flat‑out refused to work, what the hell is going on?",contactless_not_working,angry_layperson,23
7ab8e1d4-7974-46d2-a7f7-f2ad2a53ef09,"My card just won’t tap and pay at the shop, I've tried it over and over and it keeps rejecting me—fix this already!",contactless_not_working,angry_layperson,23
e02c057d-1deb-4c3e-ab3d-a46a43d950c1,"I’m sick of this stupid card that won’t tap anywhere, I tried it at three places today and it just keeps flashing “no,” fix it now!",contactless_not_working,angry_layperson,23
25ecc41f-9e19-4d7e-af9b-14f24d83349e,"I tried to pay for my coffee with my card and it just kept bouncing, I couldn't buy anything and I'm sick of this crap, sort it out now!",contactless_not_working,angry_layperson,23
7889cfce-5430-444f-8b6c-5a7c37159c1d,"My card won’t even tap at the gas pump, it’s totally busted and I need it fixed right now!",contactless_not_working,angry_layperson,23
3ae03070-a75a-40ee-9bf0-ee78f65bdbf2,Card won’t tap payment fails need help now,contactless_not_working,panicking_emergency,23
109890ab-d3f2-4a99-ac05-a09bac932d82,My contactless card refuses to register at the shop; I’m stuck and need assistance immediately!,contactless_not_working,panicking_emergency,23
b396554f-53f1-41c9-8e46-4c2dc8957638,Card tap not working need to pay now urgent help,contactless_not_working,panicking_emergency,23
b1bc22ab-4213-48b0-810e-5dad5c9ac14b,"The bus won’t accept my tap, the driver halted me—please help right away!",contactless_not_working,panicking_emergency,23
456289e4-8f4d-47db-b108-7bf8bd9662e3,At the bus stop my card won’t tap and nothing is processing; I’m desperate for urgent help!,contactless_not_working,panicking_emergency,23
9843f2fe-4260-459b-847c-f2d4a0e5715e,"When I tried to tap on the bus, the driver said it’s denied—need immediate assistance!",contactless_not_working,panicking_emergency,23
92691004-26f5-4578-9625-ac9cddd81a24,"Despite my card being active, I am unable to complete any contactless transactions, as each attempt is declined; I would appreciate your assistance in diagnosing the issue and restoring the functionality of the contactless feature.",contactless_not_working,polite_expert,23
73fe8621-da2d-4bab-8feb-e4e19463a81b,"I am encountering difficulty with the contactless functionality of my debit card, as recent attempts to complete small‑value transactions have been declined despite the card being within its validity period and having sufficient funds.",contactless_not_working,polite_expert,23
d7bc4ddf-45fe-4923-a04d-e88ab583a7c4,I am writing to request assistance because the contactless payment function on my card consistently fails to process transactions despite the card being active and sufficient funds being available.,contactless_not_working,polite_expert,23
ad1cc7ca-3c2c-419f-b3d6-f943860af887,"I am encountering a persistent failure of the contactless functionality on my payment card, as it consistently declines transactions despite multiple attempts and proper activation.",contactless_not_working,polite_expert,23
3ec15f7b-33b9-4613-9a6b-924ab453a80a,"I wish to bring to your attention that the contactless payment capability of my card has not functioned for several days despite repeated attempts, and I would appreciate guidance on the procedures required to restore its operation.",contactless_not_working,polite_expert,23
42d62456-8af4-43f2-88d1-e10db0be751f,"I would like to report that the contactless functionality of my payment card is presently inoperative, as it consistently declines transactions without any audible or visual confirmation despite the card being held within the requisite proximity to the terminal.",contactless_not_working,polite_expert,23
ed059fb7-2012-44b4-9065-bcffca3a2abb,"hey, my card's tap stuff just stopped working, can u help me sort it out?",contactless_not_working,gen_z_slang,23
1bb5d3d5-7226-4874-b1e0-ca19d0fc8eaf,"Yo, my card just wouldn't tap on the train this morning, any fix?",contactless_not_working,gen_z_slang,23
7168f89e-30ad-4c44-9170-83b4353a4029,"Yo, my card’s tap‑and‑go just straight up stopped working when I tried to pay at the store, any fix?",contactless_not_working,gen_z_slang,23
d971f1d8-bc82-42ce-9a34-6bc3005d0020,"Yo, my card’s contactless just quit on me, can’t even tap it at the coffee spot, what’s the deal?",contactless_not_working,gen_z_slang,23
d694eaff-ba1d-484d-aa4f-7ef8317ddb2e,"Yo, my card's tap‑n‑pay just stopped workin, any clue?",contactless_not_working,gen_z_slang,23
1db5f4d7-8540-4bf4-95fc-ce78852a43a9,"Yo, my card ain't doing the tap thing at the register, keeps getting declined, what's up?",contactless_not_working,gen_z_slang,23
6dece7ee-65c9-4ada-9f9f-8a949eda080d,"Hello, my card no longer work when I tap it, I try several shops today and it just not work.",contactless_not_working,non_native_speaker,23
a8d4ab2f-c545-4056-b2e7-00016d369b57,"Could you assist me? Every time I attempt to make a tap‑payment, the card just refuses to respond.",contactless_not_working,non_native_speaker,23
a153b781-759d-437b-bdba-9d76ec4f2b9d,I try use card for pay on bus but it no work.,contactless_not_working,non_native_speaker,23
2bf4b5ca-e894-4f3f-a60b-fe55533f3216,"Hello, I try tap my card for coffee but nothing happen, maybe need a normal payment first? Please help me.",contactless_not_working,non_native_speaker,23
94be018a-d0c5-438d-a5f2-fb467e659f17,"I try pay with my card but contactless not work, can you fix?",contactless_not_working,non_native_speaker,23
b8e0177a-eeb1-45ea-884f-1130331c12f8,"Hello, I try use my card contactless at store and it not work, please help me.",contactless_not_working,non_native_speaker,23
838a6432-525a-4ff3-bb55-1669b72da9d2,Contactless won't work,contactless_not_working,short_wording,23
ccc1b077-f0e6-4a23-a5e5-1872128b5af6,Contactless payment declined,contactless_not_working,short_wording,23
040ffe39-3daa-48e7-8053-c1ae1652e705,Contactless payments failing,contactless_not_working,short_wording,23
46486727-dca4-4635-bb70-6907cd927da7,contactless not working,contactless_not_working,short_wording,23
195d6cd4-1e35-4eb9-8dc7-7ee06c89cd6f,Contactless declined again,contactless_not_working,short_wording,23
2eded30e-1961-4077-983d-c9d3521f2b70,Contactless payment fails,contactless_not_working,short_wording,23
8573ec04-1359-498d-8186-35186276b385,I’m fed up—tell me right now if you even do business in Canada or if I’m just wasting my time trying to get a damn card!,country_support,angry_layperson,24
efe7c853-3f9e-459b-9375-7c570aa024d0,"Yo, I tried to sign up and every damn page says I'm not in a supported country—what the hell, tell me if you even work in the US!",country_support,angry_layperson,24
1bda4d52-89a8-45d1-8609-6eacb52320f6,"I’m furious—why the hell can’t I get a card if I’m living outside the UK, and why do you keep making it impossible for folks in other countries to even try it?",country_support,angry_layperson,24
70511be7-8c49-4f1e-a9da-76530e23bc38,I’m sick of waiting—just tell me if you even support my damn country or why I’m stuck here!,country_support,angry_layperson,24
41c870c9-fe5f-47c9-96ce-a0abb00465ea,"I’m sick of all this nonsense—I'm living in Canada and I still can't get a damn card, what the hell is going on?",country_support,angry_layperson,24
39431245-fe32-4d08-9277-f200c2a441ef,I’m sick of this crap—do you even do business in my country or what?,country_support,angry_layperson,24
c1b7151b-0080-4809-8425-920f9a4ff223,Need a card now not in UK urgent help,country_support,panicking_emergency,24
5c0d73cc-9211-482a-b403-d43c17aab9ed,Need card now I'm not in the UK can I still get it,country_support,panicking_emergency,24
19a273cf-d628-4038-9570-0cdbcbb4b595,I'm in France need a card now can't use UK service urgent,country_support,panicking_emergency,24
4345e50d-40cc-4eed-bb70-790f15d6c8df,Need card urgently in Europe cannot wait help,country_support,panicking_emergency,24
d8bd5175-05e6-442b-961d-6c33161ee825,Just relocated to Germany need a card now can’t confirm if my country is supported,country_support,panicking_emergency,24
e574ce2b-1c8a-4f8b-903c-f6618a383e01,I'm in the US need a card now help urgently,country_support,panicking_emergency,24
035ba866-b1a2-473b-bde7-93f8af7f8ca9,Could you kindly confirm in which jurisdictions your banking services and card issuance are currently available?,country_support,polite_expert,24
2d5f4916-dfb7-4010-98b5-57dc37504774,Could you kindly provide me with a comprehensive list of the jurisdictions in which your banking services are presently available?,country_support,polite_expert,24
f40d3cb9-8010-43db-aa36-b276640622b6,"I would like to inquire whether your services, including the issuance of a debit card, are presently available to residents of the United States.",country_support,polite_expert,24
8f5477b0-c375-4d1a-bad0-271975677282,Please let me know the countries where your banking platform operates and indicate whether a resident who lives outside the United Kingdom is eligible to receive a debit card.,country_support,polite_expert,24
e5fd40fc-6b75-4aec-b565-3a6d45ee63bc,"Could you kindly confirm whether your banking cards may be mailed to, and subsequently employed for transactions in, the United Kingdom and other European Union member states?",country_support,polite_expert,24
7a7ceb2f-d394-4dee-80c9-2d00e0150827,I would like to ascertain whether my country of residence is included among the jurisdictions in which your banking services are available.,country_support,polite_expert,24
3c459f39-8bd3-464d-ba53-715994133702,"Yo, can you tell me which countries you actually roll with for accounts and cards?",country_support,gen_z_slang,24
b19e1840-e8e4-4adb-98c9-c2edbbaefef2,"Hey, I'm not in the US atm, can I still get a card from y’all?",country_support,gen_z_slang,24
c2dccd13-7957-49ab-b269-97204fc76f5e,"Yo, can I snag a card if I'm not in the UK?",country_support,gen_z_slang,24
4a269f2f-619d-4139-90db-29429a07c2d6,"Hey, just wondering if y’all support accounts and cards for folks in the EU?",country_support,gen_z_slang,24
69120ec2-5e62-451c-9069-52a3c440f80a,"Yo, I'm overseas—does that block me from snagging a card?",country_support,gen_z_slang,24
c9ba9e4d-2759-49de-8a00-7f006cc837b9,"Hey, quick q—do u roll out cards in the EU or other countries?",country_support,gen_z_slang,24
64dc7216-37bb-4fcd-a1a8-74e901fc2b02,"Hello, I moved to Australia now, can I have card please?",country_support,non_native_speaker,24
596021a9-2279-4b34-8a64-36a3c76200d3,I need know which countries you support for banking?,country_support,non_native_speaker,24
4e87ab2c-8295-4e82-9e0b-219652db0303,"Hi, I am in Spain and I want a card, can I still get it here?",country_support,non_native_speaker,24
de230c86-4974-4eb2-848f-f9dc43c607fc,"I not in UK, can I still get a card?",country_support,non_native_speaker,24
19b66ec5-4e92-4f2a-b36c-9ddabd4838c8,"Hello, I am living in US now, can I still get card?",country_support,non_native_speaker,24
c5ddb92e-8708-4418-ad16-953ffa29cdf1,"Hi, can you tell me if I can get card and account when I live in Canada?",country_support,non_native_speaker,24
44248c8b-62da-48e3-ac6a-fb5a9dc22ec8,Supported countries?,country_support,short_wording,24
f1b06490-311c-4d2f-a476-04fb678c5d17,Card availability US?,country_support,short_wording,24
126673ab-1b79-407e-884b-14d0c9bf19de,Which nations are supported?,country_support,short_wording,24
838997e2-ef8a-4101-9848-bcf76f96e396,What countries can I use this in?,country_support,short_wording,24
0821a247-5d50-4a47-a300-e941de401a19,List of supported locations?,country_support,short_wording,24
ea9fedd7-0e26-482b-896d-ba650d44dc34,Where is this service available?,country_support,short_wording,24
43432b8a-2dde-452b-8fdd-d61dca21b712,"I tried using my new card for the first time and it just flat‑out refused to work, what the hell is going on?",declined_card_payment,angry_layperson,25
7e02ba35-8651-4e58-8120-e75b270a5fbc,"What the hell is wrong with my card, it just blew up on me and didn’t let me pay for my groceries!",declined_card_payment,angry_layperson,25
aa1c89c3-e842-41db-97ea-cfe13a718511,"What the hell, I tried to pay at the store and my damn card just said no, fix this already!",declined_card_payment,angry_layperson,25
abc1386b-2d75-495f-9657-cf14715ca76a,"My card refuses every transaction I make, and I'm fed up—fix this problem right now!",declined_card_payment,angry_layperson,25
b835baf8-2991-4ed3-982a-c6540b7ce341,"I tried to buy something and my damn card just wouldn't work, sort this out right now!",declined_card_payment,angry_layperson,25
0cf30978-39ca-43d8-b1fc-7de6a6c91527,"What the hell is wrong with my card? Every time I try to buy something it just says no, and I'm fed up with this crap!",declined_card_payment,angry_layperson,25
88bbd6bb-7805-498c-bbb3-62eced690f61,Card wont work at checkout now money needed urgent help,declined_card_payment,panicking_emergency,25
ea14d3c0-412c-4b5f-ac99-f9f27e22db2a,My card won't work now I need money urgent payment refused why,declined_card_payment,panicking_emergency,25
d2db5ebb-d1ee-4425-82cc-61214f4a4762,Card payment fails again I can’t pay my rent help me now,declined_card_payment,panicking_emergency,25
4b8e961a-86ee-4dd4-aa6a-a7e51e278837,card wont work again i need help now urgent,declined_card_payment,panicking_emergency,25
bae1c269-033a-4b97-ad88-5da1d2000f01,Card declined at gas station now cant pay rent need help fast,declined_card_payment,panicking_emergency,25
f9e0cb0e-8af4-45c3-bc63-032795e1f569,Card rejected at store now I cant pay rent please fix now,declined_card_payment,panicking_emergency,25
07e8a82b-d34d-4571-a559-58e56ffb5e3d,"I recently attempted to process a purchase with my newly issued card, but the transaction was repeatedly declined, and I would appreciate clarification regarding the underlying reason.",declined_card_payment,polite_expert,25
81a5797c-23b2-4723-9289-889294ed7b7e,Could you kindly explain why my freshly issued card was refused when I tried to make a purchase earlier today?,declined_card_payment,polite_expert,25
84e5e03f-276f-4490-83cc-e7382a061f16,"I attempted to complete a purchase using my debit card earlier today, yet the transaction was declined despite having sufficient funds and entering a correct PIN.",declined_card_payment,polite_expert,25
765c3579-c52b-4170-bcb7-ba408578b6ce,"I kindly request clarification as to why my card transaction was declined earlier today despite an ample available balance, as I was unable to complete the purchase.",declined_card_payment,polite_expert,25
ef808767-2f8b-4753-8443-a9e737752456,"I am encountering repeated declines when attempting to transact with my debit card despite having sufficient funds, and I would appreciate assistance in resolving this matter promptly.",declined_card_payment,polite_expert,25
9993c3c6-0d1c-456f-9d6a-7e0d84d641ee,"I attempted a purchase with my card today, but it was declined without any error message; I would appreciate insight into the cause and advice on how to resolve it.",declined_card_payment,polite_expert,25
2a48c418-2534-44f4-8fe1-574765e265fa,"Yo, I tried to swipe my card for a purchase and it just kept getting bounced, what’s up.",declined_card_payment,gen_z_slang,25
8c5da53e-b083-4d7e-9c16-233f34a8cfd8,"Hey, my card got bounced at the store and I have no clue why, can u look into it?",declined_card_payment,gen_z_slang,25
8a82bbab-5c12-4e32-87d6-b3efaecff1ec,"Yo, I’ve got money in the account but every time I try to swipe my card the payment just gets rejected, what’s the deal?",declined_card_payment,gen_z_slang,25
e3f422a6-d753-4837-abe2-76759229f1f8,"Yo, I tried swiping my new card for the first time today and it just keeps getting blocked even though I got enough cash in the account, what’s the deal?",declined_card_payment,gen_z_slang,25
15685219-53ff-4fd3-898c-5f5d7431ab42,"Hey, I just tried swiping my fresh card and it straight up got declined, any idea why?",declined_card_payment,gen_z_slang,25
cc4a0f4b-8dc7-4e81-9778-427b1a60c92d,"Yo, my card got straight up rejected when I tried to pay, what's up?",declined_card_payment,gen_z_slang,25
ecb4963c-1a33-4e48-b38e-94b135344bc5,"Hello, I try to buy something with my card but it get declined, can you help please?",declined_card_payment,non_native_speaker,25
3fe195d3-68dd-4689-85ad-6aa31cf4ec37,"I try use my new card to buy something and it keep getting declined, why?",declined_card_payment,non_native_speaker,25
7e420cb0-3d3a-414b-ae7c-ae41485c065e,"I try pay with my card and it was decline, I no know why.",declined_card_payment,non_native_speaker,25
7b45a7fc-4e36-44ee-9ac1-9f40887ecd78,"I went to a store and when I try pay, my card not work and they say it is declined, please help.",declined_card_payment,non_native_speaker,25
e07847d5-b959-4a6b-81dc-93b8fa759cb2,"I try to pay at store and my card get declined, please check why.",declined_card_payment,non_native_speaker,25
6fd9e9fd-8702-44a6-85e7-04b1bbdea3a2,"I try pay with my card today but it not work, I have enough money, can you help?",declined_card_payment,non_native_speaker,25
9053c80d-f55c-460f-8438-061f7eee06be,Card payment declined,declined_card_payment,short_wording,25
1d53b82a-8456-4bad-b0e8-87ce66a2db48,Card was declined,declined_card_payment,short_wording,25
47fe8fa8-df31-4d22-82ba-1162ba97b4ca,Payment not approved,declined_card_payment,short_wording,25
ea736698-b332-4702-b678-dad68153e5dc,Card transaction failed,declined_card_payment,short_wording,25
3d1bc1f4-dc51-4511-9abb-fe741ea4f6c8,Card purchase rejected,declined_card_payment,short_wording,25
0525eb91-7e88-4155-a302-9b7ed9030459,Card payment declined today,declined_card_payment,short_wording,25
fb8ea0b5-8e36-4bef-965c-104fcc58d6e6,"What the hell, I tried to get cash from the ATM and it just flat‑out said no, this is ridiculous!",declined_cash_withdrawal,angry_layperson,26
2211e2bf-b7c4-4d66-b235-f1fab3de4225,"I'm fuming—went to the ATM, tried to grab some cash and it straight up refused to spit out anything!",declined_cash_withdrawal,angry_layperson,26
9391161d-d48a-447e-96c9-0e226151f513,"What the hell, I went to get cash at the ATM and it just shut me out even though my card works fine everywhere else!",declined_cash_withdrawal,angry_layperson,26
00746068-41cb-4f6b-8101-28b971352b89,I’m livid that the ATM blocked my card and refused to give me any money; resolve this right now!,declined_cash_withdrawal,angry_layperson,26
2b45e890-cfb7-4846-8ab0-6c7bbec561d8,"I'm fuming because I stuck my card in the ATM, tried to pull cash and that damn machine just refused to give me any money!",declined_cash_withdrawal,angry_layperson,26
f5836566-e2f8-43e1-b1a3-982c87efb36f,"I tried pulling out cash at the ATM three times and every single time it says no, what the hell is wrong with my card?!",declined_cash_withdrawal,angry_layperson,26
12477ff2-93d1-4979-9205-78e51f2917f5,atm refused my card in front of my friend i need cash now urgent please fix,declined_cash_withdrawal,panicking_emergency,26
67086d01-65ca-44a7-b46b-cdde6f73a273,ATM won’t give cash I need money now why is it stopped,declined_cash_withdrawal,panicking_emergency,26
7074e48f-508f-4e57-bee5-c85f88975113,ATM denied cash I need urgent funds why,declined_cash_withdrawal,panicking_emergency,26
b69bdbcc-e898-400c-a937-fcf1fe160ef1,My ATM transaction was blocked while a coworker watched; I’m desperate for cash right now—please help!,declined_cash_withdrawal,panicking_emergency,26
5ad455ae-49af-4acf-a930-7bf3c38bb4b7,ATM refused cash card denied need money urgent help,declined_cash_withdrawal,panicking_emergency,26
28b613f2-30c7-43d0-b464-ad0a19a35c73,Can't get cash at ATM need money now urgently can't wait,declined_cash_withdrawal,panicking_emergency,26
b1c17f00-1c9d-4309-9ed4-4241bc1d6474,"I attempted to obtain cash from an ATM earlier today, but the transaction was declined despite a sufficient account balance, and I kindly request assistance in resolving this matter.",declined_cash_withdrawal,polite_expert,26
c0604fd0-1e6c-4ceb-a24d-b5deb629c567,I attempted to withdraw cash from an ATM earlier today and the transaction was declined; could you kindly clarify the reason for this refusal and advise the appropriate steps to resolve the matter?,declined_cash_withdrawal,polite_expert,26
629ede8c-4b39-47d8-b7b1-62c538bf449d,"Earlier today I tried using my card at an ATM, but the request was rejected despite the card having functioned perfectly up to that point; I would be grateful for your help in uncovering the cause.",declined_cash_withdrawal,polite_expert,26
addc9be0-161d-462d-af80-1836aafd61e6,"I attempted to withdraw funds from an ATM earlier today, yet the transaction was declined without any indication as to why, and I would appreciate a detailed explanation of the factors that led to this refusal.",declined_cash_withdrawal,polite_expert,26
8895cd0e-9000-43b1-a42c-668905dbc975,"I attempted to withdraw cash from an ATM this morning, but the transaction was declined despite the card having functioned normally until yesterday; I would be grateful if you could investigate the cause and advise me on any necessary remedial actions.",declined_cash_withdrawal,polite_expert,26
f8ec63f7-20dc-4ee0-bcae-561b010b74e7,"I was unable to withdraw funds from the ATM despite multiple attempts, and I would appreciate clarification and resolution at your earliest convenience.",declined_cash_withdrawal,polite_expert,26
c3046a13-b3ea-4446-9647-33e41b81fffa,"Yo, tried pulling cash at the ATM and it straight up declined even tho I used the right PIN, what’s the deal?",declined_cash_withdrawal,gen_z_slang,26
208ce12a-30f0-447d-abdd-9a610745070e,"Yo, my card keeps getting blocked at every ATM even though I’m using the right PIN, what’s the deal?",declined_cash_withdrawal,gen_z_slang,26
3caa7642-a405-4d7f-b590-50c520fcf430,"Hey, tried pulling cash at the ATM and it got blocked even though I typed the right PIN, wtf is up?",declined_cash_withdrawal,gen_z_slang,26
3a0bf8dd-0208-4cfe-82c2-e94b07f458b2,"Man, I hit up the ATM for cash and the machine just ghosted me, no cash came out—what’s the move?",declined_cash_withdrawal,gen_z_slang,26
39037047-025a-425a-90b5-1999a902fe20,"Yo, my card keeps getting bounced at the ATM, tried a couple spots & still can’t pull cash, what’s up?",declined_cash_withdrawal,gen_z_slang,26
fb2ccd35-4fc9-4b6f-b02f-5aac9702bb18,"Bruh, every ATM I swing by rejects my card, even after multiple tries, any idea why?",declined_cash_withdrawal,gen_z_slang,26
099baba0-bfe3-4c86-9ab3-19e872bc20a2,"Hello, I go to ATM and it say my card declined when I try take cash, can you look at my account?",declined_cash_withdrawal,non_native_speaker,26
e9f639bc-6082-48bd-96d7-0402f4c07412,I tried get cash from the ATM but it said declined and no money came out.,declined_cash_withdrawal,non_native_speaker,26
110f9cdf-6a0c-48a4-8e1d-97adc89c3b11,"I try take money from ATM but it say no, card not work please help me.",declined_cash_withdrawal,non_native_speaker,26
3cefbbd2-8895-4532-9f89-ceacadc25940,"Hi, I try get cash from ATM but it not give me money, card say declined. Please help check my account.",declined_cash_withdrawal,non_native_speaker,26
ef6f6eca-363a-42cc-8f5a-9610dcdd8170,"I go to ATM and try take cash but it not give me any money, please help.",declined_cash_withdrawal,non_native_speaker,26
a1cac32e-1854-414a-a95a-93a0be503777,"I go to ATM and try get cash but it say denied, why?",declined_cash_withdrawal,non_native_speaker,26
1040a57a-e9ae-4c4a-9541-4c01798929dc,ATM card declined,declined_cash_withdrawal,short_wording,26
9a82d998-f445-4e61-ad0e-26634d79ee2a,Withdrawal declined today,declined_cash_withdrawal,short_wording,26
788861dd-43eb-4caf-8885-7f04275e7859,ATM withdrawal declined,declined_cash_withdrawal,short_wording,26
6f388b3c-27a8-44b3-a694-b5d291588563,Withdrawal denied at ATM,declined_cash_withdrawal,short_wording,26
4776c274-2298-47da-ab03-b83fa1c54fc7,ATM refused the transaction,declined_cash_withdrawal,short_wording,26
bfd62157-fe8e-4dd3-88c6-0497124f5d13,ATM declined my card,declined_cash_withdrawal,short_wording,26
96d78dcc-9746-4291-b8ca-061f3a97e4de,"I tried to send cash to my buddy and the damn thing just blocked it, what the heck is going on?!",declined_transfer,angry_layperson,27
887ac541-73c4-4158-9340-85224e24539b,Explain why my transfer keeps getting rejected—every time I attempt to move the funds it just hits a wall!,declined_transfer,angry_layperson,27
75d9e863-feb9-41fd-a27a-72274ad02bc0,"I tried sending my money and every damn time it just blows up and won’t go through, what the hell is going on?",declined_transfer,angry_layperson,27
a4fd2094-d2da-4472-acf8-22ea0622a815,My account is acting up; whenever I try to wire money it immediately gets halted!,declined_transfer,angry_layperson,27
fa294d0c-176d-447d-8559-5fc88fb73c66,"Attempted to pay a friend, but the transaction was stopped dead in its tracks—this needs fixing ASAP!",declined_transfer,angry_layperson,27
6858553b-39f8-4d2b-aff8-e37a1bb36603,I was sending cash to someone and the system slapped a denial on it for no clear reason; sort this out right away!,declined_transfer,angry_layperson,27
b4eb444b-1f65-4ce0-8f10-4d71a660d6dc,Transfer won't go through again need the money now please help fast,declined_transfer,panicking_emergency,27
76ca8f55-5f31-4348-ba91-69db4e320464,Transfer won't go through now urgent need cash account frozen please fix immediately,declined_transfer,panicking_emergency,27
e0b476f6-b795-4805-b0b5-2e3e10ec2515,Transfer failed instantly need money for mortgage now please respond,declined_transfer,panicking_emergency,27
bcb89730-e156-4a3b-aec9-3e2775ff80a7,Transfer was denied again now cant send rent panic need help fast,declined_transfer,panicking_emergency,27
dd8ac52b-3107-412f-9112-41ca7ff62be4,Transfer failed urgently need money for bills now why cant it go through,declined_transfer,panicking_emergency,27
c8ac3518-88c1-4e7f-a7cf-fb6feee7d978,Transfer failed again I need the money now rent due tomorrow I tried multiple times nothing works please fix immediately,declined_transfer,panicking_emergency,27
d2ab417f-49f8-4c11-85c4-84e0392571f2,"I attempted to initiate an electronic funds transfer earlier today, but the transaction was rejected, and I would appreciate clarification as to the underlying reason for the refusal.",declined_transfer,polite_expert,27
c4bef67d-a075-4ede-903a-f097c2308fad,"I attempted to initiate an inter‑account transfer earlier today, but the transaction was declined without further explanation, and I would appreciate clarification regarding the cause.",declined_transfer,polite_expert,27
d4d5747a-449d-4197-9d51-db2987824676,Could you explain why my attempt to send an electronic funds transfer this morning was declined? I received a notice that it wasn't processed and would like to understand the cause.,declined_transfer,polite_expert,27
3f216a59-f5a3-4550-9037-45ad8ce28635,"I attempted to initiate a funds transfer earlier today, but the transaction was declined without a clear explanation.",declined_transfer,polite_expert,27
594970ff-0700-4a23-ba2f-d90b5498ca94,"I attempted to execute an interbank transfer earlier today, but the transaction was declined without a clear explanation; could you please investigate the cause and advise on the appropriate remedial steps?",declined_transfer,polite_expert,27
3ea4d0ea-7d36-48ed-9745-6ad28cee206e,"I attempted to execute an inter‑account transfer this morning, yet the transaction was declined without clarification, and I would appreciate a thorough investigation into the underlying cause.",declined_transfer,polite_expert,27
ffc9ddd1-6fd1-49f5-9491-1d788f371d04,"Yo, I tried to do a transfer to my buddy and it keeps getting declined, can u check what's wrong?",declined_transfer,gen_z_slang,27
0a8d56a4-b1bd-49c5-872c-eb5d915fa3b6,"Yo, I tried to send a transfer just now and it got blocked, what’s the deal?",declined_transfer,gen_z_slang,27
d984db04-a9b0-4401-b8c5-9aa9b36fcaa9,"Yo, I tried to send a transfer to my friend and it got declined, can u check what’s up?",declined_transfer,gen_z_slang,27
02aa7901-123c-4c2d-81a2-c9937d9aff26,"Hey, I tried sending a transfer just now and it got bounced, any idea why it kept getting rejected?",declined_transfer,gen_z_slang,27
fc4603e1-89d6-41fb-a0b5-9374c765ea7a,"Yo, my transfer got declined again, can u check why?",declined_transfer,gen_z_slang,27
450dbbce-05c9-4e06-912e-be38ed9e2788,"Yo, I tried doing a transfer and it kept getting bounced, can you tell me what’s going on?",declined_transfer,gen_z_slang,27
f704f984-ee9d-4d58-9639-946b118ffd0b,"I try to do transfer but it got declined, can you tell me why?",declined_transfer,non_native_speaker,27
d3c48e37-48d8-4a66-816d-37ca07103675,"Hi, I try to send money to my family but it keep saying declined, can you help?",declined_transfer,non_native_speaker,27
7738e418-9318-4338-8b5d-64db536668a2,"Hey there, when I attempted to move funds, the transaction was rejected—could you assist me?",declined_transfer,non_native_speaker,27
63aa9371-323b-403a-a750-62cd0b56b79b,"I attempted to send cash to a friend, but the system blocked it; I need assistance.",declined_transfer,non_native_speaker,27
684db534-4c82-4fe7-ad1b-3361a5aa0c22,"Greetings, my recent transfer attempt failed with a decline notice—could you explain the reason?",declined_transfer,non_native_speaker,27
7e5b6e56-d0b4-4e95-a7f4-972090425c03,"I try to send money to my family but the transfer not go through, please help me fix it.",declined_transfer,non_native_speaker,27
8f159444-d6c8-4366-abd5-6ef398bdb856,Transfer denied today,declined_transfer,short_wording,27
df3af5f3-4d0c-4cf9-b97c-4584206b36f5,"Transfer declined, why",declined_transfer,short_wording,27
b224694d-10bc-410b-964c-adff7fb06858,Transfer declined again,declined_transfer,short_wording,27
018b33dd-3d41-4795-bc34-07ece219a5b9,Transfer declined today,declined_transfer,short_wording,27
c756d02a-b129-4928-99e6-30ed39c9e016,Transfer still fails,declined_transfer,short_wording,27
bc382a48-8e28-4551-9c56-bbad57e9000e,Transfer keeps getting declined,declined_transfer,short_wording,27
858a0efe-0ad6-4472-aa39-2e69909e4107,"I’m furious that some random money got yanked out of my account for a service I never signed up for, fix this now!",direct_debit_payment_not_recognised,angry_layperson,28
4d9a55bd-8706-450d-9b0b-51a5777b7f51,"Yo, why the hell is there a random charge on my account that I never signed up for?!",direct_debit_payment_not_recognised,angry_layperson,28
e5ca3a41-af4c-4913-ba05-38b4c25884f8,"I just saw a huge debit pulled out of my account for something I never signed up for, and I’m sick of you guys charging me for stuff I didn’t agree to!",direct_debit_payment_not_recognised,angry_layperson,28
870bff63-261f-426e-b6d0-eff4c7ac19ec,This unexplained debit shows up in my statements and I never authorized it—cancel it immediately!,direct_debit_payment_not_recognised,angry_layperson,28
11e4b708-4a71-41da-9b47-2911165adafa,I demand an explanation for the unauthorized payment listed on my account; I never agreed to any such deduction and expect it removed now.,direct_debit_payment_not_recognised,angry_layperson,28
35c40f8a-785e-43e3-9f58-c7799482dd41,There's a mysterious charge appearing on my balance that I didn't approve—what's the reason and when will it be reversed?,direct_debit_payment_not_recognised,angry_layperson,28
8f25830f-1108-4ecb-8e3d-1c02e719cf77,Unknown direct debit taken from my account I didn’t set it up stop it now urgently,direct_debit_payment_not_recognised,panicking_emergency,28
4274b23d-8a49-4e0b-bfd8-7da686ec324d,Money left my account this morning I never set up a direct debit you must stop it now,direct_debit_payment_not_recognised,panicking_emergency,28
e3200fdf-3059-488a-a64e-bc0e15f8b582,Direct debit taken I never signed this stop it now need my money back asap,direct_debit_payment_not_recognised,panicking_emergency,28
abceefd8-deb5-4b6e-88b7-85b4b41047f0,"Please intervene immediately; a direct debit I never authorized drained my balance this morning, and I need the transaction reversed.",direct_debit_payment_not_recognised,panicking_emergency,28
01592e57-189b-40bd-921e-5945af17b424,Unknown direct debit on my account today stop it now,direct_debit_payment_not_recognised,panicking_emergency,28
a83ccb4d-291b-4504-95e9-1132c0185486,Alert! An unauthorized direct debit withdrew funds from my account today; I demand the account be frozen and the money returned promptly.,direct_debit_payment_not_recognised,panicking_emergency,28
a73e17cd-c215-48a4-a2d8-71053d073f3d,"I have observed a direct debit entry on my account that I do not recognize and would appreciate clarification as well as, if appropriate, its immediate cancellation.",direct_debit_payment_not_recognised,polite_expert,28
d0e70a25-ae46-4dcd-b68e-cb89b34707db,"Upon reviewing my latest statement, I identified a direct‑debit transaction of considerable amount that I did not authorize, and I respectfully request a thorough investigation and, if appropriate, a reversal of the charge.",direct_debit_payment_not_recognised,polite_expert,28
c1b38825-e21c-40b9-a6bf-36a8df68c9f5,"I have observed a direct debit transaction on my latest account statement that I do not recognise, and I kindly request a detailed clarification of the originating merchant and the nature of this debit.",direct_debit_payment_not_recognised,polite_expert,28
dd0fede3-e752-47b9-97ed-cbc7db0f59aa,There is a direct‑debit charge appearing on my most recent statement that I never authorized; could you please investigate its source and advise on the steps to resolve it?,direct_debit_payment_not_recognised,polite_expert,28
b5971baf-2edc-45db-ba1e-4d7ef3b4102e,I noticed an unfamiliar direct‑debit entry on my latest statement and would be grateful if you could confirm who initiated it and whether it is legitimate.,direct_debit_payment_not_recognised,polite_expert,28
3cc2ddf0-f55f-473a-bb47-c66a07760bfb,"I have identified a direct debit transaction on my account that I did not authorize and respectfully request that it be investigated and, if appropriate, reversed.",direct_debit_payment_not_recognised,polite_expert,28
8bb59517-2a88-4d6f-a974-1eef1a8dc1d7,"Yo, I just noticed a direct debit on my account from a biz I never signed up for—can you look into it ASAP?",direct_debit_payment_not_recognised,gen_z_slang,28
7317798e-4398-4924-956f-9bc1625d9d87,"Hey, I got a random direct debit showing in my feed that I never did, can you peep it?",direct_debit_payment_not_recognised,gen_z_slang,28
7ed765fc-173c-469d-819a-c0519839f578,"Yo, I just saw a direct debit on my app that I never signed up for, can u check it ASAP?",direct_debit_payment_not_recognised,gen_z_slang,28
5e62d745-4540-4c68-b000-cf975c64dcc0,"Yo, I just got hit with a direct debit I never signed up for—can you freeze it and get my cash back, plz?",direct_debit_payment_not_recognised,gen_z_slang,28
0e26fade-4a6a-4dc0-aede-e55fb44446b2,"Yo, my app just threw up a direct debit I never signed for—can you kill it ASAP?",direct_debit_payment_not_recognised,gen_z_slang,28
a47e5e87-a730-404d-b5e1-3b48818c2f89,"Hey, I just saw a random direct debit on my statement that I never signed up for, can u cancel it plz?",direct_debit_payment_not_recognised,gen_z_slang,28
2e08e0fd-54dd-4f6b-9f61-2c6785487822,"Hi, I see a debit on my statement I not recognize, can you please look it?",direct_debit_payment_not_recognised,non_native_speaker,28
b59288a1-06a8-4b7f-9f2f-4e56a932d207,Could you please investigate a charge on my account that I never authorized?,direct_debit_payment_not_recognised,non_native_speaker,28
53a0147a-8f78-427e-8bd3-547860685f7f,"Hi, I notice a direct debit taken from my account that I never set up, can you please look into it?",direct_debit_payment_not_recognised,non_native_speaker,28
10e77d4b-fa4b-47e2-86fa-a103a1dffe9c,"Hello, I see a debit on my account that I not make and I need help to remove it.",direct_debit_payment_not_recognised,non_native_speaker,28
46ac8ac9-86b8-4fab-8428-5304c129573d,"I see a direct debit on my account that I not do, please help stop it.",direct_debit_payment_not_recognised,non_native_speaker,28
89cd7e91-c037-4969-bf98-9e18a29d43aa,"Hello, I have a debit on my account I not remember doing, can you help please.",direct_debit_payment_not_recognised,non_native_speaker,28
d826a973-3f14-472f-a99c-216a979ec953,Direct debit not mine,direct_debit_payment_not_recognised,short_wording,28
2a3c32ef-dd70-4aef-bd44-1faa7f9f408e,Unrecognized direct debit,direct_debit_payment_not_recognised,short_wording,28
8eb142cd-8b67-401f-8ba9-b7d7c4031f88,Unknown direct debit,direct_debit_payment_not_recognised,short_wording,28
fd396832-f88a-42a3-8250-c5cb347c70fa,Debit I didn't set up,direct_debit_payment_not_recognised,short_wording,28
150f16d4-0158-4af1-b1d4-e6117c88da5d,Unrecognized direct debit charge,direct_debit_payment_not_recognised,short_wording,28
fcd87c9a-4b57-46f8-8e59-39cf9767a5ac,Unfamiliar debit entry,direct_debit_payment_not_recognised,short_wording,28
c6f4cf20-89ed-496d-aea9-2a9ae511a185,I'm fed up with this stupid virtual card that only works once—why the hell can't I get more of them?,disposable_card_limits,angry_layperson,29
360edfe2-5757-459c-8b01-15b549182e35,I’m fed up trying to make those throw‑away cards—how many of them am I even allowed to crank out in a day before the system blocks me?!,disposable_card_limits,angry_layperson,29
8f5e8ba4-ab65-4e39-974f-9058ebd1350a,Why the hell can I only use that throw‑away card once? I need a bunch of them and this stupid limit is screwing me over!,disposable_card_limits,angry_layperson,29
5a834521-45bb-48b7-a9bf-0955196601c1,I’m pissed—what the hell is the limit on how many times I can slap that throw‑away card on a purchase before you shut it down?,disposable_card_limits,angry_layperson,29
93f6de78-ec61-4bec-b1fb-b97dbfbba924,"What the heck is up with that throw‑away card only working once? I need it to do more than one purchase, sort it out already!",disposable_card_limits,angry_layperson,29
892e7f40-cd09-4ff2-b978-875c59ea39bf,I'm fed up with this nonsense—just tell me how many of those throw‑away virtual cards I'm actually allowed to have!,disposable_card_limits,angry_layperson,29
00a6129e-7e35-4b75-91be-161032252e45,Cant create another disposable card need more now urgent,disposable_card_limits,panicking_emergency,29
fb340f3c-17f1-4c5e-9b40-8e950edf9edc,Need disposable card now cant make another purchase what is limit please answer ASAP,disposable_card_limits,panicking_emergency,29
ef70f670-22c0-494f-83d1-924bc540a60e,Help I need to know how many disposable cards I can create today now,disposable_card_limits,panicking_emergency,29
a3c2275b-d6f0-42b5-917e-d238975111ff,"I'm desperate for a disposable card—can't wait any longer, tell me the daily creation limit right away!",disposable_card_limits,panicking_emergency,29
69f8ed54-579f-4119-b1ad-21488128eccc,Help I need limit on disposable card now cannot pay anything urgent,disposable_card_limits,panicking_emergency,29
5dd1f967-0759-4279-9d81-d5d44a10a411,Please tell me instantly how many virtual disposable cards I'm allowed to generate at this moment.,disposable_card_limits,panicking_emergency,29
bbcba5f8-1afd-4c08-9512-87d086e8239a,I would be grateful if you could provide a detailed explanation of the maximum transaction amount and the allowable number of transactions that may be performed with the disposable virtual cards issued by your institution.,disposable_card_limits,polite_expert,29
8bc4f939-8957-4179-8fff-e60ea696e6d5,I would appreciate clarification on the maximum number of disposable virtual cards that may be issued to my account and the per‑card transaction limits that apply.,disposable_card_limits,polite_expert,29
b9b2cce9-414e-4cf0-91b9-a77398d6a183,Could you kindly clarify the maximum number of transactions permitted with a single disposable virtual card?,disposable_card_limits,polite_expert,29
128d9997-185a-4fff-96cb-e85e18c4310e,I would like to inquire about the maximum number of disposable virtual cards that may be issued to my account and any applicable usage restrictions.,disposable_card_limits,polite_expert,29
5f3851b9-baca-403a-81bf-56fe39afb5c2,Please tell me how many disposable virtual cards I can have linked to my profile and whether there are any daily spend or transaction restrictions for them.,disposable_card_limits,polite_expert,29
8dd068cc-0d53-4503-97d3-b843e6b16541,Can you let me know the ceiling on how many disposable cards I may generate and the allowed number of transactions each can perform over a set timeframe?,disposable_card_limits,polite_expert,29
30f3b581-8e1f-4b97-97fb-f92735182a6b,"Yo, how many disposable cards can I spin up each day and how many purchases am I allowed to make on each one?",disposable_card_limits,gen_z_slang,29
464a8985-d175-40db-a620-aeeee7e3ed56,"Yo, can I crank out more than one disposable card in a day or is there a cap on how many I can spin up?",disposable_card_limits,gen_z_slang,29
3356d528-2676-420d-9d4f-d763e2389f6b,"Hey, could you break down how many disposable cards I can generate each day and the transaction limit per card?",disposable_card_limits,gen_z_slang,29
ddea7387-ac9a-4d31-929c-11f76c50d39c,"hey, what's the max number of times i can use a disposable card in a day?",disposable_card_limits,gen_z_slang,29
2ac2a4db-71b1-46e6-b277-3e92f0729d20,"Yo, what's the daily cap on spawning disposable virtual cards?",disposable_card_limits,gen_z_slang,29
d6862786-1f63-43a5-a021-01552d4d4019,"Yo, give me the details on how many disposable cards I can snag and if there’s any ceiling on that number.",disposable_card_limits,gen_z_slang,29
02c1b7a3-b872-4ffc-834e-9797ac08e1b0,"Hello, I want to know how many transaction I can do with one disposable virtual card?",disposable_card_limits,non_native_speaker,29
066e9526-5619-4ba1-bbbe-49d048ac4722,Please tell me how many disposable virtual cards I can use at same time?,disposable_card_limits,non_native_speaker,29
db0b7c96-6bb4-4fd7-b101-629bcb3682fd,"I want use disposable card many times a day, is there limit?",disposable_card_limits,non_native_speaker,29
f81d83b7-dace-4a14-bd84-11b73076a153,"Hi, can you tell me what is limit for using disposable card many times per day?",disposable_card_limits,non_native_speaker,29
5fb58320-ef5c-4bff-90ca-ed831e2573a0,"Hi, can you tell me how many disposable cards I can use each day?",disposable_card_limits,non_native_speaker,29
c6351eec-7db3-482e-8cc3-7951e6c84463,Could you let me know the maximum number of disposable cards I’m allowed to use?,disposable_card_limits,non_native_speaker,29
dea3c358-7948-4e9b-9c8d-e8a283253470,Disposable card limit?,disposable_card_limits,short_wording,29
fa78f54d-9185-445e-85b6-e022ba88ed6f,What’s the cap per disposable card?,disposable_card_limits,short_wording,29
29aad4c2-06f3-4d18-a7ca-f4f88a4f36df,How many transactions can a disposable card handle?,disposable_card_limits,short_wording,29
7c98096b-fac6-4060-98f6-98c417bb8df1,Disposable card usage limit?,disposable_card_limits,short_wording,29
81809dbe-64c8-4e01-adbf-68b9326d01a9,Daily disposable card limit?,disposable_card_limits,short_wording,29
bf13a9ce-6b6f-4103-992c-7c6113cb2d4b,Is there a daily spend limit on disposable cards?,disposable_card_limits,short_wording,29
9a47d241-9a5f-45f0-9092-5f923c8139b5,"I’m sick of this crap, tell me right now how the hell I can change my name and address on my account!",edit_personal_details,angry_layperson,30
4b1ff170-e983-4639-87d1-b9d9fe4f505b,"Yo, I've been trying to fix my address on your stupid app and it's stuck—what the hell, tell me how to change my info already!",edit_personal_details,angry_layperson,30
354b7a44-9be2-4b73-9477-187eb7f0e2a4,I moved my crap to a new address and I can’t even change my info on this stupid site—fix this now!,edit_personal_details,angry_layperson,30
859f847d-151f-45ea-adf7-ebfcfdd64db6,"I'm sick of this crap—my address changed weeks ago and every time I try to fix it on your site it blows up, so sort it out already!",edit_personal_details,angry_layperson,30
c869975e-04a1-458c-a355-b99bc87a8cbf,I moved my damn ass to a new place weeks ago and your system still shows the old address—fix it now!,edit_personal_details,angry_layperson,30
ddc2d99b-a6f5-4e4c-90aa-a87fdc77b115,"I’m fed up—my address still shows the old place even though I moved weeks ago, sort it out right now!",edit_personal_details,angry_layperson,30
07e9127e-3bb8-4ff1-82aa-ded631f8b511,Urgent I need to change my name and address my details are wrong I can’t wait please help now,edit_personal_details,panicking_emergency,30
956d5b28-9296-4c12-9bd4-33d66c841d6f,Help my address changed need update now account locked panic,edit_personal_details,panicking_emergency,30
54005f82-3691-4f7a-98a2-bd46280a6284,Need to change my address urgently cant wait,edit_personal_details,panicking_emergency,30
e7dfc51a-4578-46cd-becd-184d14a83628,Help I need to change my name right now cannot wait,edit_personal_details,panicking_emergency,30
a38a8261-f66b-46aa-a6c6-21a432a51ed4,Urgent need to change my address I just moved my details are wrong cannot log in,edit_personal_details,panicking_emergency,30
dc0a24e9-819a-4d8d-a33c-093d09bc839a,Need to update address immediately account frozen help now,edit_personal_details,panicking_emergency,30
e0f9935b-3bfe-4e79-bc34-add191884ae3,I would like to request a revision to the residential address currently associated with my account at your earliest convenience.,edit_personal_details,polite_expert,30
449f8583-01cb-409e-b99e-6246030cc890,"Kindly advise the procedure required to update my personal information, including my current residential address and legal surname, within my account profile.",edit_personal_details,polite_expert,30
481da347-56aa-4768-a3c8-97f381875a64,"I kindly request assistance in updating my personal records, specifically to modify my name and current residential address, so that my account information remains accurate and up‑to‑date.",edit_personal_details,polite_expert,30
141bda5c-f0b2-4c3c-9c44-bf68c57d8a0d,"I would like to request an amendment to my personal information, specifically to update my legal name and residential address, and kindly ask for guidance on the requisite procedures to effect these changes.",edit_personal_details,polite_expert,30
7035a29b-d670-4d59-87e0-12f38a07f808,"I wish to request an amendment to my account’s personal information, as I have recently changed my residential address and would like the records to reflect my current details.",edit_personal_details,polite_expert,30
df612070-c2f8-486a-acea-040aa42c5b52,"Could you please outline the procedure for updating my residential address and marital status in my account, and let me know which documents I need to provide?",edit_personal_details,polite_expert,30
6e98e7c1-9a35-44f9-812c-97cb5cbd8fee,"Hey, can I quickly update my address and phone deets in the app?",edit_personal_details,gen_z_slang,30
07ddd69d-afae-42f2-b190-ae7e51c4e72a,"Hey, can I update my last name now that I got hitched, need the steps ASAP.",edit_personal_details,gen_z_slang,30
ddb97c00-514e-492e-b504-2af7f8796b20,"Hey, I just moved so can I change my address in the app, pls let me know how?",edit_personal_details,gen_z_slang,30
69d64059-5450-4559-b90e-760f5384b899,"Yo, need to tweak my address and contact info in the app, how do I do that?",edit_personal_details,gen_z_slang,30
217c4f9e-8438-43b7-abf8-ff5b4fc4087d,"Yo fam, I just switched cribs—how can I flip my address in the app?",edit_personal_details,gen_z_slang,30
4bd75c13-31f2-4b86-885f-0b53df1de7d0,"Yo, how do I change my deets like address or name in the app?",edit_personal_details,gen_z_slang,30
7ad23922-b674-4b0b-bf6d-a4b93367e9a2,"Hi, I need update my name and address, can you tell me how?",edit_personal_details,non_native_speaker,30
a4440c69-39ab-4874-8e91-d116c13b14f9,I just moved to new city and need change my address in my account.,edit_personal_details,non_native_speaker,30
f4ef44b6-5918-4400-a783-7e148ceb2c57,"Hello, I need change my address, my new address is 45 Oak Road, can you help me update it please.",edit_personal_details,non_native_speaker,30
21b301c5-48fa-4344-aa32-2f778b2f187b,"Hi, I need to change my address but I not know how to do it.",edit_personal_details,non_native_speaker,30
859e3305-bbc4-4636-b4e5-8ebc344c4ac6,Could you assist me in updating my contact details? I have recently relocated and would like the new residence information reflected in my profile.,edit_personal_details,non_native_speaker,30
fc2b8f27-0d73-4a53-bcef-28e81531cdd7,"Hi, I want change my address and phone number in my account, please help.",edit_personal_details,non_native_speaker,30
29d3c85a-b8cc-4e8c-8cf3-67ddcb799f1e,Update address info,edit_personal_details,short_wording,30
290a3114-8508-493a-b744-27bdd8429e97,Update address details,edit_personal_details,short_wording,30
c3159690-a191-447b-bc0c-46f0a314270f,Change name after marriage,edit_personal_details,short_wording,30
8dcc43b5-75a1-4503-973d-cef5f06f5606,"Married, need name update",edit_personal_details,short_wording,30
3e01d6a2-9ed8-40ed-a7cd-d04d8c28901e,Update name details,edit_personal_details,short_wording,30
7d4f3bae-49e8-465d-b5c9-5e4a507cba72,Revise surname after wedding,edit_personal_details,short_wording,30
c07d59a0-978d-449b-a3a0-590e78b35c6e,Why the hell am I getting hit with extra fees every time I swap cash with this stupid card?,exchange_charge,angry_layperson,31
981c3334-a028-491b-bd12-94180472ce99,I’m fed up with you guys tacking on hidden fees every time I try to change my cash—what the hell is that about?,exchange_charge,angry_layperson,31
f5272df8-a761-4f84-bfdc-a01745c065df,I'm sick of being slapped with an extra charge every time I exchange money on this app!,exchange_charge,angry_layperson,31
e000d345-adfd-4e79-876b-d5ce1021a9db,It’s infuriating to see another ridiculous fee pop up whenever I move my cash around!,exchange_charge,angry_layperson,31
bb48e852-6996-413c-b098-0b732512f11c,Every single swap I make ends up with a hidden surcharge—this is unacceptable!,exchange_charge,angry_layperson,31
9df829ff-6827-4415-9a05-aa0a2648bad1,"What the heck is this stupid extra charge every time I swap money, I shouldn't be paying that nonsense!",exchange_charge,angry_layperson,31
c2efbfea-d826-42f9-9c3f-03f40c779a7e,Need to know conversion cost now urgent travel tomorrow cannot lose money,exchange_charge,panicking_emergency,31
4a449d9f-90b3-4a7d-bb6f-5bc0595e0cf4,Urgent need fee for currency conversion now cant wait,exchange_charge,panicking_emergency,31
46b83741-4277-4f2e-b395-d1156a5df465,Help I was charged extra on currency conversion need explanation now,exchange_charge,panicking_emergency,31
3745d025-5b07-49c7-a4df-05a9778fe1e4,Need to know fee for currency conversion now urgent account frozen,exchange_charge,panicking_emergency,31
c81871b2-df1b-4fad-928f-25e1f6d24e57,Help now my exchange shows extra charge I did not expect,exchange_charge,panicking_emergency,31
5555e54e-0268-463d-ac08-03818d53a1e6,Need fee info now exchange currency urgent help,exchange_charge,panicking_emergency,31
b1f51285-917f-452c-8db6-bdb6148f51c7,"Could you kindly inform me of the applicable fees for converting funds between currencies, and whether a reduced rate is available for customers who perform such conversions on a regular basis?",exchange_charge,polite_expert,31
fb0c4773-22f3-46fc-a5be-ff5e4c10f1dc,I would like to inquire about the fees applicable to foreign currency conversions and whether any preferential rates are available for high‑volume transactions.,exchange_charge,polite_expert,31
7d0d39d6-ce75-4c8f-8e08-05b855374507,"I would like to inquire whether any fees are applied when my transactions are converted to a foreign currency, and if so, what the applicable rates are.",exchange_charge,polite_expert,31
db5ed841-25cc-4162-b9ab-9a989b9ac673,I would appreciate clarification regarding any fees or charges that may be applied to currency exchanges executed within my account.,exchange_charge,polite_expert,31
1141f482-2175-4f63-ace2-0109ab755eb6,I would appreciate clarification on whether any fees are applied to foreign‑currency exchanges and if preferential rates or discounts are available for frequent international transactions.,exchange_charge,polite_expert,31
7888e3af-6dc6-458e-b9e8-2166590a5967,Could you let me know whether any costs are applied when I move funds from one currency to another within my account?,exchange_charge,polite_expert,31
17dc12ea-020e-4802-8f5c-6a907e466ee7,"Hey, can you tell me if there’s any fee when I swap my cash to another currency?",exchange_charge,gen_z_slang,31
1e4dc8e2-6b68-4ba2-b578-a992227306b2,"yo, is there any fee when i convert my cash to another currency?",exchange_charge,gen_z_slang,31
78f89a15-45ed-4142-9311-63bd470f8adc,"Yo, can u tell me if there’s any fees for swapping my cash into other currencies and if I can snag any discounts?",exchange_charge,gen_z_slang,31
8b67ff20-06bc-4205-9314-cae9c3ddfbdc,"Yo, can you tell me if there are any hidden fees when I swap currencies?",exchange_charge,gen_z_slang,31
fb8bdd7b-85d0-4073-a52d-5a490a252349,"hey, can u tell me if there’s any extra fees when i swap my money to another currency?",exchange_charge,gen_z_slang,31
b4d820ee-4c88-4be7-b802-3d2783d2a21c,"yo, any extra fee when i exchange my cash abroad?",exchange_charge,gen_z_slang,31
7bf84e65-08c0-4fa4-bb85-a4be38b1cd86,I want to know if there are hidden fee when I exchange foreign money?,exchange_charge,non_native_speaker,31
eaf49c3d-5b30-4ce3-9243-68265354079d,"Hello, I want to know if there fee for change my money to other currency.",exchange_charge,non_native_speaker,31
6c5a147b-6494-4a29-a4ab-7da2fe0e1fc8,Could you let me know whether a charge applies when I convert my cash into another currency?,exchange_charge,non_native_speaker,31
3d929c53-062c-4f5a-b4c5-a420a1b0e10a,Is there an additional cost associated with swapping my money for a different foreign currency?,exchange_charge,non_native_speaker,31
fb1ade9a-016e-4ba6-a118-8b8272461551,"Hi, can you tell me how much fee for foreign exchange?",exchange_charge,non_native_speaker,31
9fd9c8e4-ff95-4d03-b3b1-e25f39fbba95,"Hi, I have question, is there any fee when I change my money to another currency?",exchange_charge,non_native_speaker,31
b3e0f552-b013-4633-9807-2a463c44ee5a,Currency exchange fee?,exchange_charge,short_wording,31
a27e1e06-72ad-49d1-a06e-d97080aea900,Exchange fee amount?,exchange_charge,short_wording,31
75bbff1c-eaaa-41f5-a27a-6852a4d353f8,Swap charge?,exchange_charge,short_wording,31
9d6df688-374c-4a4f-a7c9-ae541aa925d0,exchange fee?,exchange_charge,short_wording,31
39c155fd-db60-42ed-a1fc-89c2e355a221,Conversion cost?,exchange_charge,short_wording,31
b127e66b-1524-412a-b994-6fdfcfedc963,Currency exchange fees?,exchange_charge,short_wording,31
106d6c5d-3d2d-4b1f-ae51-d94d7a08b041,"Why the hell does the rate on my transfer look like a joke, and why can't you just tell me what number you're actually using?",exchange_rate,angry_layperson,32
d190267d-e07b-4967-a5f5-b15060c910f9,"What the hell is with the ridiculous conversion price you gave me on my transfer, I’m paying way more than I should!",exchange_rate,angry_layperson,32
638b9ff0-9f2e-40e1-9ed7-5fe58188cbb1,"Why the hell is my cash getting ripped when I swap it abroad, what the heck are you guys using for those rates?!",exchange_rate,angry_layperson,32
cc38a031-6a9f-44d8-ad6f-53d63b0dc26b,I’m fed up with you guys ripping me off when I swap my cash – how the hell do you come up with those crazy numbers for converting my dollars to euros?!,exchange_rate,angry_layperson,32
e4798a0c-3770-4915-95b0-5ebe6fff3203,"Why the hell am I getting barely any cash when I switch my money, this stupid rate is a total rip‑off!",exchange_rate,angry_layperson,32
f100e1a8-2834-488e-93f5-feee92f2b02d,"Your damn rates keep jumping around like a lunatic, so tell me straight how much cash I’ll actually get!",exchange_rate,angry_layperson,32
0fc41891-9492-43d7-9940-4f95902de410,Rate off huge need correct now please,exchange_rate,panicking_emergency,32
38e9132c-e2a8-4f48-a66b-8f59b7f75288,Need current conversion rate now urgent account affected,exchange_rate,panicking_emergency,32
ef6c7da7-3759-46a5-a9a0-aa22f74e7126,Need my transfer rate now why is it different from what I saw,exchange_rate,panicking_emergency,32
bdd11cc9-6f46-4502-9928-3305515071b1,Please give me the latest conversion figure right away; I can’t wait any longer.,exchange_rate,panicking_emergency,32
2f456dcc-f9bf-4c3d-9ecb-d9b272a7f719,Need rate now my transfer stuck what rate are you using,exchange_rate,panicking_emergency,32
6ba7d1f0-fbd1-4856-bec3-f5e5b40aa526,My transfer is hanging and I need the exact exchange rate immediately—I’m panicking!,exchange_rate,panicking_emergency,32
6dbc0c75-8d0c-4c89-bd1c-eb7640f4a84a,"I would appreciate clarification on how the foreign currency conversion rates are determined for the currencies available within my account, including any applicable spread or markup.",exchange_rate,polite_expert,32
ef96f5c5-1c3c-494e-a49e-537e488aa6b7,Could you kindly furnish me with the prevailing foreign‑currency conversion rates applicable to my account and elucidate the methodology by which these rates are calculated?,exchange_rate,polite_expert,32
b7d96a48-c76b-4214-86dd-ffdf828b2a2d,Could you kindly provide the source and methodology used to determine the foreign currency conversion rates applied to my transactions?,exchange_rate,polite_expert,32
e20fd574-35db-4f4b-8283-6d3a1070614e,Please describe the origins of the exchange rates you use and outline the calculation process applied to the currency conversions in my recent transactions.,exchange_rate,polite_expert,32
1e2ae3c2-da59-4d8e-8bf1-a593f5979e39,I would appreciate clarification on the methodology your institution employs in establishing the foreign‑currency conversion rates applied to my recent transactions.,exchange_rate,polite_expert,32
ab787a34-018a-4713-a032-9d6213cbee71,I would appreciate it if you could furnish me with the current foreign‑currency conversion rate applicable to my account and clarify the factors that may cause its fluctuation.,exchange_rate,polite_expert,32
fed0a3e8-3666-4b2b-9b8c-1cd8a6aa3b93,"Hey, can u tell me how you guys decide the FX rates and if they flip daily or what?",exchange_rate,gen_z_slang,32
bb1efd53-1e15-41ac-965a-482786bee3cc,"Hey, can u drop the current USD to EUR rate real quick?",exchange_rate,gen_z_slang,32
3b6b96e8-1104-4158-8cef-6e394edab40c,"Yo, can u break down how u come up with the FX rates, like what's the vibe behind them?",exchange_rate,gen_z_slang,32
c4abce1c-f1a0-4dfb-aad5-e08b7afb716b,"Hey, can you break down how you figure the conversion numbers for my transfers?",exchange_rate,gen_z_slang,32
a3da1f5e-c073-4955-a074-4b48c6775d01,"Yo, can u let me know what the current conversion rate is for dollars to euros?",exchange_rate,gen_z_slang,32
0ab29da9-7170-4ed1-a58e-238bd8acac45,"Yo, can u let me know where you pull the FX rates from and if now’s a good time to swap?",exchange_rate,gen_z_slang,32
63b9f6af-afff-4888-a0ef-758c696cc29f,I want know what rate you use for change foreign money.,exchange_rate,non_native_speaker,32
bcfc4972-a351-4bdb-85b7-52f8ec7b43bf,What rate you use for currency change?,exchange_rate,non_native_speaker,32
5933f2af-6269-4f74-b901-99f488610bf4,I need know what the rate for EUR to USD today.,exchange_rate,non_native_speaker,32
b88a67b9-b439-4b51-bcc7-bd2618b669e0,Could you explain the exchange rate you apply to foreign currencies?,exchange_rate,non_native_speaker,32
5c88797e-1996-4542-928f-2816a420c5f3,"Hello, can you tell me how you choose the rate for my money exchange?",exchange_rate,non_native_speaker,32
593a57d9-5ec0-4ace-8934-93c8caad706e,"Hi, can you tell me what rate you use for change my money, I need know how many euro I get for my dollar today?",exchange_rate,non_native_speaker,32
74e0e409-1f33-4477-8aaf-af20479f4713,Current FX rate?,exchange_rate,short_wording,32
3e67e25d-bbcf-41c7-9e67-a5eeeb4304db,FX quote?,exchange_rate,short_wording,32
bbc404a7-8cc4-4749-bfd9-216f3e4a1da3,Current foreign rate?,exchange_rate,short_wording,32
5bd6dc37-9fdd-44e6-a61c-71aef2ca32a8,Current USD rate?,exchange_rate,short_wording,32
8205f460-c70a-4c5e-a29d-15def89e0a9d,Current exchange rate?,exchange_rate,short_wording,32
6ae5798b-6cb7-4473-89ac-1932a60a32c6,Rate source?,exchange_rate,short_wording,32
587bf01a-4b61-4be4-a014-438c18a1411c,I’m fed up trying to swap my dollars for euros in this damn app—why the hell won’t it work already?,exchange_via_app,angry_layperson,33
a0ddc3b2-89dd-4ad1-87b4-f10ecee0c82e,This cursed program keeps locking up whenever I attempt to convert my pounds into dollars—fix this mess immediately!,exchange_via_app,angry_layperson,33
9a1d9e41-4c1b-43e3-9b0c-d2265100284b,"What the hell, I tried to switch my cash from pounds to bucks in the app and it just freezes, I need my dollars now, so sort this out already!",exchange_via_app,angry_layperson,33
0b5b16d7-b607-47a1-9d5d-278f1ea273e1,"Why the hell can't I just swap my bucks to euros in this stupid app, it's taking forever and I ain't got time for this!",exchange_via_app,angry_layperson,33
1daf7839-9f84-4621-b141-6d56379a49b9,I'm fed up with your crappy app not letting me switch my cash from dollars to pounds—sort it out right now!,exchange_via_app,angry_layperson,33
a73000f5-62ac-474f-876d-cf989c57ff6e,Enough with this broken app! I demand it let me change my pounds into euros right this second!,exchange_via_app,angry_layperson,33
26466ab2-fdf4-4b04-a0aa-4103933cae24,Urgent need to change GBP to USD app not working my balance wrong,exchange_via_app,panicking_emergency,33
adb1125d-1a53-4a67-9878-fc6be8556fb1,Urgent need to change my pounds to dollars app freezes can't do it,exchange_via_app,panicking_emergency,33
dc1a48f3-2f27-41f7-a1cc-8981554502fd,Help me convert GBP to AUD fast account locked,exchange_via_app,panicking_emergency,33
8d1e4090-770e-4cc4-986d-c7711f927a37,Help need to exchange pounds to dollars now app frozen,exchange_via_app,panicking_emergency,33
3a875671-9233-4924-99b2-ddaf6915047c,Can't convert GBP to USD in the app need it now my balance stuck please help urgently,exchange_via_app,panicking_emergency,33
1d092dd1-4f1b-45cc-9a1c-5c4c22478578,Please resolve the issue promptly; the app is stuck and I can't view exchange rates for dollars to euros.,exchange_via_app,panicking_emergency,33
ad353e7b-18d0-4cbb-9ba8-6aafe220bce1,"I kindly request detailed instructions on initiating a foreign‑currency conversion within the mobile banking application, including any applicable limits, fees, and the required procedural steps.",exchange_via_app,polite_expert,33
8edef454-90f4-4d49-a22f-4c6b2969f905,I would appreciate guidance on the procedure for converting funds from GBP to AUD within the mobile application.,exchange_via_app,polite_expert,33
32991c57-e0ee-411c-b7cb-6aa833529781,"I would like to inquire whether the mobile application permits the conversion of funds from British pounds to Australian dollars, and if so, what steps are required to execute such a transaction.",exchange_via_app,polite_expert,33
cda6210c-97cc-4456-9d76-b5335408c0f6,"I would appreciate clarification on whether your mobile platform facilitates foreign‑currency conversions, and kindly request a detailed list of the currency pairs that are presently supported.",exchange_via_app,polite_expert,33
15e84e31-6237-4bf6-bdc5-fa7b6d07fe8f,"Could you walk me through the steps needed to exchange my GBP holdings for AUD within the mobile app, and also inform me about the full set of currency pairs that are presently supported for such transactions?",exchange_via_app,polite_expert,33
9e22a258-ef43-4b28-8cba-4e8ba5b0fadd,"Please confirm whether the application enables the conversion of US dollars into euros, and provide a comprehensive list of every foreign currency currently available for exchange.",exchange_via_app,polite_expert,33
0e331f78-1ed1-460a-8e19-ff6535378a42,"Hey, can u show me how to swap my cash to another currency in the app, pls?",exchange_via_app,gen_z_slang,33
2b4c5f47-a754-41d4-ade7-e29896f5dbb4,"hey, can i flip my usd to eur straight in the app? thx",exchange_via_app,gen_z_slang,33
697a78a8-16e1-45ce-b5d9-c5d5d9814d0b,hey can i swap my cash to another currency straight in the app or do i need to do it elsewhere?,exchange_via_app,gen_z_slang,33
2979756d-2c01-4933-ba70-79493a824e9d,"Yo, can I swap some cash in the app, like change my USD to EUR, pls?",exchange_via_app,gen_z_slang,33
caf47699-a385-499b-8a10-1f87412be752,"Hey, can I switch my GBP to AUD in the app, need the deets asap.",exchange_via_app,gen_z_slang,33
ebc62c3c-dbc3-46dd-9620-afcbf0cda0d1,"Hey, can I trade my USD to EUR right in the app, like what's the quick way to do that?",exchange_via_app,gen_z_slang,33
2f1c1613-9061-47ef-b16f-85f7d013640e,"Hello, I want to change my USD to EUR in the app, how I do it?",exchange_via_app,non_native_speaker,33
e5bc62e7-62b9-4a4a-8c46-e78719cc91a0,"Hey, could you guide me on swapping my USD holdings for euros inside the app?",exchange_via_app,non_native_speaker,33
298100be-56bc-4837-9d9d-2a989f445b26,"Hello, I have GBP in my app and I need AUD, can you tell me how change it?",exchange_via_app,non_native_speaker,33
60a2b28e-39ba-4a4f-92ae-15183ca382a4,Please explain how I can exchange my GBP balance for Australian dollars using the app.,exchange_via_app,non_native_speaker,33
72735a9d-f1a3-4e8a-bf82-65360e5fc533,I’d like to convert my dollars into euros through the mobile application—what steps should I follow?,exchange_via_app,non_native_speaker,33
9c556398-1ebd-4167-bc7b-d1470b5d7e6b,Can you tell me where to tap in the app to turn my US dollars into euros?,exchange_via_app,non_native_speaker,33
bc0142b8-8c2e-4acf-beeb-383d541bbc64,Exchange USD to GBP?,exchange_via_app,short_wording,33
57825693-1075-494c-85a3-9302c71453b5,App currency exchange?,exchange_via_app,short_wording,33
1c5b228b-ad5c-4f45-a4d6-50593667c213,GBP to AUD exchange?,exchange_via_app,short_wording,33
c9c34357-2e08-4fe9-9a77-3ea95339775b,Swap USD to GBP,exchange_via_app,short_wording,33
3f449b10-41db-439e-a85c-98b3762afa78,Currency exchange on app?,exchange_via_app,short_wording,33
7bb8e649-2754-4476-a136-5485322d62eb,Currency conversion in app?,exchange_via_app,short_wording,33
f3fc01d5-f806-4f1f-980e-12cf73dbc29b,"What the hell is this random $2.57 fee on my statement, I never did anything for that?!",extra_charge_on_statement,angry_layperson,34
4520dcc1-bf5a-4dec-bbb3-b8904b6d1107,Explain why a mysterious $12 shows up on my bill; I never authorized anything like that!,extra_charge_on_statement,angry_layperson,34
48fcc8c4-2655-4ad2-a329-3547c8a0915d,"Hey, why does my account display a $1.23 charge I never requested? This is ridiculous!",extra_charge_on_statement,angry_layperson,34
86e215b7-fe99-4ed3-8aca-928e4835ec34,I’m seeing a $1 fee on my statement that I never agreed to—what’s the deal?,extra_charge_on_statement,angry_layperson,34
8c7beb41-de52-4549-82d1-a151f4ff4c56,"There’s an unexpected $5 charge on my monthly statement; I never signed up for it, so fix it!",extra_charge_on_statement,angry_layperson,34
4b5d9f53-1566-443a-8f0a-1b0e0dca9e1b,Why is there an unexplained fee on my statement? I never approved any extra charges!,extra_charge_on_statement,angry_layperson,34
6f0319f5-2ce6-4791-b62e-3cd274d77aa0,Emergency need help unknown $7 fee on my statement do not recognize,extra_charge_on_statement,panicking_emergency,34
4c930ac9-8845-4594-8d14-a6f5fe4415ee,Seeing an unknown $1 charge on my statement I need this fixed now,extra_charge_on_statement,panicking_emergency,34
7483ab32-a67c-4a96-b53c-35db96a9256c,Extra $1 on my statement what is this,extra_charge_on_statement,panicking_emergency,34
19e3a92a-fc98-4acc-a9b8-722a63810f6f,Extra fee appeared today account balance wrong need help immediately,extra_charge_on_statement,panicking_emergency,34
31fb7e9e-d230-4b22-9622-28bddea9c817,Help I see a random pound charge pending for days my balance is wrong I cannot pay rent I need it fixed now,extra_charge_on_statement,panicking_emergency,34
2a08b934-af27-4639-99bf-66236f0a8881,Statement shows extra $1 charge why now need help ASAP,extra_charge_on_statement,panicking_emergency,34
558f81c0-8e78-4943-b7bc-f4a86f1d3b13,"I have observed an unexpected $1.00 debit on my recent account statement and would appreciate clarification regarding its origin, as well as a possible reversal if it was applied in error.",extra_charge_on_statement,polite_expert,34
dde5969f-ca3a-4ecf-b29a-c1ead9254cc2,I have observed an unexpected additional charge of $1 on my recent statement and would appreciate clarification regarding its origin.,extra_charge_on_statement,polite_expert,34
c6c76008-1e87-4a8f-95e4-f934a2243fc7,"A $1.00 charge has appeared on my latest statement, and I would be grateful for an explanation of why it was applied and whether it can be removed.",extra_charge_on_statement,polite_expert,34
d366e656-9e42-4d46-b542-c4b36d68968c,I have observed an additional €1 fee appearing on my most recent account statement and kindly request clarification regarding its nature and justification.,extra_charge_on_statement,polite_expert,34
12953c98-4299-4510-ab66-f765370c958c,I have observed a nominal $1 fee appearing on my recent account statement and would appreciate clarification regarding its nature and justification.,extra_charge_on_statement,polite_expert,34
b7c8a7dd-1f9a-4a5e-9f29-1641b479c81f,I noticed a €1 fee on my most recent account summary; could you please clarify its purpose and let me know if a refund is possible?,extra_charge_on_statement,polite_expert,34
3fa2562e-8b43-4285-85a6-5df9657c5351,"Yo, can u tell me why there’s a random $1 fee on my stmt?",extra_charge_on_statement,gen_z_slang,34
a2f16afb-7dcf-4ea9-9837-56007b00ce4d,"Hey, I just saw a random $1 charge on my stmt, any idea why it’s there?",extra_charge_on_statement,gen_z_slang,34
279f5ce2-dddd-48f6-9f92-0501bcc08721,"Yo, I just saw a random fee on my stmt—what's that about?",extra_charge_on_statement,gen_z_slang,34
ecd79933-45a0-4d98-862f-78512b4af707,"Yo, I’ve got a weird $1 pending charge on my app that’s been sitting there for days, what’s the deal?",extra_charge_on_statement,gen_z_slang,34
6297a1d3-f9f1-406d-9311-2cadb0f678e9,"Yo, I spotted a mysterious $1 entry on my account—what’s the story and when’s it gonna disappear?",extra_charge_on_statement,gen_z_slang,34
8128c482-fe43-46df-ba3d-1bffe0a26859,"Hey, I just spotted a random €1 fee on my statement—what’s the deal?",extra_charge_on_statement,gen_z_slang,34
8e4043cc-2d5b-4c54-a5ae-957547deecce,Hi I see a small $1 fee on my account that I not do and it stay pending for days. Can you tell me why?,extra_charge_on_statement,non_native_speaker,34
3eef399e-d1b7-4f55-8e59-e2ba478c5a97,"Hi, I have a extra charge of one pound on my statement and I not understand why, can you please help me?",extra_charge_on_statement,non_native_speaker,34
3744d900-b722-4864-9a50-475144130c9f,"Hi, I see extra $1 charge on my statement, can you tell me why?",extra_charge_on_statement,non_native_speaker,34
275962b3-3d71-4a9b-bf24-43568c37b504,I'm puzzled by an unexpected charge on my statement; could you help me understand its origin?,extra_charge_on_statement,non_native_speaker,34
6db45a57-7639-4c08-8809-84b5476ee04c,"Hi, I have an extra fee on my statement and I not understand why.",extra_charge_on_statement,non_native_speaker,34
041132d7-d405-43d7-a6ab-b5ccc47527a4,Could you explain why a $1 fee appears on my account? I didn't authorize it.,extra_charge_on_statement,non_native_speaker,34
06f37fb1-2d46-4b0a-b902-03cc687c044c,Extra $1 charge?,extra_charge_on_statement,short_wording,34
6e412d87-7702-4007-9171-8a350dab10d2,Unexpected $1 fee,extra_charge_on_statement,short_wording,34
84e79990-f640-47ae-a00d-0d23f5580755,Why does my statement show an additional one‑dollar charge?,extra_charge_on_statement,short_wording,34
fc8e318e-c4b9-4c1b-be05-e386f8e7ef50,There’s a €1 charge I didn’t anticipate—what’s that for?,extra_charge_on_statement,short_wording,34
0833e893-3d84-483a-a914-fb0f70b66464,Can you explain the extra $1 appearing on my bill?,extra_charge_on_statement,short_wording,34
541adb99-8ae1-4c5c-bf03-b985d8022bd3,I wasn't expecting a one‑dollar fee on my account.,extra_charge_on_statement,short_wording,34
1e1f5ec0-1838-499b-871c-47abec0b56cc,"What the hell is up with my transfer—I've been trying to send cash to my friend all morning and it keeps getting shut down, so fix it right now!",failed_transfer,angry_layperson,35
674c25d2-687b-48b3-ba88-3e4640011124,I've been trying to move money all morning and it just sits there dead‑locked; fix this right now!,failed_transfer,angry_layperson,35
53057c86-b6ef-440d-8cb5-88809cfe8cea,"Yo, I tried sending my cash and it just blew up, why the hell is it not going through and what the heck is wrong with your system?",failed_transfer,angry_layperson,35
9f43471c-3951-423c-8b31-e67392dbf51f,"I tried to move my money to my buddy's account and nothing happened—this stupid system is busted, fix it now!",failed_transfer,angry_layperson,35
64e5a296-1909-4bcd-9d7c-7b8f79915eb7,My cash transfer keeps freezing up and I'm fed up—resolve this problem this instant!,failed_transfer,angry_layperson,35
b880b55b-51a7-4e06-8936-c5b97bc05add,"I tried sending cash to my buddy this morning and it got bounced again, what the heck is going on?",failed_transfer,angry_layperson,35
a74ad6ef-b94f-4d58-b42f-ca1ee32da97e,Transfer won't go through funds needed now mortgage payment due today,failed_transfer,panicking_emergency,35
698caf9e-8ab2-4099-8398-857f4436516f,Transfer stuck cant send money rent due in an hour please fix now,failed_transfer,panicking_emergency,35
3a2631e8-7881-426f-ae51-782d10e3eb7e,Transfer failed again Im panicking need it done now,failed_transfer,panicking_emergency,35
1732346d-5eae-4b77-b105-0a1b3282fce2,Transfer stuck not going through need money now mortgage payment urgently,failed_transfer,panicking_emergency,35
cf9be819-3966-46df-b4bb-45ba287ca91a,Transfer stuck why no money arrived need it now urgent cant wait,failed_transfer,panicking_emergency,35
8164318d-7a84-45e6-ad3c-e574b4a59077,Transfer not going through need it now urgent please check system,failed_transfer,panicking_emergency,35
7049b2e4-6cd9-466f-af61-43388e933364,"I am writing to inform you that the funds I attempted to remit to the designated beneficiary earlier today have not been credited, as the system indicates that the transaction could not be completed.",failed_transfer,polite_expert,35
b89c085b-70e9-4a12-b7e6-88ee77b09506,"I am writing to inquire why the interbank transfer I initiated yesterday, for which I received a submission confirmation, has not yet been reflected in the beneficiary’s account.",failed_transfer,polite_expert,35
2e0b3f63-cba9-4561-aa5c-d71abb11af64,"I have repeatedly attempted to initiate an inter‑account transfer today, yet each submission is declined without a clear indication of the cause, and I would appreciate assistance in resolving this matter promptly.",failed_transfer,polite_expert,35
9b8ab3e1-e3bb-44c1-a432-bea9052fe8d3,"I initiated an electronic funds transfer to a beneficiary earlier today, yet the transaction was declined with a notice indicating it could not be completed, and I would appreciate your assistance in determining the underlying cause and the steps required to resolve the issue.",failed_transfer,polite_expert,35
5cabfb6d-b7d1-47f4-a4ed-dae8b4d16b48,I kindly request assistance in determining the reason why my recent electronic funds transfer to a designated beneficiary was declined despite having sufficient funds and providing accurate account details.,failed_transfer,polite_expert,35
a79c8392-c43a-429d-8e88-af3d0c7c7eb6,"Dear Sir/Madam, I have attempted to initiate a funds transfer to an external account on several occasions today, yet each attempt results in an error and the transaction does not post; I kindly request your assistance in diagnosing and resolving the issue promptly.",failed_transfer,polite_expert,35
573e6180-288f-4abc-ab88-5af093f8bb34,"Yo, I tried sending cash to my friend but the transfer keeps bouncing and won’t go through, can you sort it out?",failed_transfer,gen_z_slang,35
830b7716-8058-425b-82da-0b4e2b3a2ccc,"Hey, I've attempted to ping my roommate cash three times and every try blows up with an error—can you hook me up quick?",failed_transfer,gen_z_slang,35
3d1f03d7-1500-458c-836a-a61e007ae8b9,"Sup, I've been pushing a transfer repeatedly and it just loops back—what's glitching in the app?",failed_transfer,gen_z_slang,35
54a5056e-c597-45e8-820d-93f0e0ad925a,"Yo, my transfer totally flopped and never went through.",failed_transfer,gen_z_slang,35
e09fce22-499f-42b1-99f6-0cdaf83bd510,"Yo, I keep firing off a transfer over and over and it bounces each time, what's the sitch?",failed_transfer,gen_z_slang,35
aa937606-dc29-4b63-9a9a-6d7fa5ce5e2b,"Yo, sending money just crashes with an error every time, need this fixed pronto.",failed_transfer,gen_z_slang,35
4d9d721a-7f28-453a-a400-4d4abc2ec481,"I try to send money to my family but it not go through, please help.",failed_transfer,non_native_speaker,35
1ffe2a1f-3ff0-48b1-bbb1-c7269a45e316,"Hello, I try send money to my friend but it not work, can you help?",failed_transfer,non_native_speaker,35
be6560c8-ac7e-4e32-9144-c6c339473fc8,I need help because my attempt to send money to a friend didn't succeed.,failed_transfer,non_native_speaker,35
06c2b85b-12cc-4d53-9d65-6f29ff5c8297,"Could you assist? I'm attempting a transfer, but it keeps failing to complete.",failed_transfer,non_native_speaker,35
27309335-d9d4-4771-8c89-877f084d5a9b,"Hi, I try to send money to my friend but it always say cannot complete, please help me.",failed_transfer,non_native_speaker,35
9c45af5e-eebd-4d17-9142-2da6e0d64dfd,"I try make transfer but it not finish, can you help me?",failed_transfer,non_native_speaker,35
433ca487-f78b-4a2b-a79f-7ae87d146e92,Transfer didn't go through,failed_transfer,short_wording,35
81090715-408d-4cc5-871c-35b4a25b2176,Transfer declined again,failed_transfer,short_wording,35
815ab5ba-0563-4f0d-af00-e6a70c1cbc38,Transfer failed,failed_transfer,short_wording,35
0b518d58-80a9-4a9e-b5a9-be89eb6f7334,Transfer not completed,failed_transfer,short_wording,35
17a51f72-c190-49e1-b7ae-6e4cb7d7c503,Transfer not processed,failed_transfer,short_wording,35
c0f38c9d-9748-4d92-9838-c6629e89ae9e,Transfer not processing,failed_transfer,short_wording,35
1dbd97c5-96df-4e6b-bdfd-7e5bbbbd97d0,I'm fed up with only being able to use dollars—tell me what other damn currencies I can actually hold in this stupid account!,fiat_currency_support,angry_layperson,36
ed62efbf-9869-4d4f-b95f-14139790dbb5,"I’m fed up with this nonsense—just tell me how many different currencies I can actually keep in my account, because I’m sick of being stuck with the same damn money all the time!",fiat_currency_support,angry_layperson,36
aec50b84-06a9-4497-bfac-c2fd69879272,I'm sick of this crap—why the hell can't I keep my dollars and euros in the same account?,fiat_currency_support,angry_layperson,36
566be645-6430-4438-a996-981009308501,"I’m sick of trying to move my cash and I can’t even tell if you accept my euros or dollars, so fix this now!",fiat_currency_support,angry_layperson,36
ee37f0f6-9e7c-4bad-ae7a-028a54d2b7d8,"Enough already—list every fiat I’m allowed to stash here, so I know whether my paycheck even fits.",fiat_currency_support,angry_layperson,36
ae6fd28b-9e89-4474-a745-5a01bdeef6b5,This is ridiculous—why can’t I instantly convert my bucks into euros or any other currency without this endless red‑tape?,fiat_currency_support,angry_layperson,36
88537538-32ce-4821-a37c-74fc1b9b6598,Urgent need to know if I can hold euros in my account now my incoming payment stuck and not showing,fiat_currency_support,panicking_emergency,36
e38ffd30-6d28-4caa-887b-8b07f5fb92d7,Need to exchange to EUR immediately urgent can't wait,fiat_currency_support,panicking_emergency,36
476c23df-70b8-4eb5-8b8b-2ec30dd15ab4,Need list of supported currencies now urgent,fiat_currency_support,panicking_emergency,36
55a04cd0-82db-4211-bf28-ba4823a91af7,Which currencies do you support right now I need to exchange urgently,fiat_currency_support,panicking_emergency,36
bdaa72e8-7bcf-4102-8977-9e3db2c73fa1,Need to know if USD and EUR are supported hold exchange now urgent,fiat_currency_support,panicking_emergency,36
f6730c91-b39e-437e-be70-71c0d3c22493,Cannot find my euro account Need to know what currencies are supported Now money stuck,fiat_currency_support,panicking_emergency,36
29a9a769-d646-4894-8f94-e7d8e30bf88e,Could you kindly inform me which fiat currencies are presently supported for holding and exchange within your platform?,fiat_currency_support,polite_expert,36
d11f7848-c49d-4334-9f1e-8097c30e67ed,"I would appreciate clarification on whether your bank permits the holding and conversion of funds into euros, and kindly request details regarding the applicable procedures, fees, and any limitations associated with such transactions.",fiat_currency_support,polite_expert,36
88000786-2e7d-40ff-816c-13205ca5a4c2,Could you kindly provide a comprehensive list of the fiat currencies presently supported by your platform for deposits and withdrawals?,fiat_currency_support,polite_expert,36
bd4b5f66-94a1-48b1-b589-9f74a8469d89,I would appreciate clarification regarding the available mechanisms for converting my holdings into euros and the options your institution provides for maintaining balances in multiple fiat currencies within my account.,fiat_currency_support,polite_expert,36
9678ed38-93a1-4ce4-a080-46922e3a362e,Please let me know the full range of fiat currencies your service currently accepts for both custodial storage and exchange.,fiat_currency_support,polite_expert,36
be09fefb-1ea8-478d-92af-34d2593a8bd4,Could you kindly confirm whether your platform accommodates transactions in the Euro (EUR) as well as other major fiat currencies?,fiat_currency_support,polite_expert,36
d4d79448-06ba-4f0b-838e-d48c4a3bf480,"hey, can i keep cash in other currencies like EUR or swap my bucks to euros?",fiat_currency_support,gen_z_slang,36
c4cf12b5-74ec-4ff2-ba4c-45475dd1082c,"Hey, can you tell me which fiat currencies you support for holding and swapping, like EUR or USD?",fiat_currency_support,gen_z_slang,36
988d53df-99c1-48a5-87ee-416c179a965d,"hey, quick q—can i store and swap like USD, EUR, or other fiat in the app?",fiat_currency_support,gen_z_slang,36
10729a0e-f0a9-4b99-b91a-149805629f70,"Yo, can u tell me which currencies ya actually let me keep in the app, like is it all the major ones or just a few?",fiat_currency_support,gen_z_slang,36
9c53eb19-b331-415e-81cd-a42336494a8c,"Hey, just wondering if I can stash my money in euros or other regular currencies with y’all?",fiat_currency_support,gen_z_slang,36
aa70c1f7-847f-4ce2-a84e-28811b2d5fe2,"Yo, quick q: can I hold and swap USD, EUR, GBP and other cash in the app or is it just a few currencies?",fiat_currency_support,gen_z_slang,36
40a12275-26cf-48e8-bcf5-428ac84a03de,"Hello, I want know what kind of money you support for my account?",fiat_currency_support,non_native_speaker,36
0510d644-c7a5-4703-9829-2c3d7781b454,"Hello, I want to know if I can keep my money in other currencies like Euro or pound?",fiat_currency_support,non_native_speaker,36
10922e8d-9b72-4aff-9a44-12b21849da0b,Could you list the fiat currencies that are available for holding in my account?,fiat_currency_support,non_native_speaker,36
b2d76f05-a087-4dc1-8fa5-72a060602744,"Hello, I want to know if you can exchange my money to EUR please.",fiat_currency_support,non_native_speaker,36
047697a6-3315-42fe-8b38-615e66e1718b,"Hi, can you tell me which fiat money you support for my account please?",fiat_currency_support,non_native_speaker,36
8593004f-0aee-42d3-b57e-349b65be4287,I want know if you support euro in my account.,fiat_currency_support,non_native_speaker,36
c7db59d7-7771-4d62-9a22-16d828cff586,Supported fiat currencies?,fiat_currency_support,short_wording,36
5b82b34a-2b6a-4629-aa56-9fc5f784e5e2,Which fiat money do you accept?,fiat_currency_support,short_wording,36
47065754-6547-41af-b4d1-4554565fbb01,Other supported currencies?,fiat_currency_support,short_wording,36
a9abb5d1-28fa-4be6-b795-061e160fcebd,Supported currencies?,fiat_currency_support,short_wording,36
6fae3ee4-b447-4562-bbb4-42195a7a063e,List of fiat currencies?,fiat_currency_support,short_wording,36
035d2353-6e7b-4982-acb8-57d8a130646c,What currencies are supported?,fiat_currency_support,short_wording,36
b6cfed4c-ac43-4d92-b133-4be66e320a4d,"I’m sick of this crap, I need a one‑time online card right now, what the hell is taking so long?!",get_disposable_virtual_card,angry_layperson,37
cdd0ab15-a7af-4b76-afd0-2832a91ea35c,"I’m fed up, just give me that one‑time online card you have already – send me the link now!",get_disposable_virtual_card,angry_layperson,37
ccc71d7a-0f42-41a6-8252-14971da6f6a3,"I’m fed up, I need a throw‑away online card right now—why the hell can’t you just give me one already?",get_disposable_virtual_card,angry_layperson,37
de6e220f-d744-4049-9710-8a80fe5eb805,Enough of this nonsense—hand me a disposable virtual card immediately! When will it finally arrive?,get_disposable_virtual_card,angry_layperson,37
df9fe000-51ff-48fe-b6a6-b0343ff24447,"I'm sick of waiting—just give me a one‑time online card right now, why the hell is this so damn hard to get?!",get_disposable_virtual_card,angry_layperson,37
edcf92a5-bfb6-4967-9496-024add5151de,"I’m fed up trying to figure out how the hell I can get a one‑time online card, tell me where the heck I’m supposed to click!",get_disposable_virtual_card,angry_layperson,37
baf90caa-25a2-40f2-8c61-8ad4fcebb20b,Need a throwaway virtual card urgently cant complete payment account locked,get_disposable_virtual_card,panicking_emergency,37
a298a414-7a6f-4c7a-800e-bc0ac7c78f7e,I'm stuck because my payment was rejected; please issue an instant disposable card so I can finish this transaction right away.,get_disposable_virtual_card,panicking_emergency,37
6dbd3095-5317-4cfe-b0ee-e963fc92ca13,Need disposable virtual card now cant wait help me get it,get_disposable_virtual_card,panicking_emergency,37
989bce9f-9160-4187-bed6-4a68c97f67ce,My purchase is on hold—send me a temporary virtual card immediately so I can complete the checkout.,get_disposable_virtual_card,panicking_emergency,37
7e7f24e3-3c5b-4525-9466-7d049ab4beaf,The website says my order can't go through; I need a one‑time virtual card right now to unblock it.,get_disposable_virtual_card,panicking_emergency,37
18d37179-8937-4933-b758-34e619f01955,Urgent help required: I’m unable to pay online and need a disposable card this instant.,get_disposable_virtual_card,panicking_emergency,37
f8b4ce65-2dcb-4063-ab19-b81aae0ffa19,I would like to inquire about the procedure for acquiring a disposable virtual card and whether it becomes active for online transactions immediately upon issuance.,get_disposable_virtual_card,polite_expert,37
239093c1-5874-4521-914b-17b7cae7285e,I kindly request detailed instructions on how to obtain a disposable virtual card and the mechanisms governing its single‑use functionality.,get_disposable_virtual_card,polite_expert,37
9d790064-aa01-42c0-901d-695b33c67281,I kindly request guidance on how to generate a disposable virtual card for forthcoming online transactions.,get_disposable_virtual_card,polite_expert,37
1eaf50fb-908f-40d3-8a19-b7a4507c315c,Could you walk me through the steps to create a single‑use virtual card that I can employ for upcoming purchases online?,get_disposable_virtual_card,polite_expert,37
110746a1-b32a-4503-8f6f-78dce66cfc9f,I would appreciate guidance on how to obtain a disposable virtual card for my account at your earliest convenience.,get_disposable_virtual_card,polite_expert,37
2546e15f-f5bd-443f-9209-99f8e1983475,I would like to obtain a disposable virtual card; could you please advise me on the steps required to request and activate one?,get_disposable_virtual_card,polite_expert,37
dfe1b7fe-a50c-403a-a5c0-3e16a6ba9d0f,"Yo, can I grab a one‑time virtual card for a quick purchase?",get_disposable_virtual_card,gen_z_slang,37
93e89ea5-d7c6-489c-8734-873e4a8f9eb4,"Yo, where do I pull a fresh disposable card for my next web checkout?",get_disposable_virtual_card,gen_z_slang,37
a24172bb-149c-40c8-8b68-cd2879958acb,"Hey, can I get a disposable virtual card set up quick, plz drop the deets?",get_disposable_virtual_card,gen_z_slang,37
0563ad53-3678-4c79-9f0c-32799145d806,"Yo, how do I snag a disposable virtual card for quick online buys?",get_disposable_virtual_card,gen_z_slang,37
92ad5d60-5ec8-40dd-8ae2-05a52ae7708b,"Yo, can you tell me how to hook up a one‑time virtual card for quick online buys?",get_disposable_virtual_card,gen_z_slang,37
fa89a11f-9771-4227-82e0-0edef23ff68c,"Yo, hook me up with a temp virtual card right now, no delays.",get_disposable_virtual_card,gen_z_slang,37
635a09c3-175b-4d36-aa51-7d9751fb3413,"Hello, I need disposable virtual card, where I can get it?",get_disposable_virtual_card,non_native_speaker,37
6f1980a9-8d45-4e6b-989a-7717c88da499,"I need a disposable virtual card, can you tell me where I can request it?",get_disposable_virtual_card,non_native_speaker,37
1805fab4-e196-47b2-bf78-7d3b06714c66,"Hi, I want disposable virtual card, can you tell me how I get it please?",get_disposable_virtual_card,non_native_speaker,37
0a400d13-d634-45c4-bf6b-161de09fff1c,"I want disposable virtual card, can you help me order it?",get_disposable_virtual_card,non_native_speaker,37
87932993-dfee-4ad5-af30-468edae202c9,Can you explain the process for ordering a disposable virtual card?,get_disposable_virtual_card,non_native_speaker,37
b737daac-bf70-4cb6-84b1-63a31e7f31dd,"I need a one time virtual card, please tell me how get it?",get_disposable_virtual_card,non_native_speaker,37
53ab1656-ae43-4bf4-92ad-562c5cd12e02,need disposable card,get_disposable_virtual_card,short_wording,37
696335ce-d91a-4050-819d-f2de15345a62,Need disposable virtual card,get_disposable_virtual_card,short_wording,37
a5aa7f32-0158-41e7-bac1-95991923b499,Get a throwaway virtual card,get_disposable_virtual_card,short_wording,37
57e16f23-1fe5-4512-9055-1d9a980a98c8,Issue a disposable e‑card,get_disposable_virtual_card,short_wording,37
de520a0f-87b8-4401-8d91-80be099d60dd,Create a temporary virtual card,get_disposable_virtual_card,short_wording,37
9209a326-9b49-49aa-8e8a-f7a5c666f070,Provide a one‑time virtual card,get_disposable_virtual_card,short_wording,37
46b87964-944b-4072-bc06-5638b9878a43,I’ve been waiting forever for my damn card PIN—why the hell isn’t it showing up already?,get_pin,angry_layperson,38
e5ca8628-1ab8-4fc1-ac48-da75fe4b2205,I finally got my damn new card and I’m stuck here waiting for the freaking PIN—where the hell is it?,get_pin,angry_layperson,38
1dcad769-1adc-46a2-8c3d-366b3ea687a3,Give me my card’s PIN right now—I’ve been stuck for ages and the card is useless without it!,get_pin,angry_layperson,38
1821b2b7-e047-462d-817a-fa892de0392d,"I’m fed up trying to dig up my damn PIN—it's nowhere to be found, why the hell is it so hidden?!",get_pin,angry_layperson,38
0ea7ae1c-44f4-4c5f-b79f-dd7773777aeb,I can't find my damn PIN and I'm sick of waiting—tell me where the heck it is already!,get_pin,angry_layperson,38
73e6b14f-7a1e-495f-aeb2-15a1f3f1beab,"After finally receiving the card, I'm left twiddling my thumbs for the PIN—why does this take forever?",get_pin,angry_layperson,38
7040efcb-c476-4c1c-8323-b186ac8dd172,Need PIN ASAP card not working can't access account,get_pin,panicking_emergency,38
ac3eae06-2b3d-49d2-a562-05d68659324c,Card arrived no PIN need it now help,get_pin,panicking_emergency,38
23d94487-ee2e-451d-bd67-7830eeb4d694,I'm locked out of my account and require the card's PIN immediately—please send it right away!,get_pin,panicking_emergency,38
c7e2d593-6853-423f-9d5a-6159da88bc9e,Need my card PIN now cant see it help,get_pin,panicking_emergency,38
24cca117-20e4-4184-bb3f-766cecf5bd5f,Lost my card PIN need it now help,get_pin,panicking_emergency,38
1d8c0d35-7903-41e6-ad80-a809dceacdb7,My PIN is gone and I can't use the card; please provide a replacement PIN as soon as possible.,get_pin,panicking_emergency,38
b2d876d2-5aa0-4b22-ad2e-c62a1ee0461d,I would appreciate clarification on the procedure by which the personal identification number for my newly issued debit card will be provided to me.,get_pin,polite_expert,38
dc619c6a-00b3-46a9-a777-628c75229c54,I would like to inquire about the procedure for locating or retrieving the personal identification number associated with my debit card.,get_pin,polite_expert,38
02230745-2bba-4cf2-a386-c3b6d4d73ad0,I would appreciate clarification regarding the delivery and activation process for my newly issued debit card’s personal identification number.,get_pin,polite_expert,38
d9973331-8a30-4c84-a82d-616895c0f8d4,"I would be grateful if you could advise me on how to retrieve the personal identification number associated with my debit card, as I am presently unable to locate it.",get_pin,polite_expert,38
595ad067-d764-4582-9c7f-6ec0c52076a7,I would appreciate your assistance in locating the personal identification number for my debit card within the mobile banking application.,get_pin,polite_expert,38
ddd9dfe5-b401-4a19-a8b7-1707d70a5e3f,"I would appreciate assistance in locating my account PIN, as I am presently unable to determine where it may be found.",get_pin,polite_expert,38
69de8fcb-ce57-406d-81d8-9f0c2a60ba37,"Yo, I can't seem to find my card PIN anywhere— is it saved in the app or what?",get_pin,gen_z_slang,38
1b9dd0fc-1a15-4367-bf35-d76b9cb55b8e,"Yo, can u tell me where to find my card PIN, need it ASAP plz.",get_pin,gen_z_slang,38
1654e9d2-4aca-4508-ad2a-0af99e390d06,"Yo, where's the spot to sneak a peek at my card's PIN?",get_pin,gen_z_slang,38
d54153ca-f9b5-429c-a5fa-72a32d30e53a,"Yo, I'm missing my PIN— can you drop the deets so I can find it?",get_pin,gen_z_slang,38
f4db4035-0c88-46c2-a6e6-cf1a42e6fa1e,"Yo, I just got my new card and need to know how to check the PIN, plz help.",get_pin,gen_z_slang,38
68e2da69-d275-44a8-a3d7-389283d81ad2,"hey, i can't locate my card pin, can u help me pull it up?",get_pin,gen_z_slang,38
f33e7dc3-5b47-462b-86a1-0d3bee51bf6c,"Hi, can you tell me where I can see my card pin please?",get_pin,non_native_speaker,38
1de2c8a6-6191-47e6-a859-5852bd92b23e,"Hello, I got my new card but I not have the PIN yet, can you help me get it?",get_pin,non_native_speaker,38
721a2e3b-b4ee-49f2-8893-b3b5999f9d9e,"Hello, I cant find my card pin, could you help me please?",get_pin,non_native_speaker,38
32087e4c-7027-4802-a194-4aa5e2b2076e,"Good day, I haven't received my card's PIN yet—where should I look to obtain it?",get_pin,non_native_speaker,38
22bde189-9427-4944-b028-cd5ac268d49d,"Greetings, I'm unsure of the PIN assigned to my new card; could you guide me on how to find it?",get_pin,non_native_speaker,38
e248cc22-30a4-4698-a7c2-f000800c44c9,"Hey there, could you show me how to retrieve the PIN for my card? I seem to have misplaced it.",get_pin,non_native_speaker,38
9796fd33-bd92-4686-9cf8-5dc0fbfe4169,Need card PIN,get_pin,short_wording,38
6805ed93-18a2-45e3-b493-454440c3df9f,What’s my card PIN?,get_pin,short_wording,38
92a81cbc-532b-40ac-a5bc-29f4c3356197,Please share the PIN for my card.,get_pin,short_wording,38
792c182e-8f44-4003-8680-a28951c2737f,Give me the PIN of my card.,get_pin,short_wording,38
5a04b084-a019-4d15-b3b9-7e898803c03c,Card PIN request,get_pin,short_wording,38
47d7ec7d-b71e-4a24-a599-9012044358b2,Find card PIN?,get_pin,short_wording,38
4191b845-9f5b-4b79-b3c6-3f5be6e340d8,"I'm sick of waiting, I need a spare card for my kid right now—how long is this gonna take and are you even charging me extra for it?",getting_spare_card,angry_layperson,39
3960b4b1-7056-42a2-8c05-a3a976c9dcef,"I’m fed up, I need another damn card yesterday—why the hell is it taking forever to get a spare one?!",getting_spare_card,angry_layperson,39
e2443639-e485-473c-8cda-2509ce41709e,"I’m fed up waiting, just tell me how much it’ll cost and ship me another damn card right now.",getting_spare_card,angry_layperson,39
8a60f2f1-5e04-4330-949c-2426bd7518e7,I demand a second card for my son this instant; stop stalling and tell me whether I’ll be charged extra.,getting_spare_card,angry_layperson,39
1c5169cc-9335-4242-aff5-163108efb657,"I’ve been waiting forever for a damn extra card for my kid, why the hell is this such a pain?!",getting_spare_card,angry_layperson,39
c5a99c95-fd7f-4be5-9282-8c2be300cddc,Enough of this nonsense—send a replacement card to my child immediately! Explain why the process drags on and if there’s any extra fee.,getting_spare_card,angry_layperson,39
ceee6780-3d92-414d-ade7-b571afc10851,Card broken need spare immediately cant use account,getting_spare_card,panicking_emergency,39
2abfc685-0dbd-4111-8596-18f46089238e,Need spare card now lost my only one cant pay bills,getting_spare_card,panicking_emergency,39
223168af-d698-4b00-a258-4b1c12720360,Need spare card immediately my daughter has no money can't wait,getting_spare_card,panicking_emergency,39
c60f1048-cd06-4899-a183-ac85d988da35,Need spare card urgently my daughter has no access to money,getting_spare_card,panicking_emergency,39
fc472e12-b68f-4bb5-a471-9097558f4f97,Please issue a replacement card right away; I've misplaced my sole card and I'm unable to obtain any cash.,getting_spare_card,panicking_emergency,39
b4a927a4-21bc-45f0-9979-f6b44c2b8390,Urgent need spare card now my only card is in the locker cant withdraw money,getting_spare_card,panicking_emergency,39
52b0049e-861e-4e2d-b721-f81334e78c9a,I would like to inquire whether it is possible to obtain an additional debit card linked to my account for the purpose of providing a spare card to an authorized family member.,getting_spare_card,polite_expert,39
bc4ce20b-f072-4cfe-adf9-c72ea3f23724,"I would appreciate your assistance in issuing an additional debit card associated with my existing account, as I require a spare for contingency purposes.",getting_spare_card,polite_expert,39
9d91f050-ee74-42bc-80a9-7940960f5f99,I would appreciate guidance on the eligibility criteria and procedural steps required to obtain an additional physical debit card linked to my existing account.,getting_spare_card,polite_expert,39
a36ac746-d5e6-41e0-ba4d-ce4c49625982,I would like to inquire about the procedure and eligibility requirements for obtaining an additional physical card linked to my existing account.,getting_spare_card,polite_expert,39
4fee3319-2e06-4d85-878d-f461a552d383,Please advise on the procedure required to obtain an additional card linked to my existing account.,getting_spare_card,polite_expert,39
07af9ae3-534f-441a-8ceb-e60fd0680195,Could you kindly inform me of the procedures and any applicable fees for issuing an additional physical card linked to my account for use by a designated family member?,getting_spare_card,polite_expert,39
b98416ab-ec93-468c-99d7-71c43adb9bf0,"Yo, can I order a spare card for my bro, any restrictions or steps I need to follow?",getting_spare_card,gen_z_slang,39
b47f9b75-b802-44e1-8b08-ca0748e81afb,"hey can i get a spare card for my sis, like how do i order another one please?",getting_spare_card,gen_z_slang,39
b6e5ddb8-4e01-44cc-9328-bcdb3fa5d856,"Hey, can I snag an extra card for my backup, like maybe a spare for when my main one bails?",getting_spare_card,gen_z_slang,39
24fbd1ba-8a92-4fc0-9441-d7b2c0aa3bfb,"Yo, can I get a second physical card for my account, lowkey need it for my sis, and what's the fee if any?",getting_spare_card,gen_z_slang,39
92535167-46a8-4c44-b028-6dc2f3e3c89b,"Yo, can I get an extra card for my little bro, like a backup, just how do I set it up?",getting_spare_card,gen_z_slang,39
1d80a265-3a66-416b-918a-ca1da9216fff,"Hey, can I get a spare card 4 my account, need a second one ASAP.",getting_spare_card,gen_z_slang,39
3f7b0574-3287-4a60-9159-1424a657a2fd,"Hi, I need another card for my wife, please tell me how get it.",getting_spare_card,non_native_speaker,39
70d5cd0b-6279-4725-bbab-08faaf4c5c5f,"Good day, could you let me know the steps and any charges for obtaining an additional card for my spouse?",getting_spare_card,non_native_speaker,39
3f4f99b6-c9d2-4bb5-9b61-a234fc57fae4,"Hi, I need another card for my account to give to my sister, can I have spare card and please tell me if there cost?",getting_spare_card,non_native_speaker,39
748409c5-73fc-4c8a-9221-27bd47d2f679,"Please advise how I can request a spare card to give my wife, and whether there are any associated fees.",getting_spare_card,non_native_speaker,39
369327e5-2818-4912-8003-6617bbca3f7f,"Hello, I want a second card for my daughter, is it possible please.",getting_spare_card,non_native_speaker,39
0ababaec-43bb-4e86-b709-a24f93e820c9,"I want extra card for my daughter, any fee?",getting_spare_card,non_native_speaker,39
a4fb03ec-a6b6-4266-b156-c11f88a07435,Spare card request?,getting_spare_card,short_wording,39
f3fbc225-282f-4f61-9cd4-4b9c84a9fe31,Order a spare card,getting_spare_card,short_wording,39
9ba915a7-1885-42d1-8560-e6070dd79c39,Need a backup card,getting_spare_card,short_wording,39
39067236-328c-435d-b910-e9035c94adc3,Request extra card,getting_spare_card,short_wording,39
c9e8ae1a-3730-4859-9ab7-ff864e1eef3f,Need extra card,getting_spare_card,short_wording,39
ffae3742-8f05-4357-9b18-a219268706ba,Extra card request,getting_spare_card,short_wording,39
574747aa-23fb-4922-a845-737adc6c656c,"I’m sick of waiting—give me that damn virtual card right now, tell me where the hell I’m supposed to get it and stop making it a circus!",getting_virtual_card,angry_layperson,40
fe802fc9-0962-46ca-8fa6-03131c02529c,"I asked for a damn online card weeks ago and it’s still nowhere to be found, what the hell is taking so long?!",getting_virtual_card,angry_layperson,40
c6b43fb0-583f-4b0e-aee6-d4b023cdbd20,I'm fed up with this crap—why the hell haven't I gotten that damn virtual card yet?,getting_virtual_card,angry_layperson,40
848ea40c-0371-4c95-b73e-3a3ea046e561,Enough of this delay! Tell me why my online card is still missing and explain the exact steps to obtain it right now.,getting_virtual_card,angry_layperson,40
e53159ac-6a45-4c1e-9ac1-9bacdcb1e6a3,Stop stalling and issue my virtual card immediately; I’m tired of the endless wait.,getting_virtual_card,angry_layperson,40
75325682-eb6e-4e66-a26e-bae65ccf174c,"I'm fuming here—why the hell do I have to jump through hoops just to get that damn virtual card, and where the heck do I actually order it?",getting_virtual_card,angry_layperson,40
4fa1ac2d-8900-433d-ba52-2973c31d723e,Help i need a virtual card now my account is frozen can't pay anything,getting_virtual_card,panicking_emergency,40
bc795526-dae4-4f18-8c9a-820189bc156d,I'm stuck—my transactions are being rejected and I require an instant virtual card to continue.,getting_virtual_card,panicking_emergency,40
43555cf3-12ab-4a45-a295-d30159f44db1,"My account has been locked, and I must obtain a virtual card right away to settle my outstanding bills.",getting_virtual_card,panicking_emergency,40
5bcbeb54-161d-49a2-9668-040cfa82f799,Access to my account is blocked; please issue a virtual card immediately so I can make payments.,getting_virtual_card,panicking_emergency,40
3f55d15e-edc0-4b9e-ba16-b862abe81bc5,"All my payment methods are disabled, and I urgently need a virtual card to retrieve cash.",getting_virtual_card,panicking_emergency,40
3a3912a5-b0a5-4079-b54b-946d6f31a64c,I can't locate my virtual card; please help me generate a new one as soon as possible.,getting_virtual_card,panicking_emergency,40
7fec2340-d021-4ed8-85aa-8ce279d01c4d,I would appreciate guidance on how to request the issuance of a virtual card associated with my current account.,getting_virtual_card,polite_expert,40
de87f86c-cb11-47c8-9090-3528b7973baf,"I would like to inquire whether it is possible to obtain a virtual card in lieu of a physical issuance, and if so, could you kindly outline the procedure required to activate it within my account.",getting_virtual_card,polite_expert,40
0ded84fe-8ac1-4d2e-9eef-c679f48af76c,"Could you please explain the steps to enable and view a virtual card in my account, since it doesn't appear in my online banking dashboard yet?",getting_virtual_card,polite_expert,40
1a028929-3717-40cc-8aee-bf217a61e5ea,I would like to inquire about the procedure required to obtain a virtual card for my account.,getting_virtual_card,polite_expert,40
b09f93e5-7d9f-4357-98e2-5a9106c3eb7a,"I would appreciate assistance in issuing a virtual card linked to my account, as I intend to utilise it for forthcoming online transactions.",getting_virtual_card,polite_expert,40
a5df0b3f-f1af-4180-ab53-48b62b38cc7e,"May I get details on how to acquire a virtual card tied to my profile, and could you help me finish the sign‑up steps?",getting_virtual_card,polite_expert,40
ef629bd1-417d-4eba-916e-04766ca96adb,hey can u hook me up with a virtual card asap?,getting_virtual_card,gen_z_slang,40
f505bd5a-19b2-40e3-ac77-a9e7cd3695d0,"Yo, where can I snag a virtual card in the app?",getting_virtual_card,gen_z_slang,40
a3c528c7-f0d1-4cac-9a6a-136d790a05cf,"Yo, I need a virtual card right now—can you drop one in my account?",getting_virtual_card,gen_z_slang,40
4a396818-b3b9-453a-99c3-2539f6da9bd9,"Hey, can u show me how to snag a virtual card quick?",getting_virtual_card,gen_z_slang,40
9dff2e63-48a5-4875-99e2-7826c2cae753,"Yo, I was expecting a virtual card but it’s still not showing up, what’s the deal?",getting_virtual_card,gen_z_slang,40
644d9a53-9191-4529-9938-f2abaa9e80d6,"Sup, could you fast‑track a virtual card for me? I’m in a hurry.",getting_virtual_card,gen_z_slang,40
37547923-09b1-46f5-ab1d-1e12d887a38b,"Hi, I would like a virtual card, can you tell me where I get it?",getting_virtual_card,non_native_speaker,40
6023c81f-aec4-4e90-9076-abf67291726c,Hello I need a virtual card please tell me how I can order it,getting_virtual_card,non_native_speaker,40
f06c89a4-25a1-4d55-a0cb-ad74b9778852,Could you explain the steps I need to follow to obtain a virtual card?,getting_virtual_card,non_native_speaker,40
b4ca1fc3-d284-42ff-9819-a2c054bc61a5,"I want a virtual card, how can I get it?",getting_virtual_card,non_native_speaker,40
9ccb4c09-b2fe-4811-86fa-d49b729e5fd6,"Hello, I want virtual card please, can you help me get it?",getting_virtual_card,non_native_speaker,40
ec71c3b0-8c14-4fb6-8566-4750feec5fcb,I would appreciate some guidance on how I can acquire a virtual card.,getting_virtual_card,non_native_speaker,40
b318d471-7b6f-4232-87a6-907e0bea3c3d,Need virtual card,getting_virtual_card,short_wording,40
286f92d0-2b0e-485d-af47-405ac666379e,Give me a virtual card,getting_virtual_card,short_wording,40
2c633cfd-b64b-4ca6-82ef-0df27d94798b,Want a virtual card,getting_virtual_card,short_wording,40
ebbeae33-aa8c-40c8-ac77-9485880dfff5,Please issue a virtual card,getting_virtual_card,short_wording,40
92afda10-e095-43b6-9ef3-19d67dfa8769,Virtual card missing,getting_virtual_card,short_wording,40
15f52f84-4bb2-485c-a113-6af0be520348,Create a digital card,getting_virtual_card,short_wording,40
dae164be-9709-4348-a4db-bb0158b88ccb,My freakin' card got ripped out of my pocket and I’m stuck here useless—sort this out right now!,lost_or_stolen_card,angry_layperson,41
eec9b943-da1b-4d4b-834a-1e1e33c4b077,"My freaking card got pinched, block it ASAP before anyone drains my cash!",lost_or_stolen_card,angry_layperson,41
71e99735-c047-44f9-8916-eda59591bd15,"My damn card got swiped, lock it down right now!",lost_or_stolen_card,angry_layperson,41
94417057-23d8-49c0-9a9a-0c4718a0e02f,My damn wallet got jacked on the subway and my card’s gone—block it right now and send me a new one!,lost_or_stolen_card,angry_layperson,41
92d10676-9310-4d2e-b9b6-c920a5a1a2cc,My freaking card got lifted and I need you to freeze it right now!,lost_or_stolen_card,angry_layperson,41
113e9229-9a0d-4112-a04e-cef6fd49ddba,I just realized my card disappeared from my jeans – lock it down right away and ship a replacement before I lose it completely!,lost_or_stolen_card,angry_layperson,41
0b3ba721-65e4-4a36-a1af-a9e37439cddc,Card missing abroad need it blocked now send replacement urgent,lost_or_stolen_card,panicking_emergency,41
02e9f6d9-271a-4f0a-a4ed-c48054c97405,Card gone need freeze account now,lost_or_stolen_card,panicking_emergency,41
d1a3c7fd-840d-4477-a021-9dd35e7fc0fe,Card missing now someone stole it block it immediately cant access funds,lost_or_stolen_card,panicking_emergency,41
813f7a22-1ac3-49f8-bf2a-d28f1984c7a8,Card gone now freeze it immediately please help urgently,lost_or_stolen_card,panicking_emergency,41
503a2d7b-c6da-4f07-a333-17cd30422f82,Card stolen now block it please urgent,lost_or_stolen_card,panicking_emergency,41
431d818f-ef2b-46d2-9d33-d1bc9237c0df,Card gone now freeze account block card fast help please,lost_or_stolen_card,panicking_emergency,41
8c8ded95-10a1-4571-acfd-1a535cd40f68,"I am writing to inform you that my payment card has been unlawfully taken and request immediate suspension of its functionality, together with detailed instructions for obtaining a replacement.",lost_or_stolen_card,polite_expert,41
55e4cd8c-5c95-410c-8523-c946d66c4126,"I regret to inform you that my credit card has been stolen; having filed a police report, I kindly request that the card be blocked immediately and a replacement issued.",lost_or_stolen_card,polite_expert,41
b163fac5-ea59-440b-bddd-4a03c4e952a2,"I have discovered that my payment card is no longer in my possession and, as a precautionary measure, I kindly request that the card be promptly disabled and a replacement issued, while also requesting a review of any attempted transactions since the time of loss.",lost_or_stolen_card,polite_expert,41
4202115d-a218-4ef8-bfd2-098ec97587c3,I have discovered that my debit card is missing and suspect it may have been taken; could you please advise on the procedure to block the card and arrange for a replacement?,lost_or_stolen_card,polite_expert,41
53d6e5ee-1bdf-4d71-bfb6-9f0b43129966,"I regret to inform you that I am unable to locate my card, suspect it may have been stolen, and therefore kindly request its immediate cancellation and the issuance of a replacement at your earliest convenience.",lost_or_stolen_card,polite_expert,41
9768610d-5629-4d70-8ae8-37e82faa2c81,I wish to report that my debit card is currently unaccounted for and request its immediate cancellation and replacement to prevent any unauthorized use.,lost_or_stolen_card,polite_expert,41
d8784178-ee53-4dd2-8146-f27807e884b5,"Hey, my wallet got jacked this morning so can you lock my card right now and check if any weird transactions went through?",lost_or_stolen_card,gen_z_slang,41
ec99c0b7-3004-4e33-b27a-0420d7ba45d8,"Yo, my card got jacked with my bag today, can you freeze it ASAP?",lost_or_stolen_card,gen_z_slang,41
689a54c2-33f2-4069-a72e-cccf9db8c04b,"Hey, my card dipped on me and I think it got stolen, can you freeze it and hook me up with a replacement ASAP?",lost_or_stolen_card,gen_z_slang,41
99526761-b8ce-49df-bbf3-01ff2f29c479,"Yo, I can't find my card rn, can you block it and send a replacement ASAP?",lost_or_stolen_card,gen_z_slang,41
2b3b8fc6-1179-4bcc-9472-a3ac1bf319eb,"Yo, I think I misplaced my card somewhere, can y’all freeze it ASAP?",lost_or_stolen_card,gen_z_slang,41
73d968dc-a3d0-44b3-b283-b0936f75e0ec,"Yo, my card got swiped, can you lock it down ASAP?",lost_or_stolen_card,gen_z_slang,41
83ab7c70-a0b2-4a9c-9d3a-a43a310b4287,"Hello, I lose my card yesterday, can you block it and give new one?",lost_or_stolen_card,non_native_speaker,41
1f9fdc9c-0740-4e6b-855f-fddd67dcab91,Could you please deactivate the card I lost yesterday and arrange a replacement for me?,lost_or_stolen_card,non_native_speaker,41
25aea280-dbc5-4fe9-9212-580757ce190d,"Hi, i think my card is lost maybe stolen, can you block it fast please.",lost_or_stolen_card,non_native_speaker,41
359ad1a1-8fae-4768-8847-6208aa27bff8,"I think my card missing maybe stolen, please block it and send a new one soon.",lost_or_stolen_card,non_native_speaker,41
2c751cc6-05c3-49e2-9d34-22a74c08d496,"Hello, I think my card is gone, please help freeze now.",lost_or_stolen_card,non_native_speaker,41
52adc49e-31f1-4139-8b99-9f74070a164a,"I think my card was stolen yesterday, can you block it and check any try to use?",lost_or_stolen_card,non_native_speaker,41
da83e5a7-7dfb-47fa-9d57-20d9da376c83,"Lost card, block",lost_or_stolen_card,short_wording,41
e2402989-0204-42ed-8cc0-7fc6e27b8123,"Card stolen, block now",lost_or_stolen_card,short_wording,41
0a858b14-8d20-41d2-bed5-8552d9d51fb9,"Lost card, freeze",lost_or_stolen_card,short_wording,41
b05bbb9b-f67c-43ef-9434-6ec9fcef3e5e,"Card stolen, block",lost_or_stolen_card,short_wording,41
1accfcd1-919e-452a-ae0f-b5c21510ec4f,"Card stolen, need block",lost_or_stolen_card,short_wording,41
c32c6552-e3dd-4c4e-8c5f-656b6952d899,"Stolen card, block",lost_or_stolen_card,short_wording,41
aebd5651-ac3e-49e3-ae51-4ad599508460,"My phone got snatched right outta my hand and now I can't get into my damn banking thing, sort this out ASAP!",lost_or_stolen_phone,angry_layperson,42
78bebc05-118c-48a4-a2c4-61a4e8f8850b,"My damn phone got snatched, lock everything down now or I'm gonna lose my mind!",lost_or_stolen_phone,angry_layperson,42
a750eb5c-eede-4000-b0b9-421dfa0bca17,"I lost my damn phone and now I’m freaking terrified someone’s gonna swipe my cash, tell me what the hell I gotta do right now!",lost_or_stolen_phone,angry_layperson,42
10977946-9fb1-4c32-a5f4-7ba683e2819b,My phone got snatched and now I'm freaking out – how the hell do I lock down my account before some creep messes with my money?,lost_or_stolen_phone,angry_layperson,42
099fdebd-6c11-4d75-b914-53df3de188be,My freakin' phone got snatched and I can't even get into my account—fix this crap now!,lost_or_stolen_phone,angry_layperson,42
6385392f-c4a5-425f-9b0b-951220563a80,My phone disappeared and I'm losing it—shut down every login right this second before my cash gets pilfered!,lost_or_stolen_phone,angry_layperson,42
4c857609-e7bf-4361-b7bb-bbce19bb5ed0,Phone stolen now block app access freeze account help,lost_or_stolen_phone,panicking_emergency,42
1ae354df-90aa-480d-b2a1-fb5887321d43,Phone ripped out of my hand need to freeze account now can’t use app panic,lost_or_stolen_phone,panicking_emergency,42
0163bff4-1880-4fcc-8833-30166265fddf,Phone stolen now cant log in freeze account immediately,lost_or_stolen_phone,panicking_emergency,42
218b3c67-5479-4715-b34c-d9fe403d3b50,Phone stolen need help lock account fast,lost_or_stolen_phone,panicking_emergency,42
aea28368-935f-4045-b779-a289c8f28d58,my phone stolen cant get to app freeze my account now,lost_or_stolen_phone,panicking_emergency,42
5ad261a6-c9e7-42f2-802c-594c5b08b1c8,Phone missing now freeze my accounts please,lost_or_stolen_phone,panicking_emergency,42
59b69987-7a2f-469f-b8a1-5121cd954c08,"I regret to inform you that my mobile device has been misplaced, preventing me from accessing the banking application, and I would appreciate guidance on securing my account and restoring access at your earliest convenience.",lost_or_stolen_phone,polite_expert,42
2efe3794-87c8-4998-9fb7-3759bc5955e5,"Dear Sir/Madam, I wish to report that my mobile device, which provides access to my banking application, has been inadvertently misplaced and is currently unrecoverable, and I kindly request immediate assistance in securing my account and disabling any mobile‑based authentication associated with the device.",lost_or_stolen_phone,polite_expert,42
9daadf2e-ed19-459c-be35-c4607a891cac,"I wish to report that my mobile phone has been stolen, thereby preventing me from accessing the banking application, and I respectfully request immediate assistance to secure my account and arrange alternative authentication methods.",lost_or_stolen_phone,polite_expert,42
0d79e8b4-35d3-4ef8-973c-0a51ec565527,"I wish to report that my smartphone, which I employ for electronic banking transactions, has been lost, and I respectfully request immediate guidance on securing my account and reestablishing access to the mobile application.",lost_or_stolen_phone,polite_expert,42
06abb71e-8ab6-4639-b5f7-70abe34f0d21,My handset disappeared today; could you promptly deactivate my mobile banking privileges and safeguard my profile against any fraudulent activity?,lost_or_stolen_phone,polite_expert,42
c53f58b0-520f-4a0b-89c4-45df5a1760aa,I have unfortunately lost my mobile phone and would like to ensure that my online banking application is immediately disabled to prevent any unauthorized transactions.,lost_or_stolen_phone,polite_expert,42
69f344bb-5b1e-42a9-9b15-02eb9e422fee,"Yo, my phone got swiped and I can’t access the app rn, need to block any logins ASAP.",lost_or_stolen_phone,gen_z_slang,42
b769dcf3-2e0e-40ca-a16e-00b69f1ab3df,"Hey, someone snatched my phone last night and I’m completely locked out of the app—what’s the best way to secure my account now?",lost_or_stolen_phone,gen_z_slang,42
7619b9e8-36d8-4f33-9f21-44fab767aad3,"Yo, my phone got jacked and I can’t even get into the app, need you to freeze it ASAP.",lost_or_stolen_phone,gen_z_slang,42
9e12c40f-f9dc-4532-844f-a747ee518b5c,"Yo, I lost my phone and need the app locked ASAP, plz help.",lost_or_stolen_phone,gen_z_slang,42
93f4a006-f371-45c8-b352-14fa2ac2c7eb,"Yo, my device got lifted and I need the account frozen immediately; can you take care of that for me?",lost_or_stolen_phone,gen_z_slang,42
9c720372-90b3-46dc-94ea-a7590834cd4a,"Sup, my phone was jacked—what steps do I take to lock the banking app and keep my money safe?",lost_or_stolen_phone,gen_z_slang,42
14db3195-67ad-40d5-bafa-4475c2fdb4b3,"My phone lost and I worry someone can use my banking app, what I should do?",lost_or_stolen_phone,non_native_speaker,42
d0234f0c-0cae-4a60-83e1-0b1e2dd89e01,"My phone is lost, please help stop other people use my bank app.",lost_or_stolen_phone,non_native_speaker,42
e72e9f4b-00b0-4cf3-ae19-7b9a7aed24d5,"My phone gone, I think stolen, what I need do for my bank account?",lost_or_stolen_phone,non_native_speaker,42
d073d02b-8bbb-452d-a7ed-bf2da3d83a90,"Hello, I lost my phone today and I cannot open banking app, please help block it.",lost_or_stolen_phone,non_native_speaker,42
3ba5b8d3-0dd5-4b5f-9ab2-81035737a508,"Hi, I lost my phone today and I no want other people see my account, can you help?",lost_or_stolen_phone,non_native_speaker,42
80aae6ec-844a-4a45-8d89-d9390f9384b7,"Yesterday my phone was taken and I cant open my banking app, please help me stop anyone using my account.",lost_or_stolen_phone,non_native_speaker,42
906cbb03-d318-44c7-82c5-4678012e802f,"Phone stolen, need access",lost_or_stolen_phone,short_wording,42
e1b95890-9e12-41d3-8ded-81f1bebb6ac7,"Phone stolen, lock app",lost_or_stolen_phone,short_wording,42
682f821f-5268-4548-a849-cc5717ac172e,"Phone stolen, need help",lost_or_stolen_phone,short_wording,42
9f86a1ec-e7f5-4ee7-a3b9-4979307bff47,"Stolen device, want entry",lost_or_stolen_phone,short_wording,42
fdb5fc0c-616d-4e08-bf4f-c25155fb9001,"lost phone, lock app",lost_or_stolen_phone,short_wording,42
f7d420a2-6f0d-4477-907f-188071d9f37b,"Phone lost, block app",lost_or_stolen_phone,short_wording,42
72c4353c-41eb-440a-a7b9-f1b212575412,I'm fed up with this crap—just tell me how the hell I can get a real card in the mail and what the damn charge is!,order_physical_card,angry_layperson,43
53865e0d-e1bf-40ce-a23e-6095c3b59f9b,I've been waiting forever and I still don't have my damn plastic card—send me a real one already!,order_physical_card,angry_layperson,43
9cbf5fa2-66de-4a19-8b55-dd1177ecdcfd,I've been waiting forever and still don't have a card—explain exactly how I can finally receive one and let me know if there’s any hidden fee I’m being charged.,order_physical_card,angry_layperson,43
ee725dfa-cf1e-47b1-9d91-e745fe9b7c6b,"Yo, I need a freakin’ real card in the mail already—why the hell is this taking forever and where the heck do you even ship it to?",order_physical_card,angry_layperson,43
f0f1370c-bf0b-439d-a0cf-9178d8c6add6,I'm sick of waiting forever—just tell me how the hell I can get a damn card in the mail already!,order_physical_card,angry_layperson,43
d25b3edd-3508-4fa4-847c-9a093e8768df,"I'm sick of this crap—send me a damn card already, I’ve been waiting forever!",order_physical_card,angry_layperson,43
b711e405-271a-4d14-a220-42e1bc5ed332,My account has been frozen and I can’t pull any cash—please expedite a replacement card right away.,order_physical_card,panicking_emergency,43
aa0982d2-8741-4dbf-8826-7282c2d3d97a,Need a card now my account locked can't withdraw urgent send physical card immediately,order_physical_card,panicking_emergency,43
e02fe962-e373-4641-8b6f-2e899b242791,Urgent need a card now lost my wallet can’t pay send me a physical card immediately,order_physical_card,panicking_emergency,43
a9da8b10-b70d-4c80-a707-2a381c8fd98f,Need a physical card immediately my wallet lost cannot access funds,order_physical_card,panicking_emergency,43
742b8e27-445b-4948-9d8a-37f1c6c772fa,I can’t access cash because my account is frozen; could you ship a fresh physical card to me as soon as possible?,order_physical_card,panicking_emergency,43
b54aee2e-9acb-4955-b2cf-b327fea9b63c,Urgently require a new card—my account is locked and I can’t withdraw funds. Please deliver it to 456 Oak Avenue without delay.,order_physical_card,panicking_emergency,43
35431542-1b1f-49c7-9ed4-c5aac19f4159,I wish to request the issuance of a physical payment card and would appreciate clarification regarding any applicable issuance fees as well as the permissible delivery destinations for the card.,order_physical_card,polite_expert,43
76bfa00c-aece-487b-a3fa-d5f728f249a5,I would like to request the issuance of a physical debit card and kindly inquire about any applicable fees associated with its provision.,order_physical_card,polite_expert,43
93c3d7e2-b449-4c60-a8ec-3c9546f790d9,"I would appreciate detailed instructions on how to request a physical debit card, including any applicable fees and the expected delivery timeline.",order_physical_card,polite_expert,43
49ba9420-7a7e-4988-82b7-f617d627592d,"Could you please explain how I can obtain a tangible debit card, including information on any charges and the process I need to follow to finalize the request?",order_physical_card,polite_expert,43
2a27104b-0464-42c3-bca5-ef2fe36ebb6c,I would like to request the issuance of a physical card to facilitate in‑person transactions and would appreciate detailed guidance on the application procedure as well as the available delivery locations.,order_physical_card,polite_expert,43
9be424b0-050b-4c5c-8922-c83407ad6129,"I would like to inquire about the procedure, applicable fees, and delivery options for obtaining a physical debit card at my residential address.",order_physical_card,polite_expert,43
8c29b6e8-972e-4b61-8f09-86d76915bca0,"Yo, can I request a real card to be mailed to my address, plz?",order_physical_card,gen_z_slang,43
8619cb98-21fa-46c3-9e75-9ee62c6ded35,hey can u hook me up with a physical card? need the deets on how to get it sent.,order_physical_card,gen_z_slang,43
04986a9b-27a5-4752-8ee6-dfc4ba68380d,hey can u let me know where you ship the card and how quick it can get to me?,order_physical_card,gen_z_slang,43
faa7e777-9db9-4a19-bf0a-9c45690c19aa,"Yo, can I snag a real card for me so I can actually swipe in stores?",order_physical_card,gen_z_slang,43
04f4ad1c-bff4-4420-95c6-3741b3c0aa0a,"Yo, can you ship a physical card to my address and let me know if my zip code is in the delivery area?",order_physical_card,gen_z_slang,43
848b41a9-6fbb-412a-a2de-fe1d3729582a,"hey can u tell me how i can get a physical card, what's the fee and where it can be shipped?",order_physical_card,gen_z_slang,43
aac69ee1-b030-46db-b7dd-3aa47f48d010,"Hello, I need a real card for buying things in store, can you tell me how get it?",order_physical_card,non_native_speaker,43
ca56832f-cf8b-411f-b957-deb6b4720037,"Hello, I want a physical card, can you tell me where you send it and how much I pay?",order_physical_card,non_native_speaker,43
58885121-f91c-49da-8871-c15d9a80db82,"Hello, I need new plastic card, can you tell me how I order it please?",order_physical_card,non_native_speaker,43
b4280d33-487d-4c23-b648-2676a9f0a02c,"Hello, I need a card, where you send it?",order_physical_card,non_native_speaker,43
b7db85a0-fcb8-4a51-99dd-b4ead9a6b9a5,"Hi, I want a real card please, how I can get it and what cost?",order_physical_card,non_native_speaker,43
29ace345-9f76-4713-80be-267bfea9fac3,"Hello, I need a physical card, can you send it to my house and tell me price?",order_physical_card,non_native_speaker,43
cab4d2f5-9f4d-4ae6-95ad-b53143f955ae,Physical card request,order_physical_card,short_wording,43
9c37242c-392f-4e76-a91a-1b8c95faef91,Physical card delivery?,order_physical_card,short_wording,43
8c58ba64-041b-487d-b1b9-7ad47cd215f9,Need physical card,order_physical_card,short_wording,43
94c960d0-8bc5-40a4-b25d-c86a847b9d77,Ship me a physical card,order_physical_card,short_wording,43
4189764e-9345-47d5-ac04-dd40360e2d1b,I need a card sent,order_physical_card,short_wording,43
66f04520-12d1-41c4-ab20-791ed9913623,Please issue a card,order_physical_card,short_wording,43
e4fb8704-fc3f-4c89-96e4-69274fc57128,"I'm fed up, I can't even get into my account because I forgot the code and you guys need to fix this now!",passcode_forgotten,angry_layperson,44
96b5c6b8-b08b-4700-abe1-d8592d40bc91,"What the hell, I forgot the damn code to get into my app and I need this fixed right now!",passcode_forgotten,angry_layperson,44
e087ee91-5298-47b1-a4dc-08cc926a7dce,"I’m mad as hell ‘cause I can’t get into the damn app—I forgot the freakin’ code, so sort it out right now!",passcode_forgotten,angry_layperson,44
9d946e9f-7a3e-4af3-baf6-3005f9a2671a,I’m fed up ‘cause I can’t get into my app at all ‘cause I blanked on the stupid number I need to log in!,passcode_forgotten,angry_layperson,44
ac0a62c4-ff02-4e77-b772-01266f212b03,"I can't find my damn login code and I'm fed up, fix this now!",passcode_forgotten,angry_layperson,44
212f6363-7299-4af7-b23e-ee5e4d121b51,I can't get into my account ’cause I totally forgot the damn code—figure this out right now!,passcode_forgotten,angry_layperson,44
09ce96e5-a55a-472f-9601-6ba175ecd6b4,Can't access my account my code vanished need help now,passcode_forgotten,panicking_emergency,44
c5b7eea2-0a38-41c8-b371-d61c765063db,Forgot my passcode cant log in need immediate help,passcode_forgotten,panicking_emergency,44
28479012-dd09-4ff9-98c3-9ba68df9e8f9,Cannot access account forgot my code need reset now,passcode_forgotten,panicking_emergency,44
303a64bb-7a28-452c-a4dc-caa030850acb,Can't access account forgot my passcode need reset ASAP,passcode_forgotten,panicking_emergency,44
a3327af4-cde4-4233-b05b-3c20a1d93a90,Can't log in forgot my passcode need reset fast,passcode_forgotten,panicking_emergency,44
a67088c7-87b8-4d18-8617-b4ab26a79c3a,Cant access app forgot my code need reset immediately,passcode_forgotten,panicking_emergency,44
f5db64f8-1799-495a-b4fd-9bdf1da30f0d,I am presently unable to access my online banking account because I have misplaced the security passcode and would appreciate detailed guidance on the procedure to obtain a replacement.,passcode_forgotten,polite_expert,44
5ba8427b-43bb-4bee-a129-5983a62ef696,"I would appreciate assistance in resetting the access code for my mobile banking application, as I am presently unable to recall it.",passcode_forgotten,polite_expert,44
c71a2539-8879-4b89-9043-3ffff0276bdb,I am unable to recall my online banking access code and would appreciate detailed instructions on how to securely reset it.,passcode_forgotten,polite_expert,44
535704aa-d935-49d2-b99f-d6910de74483,I am presently unable to recall the passcode required to access my online banking account and would kindly request assistance in initiating a secure reset.,passcode_forgotten,polite_expert,44
de5b16f2-8a85-441b-9590-d1748eb08203,"I kindly request assistance in resetting my online banking authentication passcode, as I am presently unable to recall the current credential.",passcode_forgotten,polite_expert,44
75d1470c-85b2-4474-9141-aee46a5a798a,I am unable to recall the access code required to log into my mobile banking application and would appreciate guidance on how to securely reset it.,passcode_forgotten,polite_expert,44
8538a096-293b-476d-a352-ed294a92fa76,"Hey, I totally spaced on my app login code, can u hook me up with a reset?",passcode_forgotten,gen_z_slang,44
09e7bc6e-4ffa-40c9-98c2-b6995d196528,"Yo I totally blanked on my app login code, can u hook me up with a reset?",passcode_forgotten,gen_z_slang,44
2b5f7a35-482b-4b88-a15e-f91c8a2e6c21,"Yo, I totally spaced on my app passcode and need a reset ASAP.",passcode_forgotten,gen_z_slang,44
34d50fbc-9c88-422e-9edf-f5bbd68dac2a,"Yo, I totally spaced on my app passcode, can you hook me up with a reset?",passcode_forgotten,gen_z_slang,44
88478911-9017-4c6a-afca-4850e7ddb490,"Yo, I legit forgot my passcode, need a reset ASAP.",passcode_forgotten,gen_z_slang,44
a7a6b963-a128-4e08-900a-4b1360f74c86,"Hey, I legit forgot my app passcode, can you help me reset it ASAP?",passcode_forgotten,gen_z_slang,44
6fc04b6b-1602-4ed9-ba3b-e766d225aeff,"I forgot my passcode, please tell me how get new one.",passcode_forgotten,non_native_speaker,44
f61e6299-4a0a-4da6-92a1-cc8e8ab70432,"I forgot my code to open the app, can you please help me get new one?",passcode_forgotten,non_native_speaker,44
e3b96af2-93ad-43e0-b7d7-3e2a9800e20e,"Hey there, I can’t remember the PIN for my banking application, so I’m unable to sign in. Could you walk me through the steps to create a fresh one?",passcode_forgotten,non_native_speaker,44
f49df86b-8558-408f-ac76-d6193e61a762,"Greetings, I seem to have misplaced the password that unlocks the app. Would you mind assisting me in setting up a replacement?",passcode_forgotten,non_native_speaker,44
d4299566-5655-45b8-add2-cacc71cb24ca,"Hi, I not remember my app passcode, can you please help me reset it.",passcode_forgotten,non_native_speaker,44
f054d2c2-a717-441d-8a1b-00b898dbd6db,I’m having trouble recalling the access code for my mobile app; can you guide me on how to obtain a new one?,passcode_forgotten,non_native_speaker,44
434e66c0-1db1-47bb-8e7d-2510b36ee4bc,Forgot app passcode,passcode_forgotten,short_wording,44
646eea73-8d64-4858-a9ed-b9c0fff50bcb,Forgot my passcode.,passcode_forgotten,short_wording,44
de04e663-84e6-477b-9f80-82e3c5fda177,Forgot passcode,passcode_forgotten,short_wording,44
9403e66d-701e-4bfd-8f7f-6cd719a61827,Can't recall the app PIN,passcode_forgotten,short_wording,44
9c2deb2f-99bb-4291-9310-25b7eb80ea99,Lost the app password,passcode_forgotten,short_wording,44
b193bfe3-d378-4e76-a708-811d29f4ad85,Need a new app passcode,passcode_forgotten,short_wording,44
f3869139-4ad2-4f30-a3a8-a1e663deac8e,"I tried to buy something and my damn payment is still stuck on hold, what the hell is going on?",pending_card_payment,angry_layperson,45
f3cf21ab-c333-4e02-bd06-ee7c0ded8a07,"I made a purchase this morning and the charge is still hanging there, which is absolutely infuriating!",pending_card_payment,angry_layperson,45
114bf64b-24ad-4001-8967-56d8fc3da527,My payment hasn't cleared yet and I’m sick of this endless pending status—get it sorted already!,pending_card_payment,angry_layperson,45
2e917d0c-bbb0-49a7-b014-02b851be4ce8,I swiped my card ages ago and it still says “pending”—what the hell is going on and when the hell will it actually go through?,pending_card_payment,angry_layperson,45
2de7c0f8-22a6-4d44-b564-586fdbd93704,"I swear, I swiped my card this morning and the money's still stuck, what's the freakin' hold up?",pending_card_payment,angry_layperson,45
47e87f8a-db16-44a9-b839-3f07a78ccbdc,"What the hell is taking forever for my card charge to go through, I’m sick of waiting!",pending_card_payment,angry_layperson,45
da9892f2-d447-4517-88c9-20fb9c6ce699,Payment still pending need it cleared now urgent,pending_card_payment,panicking_emergency,45
315cdf40-e85d-4053-973e-6a59a771f401,Urgent payment stuck pending need it cleared now,pending_card_payment,panicking_emergency,45
6b7852fb-2570-4371-bc1e-bd74f567a249,Help my card payment stuck pending need it cleared now my account frozen,pending_card_payment,panicking_emergency,45
4a882548-b98e-4eea-a8ea-f1dc3bf06670,I'm freaking out because my rent is due in a few hours and the card charge hasn't been approved yet; please process it immediately!,pending_card_payment,panicking_emergency,45
3a9f5df0-9d1f-45dc-8cff-cce9cb90dd46,Card payment from this morning still pending need it cleared now,pending_card_payment,panicking_emergency,45
d5c67452-b58d-43f7-a76f-568dff90a844,Card charge still showing pending need it cleared now my account frozen,pending_card_payment,panicking_emergency,45
ceb40c79-386f-43cd-a4d2-0b0edff89404,I have observed that a recent card transaction remains in a pending state and would be grateful for an explanation of the timeline for its settlement.,pending_card_payment,polite_expert,45
38f87b22-d938-4ea1-b47a-40cd2c48a1cf,"I respectfully request clarification regarding a recent card transaction that continues to be listed as pending after several business days, and I would appreciate information on the underlying cause and the anticipated timeframe for its settlement.",pending_card_payment,polite_expert,45
e8e318ed-9b56-4a41-a4ff-00b73b84d3e5,"I would appreciate clarification regarding a recent card transaction that remains in a pending state despite the passage of fourteen days, and I request confirmation of when the funds will be fully settled.",pending_card_payment,polite_expert,45
e7113e78-c738-4de6-a5ab-27a9c1146e9f,I would appreciate clarification regarding the status of several card transactions executed earlier today that remain in a pending state.,pending_card_payment,polite_expert,45
437f3a0b-23ad-4b33-9fc3-67109c5f3fcd,"I executed a purchase with my card earlier today, yet the transaction remains reflected as pending in my account; I would appreciate your assistance in determining the cause of this delay and an estimate of when the amount will be fully settled.",pending_card_payment,polite_expert,45
a2894be1-e367-4045-82a1-764454bcba88,"I recently executed a transaction using my debit card, yet the amount continues to appear as a pending authorization on my statement, and I would appreciate clarification on the expected timeframe for its final settlement and confirmation that the funds will be released accordingly.",pending_card_payment,polite_expert,45
88a3363c-2bfd-49ca-8a69-4b13b2f75f49,"Yo, I bought something yesterday and it’s still showing as pending on my card, any idea why it’s taking forever?",pending_card_payment,gen_z_slang,45
9f4b37e4-80cd-4496-b1cb-ca4f52ca68d5,"Hey fam, I just copped a hoodie earlier and the charge is stuck in limbo—any clue when it'll pop up?",pending_card_payment,gen_z_slang,45
7fa04278-e2f4-419b-b631-2d93a3e0ab43,"Sup, the payment I made this morning is still hanging, when's it gonna drop through?",pending_card_payment,gen_z_slang,45
22287bc7-b898-4f67-a45c-a0c2be311e87,"Yo, the transaction from last night hasn't bounced off pending yet, what's the hold‑up?",pending_card_payment,gen_z_slang,45
f391c157-7008-4e7c-a904-8d4e2d3efdc2,"Bruh, I tapped my card for coffee earlier and it's still showing as pending, can you peep why?",pending_card_payment,gen_z_slang,45
f5b60015-88bb-4214-be24-c88f3e1ffdb9,"Yo, just grabbed some sneakers and the bill's frozen, any idea when it'll clear?",pending_card_payment,gen_z_slang,45
6ae3c96f-aa15-4ecd-8a3e-097c2f2cede5,"Hi, I made a payment with my card but it still show pending and I not see the money taken yet, please help.",pending_card_payment,non_native_speaker,45
a82402f0-5f14-478d-aca7-a655411fb8ca,"Hello, I use my card two days ago and the payment still not done, can you please check?",pending_card_payment,non_native_speaker,45
c25b8001-ce64-4679-b7c8-134778c053e2,"Hi, I see my card payment still pending and I not understand why it not finished.",pending_card_payment,non_native_speaker,45
cfb984f1-3363-4dfc-985a-75c83e685921,"I made a purchase but my card still show pending, can you tell me why?",pending_card_payment,non_native_speaker,45
7b456c6c-eee1-48d8-92d3-5dc98374820b,"I buy something yesterday and my card still pending, can you tell me when it will finish?",pending_card_payment,non_native_speaker,45
4ec3b1d0-583f-4c4b-972d-e8200d5cf249,"I pay with my card but it still pending, how long wait?",pending_card_payment,non_native_speaker,45
990deefb-aac0-4e39-8c9f-507e0e5e36d0,payment still pending,pending_card_payment,short_wording,45
0999e84f-5239-448d-b2f4-adc0667bb008,Card payment still pending,pending_card_payment,short_wording,45
5ba63bde-aa44-4d1f-b782-b32427ca9586,Payment hasn't cleared yet,pending_card_payment,short_wording,45
9ecba0ed-e751-451d-bc05-f9d936f8c8c0,Still waiting on payment,pending_card_payment,short_wording,45
282f994e-4a25-4be9-be82-7a911bec4542,Card charge still pending,pending_card_payment,short_wording,45
7835023d-ac8c-4025-9e96-12dff3546141,Transaction not completed,pending_card_payment,short_wording,45
dddaa7cc-3112-408d-b11e-9969e4eee706,"I tried to pull cash from the ATM and it's still stuck, what the hell is taking forever?",pending_cash_withdrawal,angry_layperson,46
ab5cd3fb-d78e-448d-b509-567425696813,"I hit the ATM, got the cash, and now the app still says it's stuck—what the hell is taking forever?!",pending_cash_withdrawal,angry_layperson,46
9cfb7629-5917-4e64-9dd0-21456619bdc5,"How the hell did I try pulling cash and the ATM says it worked, but my account still shows it stuck, fix this now!",pending_cash_withdrawal,angry_layperson,46
3e1e87cb-804a-4dc3-a622-e2dc6d5a712e,"I tried to grab cash at the ATM and it's still hanging there, what the hell is taking so long?!",pending_cash_withdrawal,angry_layperson,46
82761fed-a27c-4e1b-b222-5bd4cf152da9,"I tried pulling cash at the ATM and it messed up, now my account shows some weird “in progress” charge and I got nothing—fix this ASAP!",pending_cash_withdrawal,angry_layperson,46
960d1d25-def2-45ce-ae0e-634054dc7298,"Yo, I grabbed cash from the ATM ages ago and my app still shows it as pending—fix this now!",pending_cash_withdrawal,angry_layperson,46
c0d43281-1a7d-455c-8ea5-4d33089fd6d6,ATM ate my cash nothing came out account still shows pending need help now,pending_cash_withdrawal,panicking_emergency,46
dc787d2f-f66d-4d32-83bd-0529ee072027,Cash withdrawal stuck pending need money now,pending_cash_withdrawal,panicking_emergency,46
c8fd130f-f406-4075-957a-7d02d13a6e1c,ATM denied cash still pending I got nothing need it cancelled now,pending_cash_withdrawal,panicking_emergency,46
20a711db-d9a1-40b1-816e-910f230b96a7,The app shows my ATM withdrawal as pending even though I already received the cash; I need the funds released immediately.,pending_cash_withdrawal,panicking_emergency,46
a0783451-2407-4b69-a87f-f9c7dd537595,Cash not cleared from ATM need it now,pending_cash_withdrawal,panicking_emergency,46
679f5676-adda-4161-ad18-e30cb17ba9f3,My ATM transaction didn't dispense any money and it's still listed as pending; please cancel it and credit my account right away.,pending_cash_withdrawal,panicking_emergency,46
6d6fd33e-e5f8-4d2a-8172-6df51d049435,"I would appreciate clarification on the status of my recent ATM cash withdrawal, which continues to appear as pending in my account.",pending_cash_withdrawal,polite_expert,46
ab8df981-7af8-4a6e-a6d4-afff1aee6683,"I observe that a recent ATM cash withdrawal on my account remains marked as pending, and I would appreciate clarification regarding the cause of this delay and an estimate of when the transaction will be fully settled.",pending_cash_withdrawal,polite_expert,46
eb103ff8-85af-45a5-b2f2-b7dd9405635b,I would like to inquire about the duration for which my recent ATM cash withdrawal remains in a pending status on my account.,pending_cash_withdrawal,polite_expert,46
d4b6d9b7-3fec-4956-85cd-d10c2ea5a31c,I have observed that a recent cash withdrawal from my account is still listed as pending and would appreciate clarification on the anticipated processing timeframe and any steps I may need to undertake to resolve this matter.,pending_cash_withdrawal,polite_expert,46
539c7e77-fd42-4a42-8dac-af1f373ba5ea,I am writing to request clarification regarding a recent ATM cash withdrawal that continues to appear as pending in my account and has not yet been reflected as a confirmed transaction.,pending_cash_withdrawal,polite_expert,46
6401b86f-5e4b-44ff-93d2-ffab1e3039a8,"Dear Customer Service, I attempted to withdraw cash from an ATM earlier today, but the machine failed to dispense the funds and the corresponding transaction now appears in a pending state within my account; I would appreciate your assistance in confirming that I will not be charged for this incomplete withdrawal and in resolving the pending entry at your earliest convenience.",pending_cash_withdrawal,polite_expert,46
f47d2473-efab-487d-a0ba-a6e40e704634,"Yo, I tried pulling cash at an ATM earlier and it’s still showing as in progress, can you peep what’s up?",pending_cash_withdrawal,gen_z_slang,46
d9d77055-f41d-472f-8ed4-13e45c3f6a6f,"Hey, why’s my ATM cash pull still pending, when’s it gonna clear?",pending_cash_withdrawal,gen_z_slang,46
006d2055-ffbe-46a3-8716-f1b4f4e3728d,"Yo, I just tried to grab cash at the ATM and it’s still stuck pending, when’s it gonna clear?",pending_cash_withdrawal,gen_z_slang,46
628fd19c-d81d-498d-be9b-3572d356f6b3,"Yo, I tried pulling cash at the downtown ATM, it says pending and I got nada, can you sort it out ASAP?",pending_cash_withdrawal,gen_z_slang,46
093aa8f9-f94c-4844-ada5-5a886e4af46b,"Yo, I tried pulling cash earlier and it’s still stuck on pending, any idea when it’ll clear?",pending_cash_withdrawal,gen_z_slang,46
093dbb13-c451-4e80-8a1f-2b1ae21c53bb,"Yo, my ATM pull is still stuck on pending, any idea when it'll clear?",pending_cash_withdrawal,gen_z_slang,46
fb0b60f5-b7c8-47ca-a402-9cd2a45cfae8,"Hi, I try get cash from ATM but it show pending and I no get money, please help cancel.",pending_cash_withdrawal,non_native_speaker,46
b406f84f-bcc8-41ec-bf95-c87c429280d8,"Good day, I withdrew cash at an ATM, yet the transaction remains pending in the app even though I have the cash in hand. Could you assist?",pending_cash_withdrawal,non_native_speaker,46
bfc8d2a1-2982-4f4c-af0c-cb2928702604,"Hey, I attempted an ATM withdrawal but the status is still pending and my account shows no funds. Please advise.",pending_cash_withdrawal,non_native_speaker,46
d16a51ca-e7de-4e24-8ba4-3ae12ba0d853,"I withdraw cash from ATM but app still show pending, how long it take?",pending_cash_withdrawal,non_native_speaker,46
2ab98845-4e2a-452f-987b-25e1c3fb83a2,"Hello, the ATM gave me no money and the app still lists the withdrawal as pending. I need help canceling it.",pending_cash_withdrawal,non_native_speaker,46
5bcee50a-b1b3-405f-86a3-99c6a0fbbc2a,"I completed a cash withdrawal, the app still marks it pending, and I already possess the cash. Would you kindly verify this for me?",pending_cash_withdrawal,non_native_speaker,46
fe3d3ae8-50e7-4148-b4b4-1bd2773ddac8,ATM withdrawal pending,pending_cash_withdrawal,short_wording,46
47e12dff-0373-4b14-9b76-5b0be201551b,Withdrawal still pending,pending_cash_withdrawal,short_wording,46
c34ffd44-d621-496f-8827-91e14bdd63c6,ATM withdrawal still pending,pending_cash_withdrawal,short_wording,46
d5f2ff87-2808-416c-80f9-628c0d229b34,ATM cash request pending,pending_cash_withdrawal,short_wording,46
87cd58bf-003f-4743-b746-0d5e484f588f,Pending ATM cash withdrawal,pending_cash_withdrawal,short_wording,46
0c7ecf9b-6e8a-47ba-81ee-fa767651b621,ATM pull still awaiting,pending_cash_withdrawal,short_wording,46
4fe9c2c7-a6e3-40c9-a675-830e9a9b6396,"I put money on my card ages ago and it’s still not showing up, this is insane!",pending_top_up,angry_layperson,47
c111daf4-fc86-4469-8341-9908405bd4fc,"I topped up my account ages ago and it’s still stuck in limbo, I need that money right now or I’m done with you!",pending_top_up,angry_layperson,47
4093cf3a-c74b-41af-9dbe-2bf146872334,I tried to add cash to my account like forever ago and it's still stuck—what the hell is taking so damn long?!,pending_top_up,angry_layperson,47
c6da5a64-6451-419f-b150-973987f42b47,"What the hell is taking forever with my top‑up? I tried to add cash half an hour ago and it’s still stuck, I need that money now.",pending_top_up,angry_layperson,47
0bbd96c9-7bc2-4750-9fb2-56418acbb6fe,"What the hell, I tried to add cash to my account and it’s been stuck for hours—this crap needs to work right now!",pending_top_up,angry_layperson,47
07e40700-7800-4889-9e93-20f7fbca5cd3,I shoveed money into my card this morning and it still ain't showing up—what the hell is broken?!,pending_top_up,angry_layperson,47
d91dc2c7-bc09-465a-97a1-9f5021c29353,Top up from this morning still not through need cash now urgent,pending_top_up,panicking_emergency,47
af8bbea0-e81a-4369-b2c8-8b10756c3e1e,Top up still not here need the cash now,pending_top_up,panicking_emergency,47
499a7695-06d5-420b-9fec-9348ada7f5a1,Top up still pending I have urgent bills I need the cash now,pending_top_up,panicking_emergency,47
d5882944-4653-4010-8321-d4fdf5ffc55c,Top up stuck Money not showing Need it now Account empty Please fix immediately,pending_top_up,panicking_emergency,47
d226c0bd-dfd6-418f-bb12-2ee2dfbea39d,Urgent help my top up still not done hours passed I need money now cannot wait,pending_top_up,panicking_emergency,47
885dc46e-a3c1-462d-a80c-964a942db4f9,Top up stuck I need cash now please fix it urgently,pending_top_up,panicking_emergency,47
7e4b29be-6857-4f96-b4b5-7b9d3c38a752,"I have observed that the recent top‑up I initiated using my debit card continues to display a pending status, notwithstanding the card’s confirmed functionality, and I would appreciate clarification regarding the underlying cause and the anticipated timeframe for its completion.",pending_top_up,polite_expert,47
f7ac4f4e-e53c-4a39-9b90-3acb12fc2cc8,I would appreciate clarification as to why the recent top‑up I executed with my card continues to appear as pending in my account.,pending_top_up,polite_expert,47
e272c7f3-11fb-44dd-a392-82a0bf3630b1,I would appreciate clarification as to why the funds I recently added to my account remain in a pending status.,pending_top_up,polite_expert,47
358b6fd8-4213-40b8-8411-7f9f3964eac9,"Dear Customer Support, I kindly request your attention to a top‑up I performed approximately three hours ago, which has not yet been reflected in my account balance; I would be grateful if you could investigate the delay and ensure its prompt completion.",pending_top_up,polite_expert,47
26e9890e-fed2-44dc-8f09-244e74d82377,Would you mind checking the top‑up I initiated about three hours ago? It hasn't cleared and is still marked pending in my balance.,pending_top_up,polite_expert,47
0769666e-a9bf-4e2f-a36e-19ffd503e58e,Could you please explain why the latest deposit I made is still showing as pending on my account?,pending_top_up,polite_expert,47
f61d721d-adfd-4f29-9957-db8974e304a4,"Yo, I just topped up my card and it’s still stuck on pending, what’s the deal?",pending_top_up,gen_z_slang,47
59f27369-533a-4eba-8149-9bd4fbcfa90d,"Hey, my recent top‑up hasn't cleared yet even though the card's active—can you fix it pronto?",pending_top_up,gen_z_slang,47
ac55536f-8db8-4325-afef-9a3151640bdf,"Yo, I topped up like three hours ago and it still ain't showing up, can you check?",pending_top_up,gen_z_slang,47
2096ae80-731d-4e4b-9314-5a093d979cf6,"Yo, I added funds a few hrs back and the balance is still missing, mind taking a look?",pending_top_up,gen_z_slang,47
fd61f4d4-c92b-412f-9b16-e35c5b64b68e,"Sup, I topped up my card moments ago and it's still hanging, need that sorted quick.",pending_top_up,gen_z_slang,47
78f3b13e-b0ab-4fcf-bc32-56a47461eeb0,"Yo, I topped up my card earlier today but the cash still isn’t showing up in my account, why’s it stuck?",pending_top_up,gen_z_slang,47
e872881b-3493-41b9-9e09-67e97d0d3c6d,"Please help, my top up still not finish, I waiting long time and need money now.",pending_top_up,non_native_speaker,47
9134693e-cf8b-4c92-93f1-35617840bacd,"Hi, I try top up my account but it still pending for a while, can you please check?",pending_top_up,non_native_speaker,47
a9829325-9389-4389-ae1a-8cdcbc95e8f4,"I top up my card this morning but I still no see the money, when it will come?",pending_top_up,non_native_speaker,47
b5a445e1-8c72-4e65-9498-42225acccc89,"Hey there, I've attempted to add funds to my card but the balance hasn't updated and it remains in a pending state; could you assist me with this?",pending_top_up,non_native_speaker,47
0cc18af7-8705-4fc3-9bda-2308efe0f7f7,"Hello, I deposited money onto my card, yet it hasn't appeared in my account; would you mind investigating the issue?",pending_top_up,non_native_speaker,47
cc4a09c2-1ef1-43e0-b7ab-2cd95fc1e3f9,"Hello, I just top up my account but it still pending and I cannot see the money, can you please help?",pending_top_up,non_native_speaker,47
93142e4f-7302-4442-a3cd-0bb7ff56e00a,Top up stuck pending,pending_top_up,short_wording,47
9e73ba3f-8e62-46a3-af83-1a2ecd0356bb,Top up pending,pending_top_up,short_wording,47
ade1dc4e-f4b1-413e-a505-1f46e0eff29c,Pending top‑up,pending_top_up,short_wording,47
a663e4ed-6653-4910-a35d-720e0e834b4f,Top up still pending,pending_top_up,short_wording,47
b76e40f9-3802-4407-b600-d5fa6930efd8,Top‑up not completed yet,pending_top_up,short_wording,47
38b3601f-a364-49ff-becf-60985d0298a6,Still waiting on top‑up,pending_top_up,short_wording,47
c10bf7c1-101c-4cfb-9f16-12ee11abdc1a,I moved my cash over like forever ago and it's still sitting there doing nothing—what the hell is taking so long?!,pending_transfer,angry_layperson,48
14ec3531-10e4-4b30-9e1a-9901f71f850d,"I sent my cash ages ago and it’s still stuck somewhere, what the hell is taking so long?",pending_transfer,angry_layperson,48
cc043566-1187-486e-8c88-9e4bcda30d41,I sent my money ages ago and it’s stuck in some limbo—what the heck is taking forever to process? I need this fixed right now!,pending_transfer,angry_layperson,48
f07119ac-01b9-4387-b074-a3c6e70f9cc9,"Two days have gone by since I transferred the cash and it’s still nowhere to be found—this endless wait is ridiculous, sort it out immediately!",pending_transfer,angry_layperson,48
ab13c9a0-902d-40ed-b133-cbf92977c5d9,I sent my cash over two days ago and it’s still nowhere—what the hell is taking so long?!,pending_transfer,angry_layperson,48
bed8b01b-39c5-4abe-9ec6-0563cc0e0d8b,"What the hell, I've been waiting ages for that money to show up and it's still stuck somewhere, fix it now!",pending_transfer,angry_layperson,48
ef7e612b-ccb1-484f-b648-84090e6895ad,Transfer stuck pending need it cleared now payment due today urgently,pending_transfer,panicking_emergency,48
fead6850-5ded-45d1-9890-554f4bee34f5,Money transfer still pending need it now urgent account empty,pending_transfer,panicking_emergency,48
918a24c1-9343-4a9e-b2a0-2b81fe22bf2b,Transfer still pending need it to go now urgent help,pending_transfer,panicking_emergency,48
488b5532-3de1-46fb-b18b-c7312f3da9f5,My transfer still not sent need it now urgent,pending_transfer,panicking_emergency,48
14f9320a-86f9-4cf2-908b-74e3c38ab1f7,Transfer still not done need it now urgent can't wait,pending_transfer,panicking_emergency,48
f9fa6fbb-27ee-4951-974c-a95a2c8062a4,Transfer missing need it now check status urgently,pending_transfer,panicking_emergency,48
084bd42f-0a2a-4d29-bd16-b47cdf4160b7,I have initiated a funds transfer that continues to appear in a pending status despite confirming the accuracy of the recipient details; could you kindly advise on the underlying cause and the necessary steps to finalize the transaction?,pending_transfer,polite_expert,48
1297f19e-100d-4acf-8d47-cc00c0f07b4e,I would appreciate clarification as to why the funds I transferred twelve hours ago remain listed as pending and what measures might expedite the processing.,pending_transfer,polite_expert,48
b2e105b8-db35-4eb5-a4df-6fdb3b0f4ab2,"I would appreciate clarification regarding the status of the interbank transfer I initiated yesterday, as it remains unresolved in my account and I am uncertain of the anticipated processing time.",pending_transfer,polite_expert,48
ee099467-70ae-44b8-807d-e1dc4f1c7c2e,Could you explain why my latest transfer is still waiting to be processed and advise on any actions that could accelerate its completion?,pending_transfer,polite_expert,48
85f95756-1a09-4b14-bca1-c1595d10b036,"Hello, I’m seeking information about my recent interbank payment that has not yet appeared in the recipient’s account even though the expected delivery date has passed.",pending_transfer,polite_expert,48
89419f37-7be3-4e84-a1c9-0386d52f2231,"I would like to inquire about the status of my recent funds transfer, as it remains pending and has not yet been reflected in the beneficiary’s account.",pending_transfer,polite_expert,48
d93971ed-4b54-4c4a-9af0-82c82f57e64e,"Yo, my transfer is still stuck in limbo, can you tell me when it’s actually gonna clear?",pending_transfer,gen_z_slang,48
c1926124-a6b6-4a1e-a497-bdc6fdf0c084,"hey i sent a transfer but it’s still stuck, plz let me know why.",pending_transfer,gen_z_slang,48
699d968f-796c-4a7b-908e-2060f315ef13,"Yo, my transfer’s still stuck on pending, any idea when it’ll actually go through? Need it ASAP.",pending_transfer,gen_z_slang,48
53387148-ad00-4cd2-99a6-98e7d0da295a,"Yo, tossed a transfer earlier today and it’s just hanging there—any word on when it’ll finally drop through?",pending_transfer,gen_z_slang,48
5a4d5e74-e32e-4f25-98d5-8c71c210a72d,"Yo, I sent a transfer earlier today and it’s still showing as pending—any clue how long it’ll take to go through?",pending_transfer,gen_z_slang,48
d888a488-4545-4183-8832-cdb0c8c3b505,"Yo, shipped a transfer about half a day ago and it’s still stuck in the queue, spill the tea on when it’s gonna clear.",pending_transfer,gen_z_slang,48
70d02709-c52b-44cc-99c0-e0a3060a9540,"My transfer to my mother still waiting, it not sent yet, can you check please?",pending_transfer,non_native_speaker,48
8edb3aed-e811-4c05-91ad-0187fd191ca2,"I send money to my friend but it still pending, why not finish?",pending_transfer,non_native_speaker,48
10e2a8ef-fd78-4839-9c5f-de10d46c8366,"Hello, I made a transfer to my family but the money still not appear in their account, can you tell me when it will finish?",pending_transfer,non_native_speaker,48
9677aa1d-9de6-4a12-bf53-6b26b47055c4,"I make transfer yesterday but still not show, when it will finish?",pending_transfer,non_native_speaker,48
b71e508b-4fc3-4c66-baa6-b275a4923133,Could you check why the transfer I made yesterday is still not finished?,pending_transfer,non_native_speaker,48
03d3d252-63ef-481a-9ab1-90eb036bf34f,I sent money yesterday and it hasn't shown up yet; please tell me when it should be processed.,pending_transfer,non_native_speaker,48
729d45c4-1709-48a3-b995-0aa99c6bdcb0,Transfer still pending,pending_transfer,short_wording,48
a9de0b97-e989-4eae-9383-e57c00459e3a,Pending transfer,pending_transfer,short_wording,48
a2aba62d-a2f2-4579-b0dc-a9aac6cb4784,Transfer not completed,pending_transfer,short_wording,48
8d69cfb0-7fd0-4727-8259-8dbdbdf76cf9,Transfer hasn't gone through,pending_transfer,short_wording,48
8e01d3ec-22df-4f22-91a3-6d1aa407b911,Transfer awaiting completion,pending_transfer,short_wording,48
ed5feeae-f493-4124-b007-c2024a7997b4,Still waiting on the transfer?,pending_transfer,short_wording,48
70156f54-524f-4c82-a897-be82bcd11eee,"My damn PIN got locked after a few tries, I need it unlocked right now!",pin_blocked,angry_layperson,49
3a0fb2a7-7f25-46b1-970d-e6153c1c2bd6,"After repeatedly entering the wrong code, my PIN is now blocked—please reactivate it immediately!",pin_blocked,angry_layperson,49
19377d85-a93f-4c9d-8220-637891a49de4,"I'm fed up, this stupid ATM keeps rejecting my PIN and now it's locked, fix this damn thing already!",pin_blocked,angry_layperson,49
d6b34ebd-ac6d-439e-bcd9-baeaac001324,The system has frozen my PIN after just a handful of attempts; I demand it be restored this instant!,pin_blocked,angry_layperson,49
e15cdae2-4d1b-4bb7-8199-562f1ef94993,"I tried my damn PIN way too many times and now it’s frozen, get it working again now!",pin_blocked,angry_layperson,49
a8507422-1a5b-4fb4-9d70-6c2510c2afcb,I keep punching in the wrong PIN over and over and now my card's dead—sort this out now!,pin_blocked,angry_layperson,49
1805b332-e272-4485-b079-c1afaa774623,Card PIN locked after wrong tries need it unlocked immediately,pin_blocked,panicking_emergency,49
07be5bd9-ddf1-4701-aea3-bad100a2f243,I entered the wrong PIN several times and now the card is disabled; please reactivate it right away.,pin_blocked,panicking_emergency,49
95e15f38-e352-4bbe-8fdc-4b7b9f8586a8,Card blocked after many wrong tries need PIN unblocked ASAP,pin_blocked,panicking_emergency,49
b4777731-4739-4027-9908-b94f259cc1c1,My pin is locked I need it unlocked now,pin_blocked,panicking_emergency,49
99837b37-8a28-4b2a-8ad7-0e507f0bc38b,PIN blocked cant use card need unblock immediately,pin_blocked,panicking_emergency,49
68bc44f3-3126-49f8-973b-5e6742317984,My PIN got blocked and I can't make any purchases—could you unlock it as soon as possible?,pin_blocked,panicking_emergency,49
c0e0a11c-5701-4ae3-b566-7582d47c5c0a,"I kindly request assistance in unlocking my PIN, which has become locked after exceeding the permitted number of entry attempts, thereby preventing me from accessing my account.",pin_blocked,polite_expert,49
358a400c-8819-4271-8c5c-f209b8eba288,"I would appreciate guidance on how to restore access to my debit card after exceeding the permitted number of PIN entry attempts, which has resulted in the PIN being locked.",pin_blocked,polite_expert,49
33b3d48a-79b4-43ba-bd3a-d32bac23bacf,"I would appreciate assistance in unlocking my debit card, as I am currently unable to access it due to an incorrect PIN entry that has resulted in a lockout.",pin_blocked,polite_expert,49
98980a37-3fbc-4a40-b51a-d80de665c161,"I have entered my personal identification number incorrectly on several occasions, resulting in my card being locked, and I kindly request guidance on the procedure required to have the PIN reinstated.",pin_blocked,polite_expert,49
12448aec-0e29-4729-92d7-096e171be1ba,"Dear Sir or Madam, I would kindly request assistance in unblocking my account’s personal identification number, as I have exceeded the permitted number of entry attempts.",pin_blocked,polite_expert,49
bb5efcd8-b756-456e-9b2a-227ddde8edce,I would be grateful if you could advise on the procedure to restore access to my account after my personal identification number has been locked due to multiple unsuccessful entries.,pin_blocked,polite_expert,49
733a37b6-a867-4b80-bbcb-6e8914a9b7e9,"Yo, I typed the wrong PIN too many times and now it’s totally locked, can you help me get it unblocked?",pin_blocked,gen_z_slang,49
0cd6911c-f584-4b55-b970-c4ccc46d55e9,"Yo, I slammed the wrong code on my card over and over, and now the system won’t let me in—can you hook me up with an unblock, like right away?",pin_blocked,gen_z_slang,49
4c9200b1-9690-44be-a2c9-1f8cbea377d9,"Yo, I messed up my PIN too many times, can you help me get it unlocked?",pin_blocked,gen_z_slang,49
f4f1ce17-c09f-46e5-91d4-4c8da5e6f49c,"Yo, I keep hitting the wrong PIN and now I can’t get into my app—how do I fix this?",pin_blocked,gen_z_slang,49
f3441eea-96e1-40d5-af80-54863a470bcf,"Hey, my card PIN got blocked after a few wrong tries, can u help me unlock it?",pin_blocked,gen_z_slang,49
06426b35-8a60-411f-9311-9e4e7c1faa05,"Hey, my PIN is totally blocked rn, can u unlock it for me?",pin_blocked,gen_z_slang,49
3a5ebb32-94b7-4045-bf82-9f2ceb7428ec,"I tried many time wrong PIN and now it not work, can you help me unblock?",pin_blocked,non_native_speaker,49
86e98120-ced4-4e8b-b5be-10440ca802ee,"I entered the wrong PIN repeatedly, and now my card won't let me access anything; could you assist in resetting it?",pin_blocked,non_native_speaker,49
c91cbfa2-c111-421f-9c28-215638d26114,"After several incorrect PIN attempts, the system has locked my card—please guide me on how to restore access.",pin_blocked,non_native_speaker,49
f2fe22e8-b220-4e27-879c-8869227dbaf6,"My PIN is blocked now, I try many times and card not work, please help me fix it.",pin_blocked,non_native_speaker,49
7c663283-b16d-4a31-b5a3-29ab1ce8dfff,"My PIN attempts failed many times, and the card is now disabled; I need help to reactivate it.",pin_blocked,non_native_speaker,49
e1a2b83b-1194-4e80-b77d-901e06def86d,"Hello, my card pin is block now, can you help me unlock it please.",pin_blocked,non_native_speaker,49
7c00845b-16eb-41b5-9b7a-61132ff70470,"PIN locked, need reset",pin_blocked,short_wording,49
6338a287-ed73-46fe-8fd0-edcf01f55601,"PIN locked, help",pin_blocked,short_wording,49
ff99b852-20db-4711-9827-751df9e079ca,"PIN blocked, help",pin_blocked,short_wording,49
f40f1166-47f2-4a65-81b3-87c6a11e1eec,"Can't use my PIN, please help.",pin_blocked,short_wording,49
45517951-17f3-4d51-aa9e-b6b4e891e6fe,"PIN blocked, reset",pin_blocked,short_wording,49
097f8762-c8bf-4374-9ec3-b7a961b7c8fd,"PIN locked, need help.",pin_blocked,short_wording,49
f669ea05-71cc-411d-a4b4-74474dffab61,"Why the hell hasn't my friend's money hit my account yet, I need that cash now!",receiving_money,angry_layperson,50
ae032b5c-5fe9-42a7-bca6-8e6a8a140e7d,I’m sick of waiting for my paycheck to hit this stupid account—why the hell isn’t the money showing up already?!,receiving_money,angry_layperson,50
2d1adbf8-61ed-4dfd-b4a6-7a9ee2788b2a,I got my paycheck in pounds and now my account's stuck with it—why the hell isn’t it in my own money already?,receiving_money,angry_layperson,50
9c36a9d1-8753-4e4e-b448-1d8103be9f09,I told you guys to put my paycheck in this account and it’s still not showing up—what the hell is taking so damn long?,receiving_money,angry_layperson,50
800add27-de95-4f58-bf17-a07699c76efd,"I’m fed up—my boss sent my pay and it’s nowhere to be found, what the hell is going on?",receiving_money,angry_layperson,50
bbc39ebc-5e3a-4e71-a2a9-ab9a073c119d,"I'm fed up with this endless wait—my money still hasn't landed in my account, so why is the transfer taking forever?",receiving_money,angry_layperson,50
b66397c8-e008-4afc-9dfe-6845b936a778,Need my paycheck deposited immediately account not showing incoming funds panic,receiving_money,panicking_emergency,50
db34b4e3-bdb5-4c97-b6dd-6753689cc108,Salary missing from account need money now urgent,receiving_money,panicking_emergency,50
2c004df5-0af9-46f3-a8b8-791943210232,Urgent need salary credited today can I receive GBP on this account now,receiving_money,panicking_emergency,50
a3a639b8-82ad-48ae-941e-f355059f98d9,Help my salary just arrived why cant i see it now,receiving_money,panicking_emergency,50
66cdfa97-963b-40e6-94bf-03136521e462,Salary GBP just transferred not appearing need it urgently,receiving_money,panicking_emergency,50
07abf044-d53b-4424-8c25-0f59dc9aa022,Salary not in account I need it now help,receiving_money,panicking_emergency,50
c95c46ab-7327-41a2-a927-90da0ec8f42b,"I am seeking clarification regarding the mechanisms and any applicable restrictions for receiving inbound transfers, including payroll deposits and personal remittances, into my account.",receiving_money,polite_expert,50
15d785b7-113e-436f-8216-7605c2418f74,I would appreciate clarification on whether my employer can remit my salary directly to this account and what specific conditions or documentation are required to facilitate such a credit.,receiving_money,polite_expert,50
11c24690-34f3-4ebe-a053-1f1fe62bfdda,"I would like to confirm whether my GBP remuneration can be credited to this account and, if so, request guidance on the appropriate configuration steps required to facilitate such deposits.",receiving_money,polite_expert,50
0aaa4b98-de4f-4e6c-bbd3-8b2dbaab4da4,"I would appreciate guidance on the appropriate procedures to have my salary deposited into my account, including any necessary currency specifications.",receiving_money,polite_expert,50
8b28e321-ed84-4181-a462-cf692b4215ce,Could you confirm whether this account can accept inbound GBP transfers and explain any foreign‑exchange implications that might apply?,receiving_money,polite_expert,50
361bbb7f-b575-4164-8a99-f1d486c47488,"Please outline the requirements for having a GBP salary deposited into this account, and let me know if a third‑party may initiate the payment on my behalf.",receiving_money,polite_expert,50
bceb4e96-a7cb-4b36-aa8e-cdfa0ef55825,"Hey, can u tell me how to set up my account so my salary can hit me in GBP or another currency?",receiving_money,gen_z_slang,50
88cae356-096b-4a5f-b474-c409ed8f549d,"Yo, can I have my salary sent straight to this account?",receiving_money,gen_z_slang,50
ffcc7c7f-643b-4e92-b6cf-79be6672a73c,"Yo, can my friend just send me a transfer straight to my account or do I need to set something up first?",receiving_money,gen_z_slang,50
9beae72f-6e74-420c-abde-14054ae30d34,"Yo, can u tell me the easiest way for people to send me cash into my account for my salary?",receiving_money,gen_z_slang,50
50e8fbe2-0d40-4e1c-9fd6-289f35f790a8,"hey, can i get my paycheck sent to this acct? thx",receiving_money,gen_z_slang,50
a2328d2f-96dd-43b4-9c9d-e1e5871965c1,"If my pal wants to toss money into my account, what do I have to set up first?",receiving_money,gen_z_slang,50
9557e5df-7e4e-4a9d-8f00-c2c0bf8e6e96,"Hello, I need put my paycheck in my account, can you tell me how?",receiving_money,non_native_speaker,50
74714f65-560a-477c-938b-89155424264f,"How I can receive my paycheck in my account, please help?",receiving_money,non_native_speaker,50
ba0aa5ae-3597-4082-8040-fe9d4d662cec,"I got my salary in GBP sent to my account but I cant see it, what I need to do?",receiving_money,non_native_speaker,50
4e459a3f-c3a0-4448-b8b6-028e55f589d7,Could you explain the steps for my employer to deposit my wages directly into my bank account?,receiving_money,non_native_speaker,50
b710077c-74bd-4697-a873-af295f549b36,"Hello, I want my friend send money to my account, is possible?",receiving_money,non_native_speaker,50
185ac843-7898-4c32-819b-39b4d050164b,What’s the procedure for having my salary transferred to my account?,receiving_money,non_native_speaker,50
f8bc0a72-a17c-49e2-89dd-a22d6663c5b7,Configure GBP salary,receiving_money,short_wording,50
0efcee5a-7f09-4d76-82a7-06bd685de092,Salary deposit possible?,receiving_money,short_wording,50
e926f8d7-8a0d-4e99-8e59-b35a93fbfb50,Can my salary be credited?,receiving_money,short_wording,50
6aae8dda-27de-418f-b992-18f7a796e4e2,Set salary currency?,receiving_money,short_wording,50
e3adc863-e91d-4a01-a91b-3a3d3a8c63a3,Receive money from friends?,receiving_money,short_wording,50
7472b3de-3c9d-430f-bf63-6771e03e2411,How do I enable salary payouts?,receiving_money,short_wording,50
7d96ed78-2fee-450b-b280-be9ab561777e,"I'm fed up with this junk, you charged me for something I never got and I want my cash back right now!",request_refund,angry_layperson,52
e6bdce7f-544c-4142-8c16-5ca7599c0ad1,I’m sick of this crap—my stupid charge still shows up and I want my money back now!,request_refund,angry_layperson,52
520d02bd-691b-49b2-bc84-139525753089,"I messed up and bought that thing by mistake, and I want my damn money back now!",request_refund,angry_layperson,52
86dc0b6b-6c65-4936-8bd4-18952b9d4d08,I’m fed up with this crap—cancel that stupid charge ASAP and give me my money back!,request_refund,angry_layperson,52
12c366ea-904a-4ecc-b1e4-92189b7f2aef,"I paid for that stupid thing weeks ago and it never showed up, so give me my money back right now!",request_refund,angry_layperson,52
05022af5-d8d8-452b-870d-2f7c0a19b006,"I’m sick of this crap, I gotta get my cash back now for that stupid charge you guys messed up!",request_refund,angry_layperson,52
64d0d1ab-4347-4722-95a9-23cc3016adfa,Need money back now I was charged twice account wrong please reverse immediately,request_refund,panicking_emergency,52
2cc24536-1699-474b-98c9-ae35ed043e54,Refund now my account charged twice and I cant afford this,request_refund,panicking_emergency,52
33deef37-07dc-440f-8c62-63cdcd4e8955,Refund my recent charge now I need the money back,request_refund,panicking_emergency,52
a91b8f86-5372-4d38-b40e-ce49d3e0d126,Charged wrong amount need refund now account frozen please help,request_refund,panicking_emergency,52
9e007ddc-3cc8-4325-a7d9-3f43ea3cb383,Ordered weeks ago no delivery need my money back now,request_refund,panicking_emergency,52
2e47d38e-891e-4978-8276-39578534caca,Charged too much for purchase need refund now account draining,request_refund,panicking_emergency,52
ef927edc-1470-4ca3-ae5d-7753d04b563b,"I recently executed a transaction for a purchase that I now wish to rescind, and I kindly request the reversal of the associated charge and the issuance of a refund to the originating account. Please advise on the requisite documentation and procedural steps necessary to complete this request.",request_refund,polite_expert,52
7503fe07-a0e5-4c16-be59-95865cc54dcd,"I kindly request a full reversal of the debit recorded on my account on 5 May 2026 for the purchase of XYZ, as the transaction was made in error and I have not received the goods.",request_refund,polite_expert,52
d84a2bcc-440e-4c75-995c-212835724f88,"I kindly request the reversal and reimbursement of the charge posted on my account on March 12 2026 for the purchase at ""ABC Electronics,"" as the goods were never delivered in accordance with the terms of sale.",request_refund,polite_expert,52
ccd28d4b-7837-4429-a4e6-253120efe198,"I would appreciate your assistance in initiating a reversal of the recent transaction on my account, as I require a full reimbursement of the charged amount at your earliest convenience.",request_refund,polite_expert,52
e1ef855d-58c0-4e23-8f92-92042d216fe4,"Please advise on the procedure to obtain a full reimbursement for the debit‑card purchase made on March 12, 2024, which was subsequently cancelled due to the merchant’s failure to deliver the goods.",request_refund,polite_expert,52
e84238c9-cd42-45d7-99b1-47e005d36a35,"I respectfully request the reversal of the recent debit on my account, as the goods received were unsatisfactory, and I would appreciate guidance on the necessary procedural steps to obtain a refund.",request_refund,polite_expert,52
b24c4456-1d3c-4654-8ea7-c246b8df59f7,"Hey, I copped an item a few days back but it never showed up, can I get a refund ASAP pls?",request_refund,gen_z_slang,52
a25f6bb3-28ba-4bf6-83ef-cb644a887afe,"Yo, I was hit with a charge for an order I need to cancel, can u get me a refund quick?",request_refund,gen_z_slang,52
276ae320-161d-4899-8ded-44a3be7d8ab6,"Hey, can I get a refund on that purchase, pls sort it out.",request_refund,gen_z_slang,52
7da4643a-4804-47db-b45b-a4748bb46ff9,"Hey, I just got charged for that hoodie I never received, can u pull a refund ASAP?",request_refund,gen_z_slang,52
c4af150d-0d8f-451b-afc1-1bde7681c630,"Yo, my account just got dinged for a product that never left the warehouse—hook me up with a fast refund, fam.",request_refund,gen_z_slang,52
e7400849-21c6-443e-bc33-dbefb8c0d511,"Hey, I was overcharged on my recent purchase and need a refund asap, can u help?",request_refund,gen_z_slang,52
c8c22daa-5c46-449b-a456-d1178532884d,"Hello, I buy thing many weeks ago but it never come, I need my money back please.",request_refund,non_native_speaker,52
51504a14-eb87-489c-9fe0-43588ed14f78,"Hi, I paid for a product two days ago but it not arrive yet, can you please return my money?",request_refund,non_native_speaker,52
d8409c82-148c-4e55-a84e-5d3f0d29e0e7,"Hey, I ordered a gadget last Monday but it still hasn't arrived, could you please process a refund for me?",request_refund,non_native_speaker,52
a08041ae-da8b-4b34-b183-776ecfcdbda5,"Hi, I made a purchase yesterday and I need get my money back, can you help me please.",request_refund,non_native_speaker,52
c366b261-631d-4f60-b858-fe04e5f870fd,"I was charge wrong amount, please give back extra money to my account.",request_refund,non_native_speaker,52
a1dcabd8-0451-4676-9610-7ff96008e111,"Greetings, I bought a coat three weeks ago and it never came; I would like my money returned as soon as possible.",request_refund,non_native_speaker,52
6eeb473a-bcd6-42ac-b1f2-cf2f47726aca,"Accidental purchase, need refund",request_refund,short_wording,52
47ffd301-7d1f-4d1f-8345-cff8b8846599,Refund for missing order,request_refund,short_wording,52
39f9d6a8-af0d-499a-ae0d-b75c24e68f0b,Need refund for purchase,request_refund,short_wording,52
8eb272c3-be49-43c8-9184-9e4a45b3ab28,Refund for undelivered purchase,request_refund,short_wording,52
924ac4ae-916f-463a-bcf0-1794e676b67b,Please issue a refund for the purchase,request_refund,short_wording,52
7c21f3f4-e558-4183-881e-c9b66560aad1,"Cancel transaction, need refund",request_refund,short_wording,52
63c38168-fff1-45ce-9d3f-c5b97d52fb0f,I tried to pay for stuff and the app just bounced the whole thing back—what the hell is wrong with my card?!,reverted_card_payment,angry_layperson,53
5781d5dd-d4ec-4d21-82df-870a3a879ce5,"What the hell, I paid for that damn thing weeks ago and now the cash is back in my account like the purchase never happened—fix this now!",reverted_card_payment,angry_layperson,53
2223aad1-1338-4d3c-bbcf-4ad68786cf62,"Yo, I tried to buy something and the money just bounced back, now the shop says they didn't get it—what the hell is going on?",reverted_card_payment,angry_layperson,53
99320761-2f6c-492d-969e-66d17130fc0a,"What the hell, my card payment just got tossed back and now I'm stuck with no money!",reverted_card_payment,angry_layperson,53
87dc6f23-b8f0-4ae8-a61d-da16a6ef93c3,"What the hell, I tried to pay for something and the money just got sent back, why the heck is my card payment gone?",reverted_card_payment,angry_layperson,53
f2aad2d9-54d4-4709-9fb5-d897f8d1d491,"What the hell, my payment just got bounced back for no reason and I’m sitting here with nothing—fix this now!",reverted_card_payment,angry_layperson,53
7c732ba4-a701-44e1-a436-b5f56d99d1f7,Payment reverted funds vanished need help now urgently,reverted_card_payment,panicking_emergency,53
07ec8284-3c9d-4b62-969e-d183dd7850e4,Payment approved then disappeared balance wrong need help now,reverted_card_payment,panicking_emergency,53
b1e91c65-96f9-4d26-8246-95beb481a103,"Card payment vanished  
Balance dropped  
Reversal happened  
Need fix now",reverted_card_payment,panicking_emergency,53
434f30f1-1620-4f39-a8d0-b4e6bcaf8e1f,My online purchase vanished my card says failed why now,reverted_card_payment,panicking_emergency,53
90c257f9-8d87-4ec6-a3ea-1206f6aa79c6,Card payment gone seller says not received account shows reversal need fix now,reverted_card_payment,panicking_emergency,53
327d0912-10cd-462d-a2cf-f9a52e691569,Money left my account then returned seller says no payment need this sorted fast,reverted_card_payment,panicking_emergency,53
8086165f-9cf7-4979-8374-6024e2b80c9d,"I notice that a recent card transaction has been reversed, yet the merchant has indicated that the funds were never received, and I would appreciate a prompt investigation to clarify the status of this payment.",reverted_card_payment,polite_expert,53
6765ae06-dc8e-4448-a5e3-3342949252be,"I kindly request an explanation for the reversal of my recent card payment, as I have not been provided with a reason for its cancellation.",reverted_card_payment,polite_expert,53
76052016-2547-46bb-8eeb-2f6391d2e757,"I recently completed a purchase with my debit card, yet the corresponding amount has been credited back to my account, and I would appreciate clarification as to why the transaction was reversed after the goods were received.",reverted_card_payment,polite_expert,53
d7fb4444-d14f-4434-aa7d-f1eb807b8fd0,"Dear Sir or Madam, I am writing to inquire about a recent card transaction which was initially authorized and debited from my account, yet was subsequently reversed and the amount restored to my balance, while the merchant has reported that they did not receive the payment; I would appreciate your assistance in clarifying the reason for this reversal and ensuring that the transaction is appropriately resolved.",reverted_card_payment,polite_expert,53
6f558988-fed2-4503-93d0-65b38604a257,"I have observed that a recent card transaction for a purchase already received has been reversed in my account, and I would appreciate a detailed explanation as to why this reversal occurred.",reverted_card_payment,polite_expert,53
8c92ec24-17ad-4053-8bad-12b22585af3c,Could you kindly clarify why the payment for my most recent card purchase was reversed and inform me of the present status of those funds?,reverted_card_payment,polite_expert,53
ce2153e1-3f18-445f-b769-42b25f605fa0,"Yo, I tried to pay for stuff but the card payment got bounced back in the app, what’s the deal?",reverted_card_payment,gen_z_slang,53
8221fbea-b2db-49a0-b60b-fabb37c3147f,"Yo, I noticed a charge got bounced back on my app and the money’s gone, can you tell me why it was returned?",reverted_card_payment,gen_z_slang,53
7aef07a0-5b04-4b6e-8854-455995bbace2,"Hey, I tried to pay for stuff and the app just cancelled the transaction, can u fix it?",reverted_card_payment,gen_z_slang,53
5754991c-9de6-44d3-91df-f5fcd43ad51c,"hey, i tried to pay with my card and it just got bounced back, can u tell me why it got returned?",reverted_card_payment,gen_z_slang,53
fe201f2d-34e8-44b3-8c6f-d4975470345b,"Yo, I just bought something online, the charge showed up then bounced back to my account—what's up with that?",reverted_card_payment,gen_z_slang,53
384a588a-0a51-4105-9f46-8e2d8d57df44,"Yo, I did a card purchase but it got cancelled on the spot and the merchant says they didn’t get any money, need this sorted fast.",reverted_card_payment,gen_z_slang,53
cb960996-e939-4466-bee5-fa561b9b087a,"I used my card for buy but the payment come back, can you help?",reverted_card_payment,non_native_speaker,53
6997e3fd-9754-49ef-8281-3bf4b9bc338d,"Hello, I use my card for shop but payment was cancelled, please tell me why?",reverted_card_payment,non_native_speaker,53
3e1990aa-dae2-4f71-b120-3bdfaa952c5e,"I paid with card, money went out then back, seller say no money, need help.",reverted_card_payment,non_native_speaker,53
30f18b2b-db9b-4abc-83f8-e71e435ec9a0,"Hi, I make a card payment but it come back and not finish, please help.",reverted_card_payment,non_native_speaker,53
85267483-e762-433a-a78b-f13e06967d9b,"Hello, I have problem, my card payment was cancelled and I no understand why, please help.",reverted_card_payment,non_native_speaker,53
febccdaa-7894-4506-9ab9-f70f38a45a63,"Hello, I buy something but the money came back to my account and I no understand why my card payment was cancelled.",reverted_card_payment,non_native_speaker,53
38dd7784-69b3-401a-9525-498ab05a51a9,Card payment cancelled,reverted_card_payment,short_wording,53
2176cfcb-aa4d-4323-888e-b132e3e2595e,Card payment reverted,reverted_card_payment,short_wording,53
3f4300dd-2aa3-4e1a-957b-33ab495ae1a2,"Payment reverted, seller not paid",reverted_card_payment,short_wording,53
bfcbe48b-1c72-4d2d-9952-c224dcc9ec0b,Why was my card transaction voided?,reverted_card_payment,short_wording,53
8357d070-ad57-4909-808b-a428bcb08b67,"Reverted payment, why?",reverted_card_payment,short_wording,53
a88ae5c4-39c4-4d11-ab97-05d73690ded6,What caused the card charge to be reversed?,reverted_card_payment,short_wording,53
c542a9e1-3c88-42d8-8891-103c7766a058,"Hey, why the hell can’t I use my AmEx or pay in Euros with this stupid account?!",supported_cards_and_currencies,angry_layperson,54
c7d1855a-1738-4ef5-818d-d81fdb44aff9,What the hell is with your crappy system not taking my other credit card and only dealing in a couple of foreign currencies?!,supported_cards_and_currencies,angry_layperson,54
39c3d02c-69e8-499a-a34a-9ec2efdcd640,"I’m fed up—can I actually use my damn American Express or any other US card to put money in, or do you only accept some weird foreign cash?",supported_cards_and_currencies,angry_layperson,54
25d7092c-f072-4635-b93e-81207d16e07b,"I’m fed up trying to dump cash in, so tell me straight what cards and what currencies you actually accept!",supported_cards_and_currencies,angry_layperson,54
2716a565-c34b-4296-86da-7bcdee164463,Enough of guessing—list the exact credit cards and foreign currencies you support for deposits.,supported_cards_and_currencies,angry_layperson,54
d6d823c9-9929-4e99-8da0-8c8334fe6a0a,Stop the nonsense; tell me if my American Express or any overseas card can fund my account and give me the complete list of accepted cards and currencies.,supported_cards_and_currencies,angry_layperson,54
ababa09a-fe77-4159-9f9a-1b1f301ea99a,Urgent need to know which cards work and which currencies accepted now,supported_cards_and_currencies,panicking_emergency,54
49b20a66-cc98-459f-8ca3-87caeaa30861,Urgent need to fund account card not shown which cards are accepted now,supported_cards_and_currencies,panicking_emergency,54
fa27cd35-f404-4450-a9ae-25953c3eedc9,Can I use my US credit card right now need answer fast,supported_cards_and_currencies,panicking_emergency,54
f5fd9b11-7e93-49eb-a23d-0d9c0e3ebf87,I’m in a rush—let me know right now which payment cards I can use and which currencies are supported.,supported_cards_and_currencies,panicking_emergency,54
63a6b1f3-c733-43d7-bd41-408522c3d7e8,My Amex isn’t working; I need an immediate answer on whether it’s accepted and a full list of the cards and currencies you allow.,supported_cards_and_currencies,panicking_emergency,54
904961d9-09e4-4fbd-af9d-2ce2dce6ed80,Urgent need card list now cannot process payment quickly please respond immediately,supported_cards_and_currencies,panicking_emergency,54
ede3b1f4-3182-44a2-a293-df0cbc268df2,Could you kindly provide a comprehensive list of the card types and foreign currencies that are accepted for funding my account?,supported_cards_and_currencies,polite_expert,54
4e9ee039-a212-43b4-98be-fb85457d997c,"I kindly request a detailed list of the credit and debit card brands, as well as the issuing jurisdictions, that are accepted for performing top‑up transactions on my account, as I intend to use a United States‑issued Visa card.",supported_cards_and_currencies,polite_expert,54
2a726357-c2b0-45f2-9b3e-0305f4c982e2,I would appreciate clarification on whether my American Express card may be utilized for funding my account and which foreign currencies are permissible for such deposits.,supported_cards_and_currencies,polite_expert,54
536c3008-c755-44f0-895a-b94c73cfbd27,Please tell me which kinds of payment cards and which foreign currencies can be used when I add money to my account.,supported_cards_and_currencies,polite_expert,54
5aa90ad0-ed77-454a-8111-b11e9002e967,I would be grateful if you could confirm which debit or credit card types and corresponding currencies are accepted for funding my account.,supported_cards_and_currencies,polite_expert,54
c1be526e-be50-43d3-9c44-7fddba39b8c9,I would like to inquire about which payment cards and foreign currencies are currently accepted for deposits into my account.,supported_cards_and_currencies,polite_expert,54
297be881-5f8a-463d-a23d-a9b70c093ef6,"Hey, can u let me know which cards and currencies y’all accept? I only got a US credit card.",supported_cards_and_currencies,gen_z_slang,54
5c417af5-7a56-4b71-b8c3-cfc8709e3bda,"hey, can u tell me which cards and currencies y’all actually accept for transfers?",supported_cards_and_currencies,gen_z_slang,54
bba12c28-8c36-4e57-bfc8-f5ff9b8fe1a1,"Yo, I'm wondering which card types and foreign currencies are supported when I add money to my account.",supported_cards_and_currencies,gen_z_slang,54
7f4f76df-91b1-4c6b-a540-78179c913738,"Yo, can I link my Amex or other cards to top up and is any currency cool for that?",supported_cards_and_currencies,gen_z_slang,54
3f2b92f2-06d1-49fa-9e78-68fe61587053,Could you break down the card brands and currency options I can use for topping up my profile?,supported_cards_and_currencies,gen_z_slang,54
3aa72fcd-7352-43b9-a6ed-a4f7193f9467,"Hey, quick Q: what cards and currencies do y’all actually accept?",supported_cards_and_currencies,gen_z_slang,54
b7384ec7-9b7c-4b49-aa75-9a11233ddd5a,"I want to add money, which currency you accept?",supported_cards_and_currencies,non_native_speaker,54
442d98d3-0777-4e25-9a36-8b67bd910484,"Hi, I want know what cards and currencies you support for top up, please.",supported_cards_and_currencies,non_native_speaker,54
6f03cc2e-2569-49ad-abe0-9d14c40a4018,"Hello, I want know if my American Express can add money and which currencies you support?",supported_cards_and_currencies,non_native_speaker,54
40e3b9bb-3bc9-491c-910e-1f3ca8a53a53,Can I put money with my American Express card from Europe?,supported_cards_and_currencies,non_native_speaker,54
675ccf2b-1db4-41e3-9988-186fb4916b9e,"I want to put money from my UK card, do you accept that and which currencies I can use?",supported_cards_and_currencies,non_native_speaker,54
8defdea8-aa51-4110-a74b-233d6f9a24a2,I try add money but I not sure which currency you take and if my UK Visa card can use?,supported_cards_and_currencies,non_native_speaker,54
78f0b25a-e061-4ca0-aa45-54f53554aca8,Supported cards and currencies?,supported_cards_and_currencies,short_wording,54
0fec51da-fc78-4864-b5d6-20dbeb47b124,Supported top‑up cards?,supported_cards_and_currencies,short_wording,54
108bfe4c-47d0-4ff1-88d4-e045b17e8e32,Supported currencies list?,supported_cards_and_currencies,short_wording,54
426bfb8b-bca7-4cd1-8bd4-355756bb9c16,Cards and currencies supported?,supported_cards_and_currencies,short_wording,54
bb298328-8686-4269-a376-5016196b7c4d,Cards and currencies?,supported_cards_and_currencies,short_wording,54
c3cbdf45-328f-4eaf-ad70-a8bcb1a62f36,Which cards and currencies are accepted?,supported_cards_and_currencies,short_wording,54
5394af76-8142-4798-8a7e-fa9fdb55a8e9,"I'm fed up with all this junk, close my account right now and stop pulling any more money from me!",terminate_account,angry_layperson,55
9c894b0c-2059-4c2d-a624-6a475c526110,"I’m sick of this crap, shut my account down right now!",terminate_account,angry_layperson,55
5696ace7-91fd-4636-b4f7-aa34ed72a25c,"I'm fed up with this junk, close my damn account right now!",terminate_account,angry_layperson,55
b8f0a2fa-4c24-464d-96df-ba5bc8f49ada,"I'm fed up with your garbage service, shut my account down right now!",terminate_account,angry_layperson,55
b3abcb7e-fce5-4b6d-95b3-270f1389e079,I'm done with this nonsense; terminate my account immediately and stop any further charges.,terminate_account,angry_layperson,55
d851f499-7adb-4001-bad2-840d24d1807b,Cancel my membership right now and remove my profile – I want the account closed without delay.,terminate_account,angry_layperson,55
65f97681-6bd5-415b-8cb1-d13c10ed71fe,Close my account now I am panicking I can’t stop the charges help urgently,terminate_account,panicking_emergency,55
85e35376-ad64-499a-85f8-5cd56f60e5c6,Close my account immediately I can’t handle this,terminate_account,panicking_emergency,55
c258c839-f5c5-4e60-a9f9-1229f3d9ed52,Close my account now I’m panicking I can’t access anything I need it shut down immediately,terminate_account,panicking_emergency,55
d6de128b-ae6e-41f2-b17e-0647e49be0ad,Please terminate my account right away; my card is missing and I can’t get to any funds.,terminate_account,panicking_emergency,55
79ff22e0-3084-46eb-b19e-014db15e088c,Close my account now I cant breathe I need this done immediately,terminate_account,panicking_emergency,55
99e1fdd7-6f4e-4be0-a120-9bafaf3253f1,Close my account now I can’t lose any more money urgently,terminate_account,panicking_emergency,55
479848d1-d50d-4c6d-aaa8-b7e9c7bac634,"Please consider this correspondence as my formal request to close my existing account, as I have elected to discontinue my banking relationship with your institution.",terminate_account,polite_expert,55
871999d0-8f15-4f67-8d78-c73f973577ce,I respectfully request the closure of my current account and would appreciate guidance on the necessary procedures to finalize this action promptly.,terminate_account,polite_expert,55
87823a44-d197-4aa3-8029-ced011a4727b,"I respectfully request the closure of my current deposit account and would appreciate guidance on the requisite procedures, confirmation of any outstanding balances, and the timing of the final settlement.",terminate_account,polite_expert,55
4599b792-4b41-4916-bb4d-037fcd5b1388,"I respectfully request the closure of my account and kindly ask that you provide written confirmation of the final balance, any outstanding obligations, and the effective date of termination.",terminate_account,polite_expert,55
3907c403-b05a-4142-aa99-bcd2070a3bc9,"I kindly request the closure of my account at your earliest convenience, as I no longer require its services.",terminate_account,polite_expert,55
ae37b44a-2437-4c32-88e4-f4f90d9baaf4,"I respectfully request the closure of my personal banking account, as I no longer require its services.",terminate_account,polite_expert,55
5c0d6f7e-b8f0-4e96-9a3c-d55e833de454,"Hey, can u please close my account ASAP, I’m just not feeling the service anymore.",terminate_account,gen_z_slang,55
a4beeb53-3041-4883-9d45-ccb851a08b32,"SMH, I'm done with this app—just delete my account now.",terminate_account,gen_z_slang,55
3a499eaf-2d61-4622-94c5-358eec47c3ed,"Hey, I’m done with this app, can y’all just shut my account down asap?",terminate_account,gen_z_slang,55
89994709-6f43-44c7-b74d-5f17d49f9afc,"Yo, I'm done with this, can you close my account ASAP?",terminate_account,gen_z_slang,55
8672f0c8-3757-4539-b522-0734e07ea5e5,"Yo fam, yank my account off the platform 'cause I'm totally over it.",terminate_account,gen_z_slang,55
796452f2-9c2a-46ad-851f-4fde1ed3270f,"Yo I'm over this, can you just delete my account ASAP pls.",terminate_account,gen_z_slang,55
2aecaa6d-60d7-439a-972f-0ce9f9ff9f2d,"Hi, I not happy with service, I want close my account now.",terminate_account,non_native_speaker,55
ed659457-a36d-4797-b7d1-5c2a2e3dbfad,"I no happy with your service, please close my account now.",terminate_account,non_native_speaker,55
2d9d9d77-fbcd-408b-989d-36c2f2ca7a7d,"I want close my account, I not happy with your service.",terminate_account,non_native_speaker,55
c8cb5b41-42f8-485d-9c9d-11776c5a34f5,"Please help me close my account, I no use it any more.",terminate_account,non_native_speaker,55
9a7b5250-b272-42d4-be15-88ca6ad9667b,"Hello, I hope you can help, I want close my account now please.",terminate_account,non_native_speaker,55
a6729b13-8cf4-4500-949e-c4d46034c3f9,"Hi, I want close my account as soon as possible, please help me.",terminate_account,non_native_speaker,55
895d658d-aa77-4f04-bdb6-d3d319c04fd0,Close my account now,terminate_account,short_wording,55
74ebeaff-565d-4da4-b25e-e0f62488a50e,Close my account,terminate_account,short_wording,55
a89e8463-8168-4279-a6a9-47b9d8f92a55,Delete my profile,terminate_account,short_wording,55
5f609ca0-6f82-477c-b2eb-53b1c05b4649,End my account,terminate_account,short_wording,55
86b68eb1-1c31-4b98-8622-251836f73dbb,Terminate my service,terminate_account,short_wording,55
71844f61-ff1d-4d6a-bf36-6e2697a8a9ab,Shut down my account,terminate_account,short_wording,55
e192a617-da94-4017-9492-b7109008887f,"What the hell, why are you slapping a fee on me just to dump cash into my account with a bank transfer? I didn’t sign up for that!",top_up_by_bank_transfer_charge,angry_layperson,56
a857dda7-c243-41a4-8cdf-07b346acd5cb,"Why the hell am I getting hit with a fee just to dump cash into my account, I shouldn't have to pay extra for a basic transfer!",top_up_by_bank_transfer_charge,angry_layperson,56
c1e8e661-b16d-47ad-b4eb-1e89113bdb5e,"Why the hell am I getting hit with a stupid fee every time I try to put money in from my bank, this is ridiculous!",top_up_by_bank_transfer_charge,angry_layperson,56
aab4fb90-2621-42a4-b66f-3921f888ede3,Seriously? Every time I try to move funds from my bank they tack on some absurd surcharge—this is unacceptable!,top_up_by_bank_transfer_charge,angry_layperson,56
dd94c2eb-e1b9-47e5-ac83-11a4fdf5c0fa,"What the hell is this stupid extra charge for sending money from my bank, I didn’t sign up for any damn fees?!",top_up_by_bank_transfer_charge,angry_layperson,56
5b1b82c8-ef78-45a4-a0ed-e89f17d5c867,Why the hell am I getting slapped with a fee just for sending a simple bank transfer to top up my account?,top_up_by_bank_transfer_charge,angry_layperson,56
fd20a45e-6d1c-4975-8d23-142f70010379,Need to add money via bank transfer cost unknown panic need answer now,top_up_by_bank_transfer_charge,panicking_emergency,56
ce793445-015d-4f8d-a0c0-bef67e42df9a,Urgent top up needed now how much fee for bank transfer,top_up_by_bank_transfer_charge,panicking_emergency,56
1bb947d0-d815-45ac-943f-41c6022416a3,What is the charge for topping up via transfer urgent,top_up_by_bank_transfer_charge,panicking_emergency,56
851c3066-127d-4370-926f-b808d34b0915,Urgent need to top up via bank transfer I need the fee info now,top_up_by_bank_transfer_charge,panicking_emergency,56
190a9969-617a-4865-bad8-964203f05b75,Need to know if I will be charged for the transfer now urgent,top_up_by_bank_transfer_charge,panicking_emergency,56
0fef5866-9ca0-470a-b96b-31e9a595fa9d,Need fee info for bank transfer top up now urgent help,top_up_by_bank_transfer_charge,panicking_emergency,56
10a6eb09-5cb9-47bf-ac9c-3b40a4a59e6a,"Could you kindly clarify whether a fee is assessed when I fund my account via bank transfer, and, if applicable, specify the precise amount of such a charge?",top_up_by_bank_transfer_charge,polite_expert,56
985cfcc3-3afe-4fa8-92ae-8ac63d17db11,"Could you please confirm whether any fees are levied when I fund my account through a bank transfer, including both SWIFT and SEPA transactions?",top_up_by_bank_transfer_charge,polite_expert,56
abeb0036-c6ad-468b-9bc5-ea71d697d989,"I would like to inquire whether any fees are imposed when I fund my account through a bank transfer, and if such charges exist, could you kindly specify the applicable rates and conditions.",top_up_by_bank_transfer_charge,polite_expert,56
4baccd9e-9d42-41f4-8ee2-d2d281acafd7,"I would like to confirm whether any fees are applied when I fund my account via an international bank transfer, such as a SWIFT transaction.",top_up_by_bank_transfer_charge,polite_expert,56
9aaaba51-1237-4549-9bbe-b33da16ba64c,Could you kindly confirm whether a SEPA or SWIFT bank transfer used to top up my account will incur any service charges?,top_up_by_bank_transfer_charge,polite_expert,56
a24b6457-6581-450e-9c11-27dee054b66d,Could you kindly clarify the fees applicable to topping up my account through a bank transfer?,top_up_by_bank_transfer_charge,polite_expert,56
d3be1e4f-7e70-487b-8f6b-dedc920b88c7,"Yo, is there any fee for doing a bank transfer top‑up, plz let me know.",top_up_by_bank_transfer_charge,gen_z_slang,56
3ba087dc-ef9e-422e-86f0-6f39951636c3,"hey, if i top up via bank transfer, will i get hit with any fees?",top_up_by_bank_transfer_charge,gen_z_slang,56
80877462-b1a5-4d45-b831-8d763e759313,"Yo, can you tell me if I’ll get charged any fees when I top up through a bank transfer?",top_up_by_bank_transfer_charge,gen_z_slang,56
b0a43b16-d516-410d-9a5d-4ece69b6eb07,"hey, any fees if i top up my account with a bank transfer?",top_up_by_bank_transfer_charge,gen_z_slang,56
faa5103b-f01e-40ac-a645-373d2b031768,"Hey, can u let me know the fee for topping up using a bank transfer?",top_up_by_bank_transfer_charge,gen_z_slang,56
6052be49-36e6-403d-bde4-a769a32c4332,"Yo, tbh what's the fee if I top up via bank transfer?",top_up_by_bank_transfer_charge,gen_z_slang,56
b82b8ca2-ee0d-4e36-b841-663643d8174a,"Hello, can you tell me how much fee for bank transfer top up please?",top_up_by_bank_transfer_charge,non_native_speaker,56
a66bd09d-18f7-42a3-b09b-cc6b794d8d3a,"Hello, can you tell me if there is any fee when I top up my account by bank transfer?",top_up_by_bank_transfer_charge,non_native_speaker,56
1f55a166-9c3e-4f4a-8386-ef8dc3266f54,"Hi, I want to add money with bank transfer, is there any fee for it?",top_up_by_bank_transfer_charge,non_native_speaker,56
4778b00f-4038-419c-b4b2-f5e9c1135014,"Hi, can you tell me if there charge for top up by bank transfer?",top_up_by_bank_transfer_charge,non_native_speaker,56
5d27432c-9a96-459f-bd06-9f9d15393ea8,Will there be charge if I top up by bank transfer?,top_up_by_bank_transfer_charge,non_native_speaker,56
30a3d96f-6ca1-451a-963e-e98f796f8abd,"Hello, I want put money from my bank to my account, is there any charge?",top_up_by_bank_transfer_charge,non_native_speaker,56
48ac8ff6-1be0-473e-9012-d1cb2b91d015,Transfer fee amount?,top_up_by_bank_transfer_charge,short_wording,56
682cfcb7-36a0-4301-a8d4-35039dc88518,Top‑up transfer fee?,top_up_by_bank_transfer_charge,short_wording,56
015a2948-56dd-4ea1-87f8-7a64b77798ba,Transfer top-up fee?,top_up_by_bank_transfer_charge,short_wording,56
68ab399c-cf1a-4f52-83b6-3e63eb7271e4,Is there a charge for topping up via transfer?,top_up_by_bank_transfer_charge,short_wording,56
672a986a-68b2-4901-9146-a6fba8471e1a,Do I pay a fee when I fund my account through a bank transfer?,top_up_by_bank_transfer_charge,short_wording,56
82ab96fb-3084-45f8-b534-fe09cba6e75b,Bank transfer top‑up charge?,top_up_by_bank_transfer_charge,short_wording,56
8847c7e9-7925-4a80-9f27-d14f9255f5bc,Why the hell am I getting slapped with extra fees every time I try to put money on my card?,top_up_by_card_charge,angry_layperson,57
535e7856-a996-4103-821c-7fc654593373,I just threw my credit card at the app to dump money in and now I'm being slapped with some ridiculous fee—what the hell is that?!,top_up_by_card_charge,angry_layperson,57
ac314426-e3af-4e4b-96fc-ad12deed9752,Why the hell am I getting hit with some random charge when I try to add money with my card? I wasn't told anything about this crap fee!,top_up_by_card_charge,angry_layperson,57
14c00aa3-9c42-49ef-b88b-f18e59348f1f,"Why the hell did you slap me a fee when I tried to add money with my US card, and which cards even let me do it for free?!",top_up_by_card_charge,angry_layperson,57
194b0b0a-5716-4467-ba9f-e6c435f928f6,I’m furious that every time I load cash onto my card I’m hit with an unexpected surcharge I never agreed to!,top_up_by_card_charge,angry_layperson,57
ca587c2a-b457-4c4b-9c00-0c9215e8d238,It’s infuriating to see a hidden fee appear whenever I try to top‑up my card with money!,top_up_by_card_charge,angry_layperson,57
461f15ef-8f6c-42b6-8e2e-bf758cbb1b13,Charged extra on my card top up need explanation now,top_up_by_card_charge,panicking_emergency,57
fc7e7532-8fc1-4b56-8a26-b931c49f6d19,Need fee info for card top up now urgent help please,top_up_by_card_charge,panicking_emergency,57
893a37a4-7ac2-4c9e-b84f-effcec284ccf,Urgent need know if card top up has any fee now,top_up_by_card_charge,panicking_emergency,57
bfd74896-99b2-4ed9-80db-542db801a28d,"Why was I slapped with an extra charge after topping up with my card? I need the money right away, explain this now!",top_up_by_card_charge,panicking_emergency,57
9b46a48a-3e70-4395-854e-e05d8a9b87ff,I just used my card to add funds and I'm freaking out—what fees am I being hit with? Please answer immediately!,top_up_by_card_charge,panicking_emergency,57
3ecf7538-fffc-4161-bda9-067ffe77e090,Urgent need to add money with my card now scared of hidden fees cant afford any charge,top_up_by_card_charge,panicking_emergency,57
241578d3-0d0b-4a5a-a9e0-29a2d7430e43,I have noticed a fee applied to my recent card top‑up and would appreciate clarification as to why this charge was incurred and whether certain card types are exempt from such fees.,top_up_by_card_charge,polite_expert,57
21e0cf0d-48eb-4b5f-a710-1ddc02463cf8,"I would like to understand the fees applicable when I add funds to my account using a debit or credit card, particularly if the card is issued outside the United Kingdom.",top_up_by_card_charge,polite_expert,57
93007ecf-2ab3-41c3-a377-000c86f9d955,I would be grateful if you could clarify the applicable fees associated with funding my account using a United‑States issued debit or credit card.,top_up_by_card_charge,polite_expert,57
cc057154-164c-454e-9528-7349abf2de60,Please let me know if any fees apply when I fund my account using a debit or credit card that was issued in the United States.,top_up_by_card_charge,polite_expert,57
bc0bf3dd-5c6d-4c66-b1af-9f4e76ee7396,Could you please confirm whether any fees are incurred when I add funds to my account using a European‑issued bank card?,top_up_by_card_charge,polite_expert,57
2d6b2a9e-8654-4234-ac92-72d535f81dc3,I would be grateful if you could clarify whether any service charges are applied when I top up my account using a card issued outside the United Kingdom.,top_up_by_card_charge,polite_expert,57
f39f135b-5500-435a-95d1-244934f094c6,"Yo, am I getting any fee when I top up my account with my card?",top_up_by_card_charge,gen_z_slang,57
7e2ca3b7-087d-4b62-af96-2c74bcafe9e6,"Hey, can u tell me if i’ll get charged any fees when i top up my card with my US debit?",top_up_by_card_charge,gen_z_slang,57
c8d66b37-738e-44ee-8ce1-a76cb2ac2ac9,"Yo, can u tell me if I’ll get charged anything for topping up with an overseas card?",top_up_by_card_charge,gen_z_slang,57
3e3b5086-573e-4a20-bb51-eb282f7d472c,"Yo, if i use my non‑EU card to top up, what's the fee gonna be?",top_up_by_card_charge,gen_z_slang,57
7c134d5a-a808-457b-ac2a-b34f00d5507f,"Yo, is there a fee when I top up with my EU card?",top_up_by_card_charge,gen_z_slang,57
1a5b3c80-1c05-46ca-8add-8875ae04437d,"Yo, just wondering if I’ll get hit with any fees when I top up my card using an international card?",top_up_by_card_charge,gen_z_slang,57
2590c907-9086-4107-9167-885e5c38ad07,"Hi, can you tell me if there cost for top up with my card?",top_up_by_card_charge,non_native_speaker,57
4cf95e2d-269b-467c-9b1a-690ec6627f98,Can you tell me if there fee when I top up with my foreign card?,top_up_by_card_charge,non_native_speaker,57
4126578c-f685-4969-8d66-3c5fb0877867,"Hello, I want top up with my European card, is there fee?",top_up_by_card_charge,non_native_speaker,57
70589b18-fa28-4abc-ac14-7c30d70fa7c4,"Hello, I want know if there is any fee for top up with my US card?",top_up_by_card_charge,non_native_speaker,57
bbcfe770-b64d-491f-869b-34d00d4c0c29,"I topped up my account with card but I see charge, why?",top_up_by_card_charge,non_native_speaker,57
e2fafa4d-fc24-410c-b022-7bc05bf192e6,Do I have to pay any fee when I top up with card?,top_up_by_card_charge,non_native_speaker,57
08c81c41-f216-45be-9854-f73f176b1d3c,European card top up fee?,top_up_by_card_charge,short_wording,57
a7dc9a3c-ff24-4b2c-b345-4239766aa615,Card top-up fees?,top_up_by_card_charge,short_wording,57
90dbe0b8-2f92-4f8b-93f6-28894ca46f97,Card top‑up fee?,top_up_by_card_charge,short_wording,57
e2365b9c-fc3a-4d87-a8dd-0d3f19fc6eeb,Do card top‑ups cost anything?,top_up_by_card_charge,short_wording,57
b2a6a8a8-c9a2-44cb-8f79-dc8b74065c1e,International card top‑up fees?,top_up_by_card_charge,short_wording,57
d2f8065d-0010-4ca2-b61c-1e3518941fe7,Is there a charge for adding funds via card?,top_up_by_card_charge,short_wording,57
bb69dfce-cf4e-4056-a58e-826572428779,I’m fed up trying to figure out where the hell I’m supposed to drop cash or a check into my account—show me the damn option already!,top_up_by_cash_or_cheque,angry_layperson,58
f36b4c8f-9b45-47d7-9692-7c6fc956b845,Enough already—how on earth am I supposed to slide cash or a cheque into my balance? This app is useless!,top_up_by_cash_or_cheque,angry_layperson,58
956054a5-141d-481c-8baf-f697e3674270,I'm fed up with this damn nonsense—why the heck can't I just dump some cash or a cheque into my account already?!,top_up_by_cash_or_cheque,angry_layperson,58
0aff6ac4-0e05-4908-acf6-d13c4a86226f,I'm fed up trying to get cash into my account and nobody tells me how the hell to do it—do you even take cheques or what?,top_up_by_cash_or_cheque,angry_layperson,58
d6b83bbc-4d0f-4011-9793-8548af0064bf,"I'm tired of the nonsense—where can I actually place cash or a cheque to fund my account, and why is it buried so deep?",top_up_by_cash_or_cheque,angry_layperson,58
3757fc26-0c4e-4e3f-9430-268ad0f66d21,"I’m fed up trying to get cash or a cheque into my account and the whole thing’s a mess, so tell me right now how the hell I’m actually supposed to do it!",top_up_by_cash_or_cheque,angry_layperson,58
26f0c577-9dd3-4f1c-9fd8-13a8b5b1ad07,Need to add cash to account now urgent cant access funds,top_up_by_cash_or_cheque,panicking_emergency,58
bb244d86-1a40-43e7-9058-4ea3e1d59316,Need to add cash now have a cheque urgent need funds,top_up_by_cash_or_cheque,panicking_emergency,58
94f08b95-113a-474a-9bec-f78491e9bb2b,Need to put cash or cheque in account urgently cant find the option help,top_up_by_cash_or_cheque,panicking_emergency,58
fe37c165-018b-446e-90ee-3cbe5adb063a,I'm in a crisis—please let me deposit cash right away; I can't wait for an online transfer.,top_up_by_cash_or_cheque,panicking_emergency,58
f6f2f429-f945-489f-a25c-bc5119eba392,Help I need to add cash to my account now urgent can't wait for online transfer,top_up_by_cash_or_cheque,panicking_emergency,58
56b7cb46-ecb3-4bdb-9492-e83294546f39,Urgent need to add cash to my account now help deposit a cheque,top_up_by_cash_or_cheque,panicking_emergency,58
6f4849c9-e1fd-4bd1-b712-6de7e44c369c,I would like to inquire about the procedure for adding funds to my account using a cheque or cash deposit.,top_up_by_cash_or_cheque,polite_expert,58
4a24785c-a716-43fd-afdf-aa975a634a75,I would like to inquire about the procedures and authorised locations for depositing cash or a cheque into my account.,top_up_by_cash_or_cheque,polite_expert,58
127b7e30-4657-437a-a567-b43d8f1dd608,I would like to inquire whether cash deposits or cheque instruments are accepted as means to fund my account.,top_up_by_cash_or_cheque,polite_expert,58
be711e6c-5247-4a6f-af05-0df6fa0a6aac,Could you kindly clarify which locations and accepted methods I may use to deposit cash or a cheque into my account?,top_up_by_cash_or_cheque,polite_expert,58
69fca915-4e14-484d-913e-a43624154825,"I would like to inquire whether I may deposit cash or a cheque to increase the balance of my account, and if so, could you kindly provide the appropriate procedures and any applicable limits?",top_up_by_cash_or_cheque,polite_expert,58
baab6d24-9592-41c0-90f0-f9e1c8de3981,"Please inform me whether cash or cheque deposits are permitted for topping up my account and, if they are, outline the required steps and any applicable limits.",top_up_by_cash_or_cheque,polite_expert,58
a13cf1d9-c9b1-48d6-a42f-c8014030f783,"Hey, I’m tryna drop some cash or a cheque into my account but can’t find the deposit option, can you help?",top_up_by_cash_or_cheque,gen_z_slang,58
6afb7d67-d783-4904-ad5e-7851a80a0592,"Yo, could you break down how I can fund my account with cash? I’m not spotting the upload button anywhere.",top_up_by_cash_or_cheque,gen_z_slang,58
a19f5fbf-7fb8-4dce-84b5-77d5c9aa5a5a,"Hey, is there a way to load cash or a cheque onto my card? I cant seem to find that option.",top_up_by_cash_or_cheque,gen_z_slang,58
41dea50c-5fea-4885-9249-20ac616ce5e8,"hey, can i just roll up with cash or a cheque somewhere to bump my balance?",top_up_by_cash_or_cheque,gen_z_slang,58
3e1680c5-9bf8-43db-957c-abeb0ced78b0,"Yo, can u tell me how i can add cash or a cheque to top up my account?",top_up_by_cash_or_cheque,gen_z_slang,58
6156b8fc-3dc7-4c14-9f7e-2187ff85695d,"Hey, where can I hand over a cheque or some bills in person so they get added to my balance?",top_up_by_cash_or_cheque,gen_z_slang,58
77dd8e68-c102-4ed4-b8d2-0d95ff436c51,"Hello, I want to add cash to my account, can you tell me how?",top_up_by_cash_or_cheque,non_native_speaker,58
f00bf861-24d8-4e3d-8a13-6043939d7b73,"Hi, I need put a cheque in my account but I cant find how, please help me.",top_up_by_cash_or_cheque,non_native_speaker,58
c0400f01-32de-46e9-af93-1c564212f8f0,Could you explain the steps for depositing cash into my account?,top_up_by_cash_or_cheque,non_native_speaker,58
cbcfc39f-8f6a-420b-ba3a-7c60766e0333,I need guidance on how to fund my account with cash; what is the process?,top_up_by_cash_or_cheque,non_native_speaker,58
b0cd88c3-e1da-47e9-9627-39a23ea3818e,"I want put cash in my account, tell me where can I do it?",top_up_by_cash_or_cheque,non_native_speaker,58
b739e6a8-1a40-4432-8a4a-6f03b263e809,"Hello, I want put money in my account with cash or check but I no find where to do it, can you help?",top_up_by_cash_or_cheque,non_native_speaker,58
f17fd86d-e6c7-4ab6-ac48-cdfa2af31255,Cash top up?,top_up_by_cash_or_cheque,short_wording,58
e28f7283-8458-4f5a-a4a7-30c1a3b49d26,cash deposit top up?,top_up_by_cash_or_cheque,short_wording,58
e07ebb45-9aae-44f0-9ef3-16886ffcf229,Cash top‑up steps?,top_up_by_cash_or_cheque,short_wording,58
6b75c34a-383d-4de2-b8e8-7545cf1f2e54,Cash top up request,top_up_by_cash_or_cheque,short_wording,58
2278f9cb-77e8-4aa2-aa19-191302f74ba4,Cash top up location?,top_up_by_cash_or_cheque,short_wording,58
97c95656-15ac-4ff4-9864-2db618c8865b,How do I fund with cash?,top_up_by_cash_or_cheque,short_wording,58
5d6d570c-1e6f-4510-bddc-32b7f81667c8,"I tried to add money to my account and the stupid app kept rejecting it, I'm fed up!",top_up_failed,angry_layperson,59
c8bac53c-987f-4d6f-bd4b-da1663fa7c98,"I tried to dump cash into my account and it still shows zero, this stupid system is a joke!",top_up_failed,angry_layperson,59
3f526774-50a7-422e-bc94-60f39cac285c,"What the hell is wrong with this app, I tried to load cash onto my card and it keeps getting rejected, leaving me broke and fuming!",top_up_failed,angry_layperson,59
95e8fc23-db41-43a6-b019-7933485b795b,"What the hell, I tried to add cash to my account and it just blew up, nothing showed up—fix this damn mess now!",top_up_failed,angry_layperson,59
a7eb2ab0-2f91-46d5-87e2-6165b8d1d08b,"This app is ridiculous—every time I attempt to transfer funds it blows up, so sort it out immediately!",top_up_failed,angry_layperson,59
ea5565d5-a1e2-422c-93a1-05ad5e5fdcd0,I tried to shove some cash into my account and the damn app just kicked it back like it doesn't exist—what the hell is going on?!,top_up_failed,angry_layperson,59
4044f447-be71-4250-a7ab-995976e6a5a5,Topup failed my account empty need money now urgently please help asap,top_up_failed,panicking_emergency,59
9df65258-e543-4ff3-b4e3-4bf7ae3cd28a,Top up denied now money not added I need it now,top_up_failed,panicking_emergency,59
e495e99c-bb9f-4748-897c-0b587372a870,Money not loading app says declined need funds now,top_up_failed,panicking_emergency,59
a9eb5a75-0aa7-4605-836d-cee976815244,Top up failed my account still empty I need money now,top_up_failed,panicking_emergency,59
efc15f11-3733-4a9d-b6f1-6bc1c9137bba,Top up failed now I can’t pay bills my account shows zero please fix instantly,top_up_failed,panicking_emergency,59
39a5879d-a8e6-4a1f-8324-f704002bb445,Top up failed my balance still zero need help now,top_up_failed,panicking_emergency,59
86e4c63e-526f-46c9-92ff-041b55760db1,"Despite several attempts, I have been unable to credit my account through the usual top‑up procedure in the application, and I would appreciate your assistance in determining the underlying cause.",top_up_failed,polite_expert,59
5837b3a3-7883-49a8-84a5-18e6021d0d55,Could you please look into why my debit‑card top‑up this morning was rejected by the app? I need to understand what went wrong.,top_up_failed,polite_expert,59
e2a0aa95-e964-4b35-a729-2cc545ae1193,"Earlier today the app refused my attempt to add money via the mobile interface, giving no explanation. I would be grateful if you could identify the problem and help me restore the top‑up function.",top_up_failed,polite_expert,59
58c327ff-657b-4497-91d7-ba4eb4838fbd,"I have recently attempted to fund my account through an electronic top‑up, however the transaction was not successful and the amount has not been reflected in my balance.",top_up_failed,polite_expert,59
4692bab4-bc96-421a-8c7f-abc6775a960c,"I am writing to request clarification regarding the recent decline of my attempt to add funds to my account via credit card, as the transaction was not processed and I have not received a definitive explanation for the failure.",top_up_failed,polite_expert,59
98e8b9a8-18cb-43a1-86b2-9f91ba3e4e29,"My recent try to load funds through the phone app was declined, and I’m unsure of the reason. Please assist me in finding out what caused the failure.",top_up_failed,polite_expert,59
f81800f0-4985-4b66-933e-db2e8e531352,"Yo, I tried to add money to my app and it just keeps getting denied, what's up?",top_up_failed,gen_z_slang,59
cca63d83-2b4a-4f87-90aa-b5250dcc8f52,"Yo, my card got straight up declined when I tried to add cash, what's the deal?",top_up_failed,gen_z_slang,59
432ee44f-01af-4c77-9313-fb84bea3a6a1,"Hey, I tried to top up my account but it totally failed, can u check what's up?",top_up_failed,gen_z_slang,59
9cbf9a4a-e763-49d8-958d-ac44c46e159f,"Hey, I tried to add money to my account but it straight up didn’t work, what’s the deal?",top_up_failed,gen_z_slang,59
5feb354b-2675-45ea-90fe-473d65e2f05f,"Yo, my topup got denied in the app, what’s the deal?",top_up_failed,gen_z_slang,59
8d992c10-55d3-4350-8098-f04500f00daf,"Bruh, I attempted to load cash into my account and it just keeps bouncing, what's the hold up?",top_up_failed,gen_z_slang,59
a78d3ae7-2462-4c63-aacc-a5ac46fa5c47,"Hello, I try add money to my account but it not work, can you help?",top_up_failed,non_native_speaker,59
92c67054-5b63-4b72-b0f4-46a00da95862,I tried put money in app but it not work.,top_up_failed,non_native_speaker,59
2473a8a9-4fa7-4867-b4da-4ff17a05b09b,"I tried to load cash using the app but it keeps failing, can you tell me why?",top_up_failed,non_native_speaker,59
4923ac34-e80e-4d95-ad78-11851352a73b,"Hello, I try to add money but app no accept, can you help me?",top_up_failed,non_native_speaker,59
c7cce87e-fb08-4427-afb5-cff12e64d6f2,"Hi, I’m not able to add money to my account; could you please help me?",top_up_failed,non_native_speaker,59
5ac22fb7-8b92-42df-803a-dd9768c73a09,"I try put money from my card but it not work, can you help me please?",top_up_failed,non_native_speaker,59
eacd933e-8d59-44ba-8cad-f5b27601f9a0,Top up failed today,top_up_failed,short_wording,59
f17d17ba-cfe7-485a-bd09-54706bac5f61,App denied top-up,top_up_failed,short_wording,59
e8e40b21-2946-48ad-a013-e4e3fe6c3f64,Couldn't add funds.,top_up_failed,short_wording,59
e44bbd79-9afa-4f81-b702-e1a9e6f0a19d,Top up denied,top_up_failed,short_wording,59
1a99c79f-7c80-4b3d-92eb-6cee86bc5875,Funding request blocked.,top_up_failed,short_wording,59
6bd82ff0-7074-45d9-8694-b85dd4a7e0f2,Top up declined,top_up_failed,short_wording,59
d1a0a354-f380-460f-9850-51c0e18296ed,I’m fed up with this stupid limit on how much cash I can dump into my account—what the hell is the max I’m allowed to put in?!,top_up_limits,angry_layperson,60
dd395f2e-64f8-48b4-af5a-17ea0cfc6e33,"What the hell is the max amount I can shove into my account, I'm sick of these stupid limits!",top_up_limits,angry_layperson,60
e844812e-28fe-48d9-926b-f4d396cf542c,I'm sick of the damn ceiling on adding cash to my account—what the hell is the max I can shove in before you block me?,top_up_limits,angry_layperson,60
3530028b-a358-4c1f-a9e3-f8b154413151,I’m fed up—tell me the damn maximum amount I’m allowed to load onto my card already!,top_up_limits,angry_layperson,60
ccea9786-aad6-489d-adfc-cb711bb58e18,"Why the hell can't I just dump more cash into my account, tell me how much I'm actually allowed to add!",top_up_limits,angry_layperson,60
ca486192-5517-4566-aad6-a85e957b5fc2,"Why the hell can’t I just load more cash onto my card, this stupid limit is ridiculous!",top_up_limits,angry_layperson,60
dab81845-82ee-4670-b173-59755e3f5304,Need to top up now limit unknown I’m out of cash,top_up_limits,panicking_emergency,60
25ec5bd8-cb41-4883-b7a5-249f8c9eb735,Can't add more cash limit blocked need help now,top_up_limits,panicking_emergency,60
ebb777dc-d662-4bb4-bb4d-4fdafa82bee5,Need to know how much I can add now account blocked,top_up_limits,panicking_emergency,60
f2c8625d-7ba9-42bf-87a0-4162bdd9bb16,Urgent need to know max amount I can add now my payments are blocked,top_up_limits,panicking_emergency,60
f271e91c-80cd-4222-bd35-a1dbbe7c8041,Help I can't add funds limit too low need increase now,top_up_limits,panicking_emergency,60
142ea1e4-1e70-4238-a67a-51c3205fb8e9,I need to add cash now it stops I think there’s a limit,top_up_limits,panicking_emergency,60
a285fb63-9f47-4785-8ff9-0a830aafab81,I would appreciate clarification regarding the maximum amount permitted for a top‑up transaction into my account.,top_up_limits,polite_expert,60
5e1b6ebb-00b3-4b3e-ba0b-1a25490601ed,"Could you explain what the highest sum I can deposit via a top‑up is, and outline any rules or conditions that apply to such deposits?",top_up_limits,polite_expert,60
57a4b41a-26a3-4079-8e7f-373c8c95439f,Please let me know the ceiling for a single top‑up and whether there are daily or monthly caps that I should be aware of.,top_up_limits,polite_expert,60
c31efcc3-0f3b-4f9f-b4bf-6b4780667295,I’m interested in learning the limit for one top‑up and any overall restrictions that might be enforced over a specific timeframe.,top_up_limits,polite_expert,60
d2d0095a-166e-42e4-8afa-21385c693581,Could you kindly inform me of the maximum amount I am permitted to add to my account through a top‑up and advise how I may verify this threshold?,top_up_limits,polite_expert,60
0ba2720c-86b2-4882-a00c-44794043dafd,Kindly tell me the maximum credit that a single top‑up can add to my account.,top_up_limits,polite_expert,60
d8aed1d8-a518-4725-90b7-9fa10fcf0d2c,"Yo, what's the cap on how much I can top up?",top_up_limits,gen_z_slang,60
0f649b68-8811-4f7f-b8d4-37e3bf87f693,"hey, can u tell me what the max amount is when I top up my account?",top_up_limits,gen_z_slang,60
b2b10a62-f101-4595-9dca-b6fbc3a5a0ca,"Yo, can u let me know what the max amount i can top up on my card at once is?",top_up_limits,gen_z_slang,60
72124297-5514-4037-937e-f9583cc18ee7,"Hey, can u let me know what the max amount I can top up is?",top_up_limits,gen_z_slang,60
0d4f1927-2077-424a-ba41-bf53d11ef98a,"Yo, what's the max I can top up, lol?",top_up_limits,gen_z_slang,60
4e6bc49e-ad83-447c-a715-72a95503cd74,"Yo, drop the deets on the max amount I can load onto my card in one go, k?",top_up_limits,gen_z_slang,60
b3ceefae-0646-44e0-ac0e-981952728916,"Hi, I want know what is the max amount I can top up per day?",top_up_limits,non_native_speaker,60
b429fe35-22d5-4bca-9c55-1dcb88f85c17,"Hi, I need know how much money I can put on my card at one time please.",top_up_limits,non_native_speaker,60
f68018d6-e0c0-450b-b112-463517b96ee0,"Hello, I want know limit for add money to my card at once.",top_up_limits,non_native_speaker,60
2538ec73-9959-4a0f-9771-48c049c90150,I want know limit for my top up please.,top_up_limits,non_native_speaker,60
fd00bf1e-c356-4c72-af91-4b570fa9b8d6,"Hi, I need know what limit have for put money on my card at once?",top_up_limits,non_native_speaker,60
37ba3e14-a9b3-4df4-8454-1c42e0e14982,I need know if there is limit for top up my account.,top_up_limits,non_native_speaker,60
df7bbbf6-e819-4906-bc4d-8c30be5cd290,Top‑up limit?,top_up_limits,short_wording,60
59391ffc-ec22-41b5-b2a3-15faa137bd8e,Top‑up max?,top_up_limits,short_wording,60
17345d26-7d92-430e-89cf-a57b9d375a87,Top up limit?,top_up_limits,short_wording,60
e76bdf4d-2fed-4bec-89f0-939d52f36abb,Top up max?,top_up_limits,short_wording,60
f97fcc65-54a2-4675-b466-b2a7e38d7bd8,Top‑up cap?,top_up_limits,short_wording,60
08cc30df-e456-4cc6-b677-9a0f0fcf6fe1,Top up ceiling?,top_up_limits,short_wording,60
6f49c1d0-9136-4e89-abb3-a36d56f26e62,"What the hell, I tried to add cash to my account and it just vanished—fix this now!",top_up_reverted,angry_layperson,61
514c8dba-a323-4314-a425-764a68e142c8,"What the hell, I just put cash in the app and now it’s vanished, why did you pull my money out like that?!",top_up_reverted,angry_layperson,61
28030ea0-1169-46e0-9e3c-5fda451b56af,"I tried to dump some money into my account, it said it went through and then just vanished—what the hell is going on and where the heck did my cash go?!",top_up_reverted,angry_layperson,61
059f7141-7cee-4e08-95f4-34bf4bd532f7,"What the hell, I topped up my account and now the money just disappeared—why the heck did you pull it back?!",top_up_reverted,angry_layperson,61
96b79115-5651-4bd7-adfc-6d07d05581c3,I tried to load cash into my account and the stupid app just blew it away like it never happened—what the hell is that supposed to mean?!,top_up_reverted,angry_layperson,61
3c0b0a6e-1fe1-4231-9ab3-e9882063718a,"I pumped money into the app and now it's gone again, why the hell did you yank it back?",top_up_reverted,angry_layperson,61
c38e4813-408f-4547-8faa-37380861f01c,Top up vanished my balance dropped I need the money now what happened,top_up_reverted,panicking_emergency,61
0ee2a7d7-687d-4766-b00c-f90973e9e6ed,Top up gone missing account zero need fix now,top_up_reverted,panicking_emergency,61
dab37fcb-3ec0-48e1-b0e5-090faf980046,"My recent top‑up disappeared, leaving the account empty—please restore the funds immediately!",top_up_reverted,panicking_emergency,61
e2e58e84-cc66-461f-821d-eafbf73a1648,Top up vanished instantly Need funds now Account shows zero Fix this now,top_up_reverted,panicking_emergency,61
a3042053-304f-49a3-b315-575ba26b9c05,"Top up disappeared my balance zero need money now urgently""",top_up_reverted,panicking_emergency,61
d7dbb40d-4e07-4cfc-9dd4-4d9dcf879ae0,Top up said complete now it is gone I cannot access funds help fast,top_up_reverted,panicking_emergency,61
6e3b0ecb-8802-43d4-b8eb-f3a61e6078e6,"I have observed that the recent top‑up to my account was reversed, and I would appreciate a detailed explanation of the underlying cause of this reversal.",top_up_reverted,polite_expert,61
1194da17-1443-4a8a-9068-d9ef828577b1,"I noticed that a recent top‑up, which was initially confirmed, has subsequently been removed from my account; could you kindly explain the reason for this reversal and confirm the current disposition of the funds?",top_up_reverted,polite_expert,61
98c9c6aa-63dc-417d-8c91-e68fe3c36a4b,Could you please explain why the most recent top‑up to my account was cancelled and advise me on the steps required to recover the amount?,top_up_reverted,polite_expert,61
ac0ed2bc-6908-4b6a-832d-aaa2ee8a1421,"I observed that the amount I attempted to credit to my account was deducted from my funding source but has not been reflected in my balance, suggesting the transaction may have been reversed, and I would appreciate your prompt investigation into this matter.",top_up_reverted,polite_expert,61
2e161fb9-a716-49ef-858f-135bffefe4b5,I would be grateful if you could clarify why the top‑up I just performed is no longer showing in my balance and what can be done to restore the funds.,top_up_reverted,polite_expert,61
5d576728-b780-440b-9c46-9a13cafe6f4b,Please provide a detailed reason for the disappearance of the recent top‑up from my account and let me know how to proceed.,top_up_reverted,polite_expert,61
0a1faa23-4099-4cf5-94ee-667e3545d17e,"Hey, I topped up like yesterday and the app just pulled it back, what's up?",top_up_reverted,gen_z_slang,61
4506eb5c-ff0b-49bf-9ea4-cd7c927a67bd,"Yo, I tried to top up but the app just threw it back, what's the deal?",top_up_reverted,gen_z_slang,61
ac87a98c-3426-4b92-9442-2d8176905479,"Yo, I just saw my top‑up disappear after it went through, can you fix that?",top_up_reverted,gen_z_slang,61
52c2ea17-3849-49b1-8549-0a073a0b2920,"Yo, I topped up my account, it showed as done but now the cash vanished, what’s up?",top_up_reverted,gen_z_slang,61
dd014357-c774-4f90-8bf7-7edd75f51073,"Yo, I tried topping up my account, the cash got pulled but now it’s gone again—what’s the deal?",top_up_reverted,gen_z_slang,61
a26dd2fa-8deb-4b95-9a49-1f037a0f8b97,"Yo, the app just bounced my top‑up and it’s gone, can u check what’s up?",top_up_reverted,gen_z_slang,61
9f2c39ea-6e26-44c7-a5b7-8166384302cd,"Hi, I tried add money to my account but after a few minutes the amount was gone, maybe it was cancelled, can you check please?",top_up_reverted,non_native_speaker,61
3208c47a-b4f2-410b-b74c-fa51a133e134,Could you let me know why the money I just topped up is no longer showing in my balance?,top_up_reverted,non_native_speaker,61
d7b197d0-97f2-43e7-98f7-0d67edd50b0d,"I add money to my account, it say done, but now the money not there any more, can you help?",top_up_reverted,non_native_speaker,61
46401088-514c-475b-ae76-ac8890ea0f6b,I tried add cash to my account but it came back and not stay in my balance.,top_up_reverted,non_native_speaker,61
6c949f4c-ef22-4836-967a-706d16598217,"Hi, I try add money to my account but app revert it, can you help?",top_up_reverted,non_native_speaker,61
da099f2d-2af2-43e5-8ba3-284eedbfe6d3,"I add money to my card and now it disappear, can you tell me why it cancelled?",top_up_reverted,non_native_speaker,61
502b8e66-580e-469e-8211-aefdd20e6c65,Top up disappeared,top_up_reverted,short_wording,61
ea6d3f50-b0b2-4600-b632-7d5ff012a6b0,Top up missing,top_up_reverted,short_wording,61
5aac732d-c810-4f60-befb-f5df82741419,Top up reverted?,top_up_reverted,short_wording,61
5e65b057-130e-40bf-8aa3-f6a1a87833ce,The top‑up was undone,top_up_reverted,short_wording,61
2ced228f-bf43-4aa5-89be-dc35be467eb5,My top‑up can’t be found,top_up_reverted,short_wording,61
1deaf58f-01b8-496c-8d5a-c73fb8ae3ea9,Top up reversed?,top_up_reverted,short_wording,61
2a9894ed-3bfe-4fbe-9ed1-3cdd337eae69,"I tried to throw some cash on my account with my card and now it’s nowhere to be seen, what the hell is going on?",topping_up_by_card,angry_layperson,62
3d47f81c-a056-4fb1-be99-0cf74b14307a,"Listen, I used my card to dump money into the app, and now it’s disappeared—explain this mess!",topping_up_by_card,angry_layperson,62
3964ebad-c360-4f6d-9896-a5e0d3af2f91,"I stuck my card on your thing to load cash and now it vanished, where the hell is my money?",topping_up_by_card,angry_layperson,62
3b15b8ac-1203-4aef-acad-82667276c09f,"I slapped my card in to load cash and now the money's vanished, what the hell is going on?!",topping_up_by_card,angry_layperson,62
33c5bec8-c83e-4a25-aefa-8643a6ce7c43,"I pumped cash into my account with my card, and poof, it’s gone. What the heck is happening?!",topping_up_by_card,angry_layperson,62
69345cd5-4db8-4c79-bc9d-64202d99eb9b,I stuck my damn credit card on the app to shove cash into my account and now it’s gone—what the hell is going on?!,topping_up_by_card,angry_layperson,62
1066b3ab-6ba0-4578-ae4b-82139f081c41,Urgent need to load cash now my card declined and balance still zero,topping_up_by_card,panicking_emergency,62
9f27377e-7db8-4319-a877-b510eba06543,Added money with card not showing balance zero need funds urgently,topping_up_by_card,panicking_emergency,62
1c7b28d2-b4c7-4f32-8343-b304e651339e,I used my card to add cash now nothing in account need it now,topping_up_by_card,panicking_emergency,62
a6266e1b-83b0-4c5f-b78b-05047c59998e,Tried to add money with my card nothing went through account empty,topping_up_by_card,panicking_emergency,62
ba4eac08-2a09-4e9c-8b0e-e2d3f84f5028,My attempt to fund the account with my card didn't work at all; the balance is still empty and I need cash immediately!,topping_up_by_card,panicking_emergency,62
44837e20-9ce5-4569-baff-4b6675553fd1,Top up failed now money missing need it now,topping_up_by_card,panicking_emergency,62
b6de2b30-f2e7-4e57-8813-3592f9dca33d,"I have attempted to add funds to my account using my card, but the credited amount is not appearing in my balance.",topping_up_by_card,polite_expert,62
cefc59c1-e9dd-4237-a3d8-445bc154bd97,"I followed the steps to top up my account using my debit card, but the money hasn't appeared in my balance; could you please look into the issue?",topping_up_by_card,polite_expert,62
67eec9d2-ee01-49c0-93de-185873cfc2c6,"I would appreciate guidance on how to successfully fund my account using a debit or credit card, as my recent attempts have been unsuccessful.",topping_up_by_card,polite_expert,62
f6019bf8-90bb-4e19-8cae-cf6dee828a22,"I attempted a debit‑card deposit and can see the charge on my card, yet my account balance remains unchanged—would you be able to help resolve this?",topping_up_by_card,polite_expert,62
3bac62b0-3b2d-4e98-861d-088b474ecee5,"Even after double‑checking all details, my credit‑card top‑up did not reflect in my account; please advise on how to get the funds credited.",topping_up_by_card,polite_expert,62
117d3d0a-8e5d-45b8-b090-b923bb6343c6,"I recently initiated a card‑based deposit to increase the balance of my account, yet the funds have not appeared and the transaction seems to have been lost; could you kindly investigate the matter and advise on the appropriate resolution?",topping_up_by_card,polite_expert,62
b39c58b2-afe3-4583-aa3b-62bdb820ce8f,"Yo, I tried to load cash from my card but it disappeared, pls help.",topping_up_by_card,gen_z_slang,62
e99d38df-1ccd-46a8-b703-d688e02de03c,"Man, I tried topping up with my plastic and poof, the cash vanished. What’s up?",topping_up_by_card,gen_z_slang,62
dfee058b-05d7-45f3-b9e5-bac7962e6d81,"Yo, can I drop cash into my app with a card and can my buddies do the same?",topping_up_by_card,gen_z_slang,62
1371bf42-a2dc-4ab8-94aa-01000aff6d64,"Hey, I just used my card to load up my account but the balance didn't update, wtf?",topping_up_by_card,gen_z_slang,62
5c3612f1-6301-45e0-86b0-e50e1684ca3d,"Hey, can u help me add funds to my account with my credit card? It’s not going through.",topping_up_by_card,gen_z_slang,62
da7e2273-be8f-4ead-a38b-5713fd169381,"Yo, can I use my credit card to add cash to my account and have my friends top it up too?",topping_up_by_card,gen_z_slang,62
451d9577-f9ce-4105-bd8e-9b43b64c4c35,I put correct card info but the money not in my balance.,topping_up_by_card,non_native_speaker,62
8afb70b2-a82d-4879-a0c3-9702d3a37ee3,"Hello, I used my credit card to add money but it not appear in my account, can you help?",topping_up_by_card,non_native_speaker,62
ccc9b177-cae2-4d2a-a05c-826335cfc8f6,"Hello, I try add money with my card but wallet not show it, can you help please.",topping_up_by_card,non_native_speaker,62
766a2de3-acfb-40b1-abb2-e577e3a45e47,"I attempted to fund my account using my debit card, yet the amount never appeared.",topping_up_by_card,non_native_speaker,62
5e7132e8-bfe2-4530-8579-3c574ec9fc38,I try add money with my card and now the money disappear.,topping_up_by_card,non_native_speaker,62
66ecf2d8-7f79-4d71-90ac-3ae672db6d02,"After a successful credit‑card top‑up, my account balance vanished unexpectedly.",topping_up_by_card,non_native_speaker,62
3a02eb98-eb10-4f2f-9813-e977aeaeff90,Card top‑up missing,topping_up_by_card,short_wording,62
5372cbcc-63e9-425d-8b2e-ab6df86fd73a,Card top‑up not appearing,topping_up_by_card,short_wording,62
ea3231e0-eb59-41fb-9ffa-728567c24722,Top up missing,topping_up_by_card,short_wording,62
983d2556-865b-4a6a-8f51-1f85b61b9b93,Card top up declined,topping_up_by_card,short_wording,62
46e73d3e-41c7-4468-9dcb-331c7e29f172,Card top‑up?,topping_up_by_card,short_wording,62
f7c14b19-0867-491b-b01e-7bdcb484b315,Top-up not reflected,topping_up_by_card,short_wording,62
61812bce-b119-4e45-b579-63255dafc846,"I got hit with the same charge two freakin’ times, so fix that right now!",transaction_charged_twice,angry_layperson,63
ef36e5d2-2768-41d4-879b-af0b1b0b9988,"Listen up—my account was charged twice for the exact same purchase, and I demand an immediate refund!",transaction_charged_twice,angry_layperson,63
30cdbabb-a7c7-4a52-9a5c-9ef7a7005006,"I’m fuming—y’all just billed me for the same thing two freaking times, sort this out right now!",transaction_charged_twice,angry_layperson,63
f73b0bb3-65c5-43f2-94eb-2cf4dac6cd15,I just bought some stuff and my account got hit two times for the same purchase—what the heck is going on?!,transaction_charged_twice,angry_layperson,63
ed9b50f3-ee7d-437a-8a3e-60767e8a2568,I’m fed up seeing the same damn charge hit my account twice—sort this out right now.,transaction_charged_twice,angry_layperson,63
7ab5f09e-2edb-4893-ac2c-cb74018fe9fc,I got charged two damn times for the same thing—fix this crap right now!,transaction_charged_twice,angry_layperson,63
e99f8c73-0a85-4ad9-aafa-138bc254288f,Charged twice for the same purchase I just made need this fixed immediately,transaction_charged_twice,panicking_emergency,63
2369717e-bae5-428e-b324-6d48475f70df,Double charge on my purchase urgent fix needed now,transaction_charged_twice,panicking_emergency,63
5b5715bf-f10c-4c42-9992-6d588926a977,I just noticed my account debited two times for a single item—please return the extra amount without delay!,transaction_charged_twice,panicking_emergency,63
b0dad311-bf05-4eff-8254-a2aa93928469,Duplicate charge on my card just happened need it reversed immediately,transaction_charged_twice,panicking_emergency,63
04d40e03-8286-4455-aacb-6d24866e019a,Urgent double charge on my grocery payment account shows two deductions need fix now,transaction_charged_twice,panicking_emergency,63
2166e5d7-f1c8-4a40-a5cf-4892a75f1fad,"My statement shows the same transaction recorded twice, though I only bought it once; I need this corrected immediately.",transaction_charged_twice,panicking_emergency,63
02f6b523-ba2c-4998-afce-8c3143f6942e,"I have observed that a single transaction appears twice on my recent statement, resulting in an undue duplicate charge; I would appreciate your assistance in rectifying this discrepancy and crediting the erroneous amount.",transaction_charged_twice,polite_expert,63
8cbd5afa-1e6f-4f2d-a422-7bbe29554d5d,I have noticed that a single transaction has been debited twice from my account and would appreciate your prompt investigation and the necessary reversal of the duplicate charge.,transaction_charged_twice,polite_expert,63
a869124a-9d36-4f32-8101-179f28fe3d72,Could you please investigate why the identical purchase was charged twice on my account and let me know how the surplus amount will be refunded?,transaction_charged_twice,polite_expert,63
07568b4c-b422-444c-8607-fa61317185b8,"I have observed that a recent transaction has been posted twice to my account, and I kindly request clarification and corrective action to resolve this duplicate charge.",transaction_charged_twice,polite_expert,63
4c017b37-222b-46c4-9a6d-685ad1f2dea1,"Dear Sir/Madam, I have observed that a single purchase made on my debit card on [date] has been recorded twice in my account statement, resulting in a duplicate charge; I kindly request that this matter be investigated promptly and the erroneous entry be corrected at your earliest convenience.",transaction_charged_twice,polite_expert,63
5e940516-4ace-43bc-a06f-30a7f8076bd8,My recent statement lists the same debit entry twice; I would appreciate it if you could review this and correct the duplicate charge as soon as possible.,transaction_charged_twice,polite_expert,63
53ae1165-e859-4c88-b875-c34ca1f1c798,"Yo, I just noticed the same purchase showing up twice on my account, can u sort it out?",transaction_charged_twice,gen_z_slang,63
cda81b01-1708-44dd-85d9-64be5c206789,"Hey, I just noticed the same payment hit my account twice, can you sort it out fast pls.",transaction_charged_twice,gen_z_slang,63
a974ecad-43ed-4e5a-89d8-ce53d5cd44ce,"Hey, I just saw my coffee shop purchase listed twice on my app—can u sort out the double charge and get my cash back?",transaction_charged_twice,gen_z_slang,63
5e01c217-bfa3-4e68-a6cf-aa25b1862c34,"Hey, I just saw the same purchase show up twice on my account—can u sort this out ASAP?",transaction_charged_twice,gen_z_slang,63
9352f049-d1b3-42bc-aca4-4f06cd6e83c1,"Hey, I just saw my card got charged twice for the same purchase, can u check and fix it asap?",transaction_charged_twice,gen_z_slang,63
43dd3a70-3ef7-4daa-990b-a1c4caf7249f,"Yo fam, just got hit with a double charge on my app for the same thing—can you bounce that extra fee back ASAP?",transaction_charged_twice,gen_z_slang,63
f2b93e18-b563-4a28-8bbc-30d9fbb05edb,"Hi, I see two charge for the same purchase, I only bought it once, can you please check?",transaction_charged_twice,non_native_speaker,63
7f54ab7c-6ced-4bbf-b867-7b4a16c881cb,"I think my purchase was charged two times, can you check?",transaction_charged_twice,non_native_speaker,63
e6081ca8-2b60-4da0-9d55-ea5df15af979,"I pay coffee yesterday and now I see two same charge on my card, one is wrong, please help fix it.",transaction_charged_twice,non_native_speaker,63
dc435fec-9dc9-4459-9df0-82b452933141,"I pay at coffee shop yesterday, app show two same charge. One was declined but still in my balance. Can you fix please?",transaction_charged_twice,non_native_speaker,63
062f9cd6-5082-4629-b1a1-e73e286bfd64,"I see same payment two times on my account, can you fix it please.",transaction_charged_twice,non_native_speaker,63
242b31ab-b7ea-4c20-a55b-97c24ca17e2d,"I see same payment on my card two times, can you please check and give back the extra money?",transaction_charged_twice,non_native_speaker,63
9579a6ed-b629-4f94-ae95-5a100bd89893,Duplicate charge on card,transaction_charged_twice,short_wording,63
281c17b6-64b9-4690-bd9c-076d9e8b59c7,Card billed twice,transaction_charged_twice,short_wording,63
03254e92-b651-48c5-bdd2-55d1f916e860,"Duplicate charge, need refund",transaction_charged_twice,short_wording,63
20cbabe0-0a57-45d3-89e0-32043f7df817,Double charge on transaction,transaction_charged_twice,short_wording,63
3bd51cbc-af40-4b6a-8a9d-aafc4780ab60,Duplicate charge on purchase,transaction_charged_twice,short_wording,63
3b7f394c-55ca-4e7a-bfd7-bf38be2e9b9c,Two identical charges on my card,transaction_charged_twice,short_wording,63
f95d62f2-fb92-48bc-8bbd-adb507d0877f,I just tried to send money and you guys slapped me with some stupid fee—what the hell is that for?,transfer_fee_charged,angry_layperson,64
6bd79f21-149d-4900-bc35-41a181da80a0,I sent my cash over and now you’ve taken a damn extra chunk out of it—what the hell is that about?!,transfer_fee_charged,angry_layperson,64
178c84b0-fb83-447b-a71f-03aefcd7001f,"What the hell, I sent my cash and you just stole a bunch of extra money for no reason—I shouldn't be paying any fees!",transfer_fee_charged,angry_layperson,64
1b9e7177-93f6-460a-a8a3-100d8fc68a6f,"I moved my money and got slapped with a dumb fee—this is ridiculous, explain it now!",transfer_fee_charged,angry_layperson,64
5d56d5da-fcfa-4501-a1f8-7cc3d9360ff8,"I’m sick of getting slapped with random fees every time I move my money, this ain’t what I signed up for!",transfer_fee_charged,angry_layperson,64
42bf2919-9df9-45e7-b44b-18e094e49922,Why the hell did you slap me with extra charges just for moving my money?!,transfer_fee_charged,angry_layperson,64
219d3e5f-d8b5-4327-a105-da2ebd563e37,Fee taken from my transfer I need it reversed now,transfer_fee_charged,panicking_emergency,64
1d7fb8df-c9b8-4cbb-88d0-66b2b494103a,Fee showed after transfer I didnt authorize stop this now,transfer_fee_charged,panicking_emergency,64
841f5c12-fafe-4ee4-9713-e58614217fe0,Charged for transfer I didn't expect I can't afford this,transfer_fee_charged,panicking_emergency,64
307f0970-8cf9-42a1-9390-565a4ebc6b7b,I just saw a surprise charge on my transfer and I'm freaking out—please cancel it instantly!,transfer_fee_charged,panicking_emergency,64
d4bdd400-9ad8-45fc-97f9-1628bf8622e8,My account was hit with an unexpected transfer fee and now I'm broke; I need urgent assistance to restore my balance!,transfer_fee_charged,panicking_emergency,64
cfdf472c-5ae5-4fb3-b223-dda271e6c1c4,Sent money now fee shows what is wrong need help quickly,transfer_fee_charged,panicking_emergency,64
e203783e-066c-4f99-a3c9-c62fd2ca8454,"I would appreciate clarification regarding the fee that was applied to my recent funds transfer, as I was not anticipating any charge for this transaction.",transfer_fee_charged,polite_expert,64
591b3143-2bb8-4659-a85f-42db7fa3be10,I recently executed an electronic funds transfer and observed a deduction labelled as a fee; could you kindly clarify the basis for this charge?,transfer_fee_charged,polite_expert,64
0c494c16-06bd-4bf4-ad58-e28bb021f40d,"I kindly request an explanation for the charge assessed on my most recent electronic funds transfer, as I believed such transfers were exempt from fees.",transfer_fee_charged,polite_expert,64
e4a01b66-235b-41b7-b0fb-b359fd36e774,"I kindly request a detailed explanation of the fee assessed on my recent interbank transfer, as I was not anticipating such a charge.",transfer_fee_charged,polite_expert,64
23e9bede-0fa9-4070-97b4-f5fbd3807dc2,I have observed an unexpected deduction associated with a recent funds transfer and would appreciate clarification regarding the applicable charges.,transfer_fee_charged,polite_expert,64
6e7fc61a-eadb-457e-a422-90a0fd2cc034,"I have observed a charge applied to my recent funds transfer and would appreciate clarification as to why this fee was assessed, as I was under the impression such transfers are fee‑free under my account terms.",transfer_fee_charged,polite_expert,64
9e36f6dc-9a54-4184-b4ab-b031476f4fd0,"Yo, I sent a transfer but the receiver says they got less, looks like some random fee got snatched—what’s up with that?",transfer_fee_charged,gen_z_slang,64
ce8b9cd0-abf7-4ae3-b060-c276c8caeb40,"Hey, I just got hit with a fee after a transfer I thought was free—what’s the deal?",transfer_fee_charged,gen_z_slang,64
48f9c2bf-7fe6-4765-8674-31f6c5382000,"Yo, I just did a transfer and saw an extra charge pop up—what's up with that fee?",transfer_fee_charged,gen_z_slang,64
3220f161-44d1-4246-b07d-2e412aca5740,"Yo, I just sent a transfer and got hit with an extra fee—what’s the deal?",transfer_fee_charged,gen_z_slang,64
238f820e-6178-4d90-a814-e6b62b06924b,"Yo, the cash I sent showed up with a random deduction—what's the story?",transfer_fee_charged,gen_z_slang,64
d5880409-3492-418b-896c-50c25a05208f,"Yo, just spotted an unexpected charge on my transfer—what's the vibe?",transfer_fee_charged,gen_z_slang,64
ce76b88b-14aa-4bca-a774-27ca1d807ae5,"I send money to friend and see extra charge on my account, why this happen?",transfer_fee_charged,non_native_speaker,64
b4cb9280-002b-465f-a6bb-060867f9525d,"When I transferred money to a friend, a charge appeared on my statement; could you explain why that fee was applied?",transfer_fee_charged,non_native_speaker,64
efa82cf1-dcb7-40e9-9c57-322010d83741,"Hi, I send money to my brother yesterday and I see fee on my account, I thought transfer no cost, can you tell me why please.",transfer_fee_charged,non_native_speaker,64
559f8598-eec4-4e74-a765-0ea4a779e8a5,"Hello, I send money to another account and I see charge, can you explain why?",transfer_fee_charged,non_native_speaker,64
e93dc7c9-7a25-4a84-8920-b0a17129a016,"I see fee on my transfer, I thought transfer was free. Can you help?",transfer_fee_charged,non_native_speaker,64
ee55fd90-424f-4555-9ae0-d528fd05a4cd,"I noticed a charge after sending a transfer, even though I believed transfers were free—can you clarify this?",transfer_fee_charged,non_native_speaker,64
4c5b8a83-26ac-4d6d-89d6-4c6fe95bd24b,charged transfer fee?,transfer_fee_charged,short_wording,64
9e37ba87-e16c-46d9-a32c-836767f96e67,Unexpected transfer fee,transfer_fee_charged,short_wording,64
6229adc5-5b80-4a47-9189-38cd49f1b5fe,Why a fee on my transfer?,transfer_fee_charged,short_wording,64
6505e17b-10aa-451b-8b5c-37afba5d3552,Fee added to transfer?,transfer_fee_charged,short_wording,64
fe4e8a52-a239-4f51-8d62-f1a2d1971942,Transfer fee charged?,transfer_fee_charged,short_wording,64
5fc340f6-4894-452a-9a85-d6247effdec6,Was a transfer fee taken?,transfer_fee_charged,short_wording,64
67deab01-235a-42fa-9e39-f517c502fea2,"I stuck my cash into my account and nothing shows up—this is ridiculous, fix it now!",transfer_into_account,angry_layperson,65
79247e0b-7368-4e09-a821-62c81d04515b,I’ve been trying to get my cash into my account for ages and nothing’s happening—fix this damn problem right now!,transfer_into_account,angry_layperson,65
71f0b764-8802-4c64-a6cf-f9bfccb0a7a1,"I’m sick of waiting—get my cash from my other bank into this account right now, this dumb system is dragging my money!",transfer_into_account,angry_layperson,65
048a4b81-c45e-44cd-9c8c-4f43154f9c03,Enough delays—explain the exact steps to transfer funds from my other bank to this account this instant!,transfer_into_account,angry_layperson,65
9e823631-bb59-43e4-8d0b-af53d859b2a1,"I’m sick of waiting for my money to show up in my account, get it done already!",transfer_into_account,angry_layperson,65
c9bce883-28ae-4be5-9057-6f08d2b3b7df,"This is absurd—my attempt to deposit cash vanished, I need it resolved immediately!",transfer_into_account,angry_layperson,65
ce2a7af8-9fdc-4487-a633-74015ff3e526,Transfer money into my account now I have bills due cannot wait,transfer_into_account,panicking_emergency,65
def9482f-8e70-4d21-805d-11478e423f6c,Need money in my account now transfer from another bank asap,transfer_into_account,panicking_emergency,65
fb8f6c02-cfdd-4b60-9335-5d59a8e9b781,Account empty urgent need money now transfer into my account immediately help,transfer_into_account,panicking_emergency,65
cd99027b-37ed-42e1-a75e-4aadbf734ea0,Urgent need to pull funds from my other bank into this account now help,transfer_into_account,panicking_emergency,65
77fed0a4-ad1a-47b5-9703-9a78a757bb17,Urgent need to get money into my account now help fast transfer can't wait,transfer_into_account,panicking_emergency,65
16243139-cd1d-49ca-88b3-d46e94eee8ce,Need money in my account immediately transfer from other account now urgent,transfer_into_account,panicking_emergency,65
f994f341-c342-4ba6-9925-d42a0cf81387,I would like to inquire about the proper procedure and required details for funding my account through an external bank transfer.,transfer_into_account,polite_expert,65
da55cfc4-4d55-4213-a6b9-107589a36c83,"I would appreciate guidance on the most efficient procedure for transferring funds from my external bank account into my current account, including the requisite details and any associated requirements.",transfer_into_account,polite_expert,65
07f043dd-8f53-4469-95eb-610bfc2a3198,"I would be grateful if you could provide a detailed explanation of the procedures, required documentation, and expected processing times for transferring funds into my account.",transfer_into_account,polite_expert,65
ac393640-db85-4c4d-b240-76300d8f7358,"I would like to inquire about the available procedures for transferring funds into my account from an external bank, including any applicable limits and processing times.",transfer_into_account,polite_expert,65
6ece3001-830e-4d73-9075-035234af769b,"I would appreciate detailed instructions on how to initiate an inbound bank transfer to credit additional funds to my account, as I currently require supplementary liquidity.",transfer_into_account,polite_expert,65
c467e691-b58c-4c71-a506-d991ef099644,"May I receive a clear walkthrough for sending an incoming transfer to my account, together with information on the required reference identifiers, any applicable charges, and the anticipated time frame for processing?",transfer_into_account,polite_expert,65
0a4e1b9e-4378-486c-9bb8-7c719d86f66e,"Yo, I need to shift some cash from my other account into this one—what's the quick way to do that?",transfer_into_account,gen_z_slang,65
88bfa70c-fc73-4e66-953c-621d86de37d4,"Hey, can u show me how to shift my money from my main account to my other one ’cause I’m kinda lost on the bank transfer steps?",transfer_into_account,gen_z_slang,65
63d8163f-1914-45b2-a8f6-ec2b9a8ff37f,"Hey, can u show me the fastest way to get some cash into my account, pls?",transfer_into_account,gen_z_slang,65
458365e4-3b59-4558-b137-92658aa8c23c,"Yo, can you hook me up on how to pull cash from my other bank into this account?",transfer_into_account,gen_z_slang,65
840b4731-a62b-4170-a9d8-bbe925321183,"Yo, can u walk me through how to push some funds into my account, like what’s the quick steps?",transfer_into_account,gen_z_slang,65
dc2137ac-4ef5-47bf-ab8c-83ba29c3cec8,"Yo, can I do a bank transfer to top up my account?",transfer_into_account,gen_z_slang,65
c888c2c3-9285-4aa4-a0ce-355969b621b0,"Hi, I need move money from other account into my account, can you help me please?",transfer_into_account,non_native_speaker,65
fc7a0dc2-62f6-47fa-9234-1db9dedfd533,"Hello, I want to put money from my other bank to my account, how I do?",transfer_into_account,non_native_speaker,65
0ccd7f93-9f1e-4872-b014-617d80ab9295,"Hi, I want put money in my account but I not understand how to do transfer.",transfer_into_account,non_native_speaker,65
f9b007ab-56d1-419e-9708-9216d5e48936,"I want put money into my account, how can I do?",transfer_into_account,non_native_speaker,65
6d53c6e2-f959-4246-9d6d-0a7a980cd305,"Hello, I need put money from another bank into my account but I not understand how to do it.",transfer_into_account,non_native_speaker,65
920f89e9-f103-47cc-8b10-52e659105b6b,I need put money in my account but I no understand how do it.,transfer_into_account,non_native_speaker,65
983a803d-874e-4e24-8d72-c9f3a65d7677,Transfer from other bank,transfer_into_account,short_wording,65
bc913d11-e2a1-4773-ba92-b5e85bd388a8,Deposit money to account,transfer_into_account,short_wording,65
7c97ad22-998f-402c-91cb-96b472b921ad,Transfer to my account,transfer_into_account,short_wording,65
ce71fa8e-1584-4622-ac57-103ea5dfff3d,How to receive transfer,transfer_into_account,short_wording,65
ad16d0f5-5e93-459e-9747-eca56c4b886d,Incoming transfer steps?,transfer_into_account,short_wording,65
63041b94-a100-4fdf-864f-ced3042ef02e,Add funds from other bank,transfer_into_account,short_wording,65
55b65c73-adb9-4ac8-8e7d-40899207bd63,"I sent you guys my cash ages ago and my buddy still hasn't got a dime, this is ridiculous!",transfer_not_received_by_recipient,angry_layperson,66
26988226-8f02-40a3-8c93-9bbe993e6b07,I pumped a bunch of money into your system ages ago and the other guy still hasn't seen a single cent—this is absurd!,transfer_not_received_by_recipient,angry_layperson,66
d9354734-0bfc-4f68-9dc3-fdf21da5a744,I sent cash to my buddy two hours ago and he still ain't got it—what the hell is taking forever for my money to show up?,transfer_not_received_by_recipient,angry_layperson,66
7b2855ce-8bbb-4947-885c-6ff965675f95,"I sent cash to my buddy two days ago and he still says he got nada, even though it shows as done on my end—what the hell is going on, fix this now!",transfer_not_received_by_recipient,angry_layperson,66
283edf82-0520-42c0-9cf6-ebab2d2c9103,"I transferred cash through you to my friend, yet he hasn't received anything, and I'm fed up with this nonsense!",transfer_not_received_by_recipient,angry_layperson,66
09482b68-4b09-4ee8-81f8-b05539302e4b,"I sent cash to my buddy yesterday and it’s still not showing up, what the hell is going on?",transfer_not_received_by_recipient,angry_layperson,66
1030c16a-6994-428a-a86d-0dde7260f858,Sent rent payment yesterday account shows completed landlord says nothing received need urgent check,transfer_not_received_by_recipient,panicking_emergency,66
688a96be-68be-463e-b8a0-8f82b169ff01,Sent cash to my sister ten minutes ago still not in her account need it now,transfer_not_received_by_recipient,panicking_emergency,66
fcd1a3fe-de51-47b7-b33e-934b4705478d,Help I sent money to my wife two hours ago she cannot see it my account shows completed I need it now,transfer_not_received_by_recipient,panicking_emergency,66
7a759cec-0610-43a7-8bad-42fd25a1448f,Sent money yesterday still not there need help now,transfer_not_received_by_recipient,panicking_emergency,66
7b1dda52-7019-41e8-8bf3-70e4a6e5532e,Transfer to my mother 30 minutes ago not showing up urgent need resolution,transfer_not_received_by_recipient,panicking_emergency,66
bb655740-e165-49d0-b21d-d5bc32f18096,Sent money to my brother this morning no sign in his account urgent please investigate now,transfer_not_received_by_recipient,panicking_emergency,66
e3918904-afde-4302-9989-0e60ced47a8f,"I initiated a funds transfer to the designated beneficiary on the specified date, yet the recipient has not yet received the amount, and I would appreciate clarification regarding any possible delays.",transfer_not_received_by_recipient,polite_expert,66
5d3e6296-35be-4fe1-877f-ef10ffda5f9e,Could you help me understand why the interbank payment I sent earlier today hasn't shown up in the beneficiary’s account yet?,transfer_not_received_by_recipient,polite_expert,66
4ac190ab-0714-4986-af1b-f86c1eaaf7eb,"Although I sent a transfer to the chosen recipient, the money still hasn't appeared on their side.",transfer_not_received_by_recipient,polite_expert,66
8904295a-ee15-44ed-96c3-1d5ee6f0207d,"Please let me know the current state of my recent transfer, as the payee hasn't received the funds so far.",transfer_not_received_by_recipient,polite_expert,66
de7611f2-7886-4b89-8826-d211160aed54,"On 8 April 2026 I initiated a domestic wire transfer to account number 123456789, and despite the correct beneficiary details, the intended recipient reports that the funds have not been credited to their account; could you kindly investigate the status of this transaction?",transfer_not_received_by_recipient,polite_expert,66
3d3f3089-f8ba-42b1-b337-78173c336c8a,I’m checking on a recent electronic transfer I made because the intended party hasn't recorded the deposit yet.,transfer_not_received_by_recipient,polite_expert,66
fa2bb56b-c456-4f23-b50d-97a90394cca1,"Yo, I sent a transfer to my friend earlier but they still haven't got it, what's the hold up?",transfer_not_received_by_recipient,gen_z_slang,66
f3a01749-2f5f-4022-a4c4-736c85211a3b,"Yo, I just sent cash to my friend and they’re saying it’s still MIA, what's the ETA on that transfer?",transfer_not_received_by_recipient,gen_z_slang,66
fe8aa9b0-a7b8-4eb6-863b-85671db56cda,"Yo, I transferred money to my buddy earlier and they still haven't gotten it, any clue what's happening?",transfer_not_received_by_recipient,gen_z_slang,66
b62046ed-c1f1-4d36-b95d-16af7ae09179,"Yo, I sent a rent transfer this morning but my landlord still says they haven't got it, can u check what's up?",transfer_not_received_by_recipient,gen_z_slang,66
024f305d-fdae-43ff-b40e-c9d696fd2974,"Yo, I sent a transfer but the other side still ain't got it, can u peep it?",transfer_not_received_by_recipient,gen_z_slang,66
e5602e6c-dd8a-45c4-9324-34e7fa6b8c80,"Hey, I sent money to my friend two hours ago and they still haven’t got it, what’s the hold up? It's kinda urgent.",transfer_not_received_by_recipient,gen_z_slang,66
26a01300-afca-4e0d-84ba-0a997446a527,"I send money to my friend yesterday but he say he not get it yet, can you help?",transfer_not_received_by_recipient,non_native_speaker,66
1eb3aae5-5367-4050-9835-587dc289d26b,"Hey there, I transferred some cash to my brother a day ago, but he says the funds haven't arrived yet. Could you look into this?",transfer_not_received_by_recipient,non_native_speaker,66
4bec14c8-5901-4c2b-ad22-2da0159800ca,"Hi, I made a transfer to my brother last night but he say he not receive the money yet, can you check please?",transfer_not_received_by_recipient,non_native_speaker,66
7f378dd4-ada6-45c6-ab50-44f0f6b2f19e,"Good morning, I attempted to send money to my cousin yesterday, and he still hasn't received anything. Please assist.",transfer_not_received_by_recipient,non_native_speaker,66
b07c7bf2-5e9a-41f2-a4c0-f29d59ae36e1,"Hi, I made a transfer to my landlord yesterday and it show completed on my phone but he says he not see any money yet, can you please check if it really go through?",transfer_not_received_by_recipient,non_native_speaker,66
6e05ea93-6710-44ec-bb19-5e539db9ec65,"Hi, I initiated a transfer to a friend last week and he reports that the money hasn't come through. Can you help me resolve this?",transfer_not_received_by_recipient,non_native_speaker,66
7cc4db96-3b29-4218-82f2-120e85554cc3,Recipient hasn't received transfer,transfer_not_received_by_recipient,short_wording,66
0c15c4b2-a2b9-4094-8fcf-71a6150b49f5,Transfer not received recipient,transfer_not_received_by_recipient,short_wording,66
95ddeb6f-8b44-4826-b410-f5afb4264ed6,Transfer not arrived,transfer_not_received_by_recipient,short_wording,66
dee7d8cf-25dd-4f16-8398-a8c1e664c265,Transfer not received,transfer_not_received_by_recipient,short_wording,66
1b42a35c-a51e-4670-86c9-09ae768a9d6d,Beneficiary hasn't got the money,transfer_not_received_by_recipient,short_wording,66
8fa00299-0107-46e9-8f34-110e0d75fe5f,Funds haven't come through,transfer_not_received_by_recipient,short_wording,66
dc336dd3-4490-4662-a0c2-d9535f83fbd5,"I moved cash to my friend's account this morning and nothing's showing up yet, this bullshit is unacceptable—how long the hell does it take?",transfer_timing,angry_layperson,67
7a3860bb-4270-4e53-a6bb-c8bcd957a0c8,"Yo, I sent cash from the States ages ago and it’s still not showing up, what the hell is taking so damn long for this money to finally land in my account?",transfer_timing,angry_layperson,67
eac91eaf-8360-4752-ada9-93f637f7615e,I transferred money to my brother weeks ago and it still hasn't shown up in his account—what the heck is causing this endless wait?,transfer_timing,angry_layperson,67
877c22d2-e6b7-47f9-9e39-e01fddf71f83,"I sent my cash over two days ago and it’s still not showing up, this stupid delay is driving me nuts!",transfer_timing,angry_layperson,67
0f1c0f98-93a3-4441-89a8-13df9265a101,"I wired funds yesterday, yet they haven't landed in my balance—seriously, when am I supposed to see them?",transfer_timing,angry_layperson,67
417347e6-0c94-4387-89a0-1991d2b62360,When the hell is my money gonna show up? I sent it days ago and nothing’s here!,transfer_timing,angry_layperson,67
10c11591-6e5d-4d92-b1b9-d151284f9381,Money due today transfer still not in account what’s happening,transfer_timing,panicking_emergency,67
c7f50b57-c482-4d7f-af0e-a43fce10cc95,Transfer missing urgent need funds now how long will it take,transfer_timing,panicking_emergency,67
3d467a8c-2a03-456f-aa21-f6a3334c5e7e,Urgent transfer to my wife not there yet I need it now how long does it take,transfer_timing,panicking_emergency,67
cdae532b-12c1-4cb1-a95d-92804d2110de,Transfer sent now need money in account immediately how long until it arrives,transfer_timing,panicking_emergency,67
247e2a0d-82c7-47f6-b7de-858a796fc926,Transfer hasn't arrived need money now urgent why delay,transfer_timing,panicking_emergency,67
fa38b16f-247a-4888-b769-175040cf2692,Money sent yesterday still not in account rent due in hours help now,transfer_timing,panicking_emergency,67
bf0a5661-6a07-4ce2-bc2c-7d0ad005cb2d,"I would appreciate clarification on the anticipated processing time and expected posting date for an urgent international transfer to China, as I need to ensure the funds will be available in the recipient’s account promptly.",transfer_timing,polite_expert,67
9fe42409-a92c-4a00-9a1e-5a6989a7e798,I would appreciate clarification regarding the expected processing time for an international wire transfer originating from Europe to be reflected in my account.,transfer_timing,polite_expert,67
2eac2932-267f-4a7b-9a39-268b958f0767,I respectfully request detailed information concerning the projected settlement period for an inbound wire transfer originating in the United States and to be credited to my account.,transfer_timing,polite_expert,67
314db53f-4b44-436d-9069-3282db5bf01f,"Could you kindly advise me of the anticipated duration for an international wire transfer from the United Kingdom to reach my account, including any variations for standard versus expedited processing?",transfer_timing,polite_expert,67
e513733f-8111-47e5-9c24-a38e191483c9,"I would like to know the number of business days required for a wire sent to Europe to clear, and whether any expedited service would alter that timeline.",transfer_timing,polite_expert,67
10b8c5b5-1699-446e-b7de-d9bbe9f5c26f,Please explain how long it typically takes for a cross‑border transfer I sent from a European bank to become available in the recipient’s account.,transfer_timing,polite_expert,67
8eb8af1f-1f29-4d6b-a86d-5712ce6e31a3,"Yo, I sent a bank transfer from Europe—any idea how long it’s gonna take to hit the other account?",transfer_timing,gen_z_slang,67
aaac14e2-1943-4828-b3cb-7b29d017416e,"Yo, when's that transfer actually gonna hit my account?",transfer_timing,gen_z_slang,67
0db155ee-c475-482a-9bd2-2f142f0f3b84,"Hey, I just kicked off a transfer to Europe—any clue how long till it hits?",transfer_timing,gen_z_slang,67
1f30b88b-c5a9-4b42-979b-4ea142f46a4f,"hey i sent a transfer yesterday, any idea when it’ll actually hit my account?",transfer_timing,gen_z_slang,67
4d1e8a58-adb9-48de-924b-85b8fbf87360,"Yo, can u let me know how long it usually takes for a transfer to hit my account?",transfer_timing,gen_z_slang,67
22254069-ad81-4acb-8d02-8e77565c4f07,"Yo, just sent a transfer from the US—when's it actually gonna hit my account?",transfer_timing,gen_z_slang,67
42aec45f-3b80-41e5-add4-cfb6e135eae2,"Hello, I made a transfer, can you tell me when the money reach my account?",transfer_timing,non_native_speaker,67
dadaf56e-391d-4271-8a87-3fe9f9886c8a,"Hello, I send money yesterday, when it will be in my account?",transfer_timing,non_native_speaker,67
b3f8ed04-ccdf-4d36-a728-bdd3168040ac,"Hello, I want send money to Canada urgent, how long it take?",transfer_timing,non_native_speaker,67
348cc4e9-64ae-4c82-811d-a740803a22a3,"I send money from Spain, how long wait for it in my account?",transfer_timing,non_native_speaker,67
87072deb-20e3-4add-a824-4c254bbd2c7a,"I have send money to Germany, how long it take to be there?",transfer_timing,non_native_speaker,67
cf763229-db88-4486-92fe-2dda1e278649,"I send money from Europe, when will it be in my account?",transfer_timing,non_native_speaker,67
b4cb0401-0ba2-4ff6-befd-40c450078550,Transfer arrival time?,transfer_timing,short_wording,67
89b66496-fd09-4866-bee4-dde06e87077a,US transfer wait?,transfer_timing,short_wording,67
a8522507-d9fe-4e3c-b629-0e63e0dd5c62,When will my transfer show up?,transfer_timing,short_wording,67
640ba738-47e6-4044-92f1-41b185eef28e,Transfer to China ETA,transfer_timing,short_wording,67
7aeb5a43-cb49-459c-8b66-b525ed7b1e46,What’s the expected arrival for a transfer?,transfer_timing,short_wording,67
473c9ac6-556f-40a6-acba-cfa65e43066d,China transfer ETA?,transfer_timing,short_wording,67
0abe0547-6e80-4b4d-a04c-c20d0bbf4b4e,I’ve been trying to prove who I am for ages and the damn app keeps saying it’s not me—what the hell is wrong with this?!,unable_to_verify_identity,angry_layperson,68
04191e00-9e33-4124-a0a1-3e5bdd27b68e,"What the hell, I keep trying to prove who I am and this stupid app just keeps saying it can't see my ID!",unable_to_verify_identity,angry_layperson,68
d5024dad-583d-4fee-9f30-1ba9fd9ca29a,"This stupid system won't let me prove who I am, I've tried everything and it's still stuck!",unable_to_verify_identity,angry_layperson,68
0701dc34-247d-498d-be48-df2a27250043,"This freaking app refuses to acknowledge me no matter how many times I scream at it, and it keeps labeling me as a fraud!",unable_to_verify_identity,angry_layperson,68
c97c9d02-f5d2-472a-ac77-20198afe7219,I'm furious that this cursed program insists I'm an impostor even after I handed over my genuine details!,unable_to_verify_identity,angry_layperson,68
559700e7-4b28-45b1-8742-54ef5f269172,I’m fed up with this damn app not recognizing me—no matter what I do it won’t let me prove who I am!,unable_to_verify_identity,angry_layperson,68
532b8752-02c0-468e-8059-a8813c24d68c,Cant verify who i am app says no freeze account now,unable_to_verify_identity,panicking_emergency,68
99a1a441-9b57-4774-99a3-988b49d02498,Can't verify my identity app won't accept me I need money now,unable_to_verify_identity,panicking_emergency,68
11c3f438-853e-40ef-92cf-a010de46739b,App says it’s not me I can’t log in help me,unable_to_verify_identity,panicking_emergency,68
87049ec1-1145-4dcf-9b5e-bfeff488f522,Cannot verify my ID account frozen need help immediately,unable_to_verify_identity,panicking_emergency,68
3e09ed68-b60c-4858-a596-a9e2453f3c33,The app keeps rejecting my verification; it says my identity can’t be confirmed and I urgently need assistance.,unable_to_verify_identity,panicking_emergency,68
414c9dfc-a011-4b9e-834b-269db700ca59,Identity check failing app stuck need help now,unable_to_verify_identity,panicking_emergency,68
917eb9f2-c2a3-4185-872a-1c200b43bac7,"I am encountering difficulties completing the identity verification process, as the documents I possess appear insufficient for the required authentication.",unable_to_verify_identity,polite_expert,68
0d0ba8b9-433a-4347-b098-8de6d7c57850,I am experiencing difficulty with the verification of my identification documents and would appreciate assistance in resolving this matter promptly.,unable_to_verify_identity,polite_expert,68
02b3fc67-12db-4c75-9c80-4eacdecc25f7,"I am encountering difficulties confirming my identity through the verification process, as the system consistently fails to recognize my credentials.",unable_to_verify_identity,polite_expert,68
e3c0aa20-555c-488d-a793-b31f4c6ef200,"Despite adhering to the prescribed procedures, I am unable to successfully complete the identity verification required to access my account.",unable_to_verify_identity,polite_expert,68
81bf58f8-60a0-400b-b305-398c271d318f,"I am experiencing difficulty completing the identity verification required for my account, as the system repeatedly rejects my submitted documentation, and I respectfully request guidance to resolve this matter.",unable_to_verify_identity,polite_expert,68
9441e58f-9db2-4f39-884c-f2e1ca76ce35,"Despite following the prescribed steps, the system consistently fails to confirm my identity, preventing me from accessing my account.",unable_to_verify_identity,polite_expert,68
2a47c1ca-ced9-4d71-a1ee-6f8de67ff32e,"Yo, the app won’t even recognize me when I try to verify my ID, it keeps throwing an error and says I’m not verified.",unable_to_verify_identity,gen_z_slang,68
723f18f2-73ca-43d3-b8d3-72de837ce9e6,"Sup, the app straight up blocks me from confirming my ID and keeps spitting error codes—can someone hook me up with a fix?",unable_to_verify_identity,gen_z_slang,68
dbd38946-7fab-46a4-b80d-e8079b9147b6,"Yo, the app is glitching every time I try to verify my ID, can you tell me what docs I need?",unable_to_verify_identity,gen_z_slang,68
9d032087-809f-4061-ba29-be19e76c9d88,"Yo, I keep getting blocked whenever I try to verify my ID, can you help?",unable_to_verify_identity,gen_z_slang,68
460647be-11d2-4e8d-a4b6-2c8c89e2310b,"Hey, I keep getting stuck when I try to verify my ID, nothing’s working.",unable_to_verify_identity,gen_z_slang,68
00f08a08-d000-4564-a04b-3b0845398d75,"Hey, I'm tryna verify my ID but it keeps glitching and won't go through, can u help?",unable_to_verify_identity,gen_z_slang,68
988a12db-894b-44d5-91d6-163833eed03c,"I try to verify my ID but the app no work, can you help me?",unable_to_verify_identity,non_native_speaker,68
25d5e455-fdbf-421c-a18a-bff2edce0455,Could you help me? I tried to verify my ID and the app told me it failed.,unable_to_verify_identity,non_native_speaker,68
00314090-881e-4185-ac44-398601e31e3d,"Hi, I try to verify my identity in the app and it keep saying error, can you please help me.",unable_to_verify_identity,non_native_speaker,68
c2d6f4ce-0f34-44b5-acbd-481dca7fb44d,"I attempted the identity check, but nothing happened; I need assistance to resolve it.",unable_to_verify_identity,non_native_speaker,68
ad652100-7cb1-4382-a5d3-757d5be72801,"Hi, I try to verify my ID but the system keep saying error and I cannot finish.",unable_to_verify_identity,non_native_speaker,68
6513ff06-3af6-4601-a8b8-fcdb71f871d3,"Hello, I try use the app but it no know who i am.",unable_to_verify_identity,non_native_speaker,68
c9429249-58d8-4fd3-9fbb-92a0ef129a41,Can't verify ID,unable_to_verify_identity,short_wording,68
e50c8ec9-ee62-41e4-a243-a98b1dc8440c,Can't verify identity.,unable_to_verify_identity,short_wording,68
42a9e982-bd8d-49a8-91f5-bc537c41b0da,Unable to confirm my ID,unable_to_verify_identity,short_wording,68
b5df5c28-a03a-4111-9a78-66bfe7c7faee,ID check didn't work,unable_to_verify_identity,short_wording,68
cc8defa1-8d99-47ce-8c1b-842a5c79bc34,Verification failed again,unable_to_verify_identity,short_wording,68
59d9c9b7-c8ab-47e8-89f5-b8fd64aaa721,Identity verification failed.,unable_to_verify_identity,short_wording,68
ea14910e-7343-4f19-a8dc-6a0021b3d3e1,I’m fed up with this nonsense—just tell me what the hell I gotta show to prove who I am already!,verify_my_identity,angry_layperson,69
b7153374-ce2f-4a6c-abf7-b639aae9947b,I’m sick of this crap—tell me what the hell I gotta hand over to prove I’m me already!,verify_my_identity,angry_layperson,69
c56295c4-ccd1-4a29-b807-5107f2aaa8b9,"I’m sick of this crap—just tell me what the hell I gotta hand over and how the heck I’m supposed to prove I’m me, I’m done waiting.",verify_my_identity,angry_layperson,69
9530892c-319a-4c91-8e3f-b2ca30475739,"Listen up, I’ve already sent you all the junk you need to prove I’m me, so tell me right now what the hell else you want from me!",verify_my_identity,angry_layperson,69
8797c806-f917-4ffc-8c92-c31e85b2fa34,"I've been on hold forever, and no one will tell me which pieces of ID I need to submit—just list them already!",verify_my_identity,angry_layperson,69
f02a0378-2cb0-46bc-91b4-d782614cbc72,"Enough of this! Spell out exactly which documents I’m forced to hand in to confirm my identity, this is ridiculous!",verify_my_identity,angry_layperson,69
85e83d49-b94a-4368-ad2e-43d7915f1b0a,Account locked need identity verification now send required documents immediately,verify_my_identity,panicking_emergency,69
c80ad8e9-6cea-4590-b65d-1baa091ca5c7,Can't access account need identity check now what documents required,verify_my_identity,panicking_emergency,69
2f7f334a-e130-42d2-aeaa-fd6dab6a2737,Need to confirm who I am now urgent send required documents ASAP,verify_my_identity,panicking_emergency,69
20b1b2a1-fe69-4df8-a463-f599e403bf98,Help I need to verify my identity now account frozen cant log in need required documents immediately,verify_my_identity,panicking_emergency,69
46fd75c2-8365-4938-b98a-d9ba274698fb,Help me verify who I am now account frozen need documents what is required,verify_my_identity,panicking_emergency,69
44a40a91-bc40-40ff-b72c-69171209f880,My profile is locked; I must prove my identity right away—please tell me which paperwork I should submit without delay.,verify_my_identity,panicking_emergency,69
75831fe3-2f44-44ea-b09f-5162cbdf1139,Could you kindly inform me of the specific documentation and procedures required to complete the identity verification process for my account?,verify_my_identity,polite_expert,69
462889a7-8bb6-48ca-8223-9fc9d0c6d9da,I kindly request detailed information regarding the documents and steps necessary to complete the identity verification process for my account.,verify_my_identity,polite_expert,69
e3f46623-e29f-400b-be54-9bff16f4206d,I have received a notice indicating that my identity must be verified and I would appreciate detailed instructions regarding the requisite documentation and the procedural steps necessary to fulfill this requirement.,verify_my_identity,polite_expert,69
2118e2cf-cdcc-4a0c-a5b0-f85c4c1849cf,Please let me know which forms of identification I need to provide and the exact steps I should follow to finish the verification of my account.,verify_my_identity,polite_expert,69
0be9a74d-17e0-4616-90fc-2b16678a916c,I would like to inquire about the documents and procedures required to complete the identity verification process for my account.,verify_my_identity,polite_expert,69
62d44c65-15c3-40fd-8b39-090c8224619e,I would appreciate clarification regarding the documentation and procedural steps necessary to complete the identity verification process for my account.,verify_my_identity,polite_expert,69
67d60ee6-064c-414b-ac60-4d7be50fd2a9,"Hey, can u let me know what docs I need to get my ID checked on the app?",verify_my_identity,gen_z_slang,69
819bd8de-fd00-48c5-931b-2a698cfcada6,"Yo, can u tell me what docs I need and how to get my ID checked on the app?",verify_my_identity,gen_z_slang,69
9f623148-3435-4191-ae0c-9065853933af,"Hey, can u let me know the steps to get my ID verified in the app?",verify_my_identity,gen_z_slang,69
3365585d-bbc0-425a-8ccf-474eeaa1dd39,"Hey, can u tell me how to get my ID check done so I can start using my account?",verify_my_identity,gen_z_slang,69
f1965088-fb1c-4988-acad-959ca5fcc616,"Yo, can you let me know what paperwork I gotta drop to get my identity verified?",verify_my_identity,gen_z_slang,69
e05c8496-cf93-47b5-a914-e774f618dc0d,"Yo, can u hit me with the steps and docs needed for the ID check?",verify_my_identity,gen_z_slang,69
f611de37-163d-4e92-9b83-ff3661028d14,"Please tell me how I can do identity check, which document I need and if my profile info must same as the papers.",verify_my_identity,non_native_speaker,69
8547e99a-262b-4af8-9c53-3085708f23a2,"Hi, I want to do identity verification, can you tell me which documents I need?",verify_my_identity,non_native_speaker,69
35eaddde-58a7-4ff8-be91-05af19315e7c,Could you let me know which pieces of identification I have to provide to prove who I am for my account?,verify_my_identity,non_native_speaker,69
8dc12c54-ef32-4701-b8f4-7b03cbd6cffd,"Hello, I need to check my identity, can you tell me what documents I need and if I can do it online?",verify_my_identity,non_native_speaker,69
041053d2-62c7-43d7-935d-397ebce8ad97,"Hi, I need to verify my identity, can you tell me which papers I need send?",verify_my_identity,non_native_speaker,69
b86a32ba-fd40-4a60-8ddf-daabca768b2a,I got a notice that I must confirm my identity; what are the exact steps I need to take to finish this process?,verify_my_identity,non_native_speaker,69
f03cc220-8d84-4cf1-b3a6-b590c81cf66d,Identity check documents?,verify_my_identity,short_wording,69
4e300c3f-888c-44a6-a191-40567c93e1d2,Identity verification steps?,verify_my_identity,short_wording,69
0fb09684-16f6-435e-9d71-13f35a28e04a,How do I verify my identity?,verify_my_identity,short_wording,69
99f0b8e9-1500-4b75-851a-e2e205d439c5,Identity verification process?,verify_my_identity,short_wording,69
0a3f199f-1f76-41fb-a91c-aa548d6f048b,What are the identity check steps?,verify_my_identity,short_wording,69
82b6abbb-b0d3-401d-9891-1e4f03a209eb,Identity verification documents?,verify_my_identity,short_wording,69
fe3e568a-7233-4626-ab36-0ef69b51b5e6,I'm fed up with this nonsense—just tell me where my cash is coming from already!,verify_source_of_funds,angry_layperson,70
2b482605-264a-4b9f-8c41-66e1eed1dadc,I’ve been staring at my account for days and nobody’s telling me where the heck this money is coming from—give me an answer already!,verify_source_of_funds,angry_layperson,70
aa124323-e2b2-4907-9c7e-c7abdf144d64,"What the hell is with you guys demanding every tiny detail about where my cash comes from, I just want to use my account!",verify_source_of_funds,angry_layperson,70
d2222891-400c-48bd-a084-1a704322afda,"Why the heck are you blowing up my inbox asking where my cash came from, I just need the money in my account already!",verify_source_of_funds,angry_layperson,70
836f95d8-7c98-43ae-b466-8a0688760a44,I've had enough of this crap—why the heck do you keep demanding proof of where my money came from and how do I get that sorted already?,verify_source_of_funds,angry_layperson,70
58d5134e-560e-466a-b08e-0187f038996c,Enough already—stop pestering me about the origin of my money and just let me access my account!,verify_source_of_funds,angry_layperson,70
7e7ff904-ee44-4738-9933-f7bccd26aa3c,Need to know source of my money now urgent,verify_source_of_funds,panicking_emergency,70
4afa0d67-0fc2-4164-a566-b4f3d1fce5d2,Help I need to know where this money came from now urgent,verify_source_of_funds,panicking_emergency,70
3cafd15b-dd46-4d4b-82cc-596d11c961cf,Tell me where my recent deposit came from immediately,verify_source_of_funds,panicking_emergency,70
60476e19-c6ef-45b8-96b2-f45ba79cc697,Need to prove where money came from account locked urgent,verify_source_of_funds,panicking_emergency,70
9e85c204-e3ec-4224-b446-7144aaebedc0,Help I need to see where my money came from now,verify_source_of_funds,panicking_emergency,70
1768b5f9-20d7-46ef-96d6-6ba9d64d4abb,Help I need to prove where my money came from now account blocked,verify_source_of_funds,panicking_emergency,70
5cd567b6-c327-4979-a50f-d49b893aa1a4,"Dear Customer Support, I respectfully request guidance on the procedures required to have the origin of the recent deposits to my account formally substantiated and documented in accordance with regulatory compliance.",verify_source_of_funds,polite_expert,70
73d17b11-783a-4fac-bec9-e1e3e14d1d03,"Kindly provide me with a comprehensive statement detailing the origins of the recent credits to my account, as I require verification of the source of these funds.",verify_source_of_funds,polite_expert,70
f152cb9c-2ddf-4041-9bea-fe567081921a,I kindly request detailed information regarding the origin of the recent deposits reflected in my account.,verify_source_of_funds,polite_expert,70
90d56d60-5817-4897-8c1a-86adb9c0fe19,I would like to obtain confirmation regarding the origin of the deposits reflected in my account and request guidance on the documentation required to verify those sources.,verify_source_of_funds,polite_expert,70
9da5d88a-6324-4408-a870-58e7e6fe4596,"I respectfully request a detailed breakdown of the origin and nature of the recent credit to my account, including verification of the source of those funds.",verify_source_of_funds,polite_expert,70
6a03d1c1-fc99-4ce9-8d2e-08503f1a132d,I would appreciate assistance in obtaining a detailed record of the origins of the deposits reflected in my account.,verify_source_of_funds,polite_expert,70
efddcd53-a428-4959-b0cc-b14801148e91,"Hey, can you tell me why y’all need to verify where my money's coming from and get that sorted quick?",verify_source_of_funds,gen_z_slang,70
e18c43ba-5607-429b-a5e9-0af0cf1da688,"Yo, can u tell me how i get my cash source verified?",verify_source_of_funds,gen_z_slang,70
f305b9d4-7349-4e34-bd69-39794bbdc3a2,"Yo, can u break down where the recent money that landed in my account actually came from?",verify_source_of_funds,gen_z_slang,70
bbb4444b-4558-4994-b9c5-d1f57c299519,"Hey, can u tell me where the money in my account is coming from so I can double‑check the source?",verify_source_of_funds,gen_z_slang,70
c577ce60-1927-4363-9a0f-9d78e274656a,"Yo, spill the tea on where my funds are coming from—I need the low‑down ASAP.",verify_source_of_funds,gen_z_slang,70
fd06b314-f734-4869-be16-be16f792a13e,"Hey, can u show me the origin of my money? I need to prove where the cash came from.",verify_source_of_funds,gen_z_slang,70
46eeaf25-e433-4a17-9609-ddbf985ed872,Please tell me why you need know where my money come from and what I must do to prove it.,verify_source_of_funds,non_native_speaker,70
1906e1f7-698f-4dcc-b938-7a1c1be4828b,"Hi, I want to know where my money come from, can you help me please?",verify_source_of_funds,non_native_speaker,70
45471709-4b5b-4848-87a7-26e7674a267f,"I need to verify where my money come from, can you tell me how?",verify_source_of_funds,non_native_speaker,70
4a4b8e5a-a414-4ea8-999a-253aa5107a42,"I need help to show where my money come from, tell me what papers I must send.",verify_source_of_funds,non_native_speaker,70
3b3c75ef-07cb-496c-848a-667d6eb5373b,Please help me check where my money come from.,verify_source_of_funds,non_native_speaker,70
dc86a327-1b85-4685-a2eb-315f18c36ac2,"Hello, can you tell me where my money come from, I need check.",verify_source_of_funds,non_native_speaker,70
be2540ba-1eaa-4d76-8d4f-bd9272c63173,Source of funds?,verify_source_of_funds,short_wording,70
3a5bbf76-7345-4996-8292-f7a7c1b4e9e8,Source of funds verification?,verify_source_of_funds,short_wording,70
65466699-6f7b-4a29-b799-36f45be76f34,Confirm funds origin,verify_source_of_funds,short_wording,70
7e491088-1423-463f-b0bb-2c743d033d92,Check source of funds,verify_source_of_funds,short_wording,70
b0b96d93-3247-4bff-9249-2794735a8862,Need source of funds,verify_source_of_funds,short_wording,70
039d4ba0-d825-4ad4-a0a3-c3588a5cb253,State the money's origin,verify_source_of_funds,short_wording,70
f19e252c-f604-4e00-9e8f-4d54d63515c3,I’ve been trying to get that damn verification code for my top‑up and it’s nowhere to be found—fix this crap now!,verify_top_up,angry_layperson,71
77795017-7960-4a70-a6ae-ae697092d1df,I topped up my account and now you’re asking for some damn code—what the heck do I have to do to prove my card is legit?,verify_top_up,angry_layperson,71
7a42e49e-91d7-40ea-b6a0-178ea30429b8,Why the hell do I gotta deal with some damn verification code every time I try to top‑up my account?,verify_top_up,angry_layperson,71
e0c3f328-2fc5-4c36-b637-4b994fc26610,"Listen, I just added money to my account and still haven't received any confirmation code—get your act together and send it already!",verify_top_up,angry_layperson,71
cc01d9b4-44a3-4345-b329-5a9da0aafa6c,"What the hell is the deal with this top‑up code that never shows up, I’m fed up waiting for it!",verify_top_up,angry_layperson,71
a4be298a-a924-46f3-84e8-5e8f7dd7761c,I’m sick of being forced to jump through endless hoops just to confirm a simple top‑up—cut the nonsense!,verify_top_up,angry_layperson,71
e0112e98-e890-4cc8-a371-a9f823b901a3,Need verification code for top up now urgent account freeze,verify_top_up,panicking_emergency,71
43397b66-4096-4a94-a454-50fbf5ff3fe4,I'm stuck; please send the top‑up confirmation code immediately—I can't access my money.,verify_top_up,panicking_emergency,71
64e1aa5d-d025-49cd-b99d-460e66114dee,Help I need the verification code for my top up now my account is frozen and I can’t access funds,verify_top_up,panicking_emergency,71
d01ed07c-dd3c-425c-aa87-baf6713e2adf,"Urgently, I require the code that verifies my recent top‑up because my account has been locked.",verify_top_up,panicking_emergency,71
b87cb23c-c790-4bcf-9f7f-96afa30a1c27,Top up won’t go through need verification code ASAP,verify_top_up,panicking_emergency,71
9183e00a-888a-44f7-bc1e-5e35eef9507a,Need to confirm my recent top up now urgent cannot wait,verify_top_up,panicking_emergency,71
8bd7dec7-93f9-49f9-9d13-dc613dbe6635,I would like to inquire about the procedure for obtaining the verification code required to confirm my recent top‑up transaction.,verify_top_up,polite_expert,71
e8e0d9ad-8603-478b-a6e2-c3194ff95895,I would like to inquire about the verification process required for my recent top‑up and request clarification regarding the specific card employed for this transaction.,verify_top_up,polite_expert,71
d6873953-cc52-4b85-9a60-c04645c13cc6,"I would appreciate assistance in locating the verification code required to confirm my recent top‑up transaction, as it does not appear in my notifications.",verify_top_up,polite_expert,71
3124028c-4ab7-4763-8506-dd5b176cddc8,"I would appreciate guidance on the documentation and steps required to confirm the recent top‑up to my account, as I have not yet received the verification code.",verify_top_up,polite_expert,71
18022153-baa1-45f6-a483-8de95b67afc4,"I have observed that my recent account top‑up is prompting a verification request, and I would be grateful for a detailed explanation of the necessity and procedure for this verification.",verify_top_up,polite_expert,71
66950b5c-1f78-4f5a-8f1f-3d0276298997,I am unable to locate the verification code associated with my recent top‑up transaction and would appreciate assistance in obtaining it.,verify_top_up,polite_expert,71
7d2ebb16-3479-4f7f-84b8-02de929721f3,"Yo, I’m tryna finish a top‑up but can’t spot the verification code anywhere, can you hook me up?",verify_top_up,gen_z_slang,71
a24a10c5-922a-4db2-a785-c79e9b11f8aa,"Hey, I tried to top up but never got the verification code, can u help?",verify_top_up,gen_z_slang,71
41297ab1-6b51-4e46-89d7-b9212e844b3c,"Yo, where can I get the verification code for my top‑up, need it ASAP.",verify_top_up,gen_z_slang,71
acf73954-151b-4531-979f-15210c962755,"Hey, can u tell me where the verification code for my top‑up is?",verify_top_up,gen_z_slang,71
764ddfa2-b081-4599-b4ef-550e604eb924,"Yo, why does it keep asking me to confirm the top‑up when I never got any code.",verify_top_up,gen_z_slang,71
bda38d52-ddeb-43b4-abbf-88f21477b497,"Hey, I’m not seeing any verification code for my top‑up, can u help me sort it out?",verify_top_up,gen_z_slang,71
18315fe2-e5df-443d-9f55-52e2524975d0,"Hello, I try to add money but no verification code come to my phone can you help.",verify_top_up,non_native_speaker,71
837cec50-7c57-48f4-bd79-e8a787a1b907,"I just top up my account and now it says need to verify card, can you tell me how?",verify_top_up,non_native_speaker,71
d833312c-e9ae-4bf6-be2d-36e8696881d2,"Hi, I try top up but I cant find verification code for my card please help.",verify_top_up,non_native_speaker,71
ef5b91c5-efd9-4cea-bd79-878c8f72aa3d,"Hi, I tried top up my account but I not see any verification code, can you please help me?",verify_top_up,non_native_speaker,71
5c08cd52-fca6-4b1d-b423-f5932cdd539e,"Hi, I just top up my account and you ask me verification code, why need?",verify_top_up,non_native_speaker,71
39818999-23a2-4198-885c-0148960fb454,"I put money on my card and they ask for verification code, I not know where it is, please help.",verify_top_up,non_native_speaker,71
7b22dc46-6195-4cc5-a328-91084d86dcb3,Top-up verification code?,verify_top_up,short_wording,71
57bb6f3b-a611-4405-9878-8b23e1d5daa2,Can't find verification code,verify_top_up,short_wording,71
ea62014c-d4ba-4489-ac49-3f7b3e651c67,Need top-up verification,verify_top_up,short_wording,71
aafea19d-38a5-4ce6-bb38-bf4e2cd938f5,Where's the top‑up code?,verify_top_up,short_wording,71
b996b08f-2e6e-455a-a0b4-b886aac58869,Top-up verification code missing,verify_top_up,short_wording,71
2d60cab4-a36c-42d7-9606-1731f27ae70b,Give me the verification number for the top‑up.,verify_top_up,short_wording,71
16d5964b-d42e-44e9-b05b-ff42f74e2443,"What the hell, I tried using my virtual card and it just keeps freaking out, I can't buy anything!",virtual_card_not_working,angry_layperson,72
2818ba09-0318-4073-a7f1-9eead3713ca2,"I tried to use that stupid virtual card at the store and it got rejected like crazy, fix this now!",virtual_card_not_working,angry_layperson,72
5c3f7bd7-fc8f-4f9c-b1fb-8ff26e3c3d67,"I tried using my virtual card at the coffee shop and it straight up got rejected, this is ridiculous!",virtual_card_not_working,angry_layperson,72
d8ea0c50-7c06-4238-b5e3-dcaf939c4d05,My damn virtual card keeps getting rejected every time I try to pay online—what the hell is going on?!,virtual_card_not_working,angry_layperson,72
7aaaf271-2d96-4418-a2be-8d745e468917,"I'm fed up—every time I try to use that damn virtual card it just gets rejected, sort this out already!",virtual_card_not_working,angry_layperson,72
3b22976a-2f0f-4e10-bab3-c42b0d6b83eb,Seriously? My digital card refuses every transaction I attempt—I'm beyond angry!,virtual_card_not_working,angry_layperson,72
2daaeb1d-94b9-4b14-8a25-33169222f7a2,Virtual card won't work need it now payment failing panic,virtual_card_not_working,panicking_emergency,72
0761c47d-9081-49ac-9438-8f3592d4def5,My virtual card was rejected again I can’t pay my bill I need it working now,virtual_card_not_working,panicking_emergency,72
59ad9dbc-3631-467e-8c12-f94a8b957f88,Virtual card keeps getting declined cant pay bills need it working now,virtual_card_not_working,panicking_emergency,72
f7ff0645-ee8b-49a8-874d-1b018bd8a1a6,Virtual card rejected again I need to pay now stop everything,virtual_card_not_working,panicking_emergency,72
ebd26691-edf2-4ab0-9fc8-07a6b5211038,Virtual card declined cant pay now need it working ASAP,virtual_card_not_working,panicking_emergency,72
4a0fd6b6-0688-4ad3-a460-9ec43a26fb88,Virtual card will not work cannot pay bill need assistance now,virtual_card_not_working,panicking_emergency,72
1d9f80c4-b980-48f9-ba58-4fbd5a15d5a8,"I have attempted several transactions using my generated virtual card, yet each payment is being declined; could you please advise on the appropriate remedial steps?",virtual_card_not_working,polite_expert,72
55f6372b-df5c-494b-a0f4-8bc1f0fbf0fa,"My disposable virtual card keeps getting rejected whenever I try to pay in a store, and I need help figuring out why this is happening.",virtual_card_not_working,polite_expert,72
1502d5f2-0ed3-4078-97f8-7349c9a6a77c,"Whenever I try to buy something online with my virtual card, the purchase never goes through and no error details are shown; can you tell me what to do?",virtual_card_not_working,polite_expert,72
15772ec0-5281-472e-8c2c-f8c426d5cdbb,"Hello, I've tried a handful of purchases with my virtual card and each one fails despite having enough balance; please let me know how to fix this.",virtual_card_not_working,polite_expert,72
a4c79d83-ec46-40ef-96b2-c65eae819eec,"Each time I use my disposable virtual card for an internet payment, the system declines it without explanation—what steps can I take to resolve the problem?",virtual_card_not_working,polite_expert,72
aa774a4c-31a1-4da7-a4f3-24f5cdf10ba3,"I'm facing a constant decline when I attempt a payment with my virtual card, even though there are sufficient funds; could you guide me through the troubleshooting process?",virtual_card_not_working,polite_expert,72
f4a81680-ae5e-465e-b68a-c9b08b91c92c,"Hey, my virtual card keeps trippin’ when I try to pay online, can u fix it asap?",virtual_card_not_working,gen_z_slang,72
89f89ac9-208d-485a-895d-a30db3c65141,"Yo, my disposable virtual card keeps getting declined whenever I try to pay at a store, what's the deal?",virtual_card_not_working,gen_z_slang,72
d21eba1b-5691-4e13-8c85-df1cad60502f,"Yo, I tried using my virtual card for a coffee and it just flat out declined, any fix?",virtual_card_not_working,gen_z_slang,72
58645221-f41b-4fbe-b99f-0973940c26d8,"Yo, my virtual card keeps getting declined whenever I try to pay online, not sure what’s up.",virtual_card_not_working,gen_z_slang,72
f5f10c6b-d3b4-4a5d-8079-ff5835b9d643,"Dude, I tried to cop some merch using my virtual card moments ago and it straight up bounced, any tips on getting it to work?",virtual_card_not_working,gen_z_slang,72
22184c7c-9dea-418f-afe8-6059894fc1f0,"Yo, I was snatching tickets with my one‑time virtual card and it just threw a hard error, can someone hook me up with a fix?",virtual_card_not_working,gen_z_slang,72
7e7cea73-1472-4a0a-aad8-1015528da328,"I try use my virtual card for buy online but it say declined, please help.",virtual_card_not_working,non_native_speaker,72
5ecd5dfd-71d3-41f6-97b9-a6663853e2e2,"Could you assist me? Whenever I attempt a purchase on a website using my virtual card, the transaction is rejected each time.",virtual_card_not_working,non_native_speaker,72
e2700fad-d356-4d5f-8ffc-1a661daa516d,"I try pay online with my virtual card and it always get declined, please help fix.",virtual_card_not_working,non_native_speaker,72
25274734-d7f8-460c-913b-7bc379706060,"I try use my disposable virtual card but it not work, please help.",virtual_card_not_working,non_native_speaker,72
1326c3ad-35d9-4ba1-ab3c-9a58a3e8a15c,"Every time I try to settle an online order with my virtual card, the system returns a 'declined' notice; I need guidance on resolving this.",virtual_card_not_working,non_native_speaker,72
84a23cf1-002d-47ab-8a5a-7d243ae76613,My disposable virtual card refuses to function; I would appreciate help getting it operational.,virtual_card_not_working,non_native_speaker,72
455fd20a-16e6-417a-9147-785d6ba0476f,Virtual card declined,virtual_card_not_working,short_wording,72
ab261be0-e00d-4e46-8487-4d99cc1d4f87,Can't use virtual card,virtual_card_not_working,short_wording,72
2f43655e-1670-4a75-b66b-f0810b1321ac,Virtual card not working.,virtual_card_not_working,short_wording,72
f99e890a-fc37-4041-b85c-797d5ada07b5,Virtual card gets rejected,virtual_card_not_working,short_wording,72
c9667152-4aee-41c1-a7ce-75320ed9537e,Virtual card won't work,virtual_card_not_working,short_wording,72
fa93199d-40c2-422f-9f91-3dc126d673c5,Virtual card fails,virtual_card_not_working,short_wording,72
9a2a3cd0-5076-4a5c-9827-0bb7908de893,"I’m fed up trying to pay and your site won’t even say if the cards I got work—what the hell, do you accept the normal credit cards or not?",visa_or_mastercard,angry_layperson,73
81f81214-9fb0-42c0-85fe-7996cdadcde0,"I'm fed up with you only handing out that damn Visa crap, I want a real Mastercard now or I'm done with you.",visa_or_mastercard,angry_layperson,73
a44cda25-264a-44c4-b7ae-fcb45f8c8e23,I’m sick of waiting—why the hell can’t you just tell me if I’m getting a Visa or a Mastercard already?,visa_or_mastercard,angry_layperson,73
31212450-51d3-4eb2-b46f-40fb6b3ab70b,Stop making me wait and tell me if there’s a functional Visa or Mastercard I can use immediately.,visa_or_mastercard,angry_layperson,73
4d99dda0-caac-4eff-91f8-f271b5c33376,"Explain to me right now whether your service works with any major credit cards, because I’m not seeing any options.",visa_or_mastercard,angry_layperson,73
da29211e-57f5-4bec-b165-1cd7f2bd0246,"I’m sick of this crap—why the hell can’t I just get a Visa and a MasterCard already, sort it out now!",visa_or_mastercard,angry_layperson,73
719e3e19-fc5e-4409-be52-e94e1748198f,Need a Visa or Mastercard immediately account locked can’t access funds please solve now,visa_or_mastercard,panicking_emergency,73
b15c1f01-4b30-4716-ae83-2814388624a2,Need card now Visa or Mastercard which one can I get fast,visa_or_mastercard,panicking_emergency,73
71d0e205-9d26-4a2a-a116-a9a2bb9d7913,I'm stuck without a card and can't wait—can I be issued either a Visa or a Mastercard right away?,visa_or_mastercard,panicking_emergency,73
6fe3b364-429f-4458-9710-25d73a7074fe,Which card accepted I need to pay now urgently no time left,visa_or_mastercard,panicking_emergency,73
e767440d-eb29-4e32-8692-6f90cc376a11,"Urgent help needed: which should I pick, a Visa or a Mastercard, so I can settle this immediately?",visa_or_mastercard,panicking_emergency,73
85bdb3d3-1e92-4fbc-89c6-b84a67c8df7f,My account is frozen and I need a new card this instant—does a Visa or a Mastercard meet the requirement?,visa_or_mastercard,panicking_emergency,73
f9843f6c-6cbb-4a4c-9600-2d851f87ba30,"I would appreciate clarification on whether I meet the eligibility requirements to be issued a Visa card and, additionally, whether it is permissible to maintain both a Visa and a Mastercard within the same account portfolio.",visa_or_mastercard,polite_expert,73
412e1abf-c06a-4d27-ab6f-a2e0fe47ef1f,"I kindly request clarification regarding the major card networks accepted for payments on my account, specifically whether Visa and Mastercard are supported.",visa_or_mastercard,polite_expert,73
c2e2f669-f1fc-4597-ad9d-cb3bf8c8a9d1,"Could you please explain how I might choose between a Visa and a Mastercard for my account, and what procedures I need to follow to set my preferred network?",visa_or_mastercard,polite_expert,73
c70620d2-5502-48e7-97dd-34bc4962b9f4,"Please confirm if your bank provides both Visa and Mastercard options for credit and debit transactions, and whether they are accepted for client use.",visa_or_mastercard,polite_expert,73
ae60317d-394d-45b0-998b-57df42f956b4,I am interested in applying for a Visa or Mastercard credit facility and would appreciate guidance on the eligibility criteria and required documentation.,visa_or_mastercard,polite_expert,73
05b23270-5554-45f4-a40c-5d46bf7f7df5,I’d like to understand whether my account can be provisioned with a Visa instead of a Mastercard.,visa_or_mastercard,polite_expert,73
fb6dde69-ea65-4649-ae68-2afc215cd809,"Hey, can I switch my card to a Mastercard instead of Visa, tbh?",visa_or_mastercard,gen_z_slang,73
d6b7687f-39ec-452e-8dd8-1861cea28547,"Hey, can you tell me which card—Visa or Mastercard—I can hook up to my account?",visa_or_mastercard,gen_z_slang,73
5c08b6db-6471-44fc-b95d-909f4f06dc78,"Hey, can I get a MasterCard on my account, I’m tryna upgrade my spend game?",visa_or_mastercard,gen_z_slang,73
45e169dc-2beb-496b-9b8f-56172ec145c9,"Yo, can I swap my current card for a Mastercard instead of the Visa I got?",visa_or_mastercard,gen_z_slang,73
ef86232c-e3f1-41c1-96f7-0e04186611e8,"hey can i get a visa or mastercard from y’all, plz?",visa_or_mastercard,gen_z_slang,73
33530aef-8d3e-4155-860a-68d2eaa5ded2,"Yo, can I pick whether I get a Visa or Mastercard on my new card?",visa_or_mastercard,gen_z_slang,73
a7762f56-fad6-4113-8fae-5cde2207c35d,Can I have Visa or Mastercard card from your bank please?,visa_or_mastercard,non_native_speaker,73
3eba9b30-e096-4a70-a6e5-1c22950aeac8,"I want Visa card not Mastercard, can you give me?",visa_or_mastercard,non_native_speaker,73
b001354f-0ad8-4d6c-bb2f-cd0c0c1f6ae8,Is it possible for me to select a Visa or a MasterCard when I apply for a new account?,visa_or_mastercard,non_native_speaker,73
d38afbef-9673-4c9c-b8b4-db14687f3fc0,"Could you issue me either a Visa or a MasterCard, please?",visa_or_mastercard,non_native_speaker,73
5360a2d8-1bf9-4487-8592-a31025d2f555,"Hi, can you tell me if I can get Visa card or Master card for my account?",visa_or_mastercard,non_native_speaker,73
fc56780a-dbb5-4177-8734-d31062a69161,Do you support Visa and Mastercard payments through your banking services?,visa_or_mastercard,non_native_speaker,73
03e107e0-dbe5-48ee-87db-8adf0a20a09a,Apply Visa card,visa_or_mastercard,short_wording,73
ddd976e0-75b5-4f53-bde4-f80517de5610,Prefer Mastercard,visa_or_mastercard,short_wording,73
f8c0d0b0-9a9d-4d53-a410-ba81643bcd19,Need Visa card,visa_or_mastercard,short_wording,73
2f94c0a7-dd1f-40a5-848c-b9e7fade0711,Visa or Mastercard?,visa_or_mastercard,short_wording,73
66666de1-c18e-4b8b-be9e-9892ead61f4f,Visa eligibility?,visa_or_mastercard,short_wording,73
2f5eaed7-21b9-46d5-8c05-b3a134b6eeb3,Visa card options?,visa_or_mastercard,short_wording,73
e29bad89-13a1-41c8-bbef-710adb0c04f7,Why the hell do you keep making me jump through hoops and prove who I am every time I try to use my account?,why_verify_identity,angry_layperson,74
316987ed-d0df-4c1c-b338-d630ab6fe445,Why the hell do you gotta pry into every damn detail of my life just to let me use my own damn account?,why_verify_identity,angry_layperson,74
a7a80dc9-15c8-43f1-a441-68c90a4acf66,I’m sick of you making me jump through hoops just to prove I’m me before I can touch my cash!,why_verify_identity,angry_layperson,74
3805b33c-8c45-446a-815d-43c8dca2479b,I’m fed up with being forced to prove who I am just to use my own damn account—what the hell’s the point?,why_verify_identity,angry_layperson,74
1fcbf597-0614-4f25-9121-29131bdf36fe,What the hell's the deal with you guys demanding every damn piece of my personal info just to let me do anything with my account?,why_verify_identity,angry_layperson,74
e0e3fccf-f39f-46de-887a-358ac91bbf6f,Why the hell do I have to prove who I am just to use my own damn account?,why_verify_identity,angry_layperson,74
40aa3f07-3902-49ed-ba6a-b7f7057e0006,My account locked verification not done need access now,why_verify_identity,panicking_emergency,74
d4e457f8-8f4a-4c0a-bf76-f82e8b53520a,Can't access my money verification required now what do I do,why_verify_identity,panicking_emergency,74
c9d111b1-cc16-4988-a6cf-6d41bee22a00,Why am I being stopped I need to send money now I can’t wait I don’t understand why you need my ID now my account is frozen I’m losing money fast,why_verify_identity,panicking_emergency,74
d61da66e-48fe-42d1-8a1b-6b7ae78eca20,Can't access account need identity check now why this required panic,why_verify_identity,panicking_emergency,74
e27f5163-10c1-4ba4-92ca-d6ba13bcaee9,Why do you need my ID now I need to withdraw cash,why_verify_identity,panicking_emergency,74
369f6185-fab3-4f25-9e6a-68c326beba28,Why are you asking for my ID now I need to withdraw cash fast,why_verify_identity,panicking_emergency,74
829cbb04-fbb1-4dca-8eec-a5efacee9003,I would like to understand the necessity of providing extensive personal information for identity verification and whether any account services remain accessible pending completion of this process.,why_verify_identity,polite_expert,74
3ab1e510-ea20-4efb-95b7-117cdb9ef399,I would appreciate clarification regarding the necessity of completing the identity verification process before I can fully access my account services.,why_verify_identity,polite_expert,74
2b6f0a58-119d-4db3-951e-83ebab1b288b,I would appreciate a detailed explanation of why the identity verification procedure is required before I am able to fully utilize the account’s transaction capabilities.,why_verify_identity,polite_expert,74
28225fbd-91e1-4c4c-8cff-75754b22550e,Kindly elucidate the regulatory and security rationale behind the request for extensive personal identification documentation during the account verification process.,why_verify_identity,polite_expert,74
2e67219e-2a8e-4377-b02b-c4468bf505c3,"Could you please elucidate the regulatory necessity for mandatory identity verification on your platform and inform me whether any account operations, such as fund transfers, may be conducted before the verification process is fully completed?",why_verify_identity,polite_expert,74
a9249cc4-dfe2-497a-987a-4103a0f50596,I would appreciate clarification as to why it is necessary to provide extensive personal information for identity verification at this stage.,why_verify_identity,polite_expert,74
fc3c7adb-cec1-4f50-8d8d-318cdb4146d4,"Yo, why you gotta ask for all my personal info for verification, it feels kinda extra?",why_verify_identity,gen_z_slang,74
f1577777-cf71-45c1-bd10-4530159f75d0,"Yo, what's the deal with needing all that ID info for the verification?",why_verify_identity,gen_z_slang,74
3b29202d-adaf-4542-bba8-9fc5efe6de06,"Yo, what's up with you demanding my whole passport just to let me use the app? That's straight-up extra.",why_verify_identity,gen_z_slang,74
3de2f96f-96ce-49c2-bd17-b72ba671de9a,"Yo, do I really gotta verify my identity before I can even use my account?",why_verify_identity,gen_z_slang,74
7fa7de26-fa8f-4211-93a8-42750206b5d8,"hey, can u tell me why i gotta do that identity check lol",why_verify_identity,gen_z_slang,74
89725794-4a4e-4f18-bced-196aaa6a25e5,"Hey, what's the deal with having to verify my ID, seems kinda extra af.",why_verify_identity,gen_z_slang,74
ff0f6e4e-29fc-4a24-bc21-13da64fd329b,"Hello, I want to know if I can still use my account when I not finish the identity verification.",why_verify_identity,non_native_speaker,74
32ffad86-ff44-48df-be9e-55bcc2c5da9b,"I no understand why I need verify my identity, can I still use my account before it passed?",why_verify_identity,non_native_speaker,74
e19c951b-ac13-4ff3-a32f-54239ff1dd3d,"Hi, I am not understand why you need me to verify my identity.",why_verify_identity,non_native_speaker,74
62fc6d70-b18b-43ea-8658-f201d9c47aec,"I no understand why I have to verify my identity, please tell me.",why_verify_identity,non_native_speaker,74
3bba186a-167d-454a-8d25-b62534e2c40d,"Hi, I open my app and it say need verify my identity, why?",why_verify_identity,non_native_speaker,74
0e585234-8ea4-4153-a7d9-68681583971a,"I not understand why you need my identity, please tell me reason.",why_verify_identity,non_native_speaker,74
76286682-39aa-4319-949c-24f3ab16b036,Why verify identity?,why_verify_identity,short_wording,74
180d118b-4b14-4810-ae37-ba6eeeff657a,Why need identity check?,why_verify_identity,short_wording,74
7f2b1b16-d85d-471d-80fa-e31fe01b260e,Why identity verification?,why_verify_identity,short_wording,74
2df2da35-3a2e-4781-8a3d-944cacb075e0,Why need verification?,why_verify_identity,short_wording,74
ada6a4dd-2edd-46e2-b1be-99caba3cfeba,Why mandatory verification?,why_verify_identity,short_wording,74
5448c418-0097-4817-8f06-02de6e8ad640,Why must I confirm my identity?,why_verify_identity,short_wording,74
993e846f-3972-4e57-b671-f71b5916d774,"I went to the ATM, asked for $50 and it spit out only $20 – what the hell is going on?!",wrong_amount_of_cash_received,angry_layperson,75
14e6e2ed-6ba7-454a-bf6d-6f41935d194e,"Yo, I just hit the ATM and it only spat out a few bucks when the app shows I should've got a stack—fix this now and get my cash back!",wrong_amount_of_cash_received,angry_layperson,75
3286d8a1-7d49-4e1d-a380-7ac33e5356e4,"I marched up to the ATM, demanded a hundred dollars and it miserly handed me just twenty – this is absurd, I need my full cash now!",wrong_amount_of_cash_received,angry_layperson,75
f2153b0e-2e41-455e-9d09-47c676f18c3e,"I tried pulling $200 from the machine, but it only coughed out thirty dollars; this is ridiculous, when will I get the rest of my money back?",wrong_amount_of_cash_received,angry_layperson,75
df80eca3-1971-4158-b6d5-59d525f785a5,"I asked for a hundred bucks and that damn machine only gave me like twenty, this is total crap!",wrong_amount_of_cash_received,angry_layperson,75
6691e984-c9c7-46b8-95b9-293ba072ec5c,I stuck my card in the ATM to get $50 and it only coughed up $20 while the app shows I’m missing the rest—what the hell is wrong with this thing?!,wrong_amount_of_cash_received,angry_layperson,75
a6aeae31-77d3-4cd0-b656-b0d7a10f2b82,ATM gave me only ten pounds instead of fifty I need the rest now,wrong_amount_of_cash_received,panicking_emergency,75
f32ad048-9df3-4945-a14e-59cdc45d9e5d,ATM gave less cash than I withdrew account shows full amount need help now,wrong_amount_of_cash_received,panicking_emergency,75
6113eb07-672f-4119-abbc-83af8a5a5bda,"The machine only dispensed part of my requested withdrawal, and I’m desperate to get the missing funds immediately.",wrong_amount_of_cash_received,panicking_emergency,75
c85fe3be-5cb2-4754-afc3-ca732f39d3a2,"My account reflects the full withdrawal, yet the ATM handed me a shortfall; I require immediate assistance to retrieve the remaining cash.",wrong_amount_of_cash_received,panicking_emergency,75
3e6d9f37-cfb5-4614-8d1d-a1c9249129d4,ATM gave wrong cash withdrew 200 got 50 app shows 200 need money now help urgently,wrong_amount_of_cash_received,panicking_emergency,75
662c5168-1fa1-4a86-b6e5-4089c035fbb0,I withdrew cash but got less need help now urgently,wrong_amount_of_cash_received,panicking_emergency,75
f5574cbc-76b9-486f-8ade-51ca396ed87d,"I withdrew cash from an ATM, yet the amount physically dispensed was less than the amount that has been debited from my account, and I would appreciate guidance on the appropriate remediation procedure.",wrong_amount_of_cash_received,polite_expert,75
a2e6b478-5a70-49c5-b06f-7980d0402d20,"I recently executed a cash withdrawal at one of your ATMs, yet the amount of currency physically dispensed was materially less than the sum that has been debited from my account, and I respectfully request prompt investigation and remediation of this discrepancy.",wrong_amount_of_cash_received,polite_expert,75
c0f20555-ae96-4f71-b80b-ca74e601d943,"I wish to bring to your attention that the cash disbursed by the ATM at the specified branch was discrepant, as the amount withdrawn from my account exceeds the physical funds received, and I respectfully request a prompt reconciliation of this inconsistency.",wrong_amount_of_cash_received,polite_expert,75
ecb1d278-5e40-4b12-812f-26ad5ef13b01,I wish to report that the cash dispensed by the ATM during my recent withdrawal was less than the amount authorized on my account.,wrong_amount_of_cash_received,polite_expert,75
3e059fdb-9c55-4961-aafd-de82d041c8c1,"During my recent ATM withdrawal I was only given $150, yet the transaction receipt confirms a $200 request; I would be grateful if you could investigate this shortfall and advise me on the correct remedial steps.",wrong_amount_of_cash_received,polite_expert,75
e6084f54-931c-48a5-b609-e98a127a8d08,"On August 5, 2026 I used the XYZ branch ATM and received €150, while my account shows a €200 debit; please review the situation and arrange the appropriate correction.",wrong_amount_of_cash_received,polite_expert,75
a0df7474-0d75-4b92-b56a-919fed04b7db,"Yo, I tried pulling $100 from the ATM but only got $20, what's the deal?",wrong_amount_of_cash_received,gen_z_slang,75
5c787202-4d62-41d2-a93e-3826beac4ab8,"Bruh, I asked the machine for a hundred bucks, but it spat out only twenty. What’s happening?",wrong_amount_of_cash_received,gen_z_slang,75
03361c93-bba8-441a-970e-3089155d79e9,"Hey, I just hit the atm for $40 and it only gave me $15, but the app shows I was charged the full $40—what's the deal?",wrong_amount_of_cash_received,gen_z_slang,75
57658b42-d7b9-4853-b966-3c3dc2bcded8,"Fam, I tried to cash out $100 and the ATM just handed me $20. Can you sort this out?",wrong_amount_of_cash_received,gen_z_slang,75
99e14b2f-f7dc-49b4-9d11-709429f7bb0d,"Yo, I requested $50 at the dispenser and it only dropped $15. This is wild, help!",wrong_amount_of_cash_received,gen_z_slang,75
6dd1cc44-159d-4b6c-a1b6-62de31efa607,"Yo, I asked for $200 at the ATM but it only gave me $20, can u fix this ASAP.",wrong_amount_of_cash_received,gen_z_slang,75
a4a20df1-6a65-4f4d-945a-b27c529c1a29,"I went to ATM and take money but machine gave me less cash than I asked, app show full amount, can you fix please?",wrong_amount_of_cash_received,non_native_speaker,75
a900c896-ef72-4653-b057-5df9e27a3177,I try get $100 from ATM but only $30 came out.,wrong_amount_of_cash_received,non_native_speaker,75
62ce2ebe-376b-456a-b564-cb7bdff324dc,"Hi, I attempted to pull $200 from the ATM and it only gave me $50. Please help resolve this.",wrong_amount_of_cash_received,non_native_speaker,75
f3d8475d-f7a9-47f8-9758-bec943c57653,I tried to take out 50 dollars but the ATM gave me only 5 and my app still shows 50.,wrong_amount_of_cash_received,non_native_speaker,75
68a336ee-9cb1-4243-a2d8-f512950d4642,"Hey, I visited an ATM and tried to withdraw cash, but the machine dispensed a smaller amount than I requested. Could you assist me?",wrong_amount_of_cash_received,non_native_speaker,75
73506dec-5cda-4fe7-aa14-40426f1c0b4d,"I went to the ATM, asked for 100 but only got 70 cash back.",wrong_amount_of_cash_received,non_native_speaker,75
83578d7f-05ec-4637-8e62-a5ad90d689c6,ATM gave less cash,wrong_amount_of_cash_received,short_wording,75
61c402fd-ca6a-49f7-b830-01caee6d7d50,Less cash received,wrong_amount_of_cash_received,short_wording,75
9aa6e4db-b518-4ea0-b452-cd6d670c6b12,"Received $20, requested $100",wrong_amount_of_cash_received,short_wording,75
24fa0827-97bb-4f60-847d-a64df7a3853f,The ATM only dispensed part of the money I asked for.,wrong_amount_of_cash_received,short_wording,75
373941f5-cc2c-4065-adf3-7451fbfb6ae6,Received less cash,wrong_amount_of_cash_received,short_wording,75
f01a7b35-99f0-4020-a18f-df1f7a9fd209,I received a lower amount than the withdrawal amount at the ATM.,wrong_amount_of_cash_received,short_wording,75
a5ea08a2-46d2-497e-b5c3-c7d860168d96,"I hit an ATM abroad, got my cash and the stupid rate they slapped on it was a total rip‑off, I’m furious!",wrong_exchange_rate_for_cash_withdrawal,angry_layperson,76
51956461-1466-43ba-906a-9ffcfdf80f43,"I pulled cash in Spain and you guys charged me a whacked‑up price, fix this now!",wrong_exchange_rate_for_cash_withdrawal,angry_layperson,76
c12b0b28-c8b8-4107-8132-7c04d9402ba9,"I’m furious because I grabbed cash overseas and the rate you charged is totally bogus, it’s nowhere near the real market rate!",wrong_exchange_rate_for_cash_withdrawal,angry_layperson,76
10d11510-354d-40b2-9d62-12ceabd38a04,I withdrew money while traveling in Brazil and the rate you used is totally off the mark—correct this mistake immediately!,wrong_exchange_rate_for_cash_withdrawal,angry_layperson,76
ea499951-a438-4e2e-8941-0adaf8f8b299,"I just pulled out cash and the rate they gave me is a joke—what the hell, I’m getting ripped off!",wrong_exchange_rate_for_cash_withdrawal,angry_layperson,76
f3b1024d-c765-42a9-8068-540213d1705c,"I used your machine in Tokyo, walked away with cash, and the conversion they applied was absurd—this feels like a scam and I'm done with it!",wrong_exchange_rate_for_cash_withdrawal,angry_layperson,76
2999ac08-abe5-45ea-a315-376fd4eac183,Withdrawn cash abroad rate wrong my account shows far less need fix immediately,wrong_exchange_rate_for_cash_withdrawal,panicking_emergency,76
692ffb22-0947-48f1-8cc6-10f9b9005b36,ATM gave cash wrong rate lost hundreds need fix now,wrong_exchange_rate_for_cash_withdrawal,panicking_emergency,76
092e5ff5-8070-4cb6-95c9-6c825b51ace7,ATM withdrew cash abroad rate wrong account debited too much need fix immediately,wrong_exchange_rate_for_cash_withdrawal,panicking_emergency,76
742e8c23-5e32-49f3-affd-199924f21756,withdrawn cash overseas rate incorrect balance far lower need urgent assistance now,wrong_exchange_rate_for_cash_withdrawal,panicking_emergency,76
3e8b2ef8-b4c7-4ce3-8936-803b20dc66ae,"I just tried to pull money while traveling and the conversion was off, so my balance is missing a big chunk—please correct the exchange rate right away.",wrong_exchange_rate_for_cash_withdrawal,panicking_emergency,76
ea1f9e81-168f-42eb-9229-b176eb7ce8dc,ATM withdrew dollars got far less money wrong rate urgent fix,wrong_exchange_rate_for_cash_withdrawal,panicking_emergency,76
5e8f8849-b806-4b11-a059-b70c97590b8a,"I wish to bring to your attention that the foreign‑currency conversion applied to my recent cash withdrawal abroad appears to have been calculated at an exchange rate that deviates from the prevailing interbank rate, resulting in an unexpectedly adverse amount charged to my account.",wrong_exchange_rate_for_cash_withdrawal,polite_expert,76
8b5c4958-6bd1-459a-8b6f-b574f572a242,"I have noticed that the foreign‑exchange rate applied to my recent cash withdrawal appears to be inconsistent with the prevailing market rate, resulting in a lower amount received than expected.",wrong_exchange_rate_for_cash_withdrawal,polite_expert,76
244721ad-c032-4d1f-8a0c-ccf69be4df31,"Please examine my recent ATM withdrawal, as the conversion rate used seems far from the current market rate, which caused me to be charged more than expected.",wrong_exchange_rate_for_cash_withdrawal,polite_expert,76
f73c3c8b-a71b-40da-a77c-f5f2b731d723,"I kindly request clarification regarding the foreign‑exchange rate applied to my recent cash withdrawal at an overseas ATM, as the conversion appears inconsistent with the prevailing interbank rate and has resulted in an unexpected shortfall in the dispensed amount.",wrong_exchange_rate_for_cash_withdrawal,polite_expert,76
88548974-4da2-4c28-ab45-58c8af6ab6a1,"During my latest overseas cash withdrawal, I observed that the bank applied an exchange rate that was higher than the interbank benchmark, leading to an unnecessary extra fee on my account.",wrong_exchange_rate_for_cash_withdrawal,polite_expert,76
aad24627-51f9-4edb-bb11-d41a05f98937,"Dear Support Team, I recently conducted an ATM cash withdrawal while traveling abroad and have observed that the foreign‑exchange rate applied to the transaction does not correspond to the interbank rate prevailing at the time of the withdrawal; I kindly request a review of the applied conversion rate and an adjustment should an error be identified.",wrong_exchange_rate_for_cash_withdrawal,polite_expert,76
c4e5c019-367b-414c-bdc8-552709e8e98c,"Yo, I just withdrew cash on my trip and the exchange rate was totally whack, feels like I got ripped off.",wrong_exchange_rate_for_cash_withdrawal,gen_z_slang,76
0328299f-625d-4105-9a7f-718c78db94cc,"Yo, I pulled cash at an ATM abroad and the exchange rate was totally off, got charged way too much—can u sort this out ASAP?",wrong_exchange_rate_for_cash_withdrawal,gen_z_slang,76
a8c2dc5a-0341-444b-b83b-6f214f1650a5,"Bruh, just snagged some cash abroad and the conversion was whack AF, ended up with way less dough than I expected. Can you fix this?",wrong_exchange_rate_for_cash_withdrawal,gen_z_slang,76
9fda8622-1f8e-49c7-9dca-bc9a1309eb81,"Yo, I just withdrew cash overseas and the exchange rate looks off, I got way less than I should've.",wrong_exchange_rate_for_cash_withdrawal,gen_z_slang,76
ab0fde2d-c318-4010-a97e-415cb2770af7,"Bruh, I just grabbed cash at an ATM overseas and the rate they gave me is totally off from the market rate, can u sort this out?",wrong_exchange_rate_for_cash_withdrawal,gen_z_slang,76
d3a4a969-b86f-4882-a87e-f7ce058f75d7,"Yo fam, I hit an ATM overseas and the rate they slapped on my withdrawal was straight trash. Need this sorted ASAP.",wrong_exchange_rate_for_cash_withdrawal,gen_z_slang,76
913d89b6-056a-4ae8-b405-7a96db0c75a7,"I take cash from ATM but the money I got is less, exchange rate wrong.",wrong_exchange_rate_for_cash_withdrawal,non_native_speaker,76
3311743d-6ed2-4ff4-955e-4a9bce9737e1,"I withdraw cash in Paris and the exchange rate seem wrong, please check for me.",wrong_exchange_rate_for_cash_withdrawal,non_native_speaker,76
b3f252af-3ca1-464d-87c2-70565307d4df,"During my recent trip to Japan I used an ATM and the conversion applied was off, so I received less cash than I should have. Could you please investigate this?",wrong_exchange_rate_for_cash_withdrawal,non_native_speaker,76
26174a02-19b2-4187-a836-3fdad8715001,"I was in Rome withdrawing euros from an ATM, but the amount credited doesn't match the exchange rate I expected. Please look into this discrepancy.",wrong_exchange_rate_for_cash_withdrawal,non_native_speaker,76
83231888-d743-4529-8241-fe6d42d8fdb2,"When I took out money from a local ATM, the conversion rate used seemed inaccurate, resulting in fewer dollars than anticipated. I would appreciate a review.",wrong_exchange_rate_for_cash_withdrawal,non_native_speaker,76
afa67708-fe53-49fd-a609-476c424671b3,"While traveling in Brazil I attempted an ATM withdrawal and the bank applied an incorrect exchange rate, giving me less cash. Can this be corrected?",wrong_exchange_rate_for_cash_withdrawal,non_native_speaker,76
0cd7a34e-1c5a-4c39-999b-62c9a5a1c763,Withdrawal rate incorrect,wrong_exchange_rate_for_cash_withdrawal,short_wording,76
3f2ff2ff-d8a8-4f35-b257-c6e753e4e921,Cash withdrawal wrong rate,wrong_exchange_rate_for_cash_withdrawal,short_wording,76
e978ef84-9e36-4aff-a560-9c3450a8b5ed,Incorrect exchange rate withdrawal,wrong_exchange_rate_for_cash_withdrawal,short_wording,76
377a9c5c-e6f7-4881-8e8d-9f5485bfd6a8,Cash withdrawal rate incorrect,wrong_exchange_rate_for_cash_withdrawal,short_wording,76
5ab1812d-bf52-47a0-b0fb-15ec7cc3bf69,ATM rate incorrect,wrong_exchange_rate_for_cash_withdrawal,short_wording,76
0255b5d2-5f7c-412e-bf4d-1a277715f383,Wrong ATM exchange rate,wrong_exchange_rate_for_cash_withdrawal,short_wording,76
