id,text,label_text,persona
8aaf4564-b3e6-47df-806d-4e9a1a3e0599,"Hey there! Seriously, what's going on with my account?! I sent a refund ages ago and now nothin’s showing up whatsoever! It’s like poof, vanished into thin air! Where did all that money go, huh? Can’t you people get your act together already? I need to see my damn money back or I swear, I’m gonna lose it! Fix this mess right away!",Refund_not_showing_up,angry_layperson
96f3f987-a79b-43c4-93e6-c2ebe03e8487,"Listen, I’m really ticked off here! I’m sitting there expecting my money back like yesterday because you promised me a refund, and where is it? Not even a hint of it on my bloody statement! It's been ages since I shelled out that cash. What the hell’s going on? Did someone lose their mind or what? Fix this mess NOW, before I pop another venting bubble over here!",Refund_not_showing_up,angry_layperson
0f7ad1c0-4439-4238-8269-aa6b789f30b9,"Listen up, I can't believe you people! I waited ages for that refund and now it's like vanishing into thin air! Checked my account a dozen times already—it's not there! This is just ridiculous—I need that money back in my account yesterday, what kind of circus are you running over here? Fix this mess NOW or I'm gonna have words with the higher-ups.",Refund_not_showing_up,angry_layperson
2f8d61e2-16db-40b1-9b08-bcc060ee58af,"Hey, listen up! I'm ticked off because money that was supposed to come back to my account is nowhere to be seen! I checked like a zillion times, but nothing's showing up. It’s not just sitting there; it should have hit my balance by now. Fix this ASAP or give me someone who can actually sort things out instead of leaving me hanging here with promises and no cash!",Refund_not_showing_up,angry_layperson
f938c24d-432a-4aab-a8d8-f9a930c92e16,"Hey, listen! I’m here fuming because that blasted refund you promised is nowhere to be seen on my bloody account! It’s like you're hoarding my cash for fun or something. Fix this mess right now, will ya?",Refund_not_showing_up,angry_layperson
269b8cff-e34a-48b1-b6fc-ed3756122d35,"Hey, listen up! I got a refund that should be in my account ages ago, but guess what? It's as invisible as a ghost! I've been looking at my balance all day, and there's zilch! This isn't rocket science, it’s money that was supposed to be mine. Can somebody just sort this out already?!",Refund_not_showing_up,angry_layperson
dfa77dbc-bcd3-496c-8d01-40e402b9a268,I can't see my refund still nothing deposited over a week now what's happening how am I supposed to pay bills no money coming through I need answers immediately something is wrong fix this now,Refund_not_showing_up,panicking_emergency
87bb6784-6c7d-4ed8-ac38-950f9192ab78,Hello urgent need help money not showing up refund supposed to be here days now account still empty what happening why no fund transfer I'm panicking need immediate solution something wrong with bank system fix this fast please!,Refund_not_showing_up,panicking_emergency
f552e4df-3aa8-4dcb-a015-859f45c654fd,"Bank! Refund not in account still where is my money?! Paid weeks ago supposed to be back now what's happening? Need answer ASAP! I'm freaking out, please fix this urgent!!!",Refund_not_showing_up,panicking_emergency
4ab502d0-5b6d-4fcd-90b3-e8e0ebb7e6f2,I need help right now refund disappeared from account my balance looks weird what happened? Money missing I can’t pay bills this urgent please explain fast where is my money gone??,Refund_not_showing_up,panicking_emergency
0c84606e-f94e-43c8-8721-24b26ebd837c,I need help now refund missing I checked account multiple times no sign of it happening urgent funds needed something wrong what's going on can someone fix this immediately?,Refund_not_showing_up,panicking_emergency
43e1c454-9915-49e7-b774-119a6e9aebd3,URGENT HELP! REFUND MISSING NO SHOW IN ACCOUNT!!! SENT CONFIRMATION EMAIL PAYMENT DONE BUT NOTHING HERE!! CASH FLOW ISSUES NOW WHAT?? CALL ASAP NEED SOLUTION QUICKLY!!! END OF MONEY PLEASE FIX THIS IMMEDIATELY!!!!,Refund_not_showing_up,panicking_emergency
b6ebdbf4-39e9-4f75-951e-24b799400f2e,"Good day,

I am reaching out to express a concern regarding an anticipated refund that has not yet appeared in my account, despite having been assured of its impending arrival following a transactional reversal. I would be most grateful if you could kindly investigate this matter at your earliest convenience and provide me with detailed insights into the current status of said refund. Your prompt assistance in resolving this issue will be greatly appreciated.

Thank you for your attention to this matter.

Yours sincerely,  
[Your Name]",Refund_not_showing_up,polite_expert
239c4d35-6b57-4b9e-84fa-b1d2895fcf24,"Dear Banking Support Team,

I trust this communication finds you well. I am writing to bring to your attention an issue concerning a recent transaction where an expected refund has not been reflected in my account balance as anticipated. Despite several days having elapsed since the issuance of said refund, there appears to be no record of it being processed or credited to my account.

I would greatly appreciate if you could kindly investigate this matter and provide me with an update on the status of the transaction. Should there be any additional information required from my end, please do not hesitate to inform me at your earliest convenience.

Thank you for your prompt attention to this matter.

Yours faithfully,

[Your Full Name]  
[Account Number]  
[Preferred Contact Information]",Refund_not_showing_up,polite_expert
c6208788-d77b-47fb-bc0f-2d35e348bed1,"Subject: Inquiry Regarding Delayed Refund Posting

Dear Customer Service Team,

I trust this message finds you well. I am writing to bring to your attention an issue that has recently arisen concerning my account. Despite expecting a refund from a recent transaction several days ago, it appears that no such amount has been credited to my account balance as of yet.

Could you kindly assist me in verifying the status of this matter? Your prompt assistance and elucidation regarding any potential processing timelines or issues would be greatly appreciated.

Thank you for your attention to this matter. I look forward to your expedient response.

Yours sincerely,

[Your Full Name]  
[Account Number/Reference Number, if applicable]",Refund_not_showing_up,polite_expert
3435dad8-e512-4794-8ca1-7c65b3ae6c8b,"Dear Esteemed Customer,

I hope this message finds you well. I am writing to address a concern regarding a transaction on my account, specifically an expected refund that has yet to be credited as per anticipated timelines. To ensure clarity, could you kindly verify whether there have been any recent updates or adjustments pertaining to this particular matter? Your assistance in providing information on the status would be greatly appreciated.

Thank you very much for your prompt attention to this issue.

Warm regards,

[Your Name]",Refund_not_showing_up,polite_expert
7ca72f16-dfda-4f4b-b1c6-747ca6203b3d,"Esteemed Customer,

I trust this message finds you well. I am reaching out regarding a discrepancy in my recent banking transactions where an anticipated refund remains conspicuously absent from my account record. Despite verification of the transaction being initiated by the merchant, I have yet to observe any reflection of this sum on my statement. Could you kindly assist by investigating this matter and provide an elucidation as to the status of said refund?

I would be most appreciative for your prompt assistance in resolving this matter.

Yours sincerely,
[Your Name]",Refund_not_showing_up,polite_expert
0b9afb02-b273-4427-9095-924a96f97085,"Dear Sir or Madam,

I hope this message finds you well. I am writing to bring to your attention an issue regarding a recent transaction for which I had anticipated receiving reimbursement; however, the refund does not appear to have been credited to my account as of yet. The original transaction was completed on [date], and I trust that my matter will receive your prompt review and resolution.

Thank you for your understanding and assistance in this regard.

Yours faithfully,

[Your Name]",Refund_not_showing_up,polite_expert
1cd0e3cf-7e24-4c69-9829-b4ff04367c10,"Hey, so like, I did a thing with my card recently and was supposed to get my cash back, but for some reason, it's not showing up in my account yet. It’s been ages and there’s nada on my end. Can you help me figure out what's going on? Thanks!",Refund_not_showing_up,gen_z_slang
7a2788b9-6f2f-4304-b374-45e3adc4e1d2,"Hey, so like I was expecting that refund from my recent return, but it's still MIA on my account, smh 😒 Can u check what’s up? It’s been a hot minute since they said it should’ve hit my balance. Thanks fam! 🙏",Refund_not_showing_up,gen_z_slang
cc66ab3e-cb60-4fd3-9a9a-2f6fa8d3a73f,"Hey, so like, I totally got that money back from my purchase, but for some reason, it's not showing up in my bank app or account balance yet. It’s been a few days, and I’m super confused rn 😬 Could you help me figure out what's going on or check if it's processing slower than usual? Thx!",Refund_not_showing_up,gen_z_slang
59332b96-8887-401c-a0ef-f12f6d3758ba,"Hey, so like, my bank account's been low-key empty for a while now but I was supposed to get that refund from *insert store* like last week? It totally ain't showing up and I'm kinda vibing on not spending my hard-earned cash again. Can you peep into it and sort it ASAP? Thanks a mil! 🙌",Refund_not_showing_up,gen_z_slang
525a49d1-5cac-48e0-86b0-175f51de23bc,"Hey, so I totally got some cash refunded but peeped my app, and it's like ghosting me on there?! Like where did all that money vanish to? 🤔 It was supposed to be in my account ages ago! Help a sis out? 😩",Refund_not_showing_up,gen_z_slang
3ed03735-40cd-4a6a-823f-6f8e521c05ff,"Hey there! So like, I just checked my app and my account's acting all kinds of weird. I did this thing where I asked for a refund from that sneaker store (you know, the one everyone’s talking about), but it’s not showing up at all on my side? Checked like five times—still nada 😬. Could you help me figure out what's going down? Thanks!",Refund_not_showing_up,gen_z_slang
f4acbc8e-a1ec-45b2-abb8-2a73ddd6e79e,"Hello, I have a problem. My refund not showing on account yet. I wait several days now, but no change. Can you please check why? Thank you for help.",Refund_not_showing_up,non_native_speaker
a76444a5-ea6b-418c-9362-c757a7b057e5,"Hello, I need help please. Money that should be coming back not show on my account. I wait for a refund from store but nothing there yet. Can you check why? Thank you!",Refund_not_showing_up,non_native_speaker
3c6a0fc5-db2d-4234-a49b-b37ab5c56b54,"Hello! I have problem with my bank account. Money should be back soon after pay for return, but no see it on balance yet. What could happen? Can you help me please? Thank you!

--- 

Your specific banking problem/intent is: 'Refund_not_showing_up'.",Refund_not_showing_up,non_native_speaker
2ab85cc1-8d02-4953-a303-26342d5fdef3,"Hello, I am writing because money I wait for after return not see on my account. It pass many days, and still not there. Can you help find out why this happen? Thank you!",Refund_not_showing_up,non_native_speaker
fdb358fb-9e0c-4f8b-9af4-720b8b380440,"Hello, I have small problem with my bank account. I wait long time for money back from refund but it not show up in balance yet. Can you help check please? Thank you!",Refund_not_showing_up,non_native_speaker
c844e7ff-5691-46a5-9b5f-a96433ed0991,"Hello! I am sorry, but my refund not show on account. I pay back for something last week. Please help find where is it? Thank you very much!",Refund_not_showing_up,non_native_speaker
ed298dca-9dc2-4fab-be89-2ca4b4bb8788,No refund on statement yet.,Refund_not_showing_up,short_wording
fd008cc5-dd57-482b-972e-231b941a3df3,"Refund missing from account balance. Expected payment date passed, no debit recorded. Please assist.",Refund_not_showing_up,short_wording
6ebd7237-732c-4441-bb68-319e2cf1ec9a,"Refund missing from account, expected date passed. Help?",Refund_not_showing_up,short_wording
a5286b89-d048-4ff8-a478-376a89d85f97,Refund missing account statement,Refund_not_showing_up,short_wording
60627c33-b649-4ea8-90bb-84fc7d03ff3e,"Reimbursement missing

Pending account balance check?",Refund_not_showing_up,short_wording
1dc023c4-8292-4ea0-90fd-118ee88bdff7,No refund on bank statement?,Refund_not_showing_up,short_wording
b2e18321-2370-48c3-9063-3b6892220ba1,"Hey, why the hell is my stupid card still MIA? I paid good money for it! Just flip a switch or whatever so I can finally start using it already!",activate_my_card,angry_layperson
5a2eab45-bedd-4f8c-947a-5a23505fdd96,"What the hell is going on with this bloody card? I just got it, and now it won’t work! Fix it or give me a new one because I ain’t got all day for this nonsense!",activate_my_card,angry_layperson
a955fd05-b832-4d44-8dac-b92a585d6f4f,"Listen, I got this new card in my hand and for the love of everything, it's doing zip! Ain't nobody got time to run around town like a headless chicken just for a measly transaction! Isn't there some quick fix you guys can do from over there, or what? It better not be another ""hold your horses"" situation.",activate_my_card,angry_layperson
590d7bd3-99a9-4844-8e34-8671e79a6c98,"Hey, listen up! I just got my card in the mail, but no matter how much I try, it's like it’s dead as a doornail! Every time I try to buy something, it gets rejected faster than you can say ""bad service."" This is ridiculous; it should work right out of the box. Fix this mess already or give me my money back because I'm sick and tired of being treated like an idiot here!",activate_my_card,angry_layperson
8d9a78d9-ad68-4900-ac6b-5f96c47e7a7a,"Hey, listen up! I just got my darn card, and guess what? It's doing squat! I can’t buy a damn thing without this bloody thing working. How hard is it to get this simple piece of plastic to work right outta the box? Fix it now or else you're gonna hear from me again, and believe me, you don't wanna see the look on my face when I'm even more pissed off!",activate_my_card,angry_layperson
973e5a0f-b575-4635-8aeb-b4796d57c8d5,"Hey, listen up! I've been at this card nonsense for what feels like forever trying to get it working, but it's just sitting there doing absolutely nothing! Can someone actually help me GET THIS DAMN THING TO START FUNCTIONING, or am I supposed to go back to paying with cash? This is ridiculous!",activate_my_card,angry_layperson
b7ea710d-e8a3-4e57-837f-2a2c07e9a9ba,I need you now please card is here but not working can’t buy groceries panic I’m trying everywhere tell me what I do I need this sorted like yesterday! Help urgently needed!,activate_my_card,panicking_emergency
274312cb-da55-4265-a6bb-b71c83e8cc63,Oh my god I need help now just got a new card can’t get anywhere without it someone tell me what to do this is urgent I don’t know where to even start need to get it working immediately please hurry!,activate_my_card,panicking_emergency
db4ef8d4-a9ce-4f0d-9a8e-52dec40e9b51,"Hi, please help me immediately I need my card to work now without it I can’t buy food or pay rent urgent need activation right away! Can you do something fast? Thanks!",activate_my_card,panicking_emergency
8bc57e5c-1937-4630-9aec-3b1ad2f8c5d3,Card's been sitting here unused for days need it up right now got bills coming through I'm locked out emergency situation can you please get it working like yesterday? Please!,activate_my_card,panicking_emergency
6a485955-8330-495d-baa5-6b14585da154,Got my new card today need activation now can’t access account money needed urgently please help fast!,activate_my_card,panicking_emergency
1e4c2faf-c5af-45ee-9472-eafa5fa03755,"I just got my card! It’s brand new but won’t work at all! Need help desperately! I’ve tried everything. ATM, stores nothing works! What do I do? Got bills piling up already! Please help quick!",activate_my_card,panicking_emergency
7062de97-c413-46dc-b0a7-45e5516f160a,"Good Day,

I trust this message finds you well. I am writing to seek assistance concerning my recent acquisition of a debit card from your esteemed financial institution. It appears that, at present, the card has not been activated for transactions. Might I kindly request guidance on the subsequent steps required to bring this matter into alignment with standard operational protocols? Your expert advice in this regard would be greatly appreciated.

Thank you very much for your anticipated support.

Yours sincerely,

[Your Full Name]  
[A/C Number or Reference as per Card]",activate_my_card,polite_expert
184ecacc-0087-466a-bc39-589b3db9eb22,"Esteemed Customer,

I trust this message finds you well. I am writing to inform you of a recent request concerning my debit or credit card, which appears not yet fully operational. It seems imperative that certain activation procedures be completed in order for me to utilize the card's full suite of functionalities seamlessly. Your assistance in expediting this process would be most appreciated. Should there be any requisite steps or additional information needed from my end, please do inform me at your earliest convenience.

Yours sincerely,

[Your Name]",activate_my_card,polite_expert
5e53e266-2a6a-4bf5-82a6-37e5820545ef,"Dear Customer Support,

I hope this message finds you well. I am writing to seek your assistance with an issue pertaining to a recent acquisition of my bank-issued card, which presently appears inactive. To ensure seamless access to its features and services, I kindly request guidance on the requisite procedures for its activation. Your prompt attention to resolving this matter would be greatly appreciated.

Yours sincerely,

[Your Name]",activate_my_card,polite_expert
595d7e8f-aa83-44cb-8638-363aca47eca4,"Esteemed customer,

I trust this communication finds you well. I write to inform you that upon receipt of my recently issued bank card, I find myself in need of assistance with its activation process. Could you kindly guide me through the requisite steps or procedures necessary for bringing this payment instrument into active use? Your prompt and detailed response would be greatly appreciated.

Yours faithfully,

[Your Name]",activate_my_card,polite_expert
d6d11b2d-8849-4958-803d-6b8da3be2a70,"Esteemed Customer,

I hope this communication finds you well. I am writing to seek guidance regarding the activation process for my recently issued card. Despite adhering diligently to the initial instructions provided, it appears that the card remains inactive. I would greatly appreciate your assistance in ensuring its prompt activation so that I may utilize its services without further delay.

Thank you for your attention and support on this matter.

Yours sincerely,

[Your Full Name]  
[Affiliation or Account Reference Number, if applicable]",activate_my_card,polite_expert
c9c42f5b-e83c-4058-b7c1-ba30b171b577,"Dear Esteemed Client,

I hope this message finds you well. I am writing to request assistance with initiating operational status for my recent plastic card issuance. It appears that despite having received the physical card, access to its functions remains unavailable due to it not being activated as per our current protocols.

To expedite this matter, could you please guide me through the required steps or provide any necessary directives to promptly activate my account's payment medium? Your expertise and prompt attention to this matter would be greatly appreciated. 

Thank you for your continued support.

Yours sincerely,

[Your Name]",activate_my_card,polite_expert
733104a7-a1ef-4770-90f9-e11a6c4034d4,"Hey, so I got this shiny new card but like rn it's just chillin’ in my wallet not doin' anythin’. Can u help me get it up and running? Need to start splurging ASAP ✌️",activate_my_card,gen_z_slang
37805738-ce09-4c1b-864b-40dc102c88b2,"Yo, I just got my new card in the mail 📮 but like, it’s not vibing yet. Can you help me get it all lit up so I can start using it? Thanks! 🙌",activate_my_card,gen_z_slang
e356d626-ba0b-458b-89f3-55f009dda4fc,"Hey there! 🙋‍♀️ So, like, I got this card thing in my mailbox a while ago but it's been chilling inactive since then. Could you pls give it some life? Need it for my next Insta shopping spree ASAP! 😅 Thanks a ton!✌️",activate_my_card,gen_z_slang
4a920608-2852-4ede-822b-7874d7b9af06,"Heyyy, so I got my new card, but it's just chillin' and not vibing with any ATMs or online shopping yet? Can we get this thing activated ASAP? Thanks a bunch! 🙏",activate_my_card,gen_z_slang
1bf10a74-1095-4950-ae87-5adb4e1d0073,"Yo, so I just got my new card vibes but like, it's not doing anything yet? Need some help getting it all activated ASAP. 😅",activate_my_card,gen_z_slang
b566c4d6-45f8-4f32-a36e-2f20ae16f291,"Yo, so I got my new card and it's like totally lying there doing nada 😅. Can you kickstart it for me already? 🙏 Need it for all the life admin ASAP! Thanks a bunch! 💸",activate_my_card,gen_z_slang
b5424713-99b9-422e-a294-2ddc742e7b02,"Hello, I need help. My new bank card not working. Can you make it work now? Thank you!",activate_my_card,non_native_speaker
a3eab504-388b-472d-876d-855758494e49,"Hello, I have a bank card but it not work yet. Can you help me make it start working? Thank you very much!",activate_my_card,non_native_speaker
e420c95e-eda0-4dc9-8ba4-fb002747ca39,Hello! I have new card. It is not working now. Can you help me make it work? Thank you.,activate_my_card,non_native_speaker
e3d5d5aa-4e41-4524-8b7f-cb7b36912ae3,"Hello! I want help with my new card, please. It not working yet. How can do this thing? Need help for make it ready to use. Thank you!",activate_my_card,non_native_speaker
85d1f0a9-0c99-4d86-baf2-b21426161a59,"Hello, I have new card but no work. Can you help me make it start working? Thank you! 😊",activate_my_card,non_native_speaker
f4b9b291-a9a6-4b54-808c-66508352a9fb,"Hello! I want help with my new bank card. It not working yet. Can you make it work, please? Thank you so much!",activate_my_card,non_native_speaker
670d9aa1-8e90-4fe1-af75-b0f088b82fc5,Need card activation now. What steps?,activate_my_card,short_wording
4b8fe5d1-0a96-4286-b0f0-841f328f2c0b,Need card activation. Thanks.,activate_my_card,short_wording
78c25643-14c8-418f-b3c6-4e1640bba203,"Need card activation steps  
Sent new card, inactive now  
Help with immediate use  
Forgot pin, need activate guide  
Urgent card issue  

--- 

Choose one. Here's mine: Need card activation info.",activate_my_card,short_wording
748af86a-2091-4484-bde5-108a9d6ce5a8,"Need card active now  
Got new card, no use yet  
How to start using?",activate_my_card,short_wording
2dacd182-cc75-4f20-aff8-2637f4dea055,Need card activation help.,activate_my_card,short_wording
c18e9940-8115-4427-9ada-deac4b0284ef,Just activated my card? Status?,activate_my_card,short_wording
f37dfdb9-63a2-4dae-bb8f-17ea926175eb,"Hey, listen up! I can’t believe you’re telling me that I’m not old enough for this account! I’ve been paying taxes like everyone else my whole life, and now you're saying I'm too young? How am I supposed to manage my money if I never get to open an actual bank account? This is ridiculous! Fix it or someone’s gonna hear about this!",age_limit,angry_layperson
6097ab55-f495-467b-9a8b-202cdcacff33,"Listen, I'm ticked off here! Why on earth can’t I open an account like everyone else? It’s not like I’m a kid; how hard is it to figure out? If you’re going to tell me there's some age thing standing in my way, just come straight out with it instead of giving me the runaround. Fix this nonsense fast!",age_limit,angry_layperson
72c53111-bb97-4104-82a4-11f9124d836a,"Listen here, I’m ticked off beyond belief! My kid just turned 18, so what? Finally old enough to vote and drive but apparently not open a damn account without some ridiculous excuse—like they're supposed to be on Mars by now? Get your act together, or better yet, ask someone who isn’t living in the stone age. It’s a bank; it's their job to let my own flesh and blood handle their money!",age_limit,angry_layperson
cf181c38-79cd-489c-b8b3-1626bf909dde,"Hey, what's the deal with you guys making me wait another few years to open this account? I'm over here trying to manage my money like a real adult, and you tell me ""nope, can't do that 'cause of your age!"" What kind of nonsense is this? Why even have an age limit when all I want is to keep track of my cash in my own way?!",age_limit,angry_layperson
5521e0c5-bed3-437b-a224-d26efde3de92,"Listen, I'm fuming here! They won't give me a basic savings account because they say I’m too young or whatever. My kid's gotta start saving money like everyone else but noooo, it’s ""too soon!"" for them. Get your act together and sort this out!",age_limit,angry_layperson
8ffdbd62-fa03-43db-bf48-19716449b306,"Listen here, I've been trying to sort this out for ages! It's like you're telling me a grown man can't open an account unless he's pushing 18 or something? That’s ridiculous! How am I supposed to take care of my own money then? Fix it now, will ya? This is just plain stupid.",age_limit,angry_layperson
da205e71-9421-4162-a7d0-d4bbac49f894,Can’t access account says too young what do I do need help now can't afford this mistake please urgent solution needed!,age_limit,panicking_emergency
fdbffe5f-466f-4ba7-8d43-3343590f30cd,I'm 17 need account ASAP parents busy can’t wait bank says I’m too young what do I do help please!,age_limit,panicking_emergency
3831fea3-5304-4e6a-9cc8-6ce75bd49824,I opened an account not long ago now they're saying I can’t use it am I too young my mom set this up I need help what do I do? It's all mixed up I have bills that need paying!,age_limit,panicking_emergency
414a96dc-3928-4faa-b915-ff7598e41883,urgent need help my son just turned 16 i opened savings for him but bank says account closed over age limit what are we supposed to do he's counting on that money now,age_limit,panicking_emergency
66ed6e7f-81fd-4b35-bc3b-788bd0b74a70,Need urgent help bank account won’t let me log in says I’m too young verification code not working deadline looming can’t access funds what do I do need this sorted now please,age_limit,panicking_emergency
8869ceba-a09b-4964-9052-6ff3657da0b2,I need help fast can't access anything account says I'm too young to open it I thought I met all requirements what next?,age_limit,panicking_emergency
f147b3fd-60bd-4810-a6d6-2b525ac91324,"Dear Esteemed Customer,

I trust this correspondence finds you well. I am writing to address a matter concerning our account opening prerequisites, specifically pertaining to age requirements. It has come to my attention that there may have been a misunderstanding regarding the eligibility criteria for initiating new accounts within our institution.

To elucidate, as per our current policies and in accordance with regulatory standards, we require all prospective clientele wishing to establish an account independently to be of legal adult status. This prerequisite ensures compliance with both international banking regulations and fiduciary responsibilities.

Should you have further inquiries or require clarification on this policy, I would be most delighted to assist you in any capacity necessary. Your satisfaction is our paramount concern, and we are committed to providing our esteemed clients with clear and comprehensive guidance throughout their financial journey with us.

Yours sincerely,

[Your Name]  
Customer Support Specialist",age_limit,polite_expert
e66a9bf7-78dc-4d9a-af00-83b048e51090,"Dear Esteemed Customer,

I hope this message finds you well. I am writing to seek further clarification regarding our eligibility criteria for certain financial services, specifically concerning age-related restrictions. It would greatly assist me if you could provide detailed information on any minimum or maximum age requirements that may pertain to the initiation of an account or access to particular banking products.

Thank you most sincerely for your attention to this matter.

Yours faithfully,

[Your Name]",age_limit,polite_expert
569c2907-0733-4256-85f1-168fb22f3edb,"Dear Esteemed Client,

I hope this message finds you well. I am writing to kindly inquire about the prerequisites regarding the age requirement for opening a new account with our esteemed institution. Would you be so kind as to provide detailed information concerning any regulatory stipulations that pertain specifically to prospective clients' eligibility based on their age? Your assistance in clarifying these matters would greatly expedite my understanding and subsequent actions.

Thank you for your attention to this request, and I look forward to your prompt reply.

Yours sincerely,

[Your Full Name]  
[Account Number/Client Identification Code]  
[Contact Information]",age_limit,polite_expert
ad58c632-572e-470f-86c2-dc1d559060de,"Esteemed Customer,

I am writing to express a concern regarding an account eligibility matter that has arisen during my endeavor to establish a new banking relationship with your esteemed institution. In accordance with regulatory guidelines, there are age-specific requirements for opening certain types of accounts, which I believe may be pertinent in this context.

To ensure compliance with these stipulations and facilitate a seamless resolution, might I kindly request detailed information regarding the requisite minimum age for account holders under such circumstances? Your guidance on navigating through this protocol would be greatly appreciated. 

I await your esteemed response at your earliest convenience to further expeditiously proceed with this matter.

Yours sincerely,

[Your Name]",age_limit,polite_expert
388566b3-2070-4dda-916a-f8eba586b0f6,"Dear Esteemed Customer,

I appreciate you reaching out with your inquiry regarding eligibility requirements for our services. Please allow me to elucidate that certain financial products do indeed necessitate adherence to specific age parameters, established to comply with regulation and ensure a tailored banking experience suited to life's various phases.

Should you require further clarification or wish to explore potential solutions tailored to your circumstances, I would be most inclined to assist you. Thank you for entrusting us with this matter of importance. 

Sincerely,

[Your Name]  
Customer Service Representative",age_limit,polite_expert
60aeeda5-657b-4ced-aa15-ae749624c0bc,"Good day,

I am writing to seek clarification regarding the age prerequisites associated with opening a new bank account under your esteemed institution's offerings. Would you be so kind as to inform me of the minimum and maximum age requirements for customers wishing to establish such an account? 

Thank you very much for your assistance in this matter.

Yours faithfully,

[Your Name]",age_limit,polite_expert
289a8098-c43a-437f-8325-3ddb8f4d284a,"Hey there! So, I hit a bit of a snag trying to open an account at the bank with my bestie 🤔. Turns out they said something about age restrictions, which is kinda lame cuz we're older than some legal drinking ages now 😅. Can you help us figure this out? Thanks for being on it!",age_limit,gen_z_slang
eb44c88c-ec4f-4f77-9298-752e6708262b,"Yo, so I'm like really vibing with trying to open my own bank account, but there's this annoying age thingy that's stopping me! Like, why can’t they just chill & let us peeps do our stuff? Any hacks on how to get around this or am I stuck waiting till I hit the magic number? 🙄",age_limit,gen_z_slang
b40deb78-d5e1-4dad-ba91-6eb4bf29ec45,"Yo, so I’m tryna open an account but they’re telling me I gotta be older? Like, what’s up with that? It's 2023, isn’t there a workaround or something? 😒",age_limit,gen_z_slang
d1610856-4a7a-41ad-b9aa-d4401e183a58,"Hey, so I'm trying to get started on my credit card but apparently, they're like ""Nah you gotta be older."" Lol, wasn’t expecting this cuz I’m just under that magic number by a few months. It's kinda throwing me off because I thought I could start saving up for collabs and merch now. 🤔 Any tips or maybe another way around? Thx!",age_limit,gen_z_slang
61cfb13e-8740-4496-9088-f71952ac76cf,"Hey, so like, I was tryna set up an account under my lil bro's guidance, but apparently he's not old enough according to their rules? Like, what even is that about? Any way we can get around this or do I need to find someone older to help him out? Thanks!",age_limit,gen_z_slang
4d06af53-613d-40ae-807c-d96bef30003b,"Yo, so I'm totally vibing for a new credit card, but when I hit up my bank's app, it’s like ""Nah fam, you gotta wait until 18."" I know some of my peeps got theirs early tho – any chance I can get an exception or something? 🤔 Let me know if there are any extra steps I could take!",age_limit,gen_z_slang
0cacd4c2-20e3-4361-bc8e-24153cca7116,"Hello, I have a question about opening an account. My friend tell me maybe not allowed because I am young. Can you help explain how old must be for new account? Thank you!",age_limit,non_native_speaker
4b2c6542-f37c-4df8-917e-e99296849400,"Hello, I have small question. My cousin wants open bank account but he is 16 years old. Is this okay? Please help us understand if there any special rules for kids his age. Thank you!",age_limit,non_native_speaker
d8addd59-53f4-4780-a4f4-d92be161524b,"Hello, I need help with age for opening an account. My friend say there is a minimum age but not sure what it is. Can you tell me what age needed? Thank you!",age_limit,non_native_speaker
6c8042f6-a3f7-4cad-9e28-90f00db5130a,"Hello, dear bank friend. I have issue with account. My son too young for open new savings account. What is age need? Thank you very much for helping me understand this. Sorry for trouble.",age_limit,non_native_speaker
db14643b-b5ba-4d92-a87e-b4fa56a1eaa0,"Hello, I have a question about opening an account. I am not sure if my age is enough for the bank's rules? Can you help me understand what is needed for someone who may be too young or old? Thank you!",age_limit,non_native_speaker
a4fd15ce-40f1-481a-890e-5fa92bae5be8,"Hello, I hope you are okay today. I have a question about my bank account. Can I open one if I am too young? My friend say maybe not allowed but I not sure. Thank you for help!",age_limit,non_native_speaker
4647c0ff-317f-4060-8c6d-4ab07bed46d5,"Account opening - age verification needed. 17 years old, can proceed?",age_limit,short_wording
838db404-c05c-48cf-8cb4-7d70bebb223d,"Age issue opening account, help?",age_limit,short_wording
f07e2de2-846c-4dc6-8e6a-91018c06ad99,Account opening rules? Under 18 okay?,age_limit,short_wording
ec5e95e4-32f9-4622-99d1-89ca1f948918,Inquiry: Account age requirement needed for overdraft eligibility?,age_limit,short_wording
a32c2617-61db-49ae-849a-9da361492866,Age restriction issue? Need more info on minimum age for account opening. What's the youngest I can be?,age_limit,short_wording
63b31245-bc21-4385-bc69-60dcf24013e8,"Bank account for 17-year-old?

Need help. Thanks.",age_limit,short_wording
8f526720-08fe-4412-8aef-9b63b1cd9cd6,"Oh for crying out loud, why is my bloody phone suddenly not letting me use those quick tap payments anymore?! Every time I try to whack something through with that fancy tech, it flat out refuses! I've been trying to pay at stores for ages now and all they do is give me this look like I’m some kind of idiot who can’t figure a child’s game out. It should just work, right? Get your act together, or else I swear I'm telling my mates not to use your ridiculous system!",apple_pay_or_google_pay,angry_layperson
4eb3ad8d-b5ad-4e4e-99df-30150039cfb9,"Hey, listen up! I tried getting my phone app thingamajig to work for paying at stores, you know, like tapping it on those little pads? It's been a nightmare! Every time I try, it just flat-out refuses and says nope. Can't even buy a coffee without this nonsense happening! Straighten this out or I'm canceling my bloody account!",apple_pay_or_google_pay,angry_layperson
bbe1a029-f000-4885-a7d8-49c785dfc1ee,"Hey, I'm livid right now! One minute you're all set up with that fancy tap-to-pay thing on your phone, and BAM, something's gone totally sideways. Every time I try to buy groceries or anything else, it just gives me the cold shoulder. What kind of joke is this? Fix it pronto, will ya?",apple_pay_or_google_pay,angry_layperson
1a6900e0-5080-4ffa-99ed-b26ba6654daa,"Listen, I've been trying to set up one of those fancy payment thingies on my phone all day! My buddy said it was a snap, but everything keeps getting mucked up. Can you just get someone over here who knows what they're doing so I can finally swipe and pay without pulling out cash every damn time? This is ridiculous!",apple_pay_or_google_pay,angry_layperson
a959bd28-43aa-43be-942d-64989bf77ff7,"Hey, listen! I've been trying to pay for stuff with my phone like everyone else, but this bloody system ain't working right! Every time I try to get things done quick and easy on my phone—whether it’s that Apple thing or what Google's got going—I hit a brick wall. It just doesn’t work! Can someone sort this out so I can actually use these dang services without banging my head against the keyboard? This is ridiculous!",apple_pay_or_google_pay,angry_layperson
bdde254f-9ed3-4f97-837f-686dc7434630,"Alright, listen up! I just tried makin’ a quick buy with my phone, and nothing’s happenin’. It's supposed to be as easy as tapping my screen, but it's acting all wonky like this is 1999! What the heck are you folks doin' over there? Fix it already so I can get back to my life without this headache!",apple_pay_or_google_pay,angry_layperson
45068237-57a0-4f4b-940c-626429d14e17,"Hey! Need help quick. Can't use my phone for payments. Apple Pay or Google Pay, don't know which is broken. Lost money on last buy. Please fix fast! Urgent!!!",apple_pay_or_google_pay,panicking_emergency
04994322-8b05-4088-840e-01c5abff97f8,help my phone screen broke can’t even see anything need to make payment apple pay or google pay which one works now? everything locked down no way to call lost my job until this fixed pls quick answer!,apple_pay_or_google_pay,panicking_emergency
8d012968-6f89-4cd4-80f5-a680fdb61ac2,Can’t get any transaction done app store pay or google wallet stopped working need help now urgent can’t buy groceries money's running out what do I do please talk to someone immediately fix this asap my account locked everything on hold I’m stuck need an answer now very worried,apple_pay_or_google_pay,panicking_emergency
37d287a5-043b-4d13-80d4-6f4a61a4fcec,Can’t process my payment through phone suddenly huge bill due tomorrow what’s happening no card either this is chaos need help now!,apple_pay_or_google_pay,panicking_emergency
180e392d-e491-4001-9eaf-f85c9a1b039a,Urgent need help! Payment apps stopped working I can’t buy anything no time to lose what’s going on? Need fix fast!! Can someone assist now?!,apple_pay_or_google_pay,panicking_emergency
397657b3-dc4b-4c55-b451-bfb0b8416da5,Payment card not working on my phone need to send money urgently help can't wait why these apps stop working when I most need them what's happening my life is on hold fix this now!,apple_pay_or_google_pay,panicking_emergency
ce38dfd6-8a94-44b0-9e96-0103579ee988,"Dear Customer Service Team,

I hope this message finds you well. I am writing to seek assistance regarding an issue I have encountered with one of my mobile payment services on your platform, specifically concerning either Apple Pay or Google Pay. It appears there is a discrepancy preventing transactions from being processed as expected. I would greatly appreciate guidance on how best to resolve this matter at your earliest convenience.

Yours sincerely,

[Your Full Name]  
[Account Number/Identification for Reference]",apple_pay_or_google_pay,polite_expert
cbe26027-c790-44df-ba62-2813cc0a9e51,"Dear Esteemed Customer,

I hope this message finds you well. I am writing to seek assistance regarding a matter pertaining to digital payment solutions. Specifically, I am encountering some difficulties with utilizing my mobile device for seamless transactions through certain popular digital wallets. 

Could you kindly provide guidance on how one might effectively troubleshoot and resolve such issues? Your expertise in facilitating the smooth operation of these services would be greatly appreciated.

Thank you very much for your time and assistance.

Yours faithfully,

[Your Name]",apple_pay_or_google_pay,polite_expert
a109bb1d-e4c9-45e5-ab9c-820bd9fc6aec,"Dear Valued Customer,

I trust this message finds you well. I am reaching out regarding a particular matter concerning your preferences for digital payment solutions, specifically, whether there is an optimal integration with Apple Pay or Google Pay on your current account.

To address any potential complexities and ensure seamless compatibility, might I inquire as to which platforms you are currently utilizing or prefer? Additionally, should there be any discrepancies in connectivity or functionality, please provide further details so that we may expedite a resolution tailored to your needs.

I appreciate your cooperation and look forward to assisting you promptly.

Warm regards,

[Your Name]  
Customer Support Specialist",apple_pay_or_google_pay,polite_expert
d76ac499-6f2b-4563-bd73-6c67111789da,"Certainly, I appreciate your reaching out for assistance with this matter. Upon reviewing your query, it appears you are experiencing difficulties concerning mobile payment services such as Apple Pay or Google Pay. These platforms enable seamless digital transactions via smartphones, utilizing NFC technology for contactless payments.

Should there be any inconsistencies in account linkage or transaction authorization failures, kindly ensure that the latest version of the respective app is installed on your device and that it is correctly synced with your banking credentials. Additionally, verifying the enabled status of biometric authentication or passcodes can enhance both security and functionality.

For further resolution, I would recommend ensuring your mobile operating system is up-to-date to maintain compatibility with these services. If challenges persist after attempting these steps, please provide more detailed information regarding any error messages encountered, as well as the specific device model you are utilizing. This will facilitate a more targeted approach in resolving your issue.

I trust this guidance serves you well and look forward to assisting further should it be necessary.",apple_pay_or_google_pay,polite_expert
9f986ac4-d0e0-432e-8479-6a8309229544,"Dear Customer Service Team,

I hope this message finds you well. I am writing to seek assistance regarding an issue I am encountering with using digital wallet services for transactions on my mobile device. Despite ensuring that all necessary applications are up-to-date, I have been unable to complete payments through either of the major contactless payment platforms available. Given your extensive expertise in such matters, could you kindly provide guidance or suggest steps to resolve this matter efficiently?

Thank you for your prompt attention and assistance.

Yours sincerely,

[Your Name]",apple_pay_or_google_pay,polite_expert
83d84e5e-174c-487d-9176-18d705326fb6,"Dear Customer Service Representative,

I hope this message finds you well. I am writing to seek assistance regarding an issue I have encountered with one of my mobile payment applications, specifically either Apple Pay or Google Pay. Despite having set everything up according to the provided guidelines and ensuring that my digital wallet was adequately funded, transactions initiated through these services are consistently failing.

Could you kindly direct me towards a suitable solution or inform me if there are any specific steps I must undertake within your banking application to resolve this matter? I am eager to rectify the situation promptly. Thank you for your attention to this issue, and I look forward to your guidance.

Kind regards,

[Your Name]",apple_pay_or_google_pay,polite_expert
dc3e45ea-62dd-47e5-9c90-28f49ceb795a,"Hey there! So, I'm kinda stuck cuz my phone's being a pain and won't link to either of those super easy payment solutions via the banking app. Like, can ya help me sort this out? Thanks a bunch! 🙌🏼",apple_pay_or_google_pay,gen_z_slang
dfa0ec71-b286-4cb8-8c93-87779fca4add,"Hey there! So like, I'm trying to sort out these payment apps on my phone. You know, the ones that let you pay without pulling out cash or whipping out a card? Anyway, they just aren’t working right. Can ya help me figure this mess out? 😅 Thanks!",apple_pay_or_google_pay,gen_z_slang
8670cb58-ca39-4ecd-9da4-37bafe1a740e,"Hey, so I'm trying to figure out how to get my card set up for like, paying with just my phone? Like using those tap-to-pay apps on iOS or Android but not totally sure which one works better or even if it’s set up yet. Could you help me sort this mess out?",apple_pay_or_google_pay,gen_z_slang
6d33612e-1d15-4b35-b93d-691b628d2bda,"Heyo! So like, I'm totally stoked about getting mobile payments on my phone, ya know? But it's a bit of a bummer because my bank app isn’t vibing with Apple Pay or Google Pay yet. Got any deets on when this might be lit up and ready to roll? Thanks fam!",apple_pay_or_google_pay,gen_z_slang
8f1302c9-5c2a-4e39-9914-1527be53de74,"Hey, so like I'm totally vibing with how convenient mobile payments are, ya know? But for some reason my iPhone isn’t feeling Apple Pay lately 🙄. Tried setting up Google Pay since I’ve got an Android sim stuck in there too, and it's just not working out either. Can you help me figure this mess out? Gotta get those snacks from Instacart ASAP! Thanks, fam!",apple_pay_or_google_pay,gen_z_slang
abeded58-d32c-4c5a-b4f9-570a11072431,"Hey, so like, I really want to start hooking up my cards with one of those mobile pay apps on my phone. Not sure how it all works or even which one's better, Apple Pay or Google Pay? Got any tips on getting set up or figuring out which one's a vibe for my setup? 🤔",apple_pay_or_google_pay,gen_z_slang
f1ad6f61-ca19-414c-a9c1-a47cf6d221de,"Hello, I need help with using pay on phone. Not sure how set up for Apple or Google stuff. Can you guide me please? Thank you!",apple_pay_or_google_pay,non_native_speaker
97cd8ca0-aea8-4c7c-90c2-136dd06a2447,"Hello, I have trouble using the phone payment app on my device. Can you help me understand why it don't work with my bank? Thank you!",apple_pay_or_google_pay,non_native_speaker
d630badc-d2b6-42f2-816a-8df0be2f355b,"Hello, I need help with my phone. It not work for pay money at store with apple or google thing on it. Can show me step how set-up? Thank very much!",apple_pay_or_google_pay,non_native_speaker
e6e69292-542a-49b4-b77b-d03200b038f3,Hello! I have problem with pay using phone app. How do I set up on my bank? Can you say to me how? Thank you!,apple_pay_or_google_pay,non_native_speaker
afd3165d-5939-4153-b0e6-ef6664b2f8c7,"Hello, nice day! I need help with my phone for paying with card on shop. My friend use apple pay but mine no work same way. Maybe different? Can you tell how fix this or setup for google pay? Thank you so much for your help!",apple_pay_or_google_pay,non_native_speaker
1404d758-f62b-479b-9601-f11a7e490375,"Hello, I haves small problem with payment. Can’t use my phone for shopping now. The apple one or google one not working. Need help fix this. Thank you!",apple_pay_or_google_pay,non_native_speaker
b0e502d2-9c8e-48b9-a930-deea0676442a,Need Apple/Google Pay setup on card? Instructions? Thanks.,apple_pay_or_google_pay,short_wording
c595fc82-328e-46ce-bd63-827d938d0c6d,"Apple Pay card setup issue  
Google Pay not working on account  
Integration with mobile payment  
Mobile wallet error messages  

Choose one:  
- Card declined Apple Pay  
- Google Pay sync failed  
- Which app is supported?  
- How add cards for payment apps?  

Response: 'Add credit card to Wallet' problems",apple_pay_or_google_pay,short_wording
2c6e41f3-c5bb-4b31-a77c-d3c4ad96e19c,"Apple Pay setup issues  
Why no notifications, payments?  
Google Pay not working  
Can't add card, authorize?  

Need advice or help fixing.  Thanks.",apple_pay_or_google_pay,short_wording
26e43fae-0619-4ced-ae08-395351dee981,"Apple or Google Pay issue  
Need fix: payment not working

--- 

Is my bank app compatible? Which to choose (Apple or Google)? Payment error  

--- 

Why doesn’t my card work on mobile pay? Need help setting up Apple/Google Pay  

--- 

Card not loading into mobile wallet. Setup problem with either option  

---

Can't use digital wallet. Help: which one works better?",apple_pay_or_google_pay,short_wording
f416b47e-17c0-4beb-a41c-64b17bfba424,"Apple Pay or Google Pay issues? Need help.  
Can't make payments. What’s wrong?  

Want add card to mobile wallet. Steps missing?  

Error with digital wallet transactions. Details?  

Mobile pay setup trouble. Guidance required.  

Which method better for current account? Insights?",apple_pay_or_google_pay,short_wording
96e01bea-13a1-4f9c-a323-07879e0d742a,Apple Pay not working. Help? Google Pay issue too. Fix needed.,apple_pay_or_google_pay,short_wording
19bcbb32-e0ee-414b-ac92-3a3f1cbd58f6,"Oh, for crying out out loud! I just went up to that blasted machine like a good customer only to have it spit my card right back at me and tell me some nonsense about not having enough funds! But come on, I KNOW there's enough dough in there! Your ATM should be working fine, not giving everyone headaches instead. Fix this mess or get your money ready because I’m not happy ‘bout this, alright?",atm_support,angry_layperson
cceeb119-7209-4dc1-8362-e776054d3b58,"Hey, listen up! I literally went to grab some cash from the machine, right? And it's just eating my card like there’s no tomorrow and not giving me any money back! It’s a bloody nightmare every time! Do something about this or else!",atm_support,angry_layperson
b3a97d0b-4444-45a1-976c-3f8fda144003,"Alright, listen up! I went to grab some cash from your stupid machine, right? And guess what—I can’t get any bloody money out of it! It’s been jammed for ages, flashing all these weird lights like a disco in hell. I tried punching the buttons ten times—no luck! I’ve got bills to pay, and here I am stuck with a broken piece of junk. You better sort this mess out fast or there will be hell to pay from me end!",atm_support,angry_layperson
8f6fecca-1192-4b98-aafd-d18df869d17c,"Oh great, yet another day where my card doesn’t want to play nice with this blasted ATM! Every single time I need cash, something’s gotta go wrong—cards get swallowed like they're doing a magic trick, or the bloody machine just decides it's on strike. Just yesterday, it took my money but wouldn't give me any back! This is getting ridiculous! Why can’t these things work for once? It’s not rocket science, is it? I’m sick and tired of this nonsense. Fix it or else people are gonna start flipping their lids here!",atm_support,angry_layperson
890cfb03-1504-4729-b423-34bc67d65e5f,"Holy smokes, can you believe this? I was trying to get my own damn cash from that money machine down at the corner store, and it just flat-out chucked me out! My card's stuck like a gum on a shoe in there, and now what am I supposed to do with no money?! Fix this crap right now or else you're gonna hear more from me. This better get sorted pronto, 'cause I'm about ready to blow a gasket over here!",atm_support,angry_layperson
5dbdb4ef-8c68-4a8e-b3fd-79839a81598f,"Hey! So, I just went to one of YOUR ATMs, right? I’m standing there putting my card in, hitting numbers like a genius on caffeine, and what do you think happens? Nothing! That stupid machine won’t take any cash from me! It's acting all high and mighty, telling me to call customer support. Don't even get me started on that! What’s the deal with your machines just freezing up when I need my money most?! Fix this crap ASAP!",atm_support,angry_layperson
739af80d-b0e2-421a-899d-9543729c7821,machine jammed card stuck panic bank nearby none ATM on fire need help now! what do? lost money emergency call someone pls assist urgent fix this fast!,atm_support,panicking_emergency
37b1e19e-6d42-4c55-a93d-6bd27ca0dc80,"ATM gave me zero money with my card still inside!! Need help now!! Can’t call or go anywhere - urgent, can anyone please remove card ASAP? So worried!",atm_support,panicking_emergency
ca6151b5-d428-4f6b-9835-05c553bfa5ae,Machine ate card need help urgently stuck panic cash low deadline close bank near impossible situation lost card report ASAP what do now fix fast,atm_support,panicking_emergency
fff2b564-7b4b-4b73-931c-3c91ab1805d2,HELP I CAN’T GET MY CARD OUT IT’S STUCK IN THE ATM PLEASE SEND SOMEONE IMMEDIATELY MY MOMENT IS CRITICAL! NEED A SOLUTION NOW!!!!!!,atm_support,panicking_emergency
f7a2d68c-ad36-4ee0-a107-f624ab603b69,Card swallowed ATM desperate need cash! Can't access account bank app unresponsive too! Urgent help needed immediately! What do I do? Bank branch closed now hours of darkness despair! Need solution fast! Help! Please!,atm_support,panicking_emergency
33da79b8-65ee-477a-8d9a-5e11b8f958c7,ATM swallowed my card need emergency help! I have no access to money now lost everything panic mode can someone unlock from bank side or send someone? Must fix quick urgent!!,atm_support,panicking_emergency
6ac4ef74-453d-4b62-b439-62aec226bc69,"I regret to inform you of an unfortunate inconvenience I have encountered with one of our automated teller machines (ATMs). Upon attempting a transaction, I was presented with an unexpected error message that prevented the completion of my intended financial activity. Could you kindly elaborate on whether this issue pertains to maintenance or technical difficulties? Furthermore, I would greatly appreciate any guidance on how best to proceed should a similar situation arise in the future. Thank you for your attention and assistance in resolving this matter expeditiously.

Respectfully,  
[Your Name]",atm_support,polite_expert
9ac21523-e770-417b-9c99-cf8c2669b6b4,"I kindly request assistance regarding an issue I encountered at one of our automated teller machines. During my recent transaction attempt, I experienced a technical complication where the machine did not successfully process my withdrawal request, leaving me without access to the necessary funds. If it is within your capacity, may you guide me through any immediate steps I might undertake to resolve this matter? Additionally, if there are alternative methods for retrieving my money or securing further support from your esteemed institution's automated banking services, I would greatly appreciate such guidance at your earliest convenience.",atm_support,polite_expert
2304a213-c050-4657-bbdc-b53e6f6efea7,"Good day,

I trust this message finds you well. I am writing to report an inconvenience encountered at one of our Automated Teller Machines, located at [specific location if available]. During my attempt to conduct a transaction, I was unable to proceed as expected due to [brief description of the issue, e.g., ""a screen error occurring immediately after card insertion"" or ""an unexpected machine shutdown""]. 

I would be most appreciative if you could provide guidance on what steps should now be taken to rectify this situation and ensure that my transaction is completed successfully. Additionally, any information regarding measures being employed to prevent such occurrences in the future would be greatly valued.

Thank you for your prompt attention to this matter.

Yours sincerely,

[Your Full Name]  
[Your Account Number or Customer ID]  
[Preferred Contact Information]",atm_support,polite_expert
c9cfbae2-c35b-475f-9914-a2eb45fceacb,"Esteemed Customer,

I hope this message finds you well. I am writing to address an issue encountered during my recent interaction with one of our Automated Teller Machines. The transaction process appeared incomplete, prompting a need for assistance from your esteemed institution in resolving this matter promptly and satisfactorily.

With gratitude,

[Your Name]",atm_support,polite_expert
ef288a9e-c525-4ef3-8aa2-6abb2cc5719f,"Dear Esteemed Customer,

I hope this communication finds you well. I am writing to inform you of an issue that has arisen during my recent attempt to utilize one of our automated teller machines (ATMs). Regrettably, despite following standard operational procedures, the device in question appears to be unresponsive and was unable to dispense funds as expected.

I would greatly appreciate it if a member of your technical team could investigate this matter at their earliest convenience. Ensuring that our clients can access their finances smoothly is paramount, and I trust you will take the necessary steps to resolve this situation expeditiously.

Thank you very much for your attention to this matter. I look forward to your prompt response confirming any actions taken or advising me on further steps required from my end.

Yours faithfully,

[Your Name]",atm_support,polite_expert
92345e0a-8ab4-4373-b77e-5c49691fd633,"Dear Esteemed Customer,

I hope this message finds you well. I am writing to express a certain inconvenience concerning an Automated Teller Machine (ATM) that requires immediate attention. I have encountered a situation where, during my recent transaction attempt, the device did not function as anticipated, leading to an unsuccessful withdrawal despite sufficient funds being available in my account.

Could you kindly assist me by directing this matter to your technical support team for resolution? Your prompt assistance in rectifying this issue would be greatly appreciated.

Yours sincerely,

[Your Name]",atm_support,polite_expert
b6706d5f-afa0-424c-b42d-bed47de1bda0,"Hey, so I was at the ATM trying to snag my cash yesterday and it just kept giving me errors like ""Try again later"" 🙄. It's bugging me because I'm low on funds this week 😅. Can you help sort this out ASAP? Thanks! 🤞",atm_support,gen_z_slang
17819768-002e-4b45-9727-d8626307b281,"Yo, so I literally went to grab some cash from the ATM at like 3 AM because u know, spontaneous decisions 😜 but guess what? It was being a total mood wrecker! Like, when I put in my card it totally didn’t read it and now it’s stuck in there. 😩 Can you maybe help me figure out how to get this sorted ASAP, or am I just gonna have to wait around until morning for some genius? Cheers! 🙏👻",atm_support,gen_z_slang
5c671662-26d6-489f-8538-4d617004b25a,"Hey, so I was at like, the nearest atm around where my fav coffee shop is and for some reason, it just keeps saying ""card read error"" every time I try to get a bit of cash from it. It's legit been asking me to swipe my card on and off like five times now, lol. Could you peeps sort this out asap? Totally need some cheddar for those daily snacks 😅",atm_support,gen_z_slang
6c2587c5-8f27-48b1-b75f-7a7242520465,"hey so like, I went to grab some cash from my atm and boom, it just wouldn't spit out my money 😩. like, what even is up with that? can you help me sort this mess out ASAP? thx! 🙌",atm_support,gen_z_slang
722f31dd-3669-4ed7-a66f-1ad7c0029ccb,"Yo, so I was tryna get my cash out at an ATM like usual but nope! It's all ""error 404"" vibes with zero funds showing when there's plenty in my account ☹️ Could you peeps check what’s up and maybe guide me on how to fix it? Thanks a mil 🙌",atm_support,gen_z_slang
39785e7f-d784-49ed-8d48-93528134fe26,"Ugh, so I was trying to get some cash from the ATM, but it's like totally glitching out on me. It keeps saying my pin is wrong even though I’m like 100% sure I typed it right? 🤯 Could ya help sort this mess out or at least tell me what’s up? Thanks a mil!",atm_support,gen_z_slang
5d63a2d6-5b00-42a4-8863-7c9349f03e09,"Hello, I need help because when I try to use ATM, card get stuck inside machine. Not know why this happen. Can you please send someone or tell what do? Thank you.",atm_support,non_native_speaker
996dbfef-1439-45cf-832d-046f1c73120f,"Hello, I try get money from ATM today but it give me error message. No cash come out. My card also stuck inside machine. Can you help fix this please? Thank you so much!",atm_support,non_native_speaker
c10a309d-b1b6-428c-be37-08bdb7da03c8,"Hello, I have a problem with ATM machine. When I try to get my money, it say ""card error"". Is this card not working? Can you help me what to do next? Thank you for helping!",atm_support,non_native_speaker
afaf263a-50d2-420c-80ee-c2d29f9111ba,"Hello, I need help with ATM machine. It not give me money when card put in. Please tell what do for fix. Thank you!",atm_support,non_native_speaker
c5add9cb-ab04-4b12-9557-8caf0665d0e4,Hello there! I need help because machine no give money when card put inside. Please can look at this? Thank you very much!,atm_support,non_native_speaker
12fc7bbc-d83a-4aa4-8963-d39d01978bc2,"Hello! I have problem with atm machine. It not give me my money when I put card and do pin number. Can you help, please? Thank you very much!",atm_support,non_native_speaker
f2a84b4a-ea7c-40e5-8087-dc4f3aba50de,ATM card held. Need help!,atm_support,short_wording
273f78c1-3627-4cad-95f0-5dc0dc64c432,"ATM card jammed, need help. Receipt stuck too. Urgent assistance required.",atm_support,short_wording
6ec849df-4761-4563-bd0f-7f979c8fa10b,"ATM card stuck, help needed.",atm_support,short_wording
52bbf217-b467-4310-bafe-980ad3e8afa7,"ATM card issue, doesn't work. Need help now.",atm_support,short_wording
32d3ea1c-c909-4eb8-8478-82505d0862f7,"ATM not dispensing cash  
PIN error issue  
Machine jammed - stuck card  
Screen blank, no menu  
Dispenser empty  

Choose relevant issue or need more help?",atm_support,short_wording
1516a955-2b0a-43e7-a7b3-be5b81f34c59,ATM card jammed. Need help.,atm_support,short_wording
99a6654a-1d73-46ac-b840-b6ce2f7b8490,"Listen here, why on earth is my bloody account sucking money outta nowhere like some kind of greedy vampire? I keep track of everything, but these hidden charges are sneaking up on me every damn month! I didn’t sign up for this! Can you straighten it out NOW or what?",automatic_top_up,angry_layperson
2996ef04-f8f3-40e3-aa4d-e62485dea9da,"Hey, listen up! Why the hell is my bloody account getting drained like there's no tomorrow? Every time I see that damn balance going down by itself, I'm ready to lose it! You lot need to figure out why your system keeps dipping into my cash without asking me first. Fix this mess and fast, or you're gonna hear from me again in a way that'll make you regret ignoring me!",automatic_top_up,angry_layperson
dde35145-e214-4919-a3aa-bd526647707c,"I can’t believe you’ve gone and done it again! Every month, like clockwork, my account gets hit by some mysterious charge as if I asked for it myself. It’s makin’ a mess of my budget, and nobody tells me squat until the money's gone. Fix this damn thing right now or I’m taking my business elsewhere!",automatic_top_up,angry_layperson
cca7105d-150e-498e-baed-057de363b235,"Hey, listen up! Every bloody month you keep siphoning off my hard-earned cash like there's no tomorrow! I don't remember signing anything for y'all to take money out of my account without even bothering to tell me first. Fix it now or I swear I'll come down there and give your manager a piece of my mind in person!",automatic_top_up,angry_layperson
236802f3-13ce-450f-972c-256a11303558,"Listen, I’m so steamed right now! Every time I think my account’s sorted after putting a bit extra for bills or something, you lot hit me with another surprise charge as if I don’t have enough going out already! What's this madness? It’s like some sneaky bozo is dipping into my cash without telling me first. Sort it out, will ya?",automatic_top_up,angry_layperson
de444f7a-2017-4804-b195-149c5eac5cc5,"Oh for crying out loud, every damn month my stupid card is eating away at my cash like there's no tomorrow! I set this thing up ages ago so it'd stop my mobile from dying on me, but now it's like some kind of bank-gone-wild, pulling money without asking. Am I supposed to keep a tab on transactions 24/7? This makes zero sense and I'm not spending my weekends chasing pennies around! Fix this mess or give me my dough back, pronto!",automatic_top_up,angry_layperson
57698682-44b3-4b7d-bb65-a99e815bb6a1,Huge issue! My account got automatically charged for a top-up again I wasn’t supposed to agree to this service why did they do it? Need urgent help stopped recurring charges right now I'm losing money super stressed need resolution fast.,automatic_top_up,panicking_emergency
9d8c0306-780d-4e0a-b8ff-803bd081e683,Can you help me right now? Money disappearing from my account every time I log in not paying bills bank keeps topping up for no reason Need someone to stop this immediately Can't afford these surprises What am I supposed to do here??,automatic_top_up,panicking_emergency
8faa3d8e-c14c-4f7c-8c79-06cb3ab142af,Hi I’m really upset bank just took too much money without my okay no warning at all can’t pay bills this wrong need help stop this now immediately please someone fix urgently!,automatic_top_up,panicking_emergency
109a1d78-95b0-40f4-bcce-f998f0a1048e,URGENT HELP NEEDED STOP MY PHONE IS ABOUT TO SHUT DOWN DUE TO LOW BATTERY AND I CAN’T ACCESS CASH STOP SOMEHOW THE ACCOUNT AUTOMATICALLY WITHDREW MONEY AGAIN STOP THIS HAS HAPPENED SEVERAL TIMES OVER THE LAST FEW DAYS THERE MUST BE A MISTAKE NECESSITY FOR IMMEDIATE ACTION OR I’LL FALL INTO A FINANCIAL CHAOS I NEED TO DISCONTINUE THIS PLEASE ADVISE ON HOW QUICKLY YOU CAN ADDRESS THIS THREAT RIGHT NOW END IS NEAR IF NOT STOP,automatic_top_up,panicking_emergency
3aaf124f-17f9-465d-bd11-f19d00c6d07f,This is urgent I need help right now my account keeps getting charged without me knowing every month I can’t afford this surprise fee please stop it fast I’m panicking what’s happening why isn’t anyone stopping these charges? I don’t want any more money taken out of my account stop it immediately!,automatic_top_up,panicking_emergency
526e2914-88da-4ec4-9be7-309b0d70e877,urgent help needed! my account getting drained no warning! money going out automatically i cant stop it. please freeze transactions immediately need to control this fast or im ruined!,automatic_top_up,panicking_emergency
24826688-4482-484b-a676-9fb2ba39f1d0,"Esteemed Customer,

I trust this communication finds you well. I am reaching out regarding a matter related to the automated replenishment of funds for one of my accounts. It appears there has been an unexpected issue whereby the scheduled transactions are not being executed as anticipated, leaving the account insufficiently topped up.

May I kindly request your assistance in reviewing and rectifying this situation? Your prompt attention to this matter would be most appreciated, ensuring that my financial arrangements remain seamless.

Thank you for your invaluable support.

Yours sincerely,

[Your Name]",automatic_top_up,polite_expert
5d8a2cf1-9790-4a60-8439-fb1bc02a1c95,"Dear Esteemed Customer,

I hope this communication finds you well. I am reaching out with a concern regarding the arrangement wherein funds are transferred seamlessly from my primary account to another designated account at predetermined intervals. It appears that the recent transactions intended to occur automatically have not been executed as scheduled.

I would be most appreciative of your assistance in reviewing the configurations and ensuring this process is functioning optimally.

Kind regards,

[Your Name]",automatic_top_up,polite_expert
bdfb181d-9f5c-4ca2-85cd-539438294a74,"Dear Sir/Madam,

I hope this correspondence finds you well. I am writing to seek assistance regarding a feature linked to my account where funds are automatically transferred from one designated account to another, based on predetermined conditions. This function is intended to maintain continuous credit availability in the concerned account.

Kindly provide guidance on how this can be effectively set up or adjusted within your banking services. Your expert advice would greatly enhance my understanding and utilization of this feature.

Thank you for your assistance and support.

Yours faithfully,

[Your Name]",automatic_top_up,polite_expert
68f308c0-997c-4e9e-be20-150cc666ca10,"Dear [Bank Representative],

I hope this message finds you well. I am writing to enquire about setting up a recurring transaction on my account that will automatically transfer funds from my savings account to my checking account at regular intervals, specifically whenever the balance in the latter falls below a predetermined threshold. This would greatly assist me in efficiently managing my finances and ensuring uninterrupted financial activities.

Your guidance on how to configure this service within your banking platform would be most appreciated.

Yours sincerely,

[Your Name]",automatic_top_up,polite_expert
bf9745e5-ade2-4342-b115-81e43a873b69,"Dear Valued Customer,

I trust this message finds you well. I am writing to discuss a recent difficulty experienced with my current account's automated funding facility, which has not successfully executed as scheduled. It appears there may be an operational discrepancy preventing the desired automatic addition of funds from another source upon reaching a predefined threshold.

To ensure prompt resolution and maintain seamless service, could you kindly advise on the necessary steps or checks that should be undertaken to rectify this situation? Your guidance in this regard would be most appreciated.

Yours sincerely,

[Your Name]",automatic_top_up,polite_expert
66f4c67d-b8c5-41cf-b6b1-7e0a6360dbbb,"Dear Esteemed Customer,

I hope this message finds you well. I am writing to seek assistance regarding a feature within my account whereby funds are systematically transferred at periodic intervals as per a predetermined schedule. It appears that despite setting up these transfers, they have not been executed as anticipated. Could you kindly confirm the steps necessary to ensure the seamless functionality of such automated transactions? Your guidance would be greatly appreciated.

Yours sincerely,

[Your Name]",automatic_top_up,polite_expert
7284a7d5-e4ad-4dbd-8c13-347c29a0f388,"Hey there! So, my bank account's draining faster than a TikTok scroll on battery saver. Can we set it up so that money just magic itself into my savings whenever things get low? It’d save me from those “oops, my card declined” moments when I forget to top up manually. 🙃",automatic_top_up,gen_z_slang
712365ed-c8eb-4bcd-a259-5473d498d8c6,"Hey! So like, my phone keeps getting those annoying notifications saying my balance is low right when I'm scrolling through TikTok 🙄. It's super annoying because I thought my card would handle that automatically, ya know? But it seems like it's just chillin' instead of topping up for me. Can you help make sure my funds are as fresh as my playlist each month without me doing the work? Thanks! 😊",automatic_top_up,gen_z_slang
532fbbe7-8342-460b-b534-5684e123fdb9,"Hey there, just wanna get some help with my account doing its own thing 🙃. So like, I set it up for it to top itself up automatically when the balance gets low, but nope, it’s acting all ""not gonna happen"" lately. Could you gimme a hand getting it sorted? Thanks! 💯",automatic_top_up,gen_z_slang
fbcd4eaf-6bf1-4b5f-8e94-9449ca271f2e,"Hey there! Ugh, literally been like 😒 cause my bank app's just not doing that thing where it slaps some extra cash into my account when it hits zero. It used to be on fleek but now it’s just ghosting me whenever I'm out and about. Can you sort this ASAP? 🙏 Got no time for low balance drama. Thanks!",automatic_top_up,gen_z_slang
a08c8fe3-0e21-4c48-b1a9-fc48cc672ae5,"Hey there, so like, my bank account is always on low vibes 🙄, and I'm thinking if you guys could set it up so it auto-stuffs itself with cash whenever it dips below a certain point? That way I can focus more on my gaming grind 😎 and less on being broke AF. Peace!",automatic_top_up,gen_z_slang
4a83bd79-1f0f-4b5b-a256-06e24bf87f08,"Hey, so like, I've got this thing happening where my bank’s supposed to be auto-filling my card when it's running on fumes, but for some reason, it ain’t doing its job. Can you peep into that and help me sort it out? Thx!",automatic_top_up,gen_z_slang
1bb59e2f-1772-4c50-9794-8d6a69fbdd64,"Hello, I have a small request. Sometimes my account not enough money for phone bill. Can you make bank send money automatic when it low? Thank very much!",automatic_top_up,non_native_speaker
a3db6ba7-9aab-43ef-96e8-d4009b79a5e0,"Hello, I need help with my bank account. It should add money by itself when balance too low, like when I go shopping. But it not doing this now. Can you check please? Thank you very much!",automatic_top_up,non_native_speaker
173e7c3b-be3b-4378-9415-d6606ba23fda,"Hello, I need help with my bank account. When balance is low, I want money to go from one account to other by itself. Can you make this happen for me? Thank you!",automatic_top_up,non_native_speaker
6abc41fc-a1e7-4153-8679-eb138c9a184c,"Hello, I have a question about my bank account. Can you help me set up something so that money automatically goes into my account when balance is low? It should happen without me doing anything each time. Thank you!",automatic_top_up,non_native_speaker
29108085-8911-4bfc-bddd-fb9416a24799,"Hello, I have question about my bank account. I want money to go into it automatically when balance is low. Can you help set this up? Thank you!",automatic_top_up,non_native_speaker
3918f1de-58b3-4413-97a5-0083fa446de1,"Hello, my bank account need money put in when balance low. Can help set this up? Thank you!",automatic_top_up,non_native_speaker
67eb6260-76b4-40a1-9ad5-22613c23372b,Need auto payment setup for phone bill from bank account. How?,automatic_top_up,short_wording
0f2f7a0e-cbc9-4dd2-b1b4-7daf0642dffa,Top-up fails? Need fix. How set automatic?,automatic_top_up,short_wording
d805b54f-d527-4164-8d98-9b2e9a6620cf,Need auto credit setup. How?,automatic_top_up,short_wording
ba83ea14-89cb-4abf-8a42-ce6d9e63f370,"Problem: No auto-savings.

Details: Set savings monthly 15th, skipped two months. Fix needed.",automatic_top_up,short_wording
6ad38baf-10f1-4261-949c-73ee713397f0,Needs auto bank fund transfer. Help set up.,automatic_top_up,short_wording
69ce2652-d588-4752-b58c-9c3df74ddd1b,"Need setup auto credit  
Top-up not working. Fix?  
Auto top-up failed alerts  
Schedule auto transfer setup  
Top-up threshold not reached auto? Help!",automatic_top_up,short_wording
974e596a-d235-4e44-8ad1-9ce6d506638b,"Hey there! I just did a transfer, and now my balance is stuck like last year's leftovers! How many days more am I supposed to wait for you lot to fix this?! This is seriously unacceptable, can someone sort out your tech junk and get it done properly? It’s driving me nuts over here!",balance_not_updated_after_bank_transfer,angry_layperson
0605ab4d-27e3-4dcd-ae7d-443c8bb82fd1,"Hey! Listen, I just did a bank transfer and my balance is like completely stuck in la-la land! It’s been ages and it still hasn’t updated. This is ridiculous! Fix this crap now or I swear, I’m switching banks! What kind of shenanigans is that?",balance_not_updated_after_bank_transfer,angry_layperson
1961e64e-cac5-4bec-8a2c-7312c458bbac,"Hey! What the heck is going on with my account? I just sent money over like two days ago, and my balance is still showing what it was before that transfer? This needs fixing right now or you've got a very ticked-off customer on your hands! Can someone actually get their act together and sort this out ASAP?",balance_not_updated_after_bank_transfer,angry_layperson
5d6bcd81-921e-47fd-a325-530c20e48723,"Hey, listen up! I just sent a chunk of my hard-earned cash over from another account, and for some stupid reason, it's still not showing up in mine! It's like you lot are playing with my money or something. Can someone actually figure this out already? Because this is ridiculous!",balance_not_updated_after_bank_transfer,angry_layperson
efd6ee69-1c1f-4a69-8101-c0b7d025acd8,"Hey, what's going on here? I just did a bank transfer, alright? And my account balance is like stuck in time or something! I went through all that hassle of transferring money yesterday, and today, nothing’s changed! It's like you didn’t even do the dang transfer! I need this fixed pronto; it's driving me nuts not knowing if my money's gone somewhere else. What gives? Fix it now!",balance_not_updated_after_bank_transfer,angry_layperson
7cadddb5-7890-4594-ac6d-d6c780628287,"Hey! This is ridiculous, my account still shows zero after I sent that dang money transfer hours ago! And now you're telling me to ""check again""? This is complete bull! Fix this mess quick before I lose it, or I'm taking my business elsewhere and making a big scene about it. What's the deal with your system anyway?",balance_not_updated_after_bank_transfer,angry_layperson
652f5626-b029-4a1c-9c3c-4776228c6321,Urgent! Sent money ages ago bank said done receipt got transfer cleared but my account balance hasn’t changed still empty I NEED help now what’s happening? This is a big problem I can’t pay rent without it. Please fix it immediately!,balance_not_updated_after_bank_transfer,panicking_emergency
88c8a3cc-7593-4648-a4df-4fe95ea9f4ab,Urgent! Money moved from my account I did but balance still same on app need help right now something wrong happened can't access funds for rent payment what's going on fix please ASAP need answer quick,balance_not_updated_after_bank_transfer,panicking_emergency
b1c4941a-3a79-4ea5-a215-8b760fe24c77,Just transferred money out account says balance still old number not right I can’t pay my bills what’s happening bank why isn’t it updating now? My rent due tomorrow need fix this fast!,balance_not_updated_after_bank_transfer,panicking_emergency
1ded9c44-ba38-4959-823b-d73fadca7c4c,Need help urgently! Just did bank transfer still no balance update on app! Need money for important thing now what do?! Please assist fast!!,balance_not_updated_after_bank_transfer,panicking_emergency
657da002-06b3-4f37-9fe7-e59fb842b23b,I just made a bank transfer but my balance is still showing old amount need this fixed now I can’t pay bills what’s happening why isn’t it updating help me immediately please this is urgent!!!!,balance_not_updated_after_bank_transfer,panicking_emergency
97ce91a0-6b5c-4a17-b0ec-8f92c8873ce6,I sent money last night transfer no show up my account why not updated? Quick help needed urgent I can’t keep track everything! Fix this fast!,balance_not_updated_after_bank_transfer,panicking_emergency
8d089360-fc49-4839-bb97-2f64f6047e9c,"I trust this correspondence finds you well. I am writing to bring to your attention a matter concerning my account's ledger which, regrettably, does not reflect a recent interbank transfer accurately. Despite the confirmation of this transaction by both our financial institutions, it seems that the revised balance has yet to be synchronized with the records in your esteemed establishment. May I kindly request your assistance in expediting the rectification and updating of my account balance? Your prompt attention to this matter is greatly appreciated.

Sincerely,

[Your Name]",balance_not_updated_after_bank_transfer,polite_expert
f04a9d04-e274-4644-820c-2c7f1c7f71bf,"Dear Customer Service,

I hope this message finds you well. I am writing to bring to your attention an issue regarding a discrepancy that has arisen following a bank transfer transaction. Despite having successfully completed the transfer, as corroborated by both sender and receiver confirmations, my account balance does not reflect this change. The anticipated adjustment remains absent from my account statement.

I kindly request your assistance in expediting the resolution of this matter to ensure accuracy in my financial records. Your attention to this issue is greatly appreciated.

Warm regards,

[Your Name]",balance_not_updated_after_bank_transfer,polite_expert
1b8c8818-2c7b-4b5a-99bd-4ba5e9c6c857,"Dear Esteemed Banking Support,

I hope this message finds you well. I am writing to express a concern regarding an inconsistency that has recently come to my attention. Following my execution of a bank transfer, there appears to be a discrepancy in which the updated balance reflecting said transaction has not been mirrored within my account records.

Should it please you to assist me in resolving this matter at your earliest convenience, I would greatly appreciate any guidance or steps that may rectify this anomaly.

Yours sincerely,

[Your Full Name]  
[Account Number/Member ID]

---  

(Replace [Your Full Name] and [Account Number/Member ID] with the appropriate details specific to the individual.)",balance_not_updated_after_bank_transfer,polite_expert
a4c411f8-43fe-4610-909b-7fd36ff0031f,"Dear Esteemed Customer,

I trust this message finds you well. I am reaching out regarding a recent transaction, specifically an interbank transfer that was processed on my account. It appears there has been a delay in reflecting the updated balance within my banking statement post-transfer conclusion. The funds transferred were duly debited from the corresponding sender's account, and yet, they remain absent from my records.

Could you kindly assist me by investigating this matter to ensure it is rectified promptly? I appreciate your attention to this detail and await any updates or further instructions that might be necessary.

Yours faithfully,

[Your Name]",balance_not_updated_after_bank_transfer,polite_expert
d801fb34-0014-43a6-a85c-0c950c0a9b99,"I trust this message finds you well. I am writing to bring to your esteemed attention a matter concerning an interbank wire transfer that was processed recently. Despite the successful completion of said transaction, as confirmed by the originating institution, there remains a discrepancy in the reflection of my account balance within your records here at [Bank Name]. It is with profound regard for accuracy and financial clarity that I request your assistance in expediting a review to ensure alignment between our respective ledgers. Thank you for attending to this matter with your customary diligence.",balance_not_updated_after_bank_transfer,polite_expert
71d64a26-19e0-4f7f-9138-3822a90806d1,"Dear Esteemed Customer,

I trust this message finds you well. I am reaching out regarding a matter related to my account's current status, following a recent bank transfer that was processed successfully on the receiving end but has yet to reflect accurately in my balance records. I kindly request your assistance in resolving this discrepancy at your earliest convenience.

Yours sincerely,

[Your Name]  
[Account Number or Reference ID, if applicable]",balance_not_updated_after_bank_transfer,polite_expert
51e87315-b3eb-4360-b526-48a5a9e823bc,"Hey! So, I just did a bank transfer like totally an hour ago, but my app's not showing the updated balance yet? Like, is it taking its sweet time or something else up? Could you help me figure this out ASAP? Thanks!",balance_not_updated_after_bank_transfer,gen_z_slang
99dd359d-4096-4291-b520-f4e28839fa6b,"Heyo! So I tried making a bank transfer, but for some reason my balance is still acting all weird and not updated? Like, what's up with that? Anyone else been having this vibe or nah? 🤔 Need some deets ASAP! Thanks, fam.",balance_not_updated_after_bank_transfer,gen_z_slang
7e4ed7f8-5553-45f9-a52e-20ac30327d08,"Hey, so I just transferred some cash between my accounts, but like, my balance isn’t showing the right amount still. It's been ages! Could you help sort this out? Thanks a bunch! 🙌",balance_not_updated_after_bank_transfer,gen_z_slang
11ff37ad-2979-461f-9f16-7d73d9d7c00e,"Yo, so like I just did a quick bank transfer 💸 but when I checked my app, my balance was still the same as before. It’s probs glitched or something? Like, where's that cash at? 🤔 Can you peeps sort it out ASAP? Thanks! 😬",balance_not_updated_after_bank_transfer,gen_z_slang
4a601cec-cb82-4f1b-8006-a91cd26cae22,"Yo, so I just did a bank transfer like 2 hours ago, but when I checked my app, the balance is still stuck from yesterday’s stuff. Like, where's my money at lol? Can u help me get it updated already?? Thanks fam! 🙌",balance_not_updated_after_bank_transfer,gen_z_slang
d69ff3f9-09bd-44ae-b8bf-f52876c71b73,"Hey there! So I just sent some cash over from my other account, but for some reason, it's still chillin’ like nothing happened on this one. My balance is straight up ignoring all that money? 😅 Can y’all help me sort this out ASAP? Thanks a mil! 🙌",balance_not_updated_after_bank_transfer,gen_z_slang
dffbee2d-6ba1-41f8-b626-682baba3da44,Hello! I need help please. I made a bank transfer yesterday but my account balance still not updated today. Can you check this for me? Thank you very much.,balance_not_updated_after_bank_transfer,non_native_speaker
e9a9008a-bfcc-42b8-a57c-1b175dd361ef,"Hello! I need help please. I made bank transfer yesterday. But my balance still old number. Money not show yet, can you check? Thank you!",balance_not_updated_after_bank_transfer,non_native_speaker
031a8a83-0657-41fa-8ff4-661f68c03e6c,"Hello, I send money yesterday from one account to other account but now see balance not change yet. Can you help look why not updated? Thank you!",balance_not_updated_after_bank_transfer,non_native_speaker
9d863c92-825b-4509-85ee-b886df2b6fa5,"Hello, I have problem. After bank transfer money, my balance not show new amount. It should be updated but no change. Can you help me fix this? Thank you very much!",balance_not_updated_after_bank_transfer,non_native_speaker
d230afa5-1f95-4010-ad7e-07e615cc2557,"Hello, I do a bank transfer yesterday. But today my balance still show same amount. Can you help me fix this? Thank you!",balance_not_updated_after_bank_transfer,non_native_speaker
f00adfb7-3b61-4fd3-a42a-fa21eff67f9c,"Hello, 

I hope you are well. I send money yesterday using bank transfer. But my account balance not change yet. Should be update already? Please help me understand why not done. Thank you!",balance_not_updated_after_bank_transfer,non_native_speaker
49ac246e-267e-43c8-985f-8eedfac2dbec,Transfer complete. Balance still old. Why?,balance_not_updated_after_bank_transfer,short_wording
22f81090-34f2-476b-9a26-c674c19b2f1c,"Transfer complete, balance still old.

Need update soon.",balance_not_updated_after_bank_transfer,short_wording
d49998e2-4571-4db9-9291-baffe6e2cff2,"Transfer done, balance old.

Need fix/update. Thanks.",balance_not_updated_after_bank_transfer,short_wording
45b5a5ab-6acd-4062-be93-e7f511c517e2,"Transfer complete; balance not updated.

Need help ASAP!",balance_not_updated_after_bank_transfer,short_wording
6211edc2-b5a5-4713-bb3a-221d3fb1738a,"Transfer done, balance still shows old amount. Why?",balance_not_updated_after_bank_transfer,short_wording
7c64b521-0d5d-4642-894e-c1676f090a69,Balance not updated after transfer,balance_not_updated_after_bank_transfer,short_wording
ee93b613-2411-422c-b490-bcdacac29729,"Hey! I just dumped a bunch of cash and dropped a cheque at one of your counters, expecting my balance to reflect that. Guess what? It's just sitting there, unchanged like an old couch someone forgot to move after throwing a party. What’s the deal with your system being so slow? I need it updated or give me my money back!",balance_not_updated_after_cheque_or_cash_deposit,angry_layperson
a36120ff-ac92-4a8f-9316-b6b01d8d97b6,"What the heck is going on?! I just dropped off a bunch of cash and my damn cheque at your place, expecting everything to be sorted, but my account's still stuck in some ancient time warp! It’s like you’re trying to drive me insane with this nonsense. Fix it already or I swear I’m switching banks!",balance_not_updated_after_cheque_or_cash_deposit,angry_layperson
e282d054-c8fe-4cc8-95c8-5513a678e1ae,"Hey, listen up! I just shoved some cash into my account like a week ago, plus there was this cheque that should've been good by now, but guess what? My balance is still staring back at me with yesterday's numbers! This is ridiculous—why am I not seeing my proper balance yet? Get it sorted or else I'm ringing up every complaint line you got!",balance_not_updated_after_cheque_or_cash_deposit,angry_layperson
daf5cc2a-24d2-4229-b4e5-91248d69ce9f,"What the hell is going on with my account? I deposited a wad of cash and a couple of checks days ago, and my balance hasn’t budged! It’s like you people are trying to make me go broke. Fix it NOW or I'm taking this mess over to social media where everyone can see your incompetence!",balance_not_updated_after_cheque_or_cash_deposit,angry_layperson
8de7da9e-2c0e-4f73-a037-07ac9fb06349,"Hey, listen up! I just dropped a pile of cash and some check into my account at your bank, and guess what? The blasted balance is still stuck like glue on the old number from two days ago! You lot are supposed to count all that cash, right? Well, it ain't showing up anywhere. Fix this mess now, or I'm taking my business somewhere else where they actually do their job!",balance_not_updated_after_cheque_or_cash_deposit,angry_layperson
24fdf9c2-3c81-4a0f-ad48-92edca408942,"Hey, I just dropped a fat cheque and cash into my account like a week ago, and for what? My balance is still sitting there doing nothing! Are you telling me my money's on holiday or something?! Fix this mess right now—I’m not paying bills with air. Get it together, folks!",balance_not_updated_after_cheque_or_cash_deposit,angry_layperson
29243437-aed1-4e7c-bc01-fefa9463d940,I just deposited a large cheque plus cash urgent account balance still old what’s happening my account got hacked or what? Need this fixed now I can’t pay bills tomorrow going crazy here help immediately!,balance_not_updated_after_cheque_or_cash_deposit,panicking_emergency
227f77d0-addf-495f-947b-52815f733201,"URGENT! Just deposited cheque cash at branch balance still shows old amount panic need help fast!!! This isn’t right, money not showing up? What do I do??? Need someone now!!!!!!",balance_not_updated_after_cheque_or_cash_deposit,panicking_emergency
491d8d2d-f661-4a71-afa8-ea99fcb4ed0d,just deposited cheques today huge sum money bank app still shows old balance need confirmation now this can’t wait lost my patience what's happening with my money please fix this fast!,balance_not_updated_after_cheque_or_cash_deposit,panicking_emergency
76c9af50-6742-4037-820f-f0f485c58995,Just made a cash deposit at my local branch hours ago account still showing old balance what’s happening is my life falling apart I can’t pay bills got an overdraft coming I need this fixed now please someone help fast or I’m doomed,balance_not_updated_after_cheque_or_cash_deposit,panicking_emergency
fb713572-8e4a-4503-820f-290e0ca4fbb5,URGENT NEED HELP WITH MY ACCOUNT Balance still shows old number after depositing cash yesterday ATM receipt here Cheques deposited same day Bank app updated wrong amount I’m freaking out Money’s not there for rent due today Fix this now Please!,balance_not_updated_after_cheque_or_cash_deposit,panicking_emergency
e8ed6627-173e-49aa-84dd-a5dfcc867c34,URGENT NEED HELP DEPOSITED CASH CHEQUE NO REFLECTED BALANCE WAITING FOR OVER A WEEK CONTACT ASAP WHATS GOING ON MY ACCOUNT IS IN DISARRAY I NEED IMMEDIATE RESOLUTION PLEASE HELP ME NOW,balance_not_updated_after_cheque_or_cash_deposit,panicking_emergency
aaf6bde8-ef49-4b0c-bdad-0da6f26c2af7,"Subject: Concern Regarding Recent Deposit Not Reflecting on Account Balance

Dear [Bank Name] Customer Service,

I hope this message finds you well. I am writing to bring to your attention an issue with my account number [Account Number]. Recently, I deposited a cheque and a cash amount into my savings account at the branch located in [Branch Location], expecting the transaction to be reflected promptly. However, upon reviewing my recent account statements and available balance through our online banking portal on [Date], it appears that these deposits have not yet been credited.

Could you kindly assist by confirming the processing status of these transactions? I would greatly appreciate any information on when I might anticipate an update in my account balance. 

Thank you for your attention to this matter, and I look forward to a prompt resolution.

Yours sincerely,

[Your Full Name]  
[Contact Information]",balance_not_updated_after_cheque_or_cash_deposit,polite_expert
1ee17210-2bc9-4d0a-b434-32255a492008,"Dear [Support Team],

I hope this message finds you well. I am writing to bring to your attention an issue that has arisen concerning my account. After depositing a cheque or cash recently, I have noticed that the updated balance is not accurately reflected in my transaction history or current statement. It appears that while the funds were acknowledged upon processing, they have yet to be integrated into my available balance.

Could you kindly assist me by investigating this matter and ensuring that my account reflects the accurate balance? Your prompt attention to this issue would be greatly appreciated, as it is crucial for my financial planning.

Thank you very much for your assistance. I look forward to a swift resolution of this concern.

Sincerely,

[Your Name]  
Account Number: [Your Account Number]",balance_not_updated_after_cheque_or_cash_deposit,polite_expert
ff5c5c56-2954-4548-96b7-49e9a81c9e0a,"Esteemed Customer,

I trust this communication finds you well. I am writing to bring to your attention a matter concerning my account, wherein upon depositing funds via cheque or cash at one of our branches, the updated balance has not been reflected in my account records as promptly as anticipated. Despite verifying that all documentation and procedural requirements were adhered to, this discrepancy persists. May I kindly request an investigation into this issue to ensure accurate record-keeping? Your assistance in rectifying this matter would be greatly appreciated.

Yours sincerely,

[Your Name]",balance_not_updated_after_cheque_or_cash_deposit,polite_expert
d576ba40-8280-48e4-b429-24813f981d57,"Dear [Bank's Name] Customer Support,

I hope this message finds you well. I am writing to bring to your attention a discrepancy that has occurred within my account following recent transactions, specifically those involving cheques and cash deposits. It appears that despite these instruments being cleared or deposited within the expected timeframe, they have not been duly reflected in my ledger balance.

This oversight presents significant inconveniences, particularly as it pertains to financial planning and operational liquidity management. I would greatly appreciate your prompt investigation into this matter and a subsequent resolution. Additionally, could you kindly advise on any documentation that might aid in expediting the rectification of my account balance?

Thank you for your attention to this urgent matter.

Yours sincerely,

[Your Name]  
[Account Number/Reference]",balance_not_updated_after_cheque_or_cash_deposit,polite_expert
900d4fed-7c80-4aaf-b5bf-bfb03ee7f886,"Dear Banking Support Team,

I hope this message finds you well. I am writing to bring to your attention an issue that has arisen concerning my account balance following a recent transaction consisting of both a cheque deposit and cash deposit. Despite the transactions being duly recorded, it appears that the updated balance reflected on my account does not correspond with the expected figures post-deposit.

I have verified that both deposits were made within the operational business hours and adhered to all stipulated guidelines outlined by our esteemed institution. Notwithstanding these actions, I have found no corresponding adjustment in the available funds as per my bank statements and online banking interface.

Would you kindly assist me in identifying possible reasons for this discrepancy, and guide me through any necessary steps that may be required to rectify this matter? Your expert guidance is greatly appreciated.

Thank you very much for your assistance.

Yours sincerely,

[Your Full Name]  
[Account Number]  
[Contact Information]",balance_not_updated_after_cheque_or_cash_deposit,polite_expert
36a8ef5a-8cc2-4fd5-be08-5f42af6e0948,"Dear Banking Support Team,

I hope this message finds you well. I am writing to address a concern regarding my account statement that has arisen following recent transactions. Specifically, I have deposited both cheques and cash into my account; however, upon examining my latest bank statement, it appears the anticipated adjustments reflecting these deposits have not materialized.

Given the nature of banking operations, I understand that certain delays may occur during processing periods for cheque clearance or internal reconciling procedures post-cash deposit. Nevertheless, as these transactions were conducted a number of days prior to the issuance of my current statement, I would be most appreciative if you could review this matter and provide an elucidation concerning the delay.

Should there be any additional information required from my end to facilitate a more expedited resolution, please do not hesitate to request it. Your prompt attention and assistance in resolving this discrepancy would be greatly appreciated.

Thank you for your time and cooperation.

Yours sincerely,

[Your Full Name]  
[Your Account Number]  
[Contact Information]",balance_not_updated_after_cheque_or_cash_deposit,polite_expert
f81caeec-5879-4db2-92a1-0b4bb0ef4a14,"Hey bank, so I just dropped some cash and a cheque into one of your ATM slots like 3 days ago, and my app is still showing an old balance? It's kinda stressing me out coz I need those digits updated ASAP! Can you fix this or at least spill the tea on what's going down? 🙏",balance_not_updated_after_cheque_or_cash_deposit,gen_z_slang
c50a05a7-a287-4f3d-96d7-1a76763d7d87,"Hey, so like I literally dropped a cheque in there last week and now my balance is acting all kinds of weird 😒. Thought it’d show up by now but nah, nada. Could you peep into it for me? Thanks! 🙏🏼",balance_not_updated_after_cheque_or_cash_deposit,gen_z_slang
8fe4c6a7-46f7-4997-9c2f-077a807bd9e5,"Hey, so I dropped by today to drop a cheque and some cash into my account. Thought everything was chill, but when I checked my online balance, it's still the same as before! Like, when is this thing gonna update? Can you help me out with that? 🙏",balance_not_updated_after_cheque_or_cash_deposit,gen_z_slang
ebed08fe-f754-4316-bfef-9fe9983348ae,"Yo, so I dropped by the bank yesterday to deposit a couple of cheques and some cash cause my balance was looking kinda sad. Thought everything was cool at first but like, when I checked today, my account's still not showing the new vibes. It’s just chillin’ on last week's numbers 🤔 Could you peep into it for me? Thanks a bunch!",balance_not_updated_after_cheque_or_cash_deposit,gen_z_slang
7f925cf4-c162-4f4f-847b-8ed4415f64c4,"Hey, so like, I just dropped some cash and a cheque into my account because I needed it for that online shopping spree 🛍️, but my balance is still stuck on ""where's my pizza?"" mode. Can you help fix this ASAP? Thanks! 💸✨",balance_not_updated_after_cheque_or_cash_deposit,gen_z_slang
ce9990fc-6b82-442b-be11-eb93f49d3e15,"Heyo! So like, I just dropped a cheque off at the branch and did some cash deposit too. But my app's still showing old numbers? It’s been ages since I checked after that drop-off and yet, nada! Can you spill the tea on why it hasn’t updated? Tysm! 🙏",balance_not_updated_after_cheque_or_cash_deposit,gen_z_slang
3b405af8-9e44-4397-a692-e4ec5b1f2861,"Hello, dear bank friend. I make cash deposit yesterday or maybe cheque. My account balance, it still look same today. Please help fix this? Thank you!",balance_not_updated_after_cheque_or_cash_deposit,non_native_speaker
b9548099-644f-4326-b6e6-e44883da42f9,"Hello, I want help with my bank account. I put money by cheque and cash, but balance not change. Can you see why? Thank you!",balance_not_updated_after_cheque_or_cash_deposit,non_native_speaker
56134cf8-ea26-47b3-a26e-a5a84fb1d5d6,"Hello! I hope you are well. I have a question for bank help. After I put money in my account, like with cheque or cash, my balance not change. It is still old amount. What should I do now? Thank you.",balance_not_updated_after_cheque_or_cash_deposit,non_native_speaker
63a635ab-258d-4050-bafe-beabf39784ba,"Hello, I have a small problem today. I give you money using cheque and cash yesterday. But my account show old balance still. Can you help me see why not updated? Thank you!",balance_not_updated_after_cheque_or_cash_deposit,non_native_speaker
3a20a583-fff1-4e0e-9902-daa5855b100a,"Hello! I deposit cheque yesterday, but my balance not change yet. Can you help me please? Thank you.",balance_not_updated_after_cheque_or_cash_deposit,non_native_speaker
569c0772-2bde-46be-8d67-ea8cf23c167a,"Hello, I have a problem with my bank account. I deposit a cheque or give cash yesterday but today the balance still not show update. Can someone help me? Thank you!",balance_not_updated_after_cheque_or_cash_deposit,non_native_speaker
96f364c6-47aa-4a0e-9b9f-5f40bb557fa4,"Cheque deposit made, cash deposited. Balance still old. Check why?",balance_not_updated_after_cheque_or_cash_deposit,short_wording
29843eb1-6fdd-4b40-92e5-980ba5d320a2,"Cheque deposit, cash drop. Balance still old. Update now? Thanks.",balance_not_updated_after_cheque_or_cash_deposit,short_wording
ef252847-b108-469e-90cd-1da4555acdd0,"Balance update issue: Cheque/cash deposited, no balance sync on app/wallet.

Is there a delay or system error? Transaction ID available if needed.",balance_not_updated_after_cheque_or_cash_deposit,short_wording
4165d393-2ad8-44b2-924b-e2b11c2ba2bc,"Cheque/cash deposited, balance unchanged. Help?",balance_not_updated_after_cheque_or_cash_deposit,short_wording
ed689ebf-2960-4416-b536-09a7f71c89ba,Cheque/cash deposit. Balance not updated. Help?,balance_not_updated_after_cheque_or_cash_deposit,short_wording
6ffd8fe4-ee70-44c7-811e-4bc1f54efefa,"Cheque/cash deposited, balance not updated. Need immediate fix/help. Thanks.",balance_not_updated_after_cheque_or_cash_deposit,short_wording
2245bb2f-efc7-4d80-bd8b-0a283a1908c0,"Hey, what the heck is going on? I tryna send money over to my buddy, but every time I hit that button, it's like the bank says ""Nope, not happening!"" It’s tickin’ me off! Am I missing some secret handshake here or what? They’ve got my account locked up tighter than Fort Knox without telling me squat. Fix this mess, 'cause I'm about ready to pull all my cash out and bury it in my backyard!",beneficiary_not_allowed,angry_layperson
5e9c2014-db5d-447d-950a-47fce6ba4bd7,"Oh, for crying out sake! Why can’t I just add my buddy Joe to get money from me? Every single time I try, it's like hitting a brick wall. The blasted bank tells me Joe’s not allowed, but what in the heck is that supposed to mean? It’s my damn money, and I want to decide who gets it! This is ridiculous! Fix this mess or I'm switching banks ASAP!",beneficiary_not_allowed,angry_layperson
475ee834-9274-42a5-a48c-0189b2322889,"Hey, listen up! I'm fed up with you lot for trying to send my hard-earned cash to whoever I want and getting this stupid error message every time. It's like you're not even letting me choose who gets my money! What’s the deal—am I missing some secret rule here? Fix it or explain why it can't be done, because right now you’re screwing over your customers!",beneficiary_not_allowed,angry_layperson
9b9ff5b4-21c6-4346-b26b-93aab3dc3907,"Hey, listen up! Why on earth can’t I get my money over to my mate’s account? It’s like you’re playing some sneaky trick here or what?! Every time I try sending cash his way, there's this blasted error popping up and stopping me dead in my tracks. What’s the deal with that?! Fix it already!",beneficiary_not_allowed,angry_layperson
9eee32bd-6507-4fa7-b347-acd65d47b6db,"Hey, what's going on here? I tried to send my friend some cash, but their account seems like a no-go zone! It’s driving me nuts! Why can’t I make this simple transfer? This bank is supposed to be reliable, not give me a headache every time I try to do something normal. Fix it ASAP or I’m looking for another place that actually works right!",beneficiary_not_allowed,angry_layperson
f79bbfb8-418b-4a2b-8127-c17177c26481,"Listen here, I'm livid! I've been trying to set up this dang transfer for weeks now, and every time I try adding my sis's account as a recipient, it just shuts me down! What is your system trying to pull? My money needs to go where I tell you to send it, not get stuck in some glitchy computer error. Fix it already or else I'm switching banks!",beneficiary_not_allowed,angry_layperson
4322ead7-5ef9-4f53-9384-c7c1b68cf1db,need urgent help can't send money! beneficiary not showing up says something about restricted account or error need fix now my bills piling money is sitting doing nothing someone help quick,beneficiary_not_allowed,panicking_emergency
85aad35e-181e-4962-a0ed-25f736c226f1,Urgent! Tried sending money transfer. Beneficiary not allowed bank says error message. Need fix NOW or money stuck forever! Can’t wait more this is urgent what do? Please help immediately!,beneficiary_not_allowed,panicking_emergency
4899d887-fbb1-46fd-a0d9-85031ca9c957,I need help right now why can I not send money to my friend? They keep saying something's wrong with it I don’t know what’s going on I tried everything but nothing works this is a huge problem got bills pending gotta transfer funds immediately someone answer me what do I do is there some error or what,beneficiary_not_allowed,panicking_emergency
7d51a2bf-33ca-4da3-9692-a17135afaf69,"Can’t send money, transfer blocked! Need help urgently! Why can’t I add my friend as a beneficiary? Is there an error with my account? Funds are stuck, what do I do now? This is causing huge issues for me!",beneficiary_not_allowed,panicking_emergency
18654cac-27bc-4983-b17e-ec08b5a8605d,"I'm trying to send money! Beneficiary is getting an error message says they're not allowed! Urgent help needed fix this now!!! What do I do?? Transfer needs to go through immediately!!!!!! Can’t afford delay, please assist fast!!",beneficiary_not_allowed,panicking_emergency
8910b334-48f4-4f42-9d32-9e547397317d,bank account frozen can't send money urgent need to pay rent how fix now? don't understand why beneficiary not allowed help quick or I lose everything please explain fast!,beneficiary_not_allowed,panicking_emergency
cfa81cda-468e-4d59-b8ce-3e2a81ae280c,"Subject: Inquiry Regarding Beneficiary Transaction Challenges

Dear Banking Support Team,

I trust this message finds you well. I am writing to seek clarification concerning an issue I have encountered during my recent financial transactions. It appears that certain beneficiary accounts are not being entertained for monetary transfers through our banking services, despite previous successful interactions with these entities.

Would it be possible to elucidate the criteria or circumstances under which certain beneficiaries may encounter limitations? Additionally, any guidance you could provide on resolving this predicament would be greatly appreciated.

I look forward to your prompt and detailed response.

Yours sincerely,

[Your Full Name]  
[Account Number]  
[Contact Information]",beneficiary_not_allowed,polite_expert
d371b802-3650-41ae-a425-f94ce2356da3,"Dear Esteemed Customer,

I trust this message finds you well. I am writing to inform you of an issue concerning the designation of a beneficiary for your recent transaction request. It appears that there may be certain restrictions or compliance requirements preventing us from processing this particular beneficiary at this time.

Such measures are in place to ensure adherence to financial regulations and to maintain the integrity and security of our banking services. I would kindly recommend reviewing any available documentation related to international transfers, ensuring that all necessary information is accurately provided and up-to-date for future transactions.

Should you require further assistance or clarification on how best to proceed, please do not hesitate to contact us at your earliest convenience. We are committed to supporting you through this matter with the utmost diligence and care.

Sincerely,
[Your Bank's Name] Customer Support Team",beneficiary_not_allowed,polite_expert
3640c6d3-a345-4ac3-b1ab-a449cb3f0755,"I trust this communication finds you well. I am writing regarding an issue encountered during a recent transactional attempt wherein the designated recipient of funds appears to be ineligible for receiving international wire transfers from our institution at present. This constraint may arise due to either regulatory compliance requirements or specific banking policies concerning cross-border payments. To resolve this matter, I would recommend reviewing and verifying the beneficiary's account details with them and ensuring that all necessary information complies with the stipulations set forth by both parties involved in the transaction. Additionally, our dedicated customer service team is available at your convenience to assist further and offer detailed guidance on any corrective actions that may be required. Thank you for allowing us the opportunity to serve you during this process.

Warm regards,

[Your Name]  
Customer Support Specialist  
[Bank Name]",beneficiary_not_allowed,polite_expert
912032e3-40d7-4b11-940d-80fcd3dfdb14,"I acknowledge the difficulty you are experiencing with the designation of a beneficiary for your financial transaction. It has come to my attention that there may be underlying conditions, such as certain regulatory constraints or policy limitations specific to this account type, which could preclude us from processing the requested designation. I kindly urge you to review any pertinent documentation related to account restrictions or recent communications regarding policy updates, which might elucidate this matter further. Should it become necessary, I am at your disposal to discuss alternate solutions that align with both regulatory compliance and your intended financial objectives. Thank you for bringing this matter to our attention, and please do not hesitate to contact me should you require any further assistance or clarification.",beneficiary_not_allowed,polite_expert
7be5b3bd-77c8-4ef4-b876-e6ee3aed30c9,"Dear Esteemed Customer,

I hope this message finds you well. I am writing to address an issue regarding a recent transaction attempt wherein, regrettably, our systems have indicated that the designated beneficiary is not permitted within our current banking framework.

It would be most beneficial if we could review whether the account details entered align with the necessary protocols for international or domestic transfers. Additionally, it might be prudent to ensure that any beneficiary accounts are in compliance with our anti-money laundering regulations and Know Your Customer (KYC) guidelines.

Should you require assistance in revising this transaction or have further inquiries related to this matter, please do not hesitate to reach out to our dedicated customer service team at your earliest convenience. We remain committed to facilitating a smooth operational experience for all of your banking needs.

Yours sincerely,

[Your Bank Representative's Name]  
Customer Service Department",beneficiary_not_allowed,polite_expert
64a971ac-f05c-441f-b939-d550a2133cdb,"I trust this message finds you well. I am writing to address an issue I have encountered regarding a transaction wherein my designated beneficiary was not permitted to receive funds from my account. Despite having previously completed transactions without complications, it appears there may be restrictions in place that my current understanding does not fully encompass. Consequently, I kindly request further elucidation on the specific requirements or limitations governing beneficiaries within your esteemed institution's framework so as to facilitate a smoother financial process moving forward.

Should you require any additional information from my end to assist in resolving this matter, please do not hesitate to contact me at your earliest convenience. I eagerly anticipate your guidance in ameliorating this unfortunate predicament. Thank you for your time and assistance.",beneficiary_not_allowed,polite_expert
20975ae0-b5e8-4363-9bdb-34cb12867667,"Hey, so I was trying to transfer cash to my fam but like, their details aren’t showing up? Like, for some reason they can’t be on this list or something? It's kinda bugging me because they need that money ASAP. Any idea how we can fix it ASAP? Thanks! 🙏",beneficiary_not_allowed,gen_z_slang
18578d2d-44fc-4889-824f-60fac1147cdb,"Yo, just tried sending cash to my fav online shop but it's like they're ghosting me or something? I legit added them as a payee, but every time I hit send, it’s all ""nah fam, can’t do this."" Any idea why my money isn't vibing with their account? 🧐",beneficiary_not_allowed,gen_z_slang
119187b8-6527-4b93-a8a8-983057f4f217,"Hey there, so I'm tryna set up like a payee for some money transfer, but it's straight-up not letting anyone on my list through 🙄 It’s like, they gotta pick me? And honestly, why can’t I choose who gets my cash and how? #NeedSomeFixing ASAP.",beneficiary_not_allowed,gen_z_slang
b03249de-38b9-49aa-9fee-dd27bc6f42ca,"Yo, so I was trying to hit up my friend with some cash through this app, but like, it totally ghosted me. It's saying I can't add them as a beneficiary? Like, what even is that about? They’re chill and legit, not shady or anything. Can peeps at support help sort this out ASAP? Thanks!",beneficiary_not_allowed,gen_z_slang
4df0c621-c290-4c53-a9ad-4f74122e239e,"Heyo! So I'm tryna send some cash to my homie, but there's no way they can be a beneficiary on this one 😩 Like, why tho? It keeps saying that account ain’t allowed or something. Any ideas on what’s up with that? 🤔",beneficiary_not_allowed,gen_z_slang
d4a9b04a-3740-4511-8711-4591e637cd66,"Hey, so I've been tryna send some cash to my bae for their birthday gift, but like, the app keeps being a major mood killer. It’s like “Nope, this person’s not allowed.” Why can’t they chill and let me add them? Need some help sorting this out ASAP 😭",beneficiary_not_allowed,gen_z_slang
cefa89fd-e169-448d-8936-a67f42b9ff7a,"Hello, I have a small issue. My friend try send money to me, but it says no allowed. Can you help why this happen? Thank you!",beneficiary_not_allowed,non_native_speaker
76aad8fb-7f70-4577-8278-cd30f23c032a,"Hello! I am sorry, but my bank tell me my beneficiary is not allowed. Can you explain why this happen? Thank you very much for help.",beneficiary_not_allowed,non_native_speaker
0d50d421-ce94-495b-b912-5c601d8087d8,"Hello! I have problem with my bank account. I try put money into other person, but it not working. They say beneficiary not allowed. Is something wrong? Please can you help fix this? Thank you!",beneficiary_not_allowed,non_native_speaker
deb92cd1-4885-4021-8d29-e54cfb691114,"Hello! I try add money for someone, but bank say no. Not sure why. Can you help? Thank you!",beneficiary_not_allowed,non_native_speaker
add0e3ac-7ca7-4d59-90d1-6a4c2e92dfae,"Hello, friend! I try send money to someone new. But bank say no can do. Why not let me add beneficiary? Please help clear this problem for me. Thanks very much.",beneficiary_not_allowed,non_native_speaker
f518cdf5-2447-47f5-bff1-ece687ae4a51,"Hello, I am sorry but when I try make money transfer, system say not allow this. It is problem because beneficiary person cannot receive my money. Can you help please? Thank you!",beneficiary_not_allowed,non_native_speaker
98553ca2-f4f7-4094-a71b-0fde6427c23c,Cannot add recipient. Name or account issue?,beneficiary_not_allowed,short_wording
df1f592f-2fb6-463d-9ad1-b65a9cd27261,"Beneficiary blocked?

Add failed? 

Reason??",beneficiary_not_allowed,short_wording
1f503969-3e48-4ffc-93c5-a88beead6482,"Beneficiary not allowed error  
Payment rejected  
Add/update beneficiary failed  
Receiver blocked?  
Bank ID issue?",beneficiary_not_allowed,short_wording
a8d47b90-69d8-4ae7-aea6-85743e4ce609,"Benevolent bank blocked  
Transfer not allowed  
Beneficiary status issue?  
Need fix, please advise.",beneficiary_not_allowed,short_wording
b95fde3a-e705-4b2c-9d17-cf1d2879a693,"Beneficiary blocked.

Payment rejected.

Who rejected?

Fix how?",beneficiary_not_allowed,short_wording
aeab0d89-587d-4b7a-98c3-db6c50688f76,Can't add recipient. Why's that? Need details.,beneficiary_not_allowed,short_wording
0a41fdfe-3b14-4f4d-8e14-c42cc67ad8f2,"Hey, listen up! I made a stupid mistake and sent money I didn’t mean to send! Fix it now or else! I want that blasted transfer gone, pronto! You better sort this mess out before I lose my mind completely!",cancel_transfer,angry_layperson
3d5c4135-384f-49f2-ad4c-e7ab8f9307c3,"Oi, listen up! I need you to stop that blasted money move right now! I didn’t mean for my hard-earned cash to vanish into thin air like this! Get on with it before I lose my rag completely!",cancel_transfer,angry_layperson
72bc42f8-57c9-460d-88ab-efd892d3bdac,"Hey, listen up! This is ridiculous—I didn't mean to send that money away. Get someone on this now and sort it out or I'm gonna lose my mind with these lousy bank charges! Fix it pronto!",cancel_transfer,angry_layperson
c0a88a81-63a4-4209-91b7-a3da9a8c04f1,"Listen up! I just found out you've taken my money and transferred it somewhere without me knowing? Get that bloody transfer stopped right now, or else we're gonna have a real problem here! Fix it immediately!",cancel_transfer,angry_layperson
d655f025-2389-4524-ad13-22228276a551,"Listen here, I need you to get rid of that transfer right now! I just realized I gave my account number to a complete idiot or something, and money's going out of my pocket like there’s no tomorrow! This better be sorted fast before I lose it completely – fix this mess ASAP!",cancel_transfer,angry_layperson
d62c08ae-af29-499f-9ef4-e21679b7acd3,"Oi, listen up! I just caught wind of this money moving that I told ya not to do, and it's gone through already! How am I supposed to trust you with my cash if I can’t even stop something once it starts?! Get on it now and make sure that money don't go nowhere—I need it back here like yesterday!",cancel_transfer,angry_layperson
904d8e66-c825-4785-8c7c-d50b5c71de29,URGENT HELP PLEASE I made a mistake with my transfer I need to stop it immediately money's gone wrong account can't afford this please fix now!,cancel_transfer,panicking_emergency
eb8224ce-e389-47a5-80c6-932d0df1f418,URGENT STOP I need help right now! I sent money to the wrong account PLEASE HELP! Can you stop that transfer immediately? It's a mistake and I'm so stressed over this PLEASE DO SOMETHING NOW THANK YOU!!!,cancel_transfer,panicking_emergency
885ccb2f-ecac-41b0-83ce-d39b3a2bd3eb,I can’t believe it sent! It has to be stopped now I need help right away money’s not meant for that account what do I do urgently?!? Please cancel as fast as humanly possible this is a nightmare fix it quick or I’m in huge trouble with my bank balance!!,cancel_transfer,panicking_emergency
b96eff03-2b1c-4295-aba9-db5762ba125c,I need you to stop a payment right now! I made a mistake with the transfer details or maybe sent it to the wrong account can you help me cancel this fast please urgent help needed thank you so much,cancel_transfer,panicking_emergency
abd7a48c-d191-48b1-ab36-ebeca9c92307,"Need help, transfer wrong account urgent! Must cancel now someone else's account mistake not mine cannot wait please",cancel_transfer,panicking_emergency
20ca79b4-4233-40b2-bd73-27d112b2d974,URGENT HELP STOP TRANSFER CANCEL RIGHT NOW MONEY WRONG ACC NUMBER PANIC FULL STOP NEED IMMEDIATE ACTION PLEASE HELP FAST!!! NO TIME TO WASTE THANK YOU!!!!,cancel_transfer,panicking_emergency
c448e034-1cd9-4e2c-af49-c0ba162bee4f,"I trust this communication finds you well. I am writing to kindly request the reconsideration or cessation of a monetary transfer that was recently initiated from my account, if such an action is feasible within the current constraints of our banking procedures. Your assistance in this matter is greatly appreciated.

Should there be any necessary documentation or further verification required on my part, please inform me promptly so I may comply accordingly to ensure expedient processing. Thank you for your attention to and cooperation with this request. 

Sincerely,

[Your Name]",cancel_transfer,polite_expert
a906307e-9dfa-4265-a7cc-9a6c52bad3a2,"Dear Customer Service Representative,

I trust this communication finds you well. I am writing to request assistance regarding a recent financial transaction I initiated through our banking services. It appears there has been an error on my part, resulting in the initiation of a transfer that requires cancellation at your earliest convenience. Could you kindly facilitate this adjustment and confirm its successful execution? Your prompt attention to this matter would be greatly appreciated.

Yours sincerely,

[Your Name]",cancel_transfer,polite_expert
3973b0a7-f109-4ae4-9252-c66e7bc3c641,"Good day,

I am reaching out in reference to a recent transaction initiated from my account which I wish to discuss further. Upon reviewing my financial statement, I observed an electronic funds transfer that was not intended or authorized by me at this present moment. Could you kindly assist in halting the progression of this transfer and provide confirmation once it has been successfully revoked?

Thanking you in anticipation of your prompt assistance.

Yours faithfully,

[Your Name]  
[A/C Number/Reference ID, if applicable]",cancel_transfer,polite_expert
92fde1f8-32e8-4eef-93b9-e940d12b34ba,"Dear [Bank Representative’s Name],

I hope this message finds you well. I am writing to address a matter concerning an ongoing transaction that I initiated via our online banking portal. Upon reviewing my account activities, I have realized that there is a need to discontinue the said transfer. It would be greatly appreciated if you could assist by providing guidance on the necessary steps required to halt this payment process. 

Thank you for your attention to this matter and for any assistance you can render.

Yours sincerely,

[Your Full Name]  
[Account Number]  
[Contact Information]",cancel_transfer,polite_expert
199da119-34ad-4dfc-9d04-6135ee40dd22,"Esteemed Customer,

I am writing to inform you of an oversight involving a transaction that has been initiated but not yet completed under my account number. It is imperative for me to request the cessation of this particular transfer at its earliest convenience, in order to avoid any unwarranted financial activity. I would greatly appreciate your assistance in executing this termination and ensuring the funds remain securely within my existing accounts.

Yours sincerely,

[Your Name]",cancel_transfer,polite_expert
3ef93288-5c58-47bb-8119-33a473b65d76,"Esteemed Customer,

I hope this communication finds you well. I am writing to inform you of a situation that requires immediate attention regarding an electronic funds transfer that was recently initiated from my account. Due to unforeseen circumstances, I kindly request your assistance in halting the aforementioned transaction before its execution is completed. Your prompt support and guidance on how we might proceed would be greatly appreciated.

Yours sincerely,

[Your Name]",cancel_transfer,polite_expert
5d5575fb-e0fa-469b-a739-10e64e0d42c9,"Hey, so like, I totally spaced when I hit send on that transfer by accident 😅 Can you please sort that out for me ASAP? Thanks a bunch! 🙏",cancel_transfer,gen_z_slang
e42d84a1-6e2a-4a25-966f-8715a4923e14,"Yo, I totally sent that payment by accident 😅 Can you help me hit pause on it ASAP? Need it back in my account like yesterday! 🙏 Thanks a bunch!",cancel_transfer,gen_z_slang
3f51f961-c9e9-48f7-b0a4-2c2cd9f29760,"Hey! So I totally sent a bank transfer by accident, lol. Can we like, pause or undo it? Super grateful for the help! 🙏",cancel_transfer,gen_z_slang
8e6e73e7-a581-46df-8dc1-779225894da5,"Hey! So, I kinda sent some cash to my friend by accident, LOL 😅 Can you help me reverse that transfer? Thanks a bunch! 🙏🏼",cancel_transfer,gen_z_slang
024a4a76-74b9-4b7e-a01d-a7231d6e4e20,"Yo, I totally spaced on that transfer I set up earlier—it was like, “Oops!” Can we just axe that and take my money back ASAP? Thanks a bunch! 🙌",cancel_transfer,gen_z_slang
6e448620-414e-4688-a1f0-506791fda67d,"Hey! So, like, I totally think I goofed lol. I wanted to send my bro some cash for his birthday gift, but now I'm thinking that was a wild idea 😅 Can we just put a pause on that money vanishing act? Super appreciate it! 🙌",cancel_transfer,gen_z_slang
87c4c981-7825-4ff9-a87c-416b6c197bf4,"Hello, I need help please. Yesterday, I do send money but mistake make. Can you stop money from going? Thank you very much.",cancel_transfer,non_native_speaker
98032b08-ce31-4460-95d1-836f8b26f618,"Hello, I write you because I have a small problem. Yesterday I send money by mistake, not need this transfer now. Can you help me stop it or take back? Thank you very much for helping.

Kind regards,

[Your Name]",cancel_transfer,non_native_speaker
cdea4fc4-efa4-46bc-a4c1-e02df8eecb4f,"Hello, I have a problem with money move. I need help to stop it now. It should not go to another account. Can you please do this for me? Thank you!",cancel_transfer,non_native_speaker
1e2b0638-b5bf-44df-8c52-44be97e75d53,"Hello, I am sorry for trouble. There is a money send out that I do not need or want anymore. Can you help stop this please? Thank you very much!",cancel_transfer,non_native_speaker
fc18c6de-41e0-49de-b4b3-22dd67859d99,"Hi, I need help with that money transfer I did. Can you make cancel? It was mistake. Thank you!",cancel_transfer,non_native_speaker
7d5b3874-2385-4f20-9ff5-3f486b7165c6,"Hello, I need help please. I send money but now want stop that transfer. Can you do for me? Thank you!",cancel_transfer,non_native_speaker
73d70007-2347-449a-8efa-5e5bb5ba9e32,"Cancel scheduled transfer, please.",cancel_transfer,short_wording
40860634-e857-4116-85bc-2df55ad6ced2,"Cancel transfer order, please.",cancel_transfer,short_wording
17a1d5dc-a487-49fb-96a2-2396d2d22919,Cancel recent transfer please. Urgent.,cancel_transfer,short_wording
00d2662f-7d85-4c36-9596-8804ad37b96f,"Transfer cancel? Urgent, need stop. Please action now.",cancel_transfer,short_wording
82407793-84cf-4597-82d4-4586f5add023,Cancel payment? Help needed.,cancel_transfer,short_wording
7e64f049-b71c-4022-9cfa-19b1eaa51b9e,Cancel pending payment. Need help immediately. Urgent error fix!,cancel_transfer,short_wording
d2552250-2f24-4eb8-a796-079e8e881295,"Oh for crying out loud! My dang card is about to hit the road, and I haven’t got a clue what to do next! Is someone going to toss me a new one or what? Every time I try doing something with it, it just gives me grief. Can we fix this mess already, or am I gonna be left hanging when I need my card urgently!?",card_about_to_expire,angry_layperson
d4e59828-6fe8-473c-96ac-d8e0c018a198,"Hey, listen up! My card is about to kick the bucket on me any day now and I ain’t got time for this nonsense. Why do you get to sit back while my wallet’s left hanging? Fix it already or give me a new one before I lose my mind here!",card_about_to_expire,angry_layperson
ba7f5b20-2bdb-4425-8303-15b8d5a4ba69,"Hey! What's the deal with my card? It's about a week from being totally useless, and you lot just keep letting me know about it at the last possible second? I need this fixed like yesterday! How hard can it be to sort something out before it literally expires in my hand?",card_about_to_expire,angry_layperson
1784ac2f-af0e-4003-a402-72b442dde103,"Hey, I've got a bone to pick with you! My stupid card's about to die on me any second now! Every time I try to swipe or dip it, there’s this ""not accepted"" message staring me in the face. What gives? Do something before I’m left holding an empty wallet and my patience is in shreds!",card_about_to_expire,angry_layperson
af68a1af-c59d-4a1b-9df3-77ed37055292,"Hey! What's up with my card? It’s almost dead and I’m not about to play guessing games on when or if you’re gonna send me a new one. Fix this fast, or it’s gonna be more than just words flying around here!",card_about_to_expire,angry_layperson
bd292f32-0fef-48c7-a833-45c34ccfda92,"Oh bloody hell, my card's about to bite the dust! I'm sick of keeping track when it's already on its last legs. Can someone sort this out ASAP before I can’t swipe my groceries or pay for anything without a fuss? This is absolutely nuts—I need a new one now, not next week!",card_about_to_expire,angry_layperson
0185d7a6-6699-4435-bc47-10a949883d3f,"My card’s expiring tomorrow! Need a replacement urgently or I’m stranded, can’t pay bills this week. What are my options?! Please hurry, need help now!",card_about_to_expire,panicking_emergency
1e7e3008-c810-4aac-9cec-0830f42fc6b3,Need new card FAST! Old one expires today I can’t shop groceries car insurance all critical no time please urgent help!,card_about_to_expire,panicking_emergency
aa0c4c93-c158-40ef-a96a-d16814047f6e,oh my god my card is expiring soon I need a new one immediately can this be sorted asap? I'm freaking out about not having access to funds please help right now!,card_about_to_expire,panicking_emergency
f5b2a3b5-495f-4206-b99b-0a5e87474ab5,My card's expiration date is tomorrow what am I supposed to do won’t this affect my payments I have bills due can someone help now!!!!!!,card_about_to_expire,panicking_emergency
2e5f1f8d-314e-40d3-98dc-d4d2748965d0,My card's almost out of time need a new one right now can’t wait for service center I’m driving cross state gotta pay tolls gas this instant!!! What do I do urgently please help immediate replacement!,card_about_to_expire,panicking_emergency
93ea8e0e-2e64-4d66-a9a6-df1b386cee39,Urgent I need help my card expires today! Can’t wait till tomorrow lost all access no way to buy groceries gas! Need new one now what do? Please fix this fast or else huge problems,card_about_to_expire,panicking_emergency
a8d1786d-f30d-4913-a68e-898f489adcf2,"Dear Banking Support Team,

I trust this message finds you well. I am writing to inform you that my debit card is nearing the end of its current validity period, as indicated on the recent statements provided by your establishment. Could you please assist in arranging for a replacement at your earliest convenience? It would be most beneficial if you could kindly confirm the process involved and any essential details required to facilitate this request.

Thank you very much for your prompt attention to this matter.

Yours sincerely,

[Your Name]",card_about_to_expire,polite_expert
57fc93f6-b818-4141-993b-5202eb3622bb,"Dear Customer Service Representative,

I trust this message finds you well. I am writing to bring to your attention that my current debit card, associated with account number XXXX XXXX XXXX 1234, approaches its expiration date in a few weeks. As I wish to avoid any inconvenience or interruption of service, I kindly request your guidance on the process for renewing this card at your earliest convenience.

I appreciate your assistance and look forward to your prompt response.

Yours sincerely,

[Your Full Name]  
[Your Contact Information]",card_about_to_expire,polite_expert
6544c1a1-0f15-4d26-b17b-0974aa460658,"Dear Customer Service Team,

I hope this message finds you well. I am writing to inform you that my current debit/credit card is reaching its expiration date shortly, which necessitates a renewal to ensure continued financial transactions without interruption. Could you kindly guide me through the necessary steps involved in obtaining a replacement or activating a new card? 

I appreciate your prompt attention to this matter.

Warm regards,

[Your Name]",card_about_to_expire,polite_expert
adb026f0-6e58-4eb8-9b6d-9e0f2ba552aa,"Subject: Inquiry Regarding the Expiry Date of My Debit/Credit Card

Dear Customer Support Team,

I trust this message finds you well. I am writing to request detailed information concerning the expiration date of my current debit/credit card associated with account number [Your Account Number]. As it is approaching its expiry, I would greatly appreciate your assistance in facilitating a seamless renewal process at your earliest convenience.

Thank you for your attention to this matter and for your continued support. I look forward to your prompt response regarding the availability of new card issuance or any necessary steps I should undertake to ensure uninterrupted access to my accounts.

Yours sincerely,

[Your Full Name]  
[Contact Information]",card_about_to_expire,polite_expert
208d5289-919c-43ce-b166-b6d8488212cd,"Dear Esteemed Customer,

I hope this message finds you well. I am reaching out to inform you that, upon reviewing your account details, it has come to my attention that the expiration date of your current debit/credit card is fast approaching. As we endeavor to maintain seamless financial transactions and security for our valued patrons, I would be most inclined to assist in the expedited issuance of a replacement card at your earliest convenience. Kindly inform us of your desire to proceed with this process, or if there are any additional services you require at this time.

Yours sincerely,

[Your Name]
Customer Support Specialist",card_about_to_expire,polite_expert
a3a4b0df-6c9c-47d5-8d2b-236a329be73c,"Dear Sir or Madam,

I hope this correspondence finds you well. I am writing to bring to your esteemed attention a matter concerning my banking card, which is nearing the end of its designated validity period. It would be most beneficial if we could arrange for an expedited renewal process at your earliest convenience to ensure seamless continuity in accessing my account services without interruption.

I look forward to your prompt assistance on this matter and remain grateful for your dedication to customer support.

Yours faithfully,

[Your Name]",card_about_to_expire,polite_expert
f4d15abb-0e41-4283-b07b-0836c873bcba,"Hey, so my card's like, on that countdown to zero? It's creeping up on its birthday or whatever, and I need a new one ASAP before I go cashless for life 🤔 Can we sort this out soon? Thanks! 😎🙏",card_about_to_expire,gen_z_slang
f26d6665-0788-4fe7-a42c-903b8ed065d6,"Hey there! So, like, my card’s probs gonna be *canceled* soon cause it's literally about to hit its limit (🙃). Can we get a new one rolling or what? Thanks a gazillion! 😅",card_about_to_expire,gen_z_slang
7dd98f0a-d475-405a-9f9d-955735b682fd,"Hey there, so like my card’s gonna be past its prime soon? Gotta get on that ASAP before I'm left card-less mid-ride sharing spree! 🚗💰 Need a quick nbd fix, fam. Thanks!",card_about_to_expire,gen_z_slang
2a6c236b-0f74-45e0-a19b-4695ae84b64d,"Yo, my card's about to hit its birthday, and I'm not ready to say goodbye yet! Can we swap it out for a new one ASAP? Gotta keep me on track with all these swipes. 🛍️🚀",card_about_to_expire,gen_z_slang
8c9e7da4-3d64-4a9d-acee-e003b85246ab,"Heyo! So my card’s kinda like hitting its millennial milestone soon, which means it’s about to ghost me 😅 Could you hook me up with a new one ASAP? Thanks a bunch for helping out a stressed-out Gen-Z'er 🙏",card_about_to_expire,gen_z_slang
c24635e5-6c98-4585-906c-8b75ca6d3739,"Yo, just a heads up! My card is totally about to flip its last pic soon 🙈 gotta get a new one before everything goes cray-cray. Can you hook me up with an upgrade? Thanks fam! ✌️",card_about_to_expire,gen_z_slang
c0f06961-2612-4c17-bef8-40696aa9aa3e,"Hello, I am need help. My card is get old soon, yes? It almost not work after some days maybe? Please can you send me new one fast? Thank you!",card_about_to_expire,non_native_speaker
ee3c4a00-316f-4b3f-80da-41ca65fff0aa,"Hello, dear customer service! My bank card soon finish valid time. It no work after date pass? Can you help with new one or fix expiration? Please thank you very much for help!",card_about_to_expire,non_native_speaker
f82c6416-2bd6-4595-8661-1851f0a29c93,"Hello, I have card that soon no work because finish date near. Can you help give new one before too late? Thank you!",card_about_to_expire,non_native_speaker
7269045c-256a-4a2c-bf6f-4deebfe51c29,"Hello, I have bank card. It soon no be valid anymore. Can you send new one please? Thank you very much!",card_about_to_expire,non_native_speaker
6fd38f8c-5e06-4c42-b88b-96ae36ca0fb8,"Hello, 

My card soon expire. I need new one please. Thank you for help!",card_about_to_expire,non_native_speaker
4906c822-1a04-4d77-af20-e5a1dcf5b701,"Hello! I have a small problem with my bank card. It looks like not much time left for use, maybe soon no more work? Can help me get new one before this happen? Thank you very much!",card_about_to_expire,non_native_speaker
d17616e7-4794-4f48-b3f6-f6dae723c7f1,Card expiring soon. Need replacement.,card_about_to_expire,short_wording
b3e51236-95db-4e2f-87f1-d2f6a61690be,"Need new card soon  
Mine expires end of month.",card_about_to_expire,short_wording
7b4e8bc5-8b0a-4d45-8a91-f227c23d515e,"Card expires soon, need replacement.",card_about_to_expire,short_wording
0b57e236-7d97-4990-b0b9-61f63bfb6261,"Card soon expires  
Need replacement ASAP  
Send new one  
Thanks",card_about_to_expire,short_wording
ee2c0425-f3b8-47e9-8313-b120335211ff,"Card expiring soon, need replacement.

How to get new card quickly?",card_about_to_expire,short_wording
145d1b62-e8d7-4640-af78-f91358a4f60e,"Card expiring soon, need new one. Urgent.",card_about_to_expire,short_wording
93dfc050-f286-4b6b-ab2c-e19bdcd29701,"Listen here, I came into this bank with my card ready to spend my hard-earned cash on life's little joys, and guess what? It won’t even work! Every time I swipe, they tell me to hold up or try again later. Are you kidding me? This is the third damn visit in a week, and it’s costing me more than just my time—look at all these missed deals. Fix this mess now before I lose my mind completely! You better sort it out fast, or else next time I come here waving my feet for good!",card_acceptance,angry_layperson
0c660970-9513-4bca-b4b5-dae527731aea,"Oh for crying out loud! I go to swipe my bloody card, and you tell me it doesn’t work? What kind of rubbish is that? My PIN still works fine on other machines, but yours won’t take it at all! Sort it out pronto or else I’ll be talking to your manager!",card_acceptance,angry_layperson
3b42788a-fcb7-446b-a773-607234abd37e,"Hey, listen up! My card's acting like a diva at every bloody shop I try to check out. It just won't work for crying out loud. Why on earth do they keep messing this stuff up? I’ve got places to be and no time for this nonsense. Fix it or give me another one that doesn't play hide-and-seek with cashiers!",card_acceptance,angry_layperson
ecbe9980-909a-4939-9fb4-bda0fec22a04,"Hey! This is nuts, my card's getting turned down at every bloody shop! I know my account’s got money, but every time I try to buy something, they tell me there ain’t no funds or some crap. What the hell's going on? Fix it, will ya?",card_acceptance,angry_layperson
27da2e4f-5f77-475d-8c81-5e05e87b542f,"Hey, listen up! I went to buy some groceries, right? And guess what? My card wouldn’t work because this stupid machine just kept spitting it back at me. What kind of joke is that? Is your system even working properly or what? Can someone sort this out before I lose my mind here?!",card_acceptance,angry_layperson
bb110654-a3ee-4b8a-ac97-2276a80adc2b,"Listen up, I'm totally livid! Every time I try to pay with my card at some random shop, it gets rejected like a bad joke. This is getting ridiculous! I ain’t got all day for this nonsense. Fix this mess or else I’m switching banks and telling everyone about it!",card_acceptance,angry_layperson
0769da95-f954-4686-b95a-c8e49fbc7856,Can’t get through at checkout machine card not working urgent need help now everywhere is taking payments can't buy groceries what do I do? Need fix fast!,card_acceptance,panicking_emergency
0cc2a44b-3a6c-46ee-846b-b9760d0c65ce,"Card not working! Everywhere I try, no go! ATM declined purchase at store too! What’s happening? Need money now! Urgent help needed please!",card_acceptance,panicking_emergency
4a6c2911-043b-46c4-acfa-542c6797dac3,Card's not working at all! Tried everywhere places won't take it. ATM spit it back out. Money stuck no way out! Need fix now! What do? Scared lost everything! Please help urgently!,card_acceptance,panicking_emergency
5e50b03a-112a-42d4-92c1-676173f01321,"Can’t swipe card at store! Keeps getting declined. Need money now, urgent situation! Can you help fast? This is critical!",card_acceptance,panicking_emergency
6d5e150d-2316-4fb0-8f27-bc2d14991019,My card won’t work!! Tried multiple stores urgent need fix now! Can’t pay for essentials got no options at all please help me immediately what should I do this is critical,card_acceptance,panicking_emergency
30777fef-8b30-4bea-84c3-d244533fb5df,Can’t buy groceries card not working no cash everywhere panic! Need help now what do?,card_acceptance,panicking_emergency
130322c9-f452-4a63-a865-6579b8f81899,"Dear Esteemed Customer,

I hope this message finds you well. I am writing to bring to your attention a matter concerning transactions made with our card product, where we have observed some difficulties during attempts at processing payments through particular terminals. We aim to provide seamless financial experiences, and it is imperative that such impediments are promptly addressed.

Understanding the inconvenience this may cause in daily commerce, please accept my apologies for any disruptions encountered. Our dedicated team is thoroughly investigating these issues to ensure optimal functionality of all card services. In the interim, should you encounter similar challenges, I kindly recommend utilizing alternative payment methods or visiting our nearest branch for further assistance.

Should there be additional information required regarding this matter or any other aspect of your banking experience with us, please do not hesitate to reach out. Your satisfaction is of utmost importance to us, and we are committed to resolving any concerns expeditiously.

Thank you for your understanding and continued patronage.

Yours sincerely,

[Your Name]  
Customer Support Specialist",card_acceptance,polite_expert
ed3766f9-0c5f-45e0-b70b-b67f9b0084ef,"I understand that you are encountering difficulties when attempting to complete transactions using your bank card. It appears that your card is not being accepted at certain payment terminals, which can be quite inconvenient. I would recommend first ensuring that your card is within its validity period and that there are sufficient funds available in the associated account. Additionally, it may be beneficial to inspect if there is any physical damage or unusual wear on the magnetic stripe or chip. Should these preliminary checks not resolve the issue, please consider reaching out for further assistance from our customer support team who can conduct a more thorough investigation into this matter. Thank you for bringing this to my attention, and I am here to assist with any further inquiries you may have.",card_acceptance,polite_expert
ee3f534d-419e-469d-a10b-401f729593c4,"Good day, I trust this message finds you well. I am writing to convey a concern that has arisen during recent transactions. It appears that my bank card is not being recognized or accepted at certain payment terminals, despite ensuring that there are sufficient funds available for any purchases. This unexpected situation has caused inconvenience in managing my daily financial activities. Might I kindly request your assistance in resolving this matter as soon as possible? Thank you very much for your attention and cooperation.",card_acceptance,polite_expert
f9d44d93-788b-445f-81aa-5c036792c1a1,"Esteemed Customer,

I hope this correspondence finds you well. I am reaching out to address an issue I have encountered regarding the utilization of my bank-issued payment card at certain establishments or terminals. Despite multiple attempts, the transaction has been unsuccessful on each occasion. As a matter of urgency, may I kindly request your assistance in rectifying this situation? A prompt resolution would be greatly appreciated.

Yours faithfully,

[Your Name]",card_acceptance,polite_expert
8d533f09-32b3-4e24-b313-19a2d4646834,"I trust this communication finds you well. I am writing to inform you of a matter concerning my recent attempts at utilizing my debit card for transactions, which regrettably have not been successful. Despite ensuring that sufficient funds are available in my account, and verifying the card's validity and activation status with our institution, I continue to encounter difficulties during attempted purchases both online and at physical locations. Could you kindly provide guidance or assistance in resolving this issue? Your expert attention to this matter would be greatly appreciated.

Respectfully,

[Your Name]",card_acceptance,polite_expert
e4e6ce8b-fb7d-4bc8-937b-5984b8f7c765,"Good day, I trust this message finds you well. It has come to my attention that there have been recent difficulties encountered during transactions with regard to your bank-issued card being declined or not accepted at certain points of sale. This issue could potentially be attributed to a multitude of factors such as discrepancies in the Magnetic Stripe data, issues within the chip embedded on the card, or temporary service interruptions at either end of the transaction chain. I would recommend verifying whether the card is active and has sufficient funds available for the intended transactions. Additionally, it may prove beneficial to ensure the card's expiration date is valid. Should this matter persist, kindly provide specific details regarding any error messages received during these attempts, and we shall endeavor to resolve this with utmost urgency. Your understanding and cooperation in this regard are greatly appreciated.

Yours sincerely,

[Your Name]
Customer Support Specialist",card_acceptance,polite_expert
c1be0887-7fb6-486b-935e-f90974067186,"Hey, so I tried swiping my card at like every store today and none of them are vibing with it. It keeps getting declined even though I'm literally not broke lol. Any idea why this is happening? 🤔 Thanks for helping me out!",card_acceptance,gen_z_slang
44688b62-be6f-4b30-a0b5-c0f80d43b748,"Hey, so like, my card keeps getting snubbed when I try to swipe it or whatever 😩 at this one coffee shop. It’s kinda been a thing lately with other places too. Could you help me figure out why? Thanks! 🙏",card_acceptance,gen_z_slang
84ae6cad-a942-4ac6-acd4-3e1b2a148421,"Yo, so I tried using my card at like every shop around here, but it's straight-up bugging out on me. It’s like my debit is playing hide and seek with me, not showing up when I need it. Can you help sort this ASAP? Thanks a bunch! 🙏",card_acceptance,gen_z_slang
53efc679-50e6-4087-9e49-4f78f30acce2,"Hey! So like, I was trying to snag some snacks at my fave 24/7 bodega and boom 🥊, my card got yeeted back at me with that ""Nope"" face on the machine. Tried it again just cuz why not? But no dice, fam. Is my card ghosting or what's the deal? 💸🤔 Need to figure this out ASAP!",card_acceptance,gen_z_slang
904b7cfd-36dd-4023-adbf-6622bec46593,"Hey, so like, I was just trying to buy some new kicks online, but my card is straight up ghosting me at every shop I try. It's like, why tho? Wasn't broke yesterday 😭 Can you help sort this out ASAP? Thanks! 🙏",card_acceptance,gen_z_slang
369bc227-aa71-4297-bac2-705e4150f0f6,"Hey so like, I tried using my card at the coffee shop today and it was all drama no action. It kept getting a big fat “nope” or something? Super weird because yesterday everything was chill. Any way you can peep into what’s up with it? Thanks fam! 🙏",card_acceptance,gen_z_slang
3a5d67cd-ad4f-41de-80c7-6b7aaf09aefa,"Hello, I have a small problem with my card. It no work good when I try to buy things. Sometimes machine say ""no"" or not take my card at all. Can you help me please? Thank you so much!",card_acceptance,non_native_speaker
35286971-cbd4-46b8-9a31-2c55d29e411d,"Hello! I have a small problem. When I try to use my card, it does not work at shop. They say no accept. Can you help fix this issue? Thank you much!",card_acceptance,non_native_speaker
4345604c-3b9e-4361-9da4-f53f2d80edc9,"Hello, my card no work today. I try pay for things but machine say ""no."" Is problem with my card? Can help please? Thanks!",card_acceptance,non_native_speaker
eb788191-b057-4ea8-8306-e135d06fdf6e,"Hello, I have small problem. My card is not working at shops. Every time machine say ""no"". Can you help me fix this? Thank you!",card_acceptance,non_native_speaker
983f7d22-09c7-4a24-8ae7-99878a548302,"Hello! I have small problem. My card, it not work where I go shop. Can you help please? Thank you!",card_acceptance,non_native_speaker
a3d0fa02-2132-4335-9ff6-02a8169506db,"Hello, I have problem. My bank card not work when I try buy things at store. It say no accept. Can help me fix? Thank you very much!",card_acceptance,non_native_speaker
071f276e-3207-4d8b-a3ab-efef08b68e4a,Card rejected at store,card_acceptance,short_wording
4a0d3dfc-f0c3-475d-a146-2798da126d82,Card not working at stores. What's wrong?,card_acceptance,short_wording
84299d33-f5f7-4a6b-97e5-ee32e475cbc6,Card not accepted at multiple locations recently. Need help.,card_acceptance,short_wording
e18d9324-15b8-44fc-9226-cc2617184732,Card not working at store,card_acceptance,short_wording
bc473128-fb75-4b16-9353-88ee01c66abb,Card declined several times. Why?,card_acceptance,short_wording
844150d0-35c0-485e-b76a-6b6bb1238ff0,"Cannot swipe card  
At store",card_acceptance,short_wording
093f2428-5745-4805-af16-7509c5008fea,"Oi! Where in the bloody hell is my card? I put an order for it ages ago, and it's completely vanished into thin air! This is ridiculous. Can someone sort this out fast, or do I have to chase you lot around? It's like trying to speak to a brick wall here!",card_arrival,angry_layperson
f8575d29-fec8-463e-8417-26b4d8eb0a8b,"Hey, listen up! This is the third time I'm here asking about my bloody card that’s supposed to arrive already. What's taking so long? It was like a week ago when you said it'd be here by now, but it's nowhere to be seen. Sort out this mess or else I'm switching banks, got it?",card_arrival,angry_layperson
a4c7cac7-26a3-45ba-9b1d-4b503f740d61,"Oi, listen up! I still haven't got my brand new card here yet, and it's been ages since they said it'd arrive! What kind of circus show is this? It better start showing up super quick, or else you're gonna hear from me again – and I ain’t talking a friendly chat. Get it sorted ASAP!",card_arrival,angry_layperson
2d27b6c0-6629-4b63-98c9-2a2babbe1437,"Listen up! I shelled out good money for what should've been a basic card, but where is it? It's like you folks think my time ain’t worth squat or something. What kind of joke is this? My bank balance isn’t some bottomless pit to be ignored, so when the hell am I supposed to get that blasted piece of plastic? Get it sorted and let me know!",card_arrival,angry_layperson
96d5bf7d-bdbd-4865-8007-96d8f1509413,"Hey, I’m fuming here! It’s been ages since I switched banks, and my bloody card is MIA! When am I actually gonna get it? This service sucks if you can’t even send out a piece of plastic on time. Fix this mess, or else, and make sure the damn thing shows up pronto!",card_arrival,angry_layperson
fa7c818f-a25c-4304-83e9-d20dd17e901d,"Oi, listen up! My damn card’s nowhere to be seen, and it's been ages since I ordered this thing weeks ago! What kind of shoddy service is this? Do something about it before my blood pressure shoots through the roof!",card_arrival,angry_layperson
5dc0887e-1088-4447-9fa6-94315c5aa7bd,"Need my card now! It's not here yet, can’t access funds! This is serious I have bills due tomorrow! What’s going on? Where is my card?! Please fix this immediately!! Urgent help needed!!!",card_arrival,panicking_emergency
11e02506-17bf-4b24-9b77-7177b64d0af5,Where is my card been sent I need it now what's going on with delivery? My paycheck can't be cashed without it! Please send tracking information or expedite this issue immediately!!!,card_arrival,panicking_emergency
5b208d3d-71e6-4917-b4ac-152d8f8000d6,"where is my new card? Need it immediately! Bills piling up, urgent help needed! Can’t wait any longer! What’s happening? I'm stuck without money, this is a crisis! Please send update ASAP!",card_arrival,panicking_emergency
f4b0f440-1d54-4483-b0d2-bee5a62f6a63,Card not arrived urgent need it now job depends on salary can’t wait emergency pls send card fast help needed immediate response,card_arrival,panicking_emergency
9f9ae5d8-4593-49f7-afaf-6b941e134b6a,Need my card now bank sent one but hasn’t arrived can’t access money super urgent lost job if no resolution please fast talk soon,card_arrival,panicking_emergency
e68ac3e8-cd95-4e39-9843-7b7e67635572,card not here where is my card bank statement shows withdrawal i need that card urgently how long will it take why no notification what am i supposed to do got bills coming up can’t wait need answers now!,card_arrival,panicking_emergency
ddd2cf46-c68e-46e6-b0e4-bf2cb332709f,"I hope this message finds you well. I am writing to inform you that, despite having initiated a request for my new banking card some time ago, I have yet to receive it by the expected delivery date. Could you kindly advise on the current status and possibly expedite its arrival at your earliest convenience? Your assistance in resolving this matter would be greatly appreciated.

Kind regards,

[Your Full Name]  
[Your Account Number or Customer ID]  
[Your Contact Information]",card_arrival,polite_expert
3d3da7ba-c6e5-43a5-8e66-d6f13b6e804f,"Dear [Bank's Name] Customer Service,

I hope this message finds you well. I am writing to inquire regarding the status of my new bank card, which I understand was dispatched to me some time ago. As I have yet to receive it by the expected delivery date indicated in your correspondence, I kindly request an update on its whereabouts and any potential expedited options available should there be a delay in its arrival.

Thank you for your prompt attention to this matter. I appreciate your assistance in resolving this issue.

Yours faithfully,

[Your Name]
[Account Number or Reference ID]",card_arrival,polite_expert
4daef098-33fd-49a7-bd8d-bc64e0879018,"Dear valued customer,

I trust this message finds you well. I am writing to express a concern regarding the recent issuance of my bank card, which has yet to arrive at my designated address. Could you kindly assist by expediting the process or provide an alternative solution? Your prompt attention and support in resolving this matter would be greatly appreciated.

Yours sincerely,

[Your Full Name]  
[Account Number for Reference]",card_arrival,polite_expert
5b1ae0f2-3569-41c4-9af8-8c295914feb2,"I trust that this message finds you well. I am writing to express a concern regarding the recent issuance of my debit card: regrettably, as days have progressed beyond the expected delivery timeframe, its arrival remains unfulfilled. Should there be any impediments or further details required from my end, please do not hesitate to inform me promptly. Your assistance in expediting this matter would be greatly appreciated.

Yours sincerely,

[Your Name]",card_arrival,polite_expert
82eaf73e-f455-4ed0-b1c4-e730201adb06,"Dear Esteemed Customer,

I hope this message finds you well. I am writing to inform you that, according to our records, we have dispatched a new debit/credit card to your registered address. Should there be any discrepancies or concerns regarding its receipt or timing of delivery, please do not hesitate to contact us. We are here to ensure a smooth and satisfactory experience.

Kind regards,

[Your Name]  
Customer Service Department",card_arrival,polite_expert
5b9c4fba-82b9-4852-b1b2-d3884def0fb5,"I trust this communication finds you well. I am writing to apprise you of a matter concerning my banking affairs. It has come to my attention that there is an anticipated delay regarding the dispatch of my new card. As per your recent correspondence, the expected arrival date was within this week. However, I have not yet received it by my appointed delivery address.

I would be most grateful if you could provide me with further clarity on this matter or furnish any additional information that might aid in expediting its receipt. Your prompt attention to resolving this issue is highly appreciated.

Warm regards,

[Your Name]",card_arrival,polite_expert
7811516d-b762-4a4f-a206-4ef587af5056,"Hey there, so I totally ordered a new card from you guys because my old one was like super old school 😅 But tbh I’ve checked the Post Office app and there’s still zilch on the delivery front. Any deets on when it’ll drop? 🤔 Thanks!",card_arrival,gen_z_slang
2c232cb7-3fbf-430b-ab55-45f9989a4ecc,"Yo, so I ordered a new card like ages ago, but it’s still MIA? 😕 Can ya peep what's up with that? Like when’s it gonna drop thru my letterbox? Thanks fam! 🙏",card_arrival,gen_z_slang
dba42e30-4eb4-4076-af08-6beafe98b337,"Hey, so like, I ordered a new card from y'all and it's been ages 😭 Are you guys holding up on the delivery or did it get lost in the mail? Need this sorted ASAP, please! 🙏🏽 Thanks!",card_arrival,gen_z_slang
6a046ac8-f24e-4b16-ae92-0d58570ec4a5,"Hey, so I totally thought my new card would be here by now since I ordered like ages ago. Any idea what’s up with that? 😬",card_arrival,gen_z_slang
b25ec188-7ca0-4faf-83d6-6afbc4719a7b,"Yo, I’m vibing because my new card should’ve landed by now but no dice 🙃 It’s like, where r u even at? I need it ASAP for all those cute thrift shop spots! Can y’all give me the deets or at least let me know when it's gonna show up? Thanks a bunch! ✌️",card_arrival,gen_z_slang
0f98cf99-5461-4747-bf99-3255f883e117,"Yo, so like, I ordered a new credit card from you guys ages ago, and I'm still waiting for it to hit my mailbox! It's been way too long, fam. Can someone check what's up with that? Thanks, 😊",card_arrival,gen_z_slang
32d0e60b-04e6-46f0-85d7-f85f366de30a,"Hello, I am having problem with card. It should arrive but not here yet. Can you tell me when I will get it? Thank you very much!",card_arrival,non_native_speaker
1875a9e7-8c00-412c-b588-c02b84031871,"Hello! I need help with my new card. It supposed to come, but I not see it yet. Can you check please? Thank you very much for helping me. 🙏🙂👍",card_arrival,non_native_speaker
c17bbe5d-36cb-42a6-9715-e97ef57d5ea3,"Hello,

I am writing because my new card is not arriving yet. I ordered it some days ago, but still waiting. Can you tell me when should be here? Thank you very much for helping.

Best regards,
[Your Name]",card_arrival,non_native_speaker
093e52b3-175c-49f6-90bf-cad0431f9f8d,"Hello, I am writing because my card is not yet come. I ordered new one but have not received it. Can you help check where my card now? Thank you very much!",card_arrival,non_native_speaker
88306d91-dfa4-48d6-901d-04ca92755ff6,"Hello, I need my new bank card. I did not get it yet. Can you help me? Thank you!",card_arrival,non_native_speaker
b3b52b48-1c0f-4021-8b53-683f0e4fcdd8,"Hello! I have a question for you. My new card, I not get yet. When it will arrive? Thank you so much for helping me!",card_arrival,non_native_speaker
f137a230-8da7-48c4-a925-3d8b011843d4,Need card delivery update?,card_arrival,short_wording
a21b53e6-657c-4ed9-8cd7-eeb6a30f0586,Card not received yet? Ordered 3 weeks ago. Expected delivery timeline exceeded. Need update or replacement process details. Thanks!,card_arrival,short_wording
64dc6296-96dd-4eef-a122-1a03f40e7948,When will my card arrive?,card_arrival,short_wording
5b7b9fe5-52a0-4832-824d-34ab4368e032,"Card not received, when?",card_arrival,short_wording
7883cee3-9f10-48b3-9a07-8083dc576f3d,Need card when? ETA update?,card_arrival,short_wording
dd977f31-a194-42a1-900a-43d76c4bbce7,Need card? When's delivery?,card_arrival,short_wording
b1714786-25d6-46ff-97c5-3620cd47b3cf,"Hey, listen up! I've been sitting on my couch going crazy waiting for this blasted card to show up since forever. Can you at least tell me when in the heck am I supposed to get this thing? This isn’t rocket science—just give me a delivery date already!",card_delivery_estimate,angry_layperson
1613dd1e-c8c2-4f11-b198-43e08d7da0d1,"Hey! My damn card's taking forever to show up! I need it like yesterday, not next week or whatever. When am I actually gonna get my bloody card? This is seriously ticking me off, you know!",card_delivery_estimate,angry_layperson
6a631e52-9549-4be3-ae86-1e85d751968e,"Oh for crying out loud! My bloody card's supposed to be here already, isn't it? I'm sick of waiting around like a chump! When am I actually going to get this thing? It's been weeks since they said it would arrive!",card_delivery_estimate,angry_layperson
a6019eac-ad68-4c1f-8f25-a91e79965a13,"Hey, listen up! Where the hell is my damn card?! I just ordered that thing ages ago and they promised it'd be here 'soon'. What's going on? Need it like yesterday so why can't you guys get your act together and let me know when I'm actually gonna see this piece of plastic in the mail? This is ridiculous!",card_delivery_estimate,angry_layperson
fa1b5640-2bf0-48ed-9369-2a3c79ae1e40,"Hey! I'm flipping my lid over here because you folks can’t even give me a straight answer on when my card is gonna show up. I've been stewing for ages waiting for this thing, and you don’t have the decency to tell me how long it's actually going to take? What am I supposed to do in the meantime, go to the store with my hand in the air saying ""I'm sorry, no plastic!""?! Come on, get your act together and give me a real update or something!",card_delivery_estimate,angry_layperson
703447ef-2d6d-4342-ad47-36aea23c1316,"Oi, listen up! I'm burning mad because you can't even tell me when my bloody card is gonna drop through my door? I've been waiting what feels like an eternity! This ain't rocket science; just give me a straight answer so I know when to chill out or keep raging. Get it sorted, will ya?",card_delivery_estimate,angry_layperson
d585774b-600a-425b-9b8a-64009ebd9797,"Where is my card? I need access soon! No money, urgent bills piling. What's taking so long? Can someone help fast please? My account locked without it!",card_delivery_estimate,panicking_emergency
c46a3215-1aa1-4ee7-9d58-4d8848b0de65,I need my new card NOW lost my old one got me no way to pay bills or groceries urgent tell me when I'll get it please hurry!!!,card_delivery_estimate,panicking_emergency
84e0b0ea-fefb-458b-b49d-1c9d2a794bdd,"Need an update on my card delivery!!! When will it arrive? I'm stressed out, can't wait any longer. Must have it ASAP for payments. Help! Immediate info needed!!",card_delivery_estimate,panicking_emergency
a0549e9b-d966-452f-a906-66b9740860fc,I NEED TO KNOW WHEN MY NEW CARD IS ARRIVING I CANCELED THE OLD ONE AND NOW WHAT IF SOMETHING WENT WRONG IM SO STRESSED CAN’T AFFORD TO BE WITHOUT A CARD TELL ME IT'S COMING SOON PLEASE THIS IS URGENT!,card_delivery_estimate,panicking_emergency
7f74a0cd-854d-4c86-b16e-39c440da87ec,Where is my new card? Need it ASAP! Lost mine yesterday big trouble need access to account urgent when will it come what if it's lost too how can you guarantee safe delivery this is serious I can’t afford another delay please update me now,card_delivery_estimate,panicking_emergency
bb80b162-f9d9-4d9c-8272-e9b50e6c65bc,My card not here yet! Need it for tomorrow's urgent rent payment how long now?! Where is my card? Can you tell me delivery time?! Can't wait much longer please hurry!,card_delivery_estimate,panicking_emergency
457a92fe-84e8-4252-a20f-8afd424a4353,"Dear Esteemed Customer,

I trust this message finds you well. I am writing to inquire about the anticipated timeline for the delivery of my new banking card following its recent issuance request. Understanding such details would greatly assist in planning and ensuring smooth access to your financial resources.

Kindly extend my gratitude for your prompt attention to this matter, and I look forward to your detailed response at your earliest convenience.

Warm regards,

[Your Name]",card_delivery_estimate,polite_expert
5cb1814b-4ebc-4c19-91bd-f4481824380f,"Esteemed Customer,

I trust this communication finds you well. I am reaching out to inquire regarding the anticipated timeframe for the delivery of my newly issued credit card. Understanding the estimated period required for its arrival would be most appreciated, as it aids in planning and managing personal financial engagements.

Should you require further information or documentation from my end to facilitate this process, kindly inform me promptly.

Thanking you for your attention to this matter.

Yours sincerely,

[Your Name]",card_delivery_estimate,polite_expert
f96410b7-24db-40d6-b9fe-7845e4cd904c,"Dear Valued Customer,

I hope this message finds you well. I am writing to inquire about the expected timeframe for the delivery of my recently requested bank card. Understanding when the physical card will arrive is important for planning purposes, as I wish to ensure a seamless transition from any temporary solutions currently in place.

Thank you for your attention to this matter. I look forward to receiving an update at your earliest convenience.

Yours sincerely,

[Your Name]",card_delivery_estimate,polite_expert
c98fecd9-ea4b-4dab-a5df-3d88186945fa,"Dear [Customer's Name],

I trust this message finds you well. I am writing to inquire about the anticipated timeframe for the delivery of my recently requested credit card. It would be greatly appreciated if you could provide an estimate as soon as possible, so that I may arrange accordingly. Thank you in advance for your prompt attention to this matter.

Yours sincerely,

[Your Name]",card_delivery_estimate,polite_expert
0e763050-d244-41bd-9168-1eb25d0e90b5,"Dear Valued Customer,

I trust this message finds you well. I am writing to kindly request an update regarding the approximate timeframe within which my new banking card might be delivered. Understanding such details would greatly assist me in planning accordingly.

Thank you for your attention to this matter, and I appreciate your continued assistance.

With sincere regards,

[Your Name]",card_delivery_estimate,polite_expert
731eb881-d2ba-4eff-af32-d5344e89cea0,"Certainly, I appreciate your query regarding the anticipated timeframe for the arrival of your new banking card. Please allow me a moment to review your account details accordingly.

Upon consultation with our records, the dispatch process typically completes within five business days following application approval. However, delivery times may vary somewhat due to factors beyond our control such as courier service schedules and geographical location.

Please rest assured that you will receive notifications through your preferred communication channel once the card has been successfully dispatched on its journey to you. Should there be any unforeseen delays or adjustments in this timeline, we commit ourselves to promptly inform you thereof.

We sincerely thank you for entrusting us with such a prominent aspect of your financial dealings and remain committed to providing exemplary service throughout this process. Please do not hesitate to reach out should you require further assistance or have additional inquiries.

Yours faithfully,

[Your Name]
[Your Position]",card_delivery_estimate,polite_expert
d4785547-123f-4443-a6b8-be25c8746304,"Yo, just wondering like how long my new card's gonna take until it hits up my mailbox? Need some deets on when I can finally start splurging again! ✌️🔥",card_delivery_estimate,gen_z_slang
cc3c4965-c542-4318-91d2-e4ce3b6fc16a,"Hey there! So like, I just got a new card request in last week and no deets on when it's gonna hit my mailbox. Could you DM me when I should expect it? Need to plan my next shopping spree. 😅 Thanks! 🙌",card_delivery_estimate,gen_z_slang
7e6d043e-8380-4786-9727-e3be10c23512,"Yo, quick q: when's my new card gonna chill at my crib? Need those digits ASAP for ordering online and stuff! 😅🙏",card_delivery_estimate,gen_z_slang
9a5a3986-7345-40de-8c34-70ccc1ef588c,"Yo, so like, how long do I gotta wait for my new card to hit my mailbox? 😅 Like, is it gonna be here by this Friday or nah? Need some deets so I can plan my shopping spree! 🛍️🚚",card_delivery_estimate,gen_z_slang
7c053efc-1b27-4f7f-ba83-d9da4e4809db,"Yo, so I just got like, totally ghosted on when my new card's gonna hit up my mailbox or whatever. Like, is it still chillin' at HQ or already out here slaying its way through the mail? Need those digits to plan my next big spend fest! 🚨",card_delivery_estimate,gen_z_slang
06f8785b-eb64-4370-abab-69f44164a51f,"Yo, so I'm just chillin', waiting on my new card to pop up at my doorstep. Got any deets on when it's gonna show up? 🙃 Would be dope to know if I gotta wait longer or if it's dropping soon. Thanks a ton! 😌",card_delivery_estimate,gen_z_slang
f2dd1097-78d8-4e56-b9fc-d593619fda49,"Hello, I am needing help for when my new card will come. Can you tell me how many days it take? Thank you!",card_delivery_estimate,non_native_speaker
265acb0a-fc77-4b07-ab5e-c48906198abc,"Hello, I am wait for my new bank card. Can you tell me when it will come? This is important for me. Thank you!",card_delivery_estimate,non_native_speaker
35ebd029-5d2f-4ecd-be91-4ac4ee2739e7,Hello! I have problem with new card. Please tell me when can expect delivery? Thank you for help! It make me worry because I need it soon.,card_delivery_estimate,non_native_speaker
74a1a829-168a-4788-ad14-24b6ffd8a178,"Hello, I am sorry for trouble. My card is late coming. Can you tell when it will arrive? Thank you much!",card_delivery_estimate,non_native_speaker
041b5245-d453-4ae0-9657-6646d24a8655,"Hello, I am asking for when my new bank card come? I want know time it get here. Thank you.",card_delivery_estimate,non_native_speaker
6df037da-1bf9-4397-a7d7-352e25473837,"Hi, I am very worried. When will my new card come? Please tell me when I can expect get it. Thank you!",card_delivery_estimate,non_native_speaker
7c7047ed-dfcd-453c-96a1-803bf51ab8ea,When will my new card arrive? Need ETA.,card_delivery_estimate,short_wording
167333f7-236f-49ca-a284-831574ac890b,When will my new card arrive?,card_delivery_estimate,short_wording
2b8e86f4-9489-455e-b9e6-5d39cfa372dc,New card when? Delivery date needed.,card_delivery_estimate,short_wording
adee10aa-80db-4783-a05d-bd69154c8d06,Card when arrive?,card_delivery_estimate,short_wording
a866085e-de90-4502-93d5-7de4125e50c0,When will card arrive? Delivery time needed. Thanks.,card_delivery_estimate,short_wording
92583149-832f-4a6f-9289-075ef82b72c1,When will my new card arrive?,card_delivery_estimate,short_wording
c1811a33-9265-46ed-8c03-7a2ebcdacaf5,"Listen up, I'm at my wit's end here! Every time I try getting that dang card attached to my account on that blasted app of yours, it’s like wrestling with a greased pig! It keeps giving me some nonsense error, and now when I need cash like yesterday, you tellin' me this is what I gotta deal with? Fix this mess or I swear, I'm switching banks faster than a cat dodges water.",card_linking,angry_layperson
cddb434e-046c-419a-a3e2-2a39d5363b63,"Oi, listen up! I signed up for everything here with my card like a good citizen, but now nothin's workin’ outta nowhere. Every time I try to do my dang banking stuff online or through your app, it just throws me some dumb error message ‘bout my card not being linked. What a load of rubbish! Get it sorted quick, 'cause this is driving me up the bloody wall and wasting way too much of my time!",card_linking,angry_layperson
bc7b6265-af93-4224-b86f-68a9c3b645bb,"Listen up, I'm sick and tired of all this mess! My card won’t hook up with my damn account on your app. Every time I try, it tells me there's some error or something. It’s like you’re trying to piss me off on purpose. Fix it or I swear, I’m taking my business elsewhere where they actually know what they're doing!",card_linking,angry_layperson
1f1d9609-180e-42f8-b363-6a6314cff9b3,"Hey, listen up! My dang card won’t link to my bloody account like it’s supposed to. Every time I try, it just gives me a big fat ""NOPE!"" Can you sort this out already? I don't have all day or the patience for this nonsense!",card_linking,angry_layperson
c930bc3d-4309-4357-a63e-098efa063968,"Listen here, I just tried linking my bloody card and nothing's working! It keeps giving me the runaround with some stupid error message every time I try. How hard can this be? Is someone even at the other end of this nonsense or am I talking to a machine that can't solve anything?!",card_linking,angry_layperson
838c509a-ec65-468c-8add-d0d701e8cc78,"Hey, listen up! I tried linking my damn card to this app like a million times, and for some reason, it's just sitting there, doing squat! Every time I try, it’s either ""error"" or a bunch of nonsense messages popping up. Fix your stuff already – it’s supposed to be simple, right? This isn’t rocket science; I wanna get on with my life!",card_linking,angry_layperson
ecafc889-369d-4e8c-a408-b80487afbc60,i cant access my account something wrong with adding payment method it's urgent money transfer needed but system saying no link i have bills due what do i do now help please hurry this is emergency,card_linking,panicking_emergency
ccbb9f09-f9f4-45dc-8469-ca2d4736a05f,My card won’t link! Tried twice now! Can’t make it work! Need help immediately! Money needed urgently for rent today! Please fix ASAP or I’m in big trouble!,card_linking,panicking_emergency
798e4fd5-8fd8-4c3d-84ae-cf5192f12c3f,"Can't access funds! Need help linking card now. Money needed immediately for rent! What do I do? My card shows zero balance when I try transfers, urgent! Please assist ASAP!",card_linking,panicking_emergency
0cfe8df7-3131-4ae4-9a4d-00375088b8ca,OMG card not working! Tried linking new card to app keeps failing urgent need help money stuck no access bank account please tell me what do now can’t afford errors ATM fees too much pressure fix this right away!,card_linking,panicking_emergency
3cb0445f-9966-41cf-8e9c-71f5215c69b0,can’t link card on mobile app tried over and over again service down urgent need access my money no response from live chat help quick bank please fix this ASAP or I'll be in serious trouble can't pay bills now!!!!!!,card_linking,panicking_emergency
4276bab0-cd84-4b44-bf6b-b8703df6b9dd,I can’t access my account need help with linking a new card immediately something wrong this is urgent please assist now!,card_linking,panicking_emergency
bf584512-abde-4e85-bad9-ab8a564ff628,"Esteemed Customer,

I trust this message finds you well. I am writing to address an issue of utmost importance regarding your banking card in conjunction with our online services. It appears there is a need to establish a connection between your bank-issued card and my bank's digital platform, which unfortunately has not been completed successfully. This linkage is essential for facilitating seamless transactions and ensuring that you can make full use of our array of integrated financial offerings.

I would highly appreciate it if you could provide some details regarding any error messages or difficulties encountered during the process. Additionally, confirming whether your card information reflects current validity terms might be beneficial to swiftly rectify this situation. Rest assured, I am committed to providing you with comprehensive guidance and support at every step until a resolution is achieved.

Please feel free to share any pertinent observations so that we may proceed accordingly. Your prompt attention to this matter would be greatly appreciated.

Yours sincerely,
[Your Name]",card_linking,polite_expert
5ca10153-452f-40fd-934e-c1c6b70873b2,"Dear Esteemed Customer,

I hope this communication finds you well. I am reaching out regarding an issue that has arisen during my recent attempt to associate a debit card with my existing account, which is intended for seamless transactions across various linked platforms. Despite ensuring all details are correct and up-to-date, I have encountered persistent difficulties in completing this process.

If it pleases you, could I kindly request guidance or steps necessary to resolve this matter efficiently? Your assistance would be greatly appreciated.

Yours sincerely,

[Your Name]",card_linking,polite_expert
dbcf2796-1792-4dc1-b93b-d1033ac89bf3,"Good day,

I am reaching out regarding an issue I have encountered with associating a payment card with my digital banking account. Despite having followed all standard procedures for this process, there seems to be a persistent challenge in completing the integration correctly.

Could you kindly offer guidance or support on how we might resolve this matter? Your assistance is greatly appreciated.

Thank you for your time and attention to this matter. 

Kind regards,

[Your Name]",card_linking,polite_expert
584cda46-19ae-426d-956d-1ca1e12c5d9d,"Dear [Bank's Name] Customer Support,

I am writing to request assistance with integrating my payment card into your digital banking platform, facilitating seamless transactions through linked accounts. Could you kindly provide guidance on how this process can be initiated effectively?

Thank you for your attention and assistance in this matter.

Yours sincerely,

[Your Name]",card_linking,polite_expert
41a5057a-1a57-46ba-8f2e-cdabccbb831a,"Dear Sir or Madam,

I hope this message finds you well. I am writing to request assistance regarding the procedure necessary for incorporating a recently acquired bank card into my existing financial accounts managed through our esteemed institution. It has come to my attention that certain functionalities, such as seamless transaction executions and account reconciliations, may be impeded by the absence of this critical linkage.

I would appreciate guidance on the requisite steps or any specific documentation needed to facilitate this integration promptly. Ensuring the synchronization of all pertinent financial instruments within our accounts is vital for continued ease in managing my financial affairs.

Thank you for your attention to this matter. I look forward to your esteemed assistance at your earliest convenience.

Yours faithfully,

[Your Name]",card_linking,polite_expert
7bc0f762-8056-486c-8f74-3437b10178d4,"I trust that my service has been satisfactory thus far; however, I find myself confronted with a predicament concerning my recent efforts to associate an external payment card with my current account here at your esteemed institution. Despite adhering to all provided protocols, it appears there is some complication preventing the seamless integration of my chosen card for streamlined transactions and account management purposes. I am keen on resolving this matter and would greatly appreciate guidance or clarification from your knowledgeable support team regarding any potential steps I might undertake, or if additional information could facilitate the expeditious resolution of this issue. Thank you in advance for your assistance.

Kind regards,

[Your Name]",card_linking,polite_expert
d2d284a1-e14d-4add-ab7b-3197444e57ca,"Heyooo! So I was just trying to link my new credit card to my budgeting app, but like, it’s not syncing up at all 🤷‍♂️. Any tips on how to get this sorted ASAP? Thanks a bunch! 😊",card_linking,gen_z_slang
fc9618aa-2b8f-49b9-97c4-d3f5752c50dc,"Hey! So, I tried linking my debit card to that app I keep hearing about 📱 but for some reason, it's just not working out. It keeps giving me errors or something? Any ideas on how to sort this mess out? 🤔 Thanks!!",card_linking,gen_z_slang
2835585d-bdac-43a1-b209-5c5868221f47,"Hey, so I'm tryna link my card to this app but it just won’t chill with me, ya know? Keeps giving me that ‘oops’ error, like am I not cool enough or smth? Anyway, if you could help me sort this out, I’d be lit. Thx!",card_linking,gen_z_slang
3c7fde35-056c-48f1-ab4c-29d353d59610,"Hey, so like, I'm trying to get my card all connected to my app, but it’s being super extra and not working right 😤. Can you help me sort this mess out? Thanks a bunch! 💸🙏",card_linking,gen_z_slang
b4d4b31a-7c1d-4c67-be1c-01f1b9816c56,"Hey there! So like, I've been trying to connect my card to the app, but it just keeps giving me these weird vibes and won't go through. It's kinda frustrating because I need it for all my Insta shop sprees 😤. Can you help sort this out ASAP? Thanks a mil! 🙌",card_linking,gen_z_slang
d26c79c5-4698-4e4c-9986-e6317bcfbd34,"Hey, so like, I’m tryna get my new card all synced up with my app but it's being a total diva rn 🙄 Could you hook me up and make this happen ASAP? Thanks! 🎉",card_linking,gen_z_slang
e616ace0-f425-472d-9e74-6c734924391e,"Hello, I have a little issue with my card. I try link it to account but not work right. Can you help me fix this problem? Thank you.",card_linking,non_native_speaker
ba148b5c-227e-4f98-b66a-6d9ddde22a29,"Hello, I need help because my card not work with app. Can you please fix this for me? Thank you!",card_linking,non_native_speaker
af4cee67-b8be-4b88-967f-9bf19f41e325,"Hello, I have a problem here. My card not work with my app. Can you help me fix this so they can connect? Thank you very much!",card_linking,non_native_speaker
4adf4f99-a551-48fc-adfd-5c98af9c2c65,"Hello, I need help with my card not working right now when I try to connect to app. Could you please tell me what to do? Thank you!",card_linking,non_native_speaker
5dd79a18-df67-4f6b-8a80-00485ac5ccd7,"Hello! I need help, please. My card no show linked with account. Want to make sure it connect right. Can you help me do this? Thank you very much!",card_linking,non_native_speaker
cf1c5ae6-66f0-4362-9dc8-3cc83769c6c1,"Hello, I need help with my card. It not working when I try to link to account. Please can you assist me? Thank you!",card_linking,non_native_speaker
9ea26106-6e74-444a-a642-80bdd86cb2d7,"Need card linked to account  
Link payment method  

Got you! What card info missing?  
Link bank card now  

Card not syncing with app, help!  
How to add card here?  

Linking fails, error code 401  
Why won’t my card link?  

Payment option error, need link fix  
Account missing card details  

How link new debit/credit card?  

Can't find linking step in app, guide!  
Where do I put card numbers?",card_linking,short_wording
2713cc23-e01a-4f9d-a407-7ee215a516f6,Need link card app. Which details needed? Link now.,card_linking,short_wording
a4e65631-f86a-489d-b70e-7b3c32769c22,"Card not syncing, help?",card_linking,short_wording
b430b29f-5351-49a7-9f99-5ed4e9fcc396,Card linking issue - urgent help needed. Can’t access funds via phone app. Need guidance.,card_linking,short_wording
9511a26a-d513-409f-9a3f-60a70bb4a1e3,"Need add card to app  
Link issue  
Card not linked  
App, card setup?  
Link failure  
Why no link?  
Card linking help  
Link card problem  
Add bank card now  
Problem with linking card",card_linking,short_wording
2f07176b-eb15-4f2d-886e-a02d58896915,Need add card to app?,card_linking,short_wording
660f8022-d4f6-4e67-8d7e-6cb5010a76a6,"Hey, listen up! My card’s just flat-out useless right now—I try to tap, and it's like hitting a brick wall! This is seriously bugging me out because I’m standing here trying to grab some grub or whatever, but this stupid piece of plastic thinks it’s got better things to do than work. Fix it already, will ya? Can’t keep carrying around cash either—what am I supposed to do?",card_not_working,angry_layperson
a9660be4-c9b6-4b25-925c-1b714853b838,"What the hell is going on with my bloody card?! I try using it at the store, and they tell me it's a dud! How am I supposed to get by paying for things? This isn't the first time either. Fix this mess right now or I swear I'm switching banks!",card_not_working,angry_layperson
5bdd3926-f3b9-4f31-84f4-8dcc7524c6d6,"Hey, listen! Every single time I try to swipe my card at some ratty ol’ shop, the blasted thing just laughs right back at me! It’s like this magic trick gone wrong—no cash coming out of that hole in the machine! What’s the deal here? Someone fix it or gimme a real card already!",card_not_working,angry_layperson
9bb79d32-90b6-4e51-bd28-2d97568d27d4,"Listen here, I’m absolutely livid! My card just decided to up and die on me while I was halfway through getting my groceries. Now I’ve got a cart full of food for my kids, no cash, and you know what? This ain’t the first time it’s acted like paperweight number one. What sort of circus is this? Fix it, or I swear I’m coming over there to give your systems a good talking-to!",card_not_working,angry_layperson
740197f7-41cd-4a7d-8b06-2251e3888689,"Hey! This is absolutely nuts, my dang card just won’t swipe anywhere! I've been trying all day at every damn checkout line, and now they're telling me to call you? What a joke! Fix this mess or I swear, I’m going on a full-blown rant session with your managers. Get it sorted NOW!",card_not_working,angry_layperson
dde15937-54fe-4dbc-99a0-8176c574c6f1,"Hey, listen up! My card is being a massive pain—it’s like trying to talk to a brick wall with this nonsense! I try to pay for something simple, and bam—nothing but red lights flashing everywhere! This thing needs to work or else I might just have to start bartering again. Get it fixed NOW or expect to hear more from me. My patience is thinner than my last paycheck here!",card_not_working,angry_layperson
75bf7cc9-101a-46b9-817f-320799dc4908,Card won’t work at all stopped working left me stranded no way to pay for gas or groceries can’t get into my account emergency here need a new card ASAP got bills piling up please help urgently!,card_not_working,panicking_emergency
b7fc8333-0a33-4bd2-9f21-09657b39fc33,Card just swiped no beep nothing stuck at machine can’t get cash need money fast store closing soon what do I do call you now please?!?,card_not_working,panicking_emergency
3747a5b0-4b1a-4260-9f1f-0596383839c5,Bank card not working stopped dead at store I need money right now can’t get through line to tell you my PIN’s locked what do i do? emergency urgent help please call me back!,card_not_working,panicking_emergency
278000a6-2e24-41af-a1b8-5c0e9e00aaac,"My card just stopped working! I tried a purchase and nothing went through. This is urgent, what do I do now? I need help right away! Can someone assist me immediately? I'm really worried about this!",card_not_working,panicking_emergency
70f1e59e-9407-4a32-8adb-0a8df2f18391,need help card not working panic can’t access money urgent need solution now please send new one ASAP lost hours trying resolve situation very important fix quickly!,card_not_working,panicking_emergency
5baea7cc-2248-4c3f-8c38-0fce9d41cddb,"My card is not working at all! I tried everything, terminals keep saying declined and no cash access! This is urgent, need help immediately can’t do anything without my money!!! What should I do now? Need solution fast!!!",card_not_working,panicking_emergency
518a9e3d-d74e-4973-8302-0bf763464083,"Dear Sir/Madam,

I trust this message finds you well. I am writing to inform you of an unexpected difficulty I have encountered with my debit card, which seems unable to process transactions as usual despite multiple attempts. Could you kindly assist me in understanding any potential reasons for this occurrence and advise on the necessary steps to resolve it? Your prompt attention to this matter would be greatly appreciated.

Yours sincerely,

[Your Name]  
[Account Number or Reference ID (if applicable)]",card_not_working,polite_expert
1c993580-afef-4783-a209-ad247737c18b,"Good day,

I hope this message finds you well. I am reaching out to report an issue concerning my debit card, which unfortunately has ceased to function during recent transactions. Despite ensuring that sufficient funds are available within my account for such expenditures, each attempt results in an unsuccessful authorization.

I would greatly appreciate your guidance on how best to proceed with resolving this inconvenience at the earliest convenience. Your assistance is highly valued.

Thank you for your prompt attention to this matter.

Kind regards,

[Your Name] 

[Contact Information]",card_not_working,polite_expert
9b720b07-add5-4ab3-811b-7c43a1376848,"I trust you are well today. I am writing to bring to your attention an issue that has recently arisen with my debit card. Unfortunately, it appears to be non-operational when I attempt transactions at various establishments. This situation causes me some inconvenience as it disrupts my day-to-day financial activities. Could you kindly assist me in understanding the likely causes and the steps required to resolve this matter?

Yours sincerely,
[Your Name]",card_not_working,polite_expert
a7558d32-30bf-485c-8182-23676d516f44,"Dear [Representative's Title],

I hope this message finds you well. I am writing to bring to your attention an issue that has recently arisen concerning my debit card. Despite multiple attempts, I find myself unable to conduct transactions using it at various points of sale. This hindrance persists even after several verification checks have been performed on the ATM machines.

Would you be so kind as to provide guidance on resolving this matter? Additionally, if there are any steps required from my end to facilitate a swift resolution, I am eager to comply promptly.

Thank you for your attention and assistance in ensuring the smooth operation of my financial instruments.

Yours sincerely,

[Your Name]
[Account Number]",card_not_working,polite_expert
ce3969b9-f563-444b-a928-95caa6c8c391,"I trust this message finds you well. I am writing to bring to your attention an issue with my debit card, which seems unable to perform transactions as expected at several establishments. Despite ensuring that sufficient funds are available in my account and verifying that all recent transactions have been processed without error, the card remains unresponsive when presented for payment processing.

I would highly appreciate it if you could provide guidance on how this matter might be resolved or if there is any additional information I should furnish to facilitate a swift resolution. Thank you for your attention to this matter and for the assistance that my bank consistently provides. I look forward to your prompt response.

Yours sincerely,

[Your Name]",card_not_working,polite_expert
db96a022-7b76-42f0-810a-ec0e8fc43670,"Esteemed Customer,

I hope this correspondence finds you well. I am writing to bring to your attention an issue that has emerged with regard to my payment card. Despite all attempts at utilization for transactions, the instrument appears to be non-responsive, thereby precluding its intended functionality. It is with urgency and earnestness that I seek your esteemed guidance on how to rectify this inconvenient circumstance.

I trust in your expertise and anticipate your valued assistance in resolving this matter promptly.

Yours sincerely,

[Your Name]",card_not_working,polite_expert
38dad038-bfd4-477a-ae93-145c7f4aadd8,"Hey, so like, my card just straight-up isn’t vibing today 😓 I tried using it for a sneaker drop online and it was like “nah bruh”, totally ghosted me at checkout. Could be something up with it or maybe the account’s being extra? Need some help to figure this out ASAP! 🙏",card_not_working,gen_z_slang
a15bfb9e-90a5-4ccf-bb55-77266627e9e7,"Hey, so like, my card just stopped vibing with my bank app today 🙄. It’s been ghostin’ me at every checkout I try, even after a reload on cash. Thought maybe it needed a lil' break but now it's legit not giving me the green light anywhere! 😅 Can ya check what's up? Thanks, fam!",card_not_working,gen_z_slang
628554fb-9819-4a1b-a70d-a0fb32dba11f,"Hey, so like, I was trying to grab some snacks at my favorite shop, but my card just went straight MIA – no swipe, no magic! Gotta get this sorted ASAP or I’m snackless 😩. What’s up with that? 🤷‍♀️",card_not_working,gen_z_slang
b5c5f924-b7e7-4af9-973c-1b8ecf7844f7,"Hey! So like, I tried swiping my card at the store yesterday and boom 💥 nothing happened 😒 It's acting all kinds of weird, totally not vibeing with the machines anymore. Can you hook me up with some help or a new one ASAP? Thanks fam! 🙏",card_not_working,gen_z_slang
f0c5b396-ec36-4c88-8548-c689ca2f433b,"Hey, so like, my card’s being such a mood—just straight-up ghosting on me when I try to swipe at checkout 😒. It worked yesterday, but now it’s all ""nah fam"" vibes. Can you help fix it? Thanks! 🙏",card_not_working,gen_z_slang
0698df7d-4377-4da7-937b-6c353177c91b,"Hey there! So, like, my bank card’s straight up ghosting me at checkout rn. Tried using it a million times but nada—zero success 😒. Not sure if it’s just not vibing or needs some TLC. Can you help sort this ASAP? Cheers! 🙏",card_not_working,gen_z_slang
f852f33b-167f-4012-bb5d-778abeda1a03,"Hello! I hope you doing okay. My bank card, uh... it's not work today. Maybe machine say error or nothing happen when put card. Can help me, please? Thank you very much for fixing this problem!",card_not_working,non_native_speaker
ba1b38e2-1b45-40a3-a16b-687687f6ae48,"Hello, I have a trouble with my bank card. When I try to use it, not working. Please can you help me fix this? Thank you!",card_not_working,non_native_speaker
d9910c20-7985-4aff-a8e7-e630c86d270f,"Hello, I try use my card today at store but no work. It say sorry, please go back later or something like this. What I do now? Need help! Thanks!",card_not_working,non_native_speaker
4f0248d0-ad61-46aa-a9c9-11a6b2092535,"Hello, I have a problem with my bank card. It no work when I try use it at store or ATM. It say error or something like that. Can you help? Thank you.",card_not_working,non_native_speaker
bcd5cec3-3b7d-495f-9b48-98a22144f414,"Hello, I have problem please. My card not work when I try to buy something. I put it into machine, but say ""sorry"" and take card back. Can you help me fix this? Thank you.",card_not_working,non_native_speaker
0b0746db-ac89-4a62-8cd3-3b4714a5ad5a,"Hello, I am having trouble with my bank card today. When I try to buy something, it says no way or something like that. The machine does not accept it. What should I do? Thank you for helping me.",card_not_working,non_native_speaker
c5c2242b-e3e9-422e-84a8-96021cf14db7,"Card declined

Issue at ATM",card_not_working,short_wording
49e4c708-9058-48e7-b9bc-f5e0eabcb3fa,"Card declined  
ATM error  
No PIN accepted  
Buy failed  
Issue  
Can’t spend  
Not working",card_not_working,short_wording
1bae3d05-76b4-4601-83ee-d5db78f675f1,"Card declined, why? Need fix now.",card_not_working,short_wording
b9fd99e2-370b-4475-8cb8-3c1f2cdfca46,"Card decline, urgent help needed. Why?",card_not_working,short_wording
fb2e2d6a-30f4-4caa-93b3-d0ed054fc5e6,"Card declined

Need replacement",card_not_working,short_wording
948551f3-2b9c-40e9-9942-729e2bde7303,Card declined - help?,card_not_working,short_wording
799d7e90-4bed-45d7-955f-05b2ef1941b6,"Hey, listen up! I just got hit with some ridiculous fee for using my card, and it ain't even my fault! This is seriously starting to tick me off. Why on earth am I being punished for just trying to pay like everyone else? It’s like you're stealing money right out of my pocket here. Fix this mess, or you're going to have a real-life problem with me. And fast!",card_payment_fee_charged,angry_layperson
9f1b8e39-8eaa-4d8d-bf7e-8928718bcaeb,"Hey! I'm livid here, pal. I just went grocery shopping and BAM, an extra charge on my statement! What's this nonsense about a fee for using my own card? Why are you making me pay more for what should be simple? Get it sorted, or there'll be hell to pay.",card_payment_fee_charged,angry_layperson
40423587-2de4-4313-bf6e-fa8395751cd1,"What do you mean, another charge on my account? I just paid for a damn coffee! You guys keep hitting me with these ridiculous fees whenever I try to buy something. It's like you’re trying to bleed me dry every time I take out my card. Fix this now or else I swear I'm switching banks!",card_payment_fee_charged,angry_layperson
a84de42e-af0e-438c-8c7f-5de7f88eab5e,"Hey! What the heck? I just checked my bank statement, and there's this stupid charge on there from your side for a simple card payment! Why am I being nickel-and-dimed every time I try to pay like a normal person?! This isn’t fair or right. Fix it now!",card_payment_fee_charged,angry_layperson
f74f533d-41ee-495c-9cde-83fb1f116439,"Hey, listen up! I can’t believe you guys just slapped another fee on my card payment like it’s nobody's business! Every time I think I’m getting ahead, there’s more charges popping up out of nowhere. What is this madness? You need to fix these ridiculous hidden fees or I’m done with your service and taking my money elsewhere!",card_payment_fee_charged,angry_layperson
42ebee09-373c-481d-98df-49f579ea7bb3,"Oi, listen up! I just got slapped with another bloody fee for using my card, like seriously? Every time I try to pay something simple, you lot sneak this extra charge on me. How hard is it to let us use our own bloody money without nickel-and-diming me at every turn? This is getting ridiculous and I'm not here for your sneaky tactics! Fix it now or else.",card_payment_fee_charged,angry_layperson
0b4b561c-f0dc-43eb-ba90-8c7d484969df,My god I can’t believe this paid for something I didn’t authorize! No idea what’s happening my account is drained need help now please get someone on this fast I’m freaking out here,card_payment_fee_charged,panicking_emergency
f0276b37-2ce3-4dd3-addd-dfbe366b64fe,Help! My card payment fee suddenly charged me an extra amount I didn’t expecting this is a disaster my budget was tight now totally off course need urgent solution can't handle this surprise bill not sure what happened I'm in serious mess here please fix it fast!,card_payment_fee_charged,panicking_emergency
d8f24855-9536-4d1b-8f59-7db38e509421,Help! I can’t believe this huge charge just appeared on my account from a card payment I made yesterday Absolutely need help now who do I talk to about getting this fee removed? This is stressing me out so much Can someone fix this immediately Please,card_payment_fee_charged,panicking_emergency
687160f7-f129-4361-9a2e-23dd81eae5e1,URGENT! Need help NOW just got a huge fee on my account for card payment I never authorized this is causing major stress financial emergency fix this issue immediately need explanation what happened asap thank you,card_payment_fee_charged,panicking_emergency
34ca1b64-26d0-4c32-b34b-9f2df7b3d714,"URGENT NEED HELP!! Unexpected fees on my card payment!!!! Why is this happening? Can’t afford more! Need immediate resolution or refund!!! Money’s tight can't wait long, please assist quickly! What's going on with my account? Help me fix this now!",card_payment_fee_charged,panicking_emergency
6187e891-f637-4178-b345-61c8e5485fb2,URGENT HELP I NEED FEE CHARGED MY CARD PAYMENT WITHOUT NOTICE NO WARNINGS MY MORTGAGE IS COMING AND NOW THERE'S EVEN LESS MONEY HOW DO I STOP THIS WHAT HAPPENS IF I CANNOT PAY IMMEDIATELY CAN YOU REMOVE THE FEE ASAP?,card_payment_fee_charged,panicking_emergency
86f44133-d637-40bc-bdee-e012f67580fb,"I trust this communication finds you well. I am writing to bring to your attention an unexpected fee that has been levied on a recent transaction conducted via my credit card. It appears that a charge has been applied which does not correlate with any services or purchases made by me within the relevant period.

Upon reviewing my previous account statements, it is evident that this particular fee was absent from similar transactions. I would be most obliged if you could provide further elucidation regarding the nature and justification of this additional charge.

Furthermore, should it arise that this fee has been mistakenly attributed to my account, kindly initiate the appropriate procedures for its rectification at your earliest convenience.

I am appreciative of your prompt attention to this matter and await your guidance on how we might proceed. Thank you for considering my request with the seriousness it warrants.

Kind regards,

[Your Full Name]  
[Your Account Number]  
[Your Contact Information]",card_payment_fee_charged,polite_expert
fba66ae9-788c-4513-bea6-f172f7204e7d,"Subject: Inquiry Regarding Recent Fee on Credit Card Transaction

Dear [Bank's Name] Customer Service Team,

I trust this message finds you well. I am writing to seek clarification regarding an unexpected fee that has been applied to my account subsequent to a recent credit card transaction. Despite reviewing the terms of service associated with my credit card, I have not identified any specific provision that would justify such a charge in relation to this particular payment.

Might I request your assistance in elucidating the nature and rationale behind this fee? Your prompt attention to this matter would be greatly appreciated as it will aid me in understanding future financial obligations more transparently. Additionally, if possible, please advise on any applicable steps that may need to be taken from my end with respect to this charge.

Thank you for your anticipated cooperation in resolving this query. I look forward to your detailed response.

Yours sincerely,

[Your Full Name]  
[A/C Number or Customer ID]  
[Contact Information]",card_payment_fee_charged,polite_expert
4821c00f-66d4-409b-84ba-029163293e9b,"Dear Customer,

I trust this message finds you well. I am writing to bring to your attention a recent transaction processed through my account, whereby an additional fee has been applied for utilizing my debit card. This unexpected charge is associated with the payment made on [date] at [merchant name]. Would it be possible for you to provide further details regarding the nature of this fee and perhaps assist me in understanding its necessity within the context of our agreement? I would greatly appreciate your prompt assistance in clarifying this matter.

Yours sincerely,  
[Your Name]",card_payment_fee_charged,polite_expert
5d28237a-88e0-4f69-ba9d-23dc6526bf6b,"Dear Customer Service,

I am writing to seek clarification regarding a recent fee applied to my account, which appears to be associated with a card payment transaction I have conducted. Upon reviewing my latest statement, I have noted an unexpected charge that was not previously communicated or outlined in the terms of service provided at the time of initiating the transaction.

To proceed efficiently towards resolution, could you kindly provide detailed information regarding the nature and purpose of this fee? Furthermore, I would appreciate guidance on whether this charge is consistent with current account agreements or if there might have been an oversight necessitating rectification.

Your prompt assistance in shedding light upon this matter would be greatly appreciated. Thank you for your attention to this issue.

Yours sincerely,

[Your Name]",card_payment_fee_charged,polite_expert
8a9d4e41-6a8c-4ca9-942b-2da91d051c71,"Subject: Concern Regarding Recent Charge on Account Statement

Dear [Bank's Name] Support Team,

I hope this message finds you well. I am writing to address a recent transaction reflected on my account statement, dated [date]. It appears that a charge associated with card payment processing has been applied.

Upon reviewing both the statement and related transaction history, I have not initiated any purchase transactions during the aforementioned period that would justify such a fee. Given this situation, I kindly request a detailed explanation of this charge along with guidance on how it may be rectified if deemed erroneous.

I appreciate your prompt attention to this matter and look forward to your assistance in resolving this concern promptly.

With sincere regards,

[Your Full Name]  
[Account Number]  
[Contact Information]",card_payment_fee_charged,polite_expert
8135aa25-bfe2-423d-868a-9beda380994b,"Dear Esteemed Customer,

I trust this correspondence finds you well. I am writing to bring to your attention a recent transaction that appeared on my account statement, which I believe may involve an unauthorized fee pertaining to a card payment transaction. It would be greatly appreciated if you could provide clarification regarding the nature of this charge and assist me in ascertaining whether it aligns with regular service fees or warrants further investigation for potential discrepancies.

Thank you very much for your attention to this matter. 

Yours sincerely,  
[Your Name]",card_payment_fee_charged,polite_expert
91a0c58b-ad42-48b2-acee-e837335d8101,"Hey, so like, I just checked my bank app and there’s this random payment fee on my card statement that wasn’t even supposed to happen. Can you help me figure out why they charged me for that? It's kind of a bummer because I thought it was covered 😕

Thanks!",card_payment_fee_charged,gen_z_slang
7ec0b018-e7a4-4402-a2e3-a8cc90dc98dd,"Hey, so like, I checked my bank statement and totally noticed a random fee for using my card? I don’t even remember seeing that pop up when I made this payment. Can you clue me in on why this extra charge is there? Thanks! 🤔",card_payment_fee_charged,gen_z_slang
2c6623e9-a72a-4149-97ae-ccfe74bba0d3,"Hey, so I got hit with a charge on my card that's totally whack 🤯. Like, why am I getting slapped with these fees every time I try to snag something online? It's just random and like who thought this was a cool idea 😒. Can we sort this out ASAP or at least explain why it kept happening without warning? Thanks fam!",card_payment_fee_charged,gen_z_slang
020e671a-0a12-425a-9105-e0ef72c809c0,"Hey! So, like, I checked my bank app and there’s this random fee from a card payment? It was totally outta nowhere and now I gotta figure out what’s up with that charge. Can you sort this 🙃? Thanks!",card_payment_fee_charged,gen_z_slang
8ffc6d7f-d761-495e-a910-66ac4ff1bd2c,"Hey, so like, I just saw a weird extra fee on my card statement for a purchase I made? Wasn’t expecting that at all 😕. Could someone explain why this happened and how I can handle it? Thanks! 🙏",card_payment_fee_charged,gen_z_slang
c4753dd1-67b8-4674-9cf2-44bbb06545dc,"Hey, so I gotta drop a quick one about that random fee on my last card payment. Like, wut? 😒 Wasn’t expecting any surprise charges when I was just trying to grab some essentials. Could you pls spill the tea on why this happened and how I can avoid it in the future? Thanks! 🙏",card_payment_fee_charged,gen_z_slang
52680837-d35e-47a5-89b7-9befbc0bd760,"Hello, I have a question. Yesterday, I make payment with my card at shop. Today, I see extra fee on bank statement. This not expect. Can you explain why? Thank you very much.",card_payment_fee_charged,non_native_speaker
a712260c-e2e3-4892-8183-1f60b5990084,"Hello! I am sorry but need help. This month, there is fee on my card for payment. It not right. Can you fix this for me? Thank you much!",card_payment_fee_charged,non_native_speaker
184bd4cf-bc74-4efd-a165-6f91412ed304,"Hello, I am sorry but I see a fee for my card payment on statement. This is very unexpected. Can you please explain why? Thank you.",card_payment_fee_charged,non_native_speaker
f1a59566-e699-425e-b3b2-12e06b9c2712,"Hello, I hope you are well. I have a question about money going out from my bank account. Why is there a cost when I pay with my card? It was not clear to me why this happens. Can you explain please? Thank you for helping!",card_payment_fee_charged,non_native_speaker
70f056df-bc6b-4292-92e7-96c54c228e7a,"Hello! I hope you doing well today. I need help, please. Yesterday, when I use my card pay for something, they charge me extra fee. This not right, I think. Can you check why this happen? Thank you very much for help.

Kind regards,
[Your Name]",card_payment_fee_charged,non_native_speaker
f1067a82-b960-4aad-b769-652e67c537a3,"Hello, I have a small problem with my bank card. When I make payment at shop, there is an extra money taken from my account. This charge, I did not expect. Can you please help me understand why this fee was added? Thank you very much for your assistance.",card_payment_fee_charged,non_native_speaker
dd2dc9e3-49ea-454c-af90-a427f07425a4,Unexpected card charge on last purchase. How refund?,card_payment_fee_charged,short_wording
e00ac91c-b8aa-43b3-a66a-f3c8647e6233,"Unexpected fee on payment statement, need explanation.",card_payment_fee_charged,short_wording
6a932f5d-7ee5-4975-b3b5-eb05ee91c6b6,Unexpected fee on card payment? Need explanation or refund.,card_payment_fee_charged,short_wording
3ac33f5b-2988-49c0-b2b5-0a5f780e8e93,"Unexpected card fee

Hello, I noticed an unexpected charge from my recent payment. Could you explain this extra fee? Thank you!",card_payment_fee_charged,short_wording
17a5f41d-6c80-43af-9fa3-67da2eaabf67,Unexpected fee on recent card payment. Need clarification.,card_payment_fee_charged,short_wording
a1b83c4f-bdba-4662-a4f6-374aa8fd0fd1,Unexplained card fees charged?,card_payment_fee_charged,short_wording
4a92de6e-920e-404c-99fe-9bfb801351d7,"Hey! I’m absolutely livid right now, okay? I tried to buy groceries for my kids yesterday with my card like a normal person at this blasted checkout counter, and guess what? It's got the nerve not to work! Now tell me, why in the world is it acting all secretive when I'm trying to pay for stuff that’s in front of me?! This is ridiculous. Fix it already or give me a damn new card today because this nonsense ain't funny at all!",card_payment_not_recognised,angry_layperson
fa57d6d3-a716-4c87-8eec-471956fb8bdb,"Hey, listen up! I tried buying a friggin' coffee this morning with my card, and it just flat out refused to work! This is ridiculous—I've used that card like a hundred times before without any trouble at all. What's the deal? Is it some kind of joke?! Fix it now or else I'm hopping on the next train to customer service hell!",card_payment_not_recognised,angry_layperson
f207ea4f-4b0e-4940-abcc-f8ac80317da3,"Listen here, I just tried buying my groceries, and guess what? My card got laughed at by this stupid machine! It didn’t even recognize it! How hard is it for a piece of plastic to do its job? It's not like I'm pulling a fast one or anything. Give me a damn straight answer, why isn't it working, huh?!",card_payment_not_recognised,angry_layperson
23f22c2e-cd5d-4fa5-8255-c02ca4dadc40,"Hey, listen up! My card just straight-up refused to work at the store. It's been acting like a dead piece of plastic for no good reason! I've had this damn thing forever, and now every time I try paying, it throws a fit and gives me some lame excuse that my payment isn’t going through. Can't you people fix your blasted system already? Why can't they just swipe the card without all this drama? It's not like I'm trying to rob a bank here!",card_payment_not_recognised,angry_layperson
40eb2f4d-0ac3-4122-a655-aeafcd9b98e5,"Hey, listen up! I'm absolutely furious because every time I try to pay with my card at some store, it just flat out snubs me like I'm a nobody, not even recognizing it! It worked fine last week, but now it’s giving me the cold shoulder. What the hell is going on? Fix this mess immediately!",card_payment_not_recognised,angry_layperson
1c7526ea-c7f3-4e9c-a554-f2686e0218bb,"Oi, listen up! Every flipping time I try to buy something at the store or online, my card gets a no-show, like it's on some secret vacation without me! What kind of rubbish is going on with your system? Can you sort this mess out already? I'm sick and tired of all these blunders. Fix it!",card_payment_not_recognised,angry_layperson
178ad382-8a90-4667-a9b3-f57f12e134a3,"I can’t believe this happening again! Tried my card at store, payment didn’t go through. I swear I have money! What’s going on?! Urgent! Need help now! Can’t do transactions today like this!! Please fix fast, big problem here!",card_payment_not_recognised,panicking_emergency
48fb80ea-c2d9-4d36-92b1-b221615168bf,Got my card out at store tried it multiple times no luck! Screen says can’t process payment now what's happening I have bills waiting I'm so stressed urgent help needed plz,card_payment_not_recognised,panicking_emergency
6bd107bd-2f66-4e8e-9ee2-d173aa6d620f,"Card not working at checkout! Tried multiple times, nothing happening. What’s going on? Need help, my shopping is stuck mid-transaction, this is urgent! Is my account frozen or what? Please fix ASAP!!!",card_payment_not_recognised,panicking_emergency
58f6876d-ad5d-4a23-b39f-6a261c931b87,"This is urgent! I tried using my card just now at a store payment terminal. It didn’t work, nothing happened. Completely stuck now. This was for an emergency purchase. I need this sorted immediately—what do I do?",card_payment_not_recognised,panicking_emergency
8a19649c-f73d-491a-b2f1-cedfa8d8a1e2,This is urgent my card isn’t working at checkout got no time what’s going on is there something wrong with my account need help right now please tell me how fix this,card_payment_not_recognised,panicking_emergency
cabadd37-1dff-4ebf-8a23-e3c32a26305b,URGENT NEED HELP CARD DECLINED AT CHECKOUT PANIC CAN'T MAKE THIS PURCHASE STORE CLOCKED ME OUT EVERYONE WATCHING WHY IS MY CARD NOT WORKING PLEASE EXPLAIN ASAP WHAT'S GOING ON WITH MY ACCOUNT AM IN MIDDLE OF EMERGENCY SHOPPING FOR BIRTHDAY PARTY GIVE ME AN ANSWER NOW THANKS,card_payment_not_recognised,panicking_emergency
de3c245f-7a9b-4a08-bd15-1e76d0c6d3df,"I hope this message finds you well. I am reaching out to inform you of an inconvenience encountered during a recent transaction attempt with my debit card. Despite ensuring that all details were accurately entered, the payment was not successfully processed. This issue has arisen on multiple occasions over the past week, affecting both online and in-store purchases. 

I would greatly appreciate your guidance or advice regarding potential causes for this situation and the steps I may need to undertake to rectify it at your earliest convenience.

Thank you very much for your attention to this matter.",card_payment_not_recognised,polite_expert
0ed6f67a-5f87-4fd8-8208-2c57d888a0cf,"Good day,

I hope you are doing well. I am writing to bring to your attention an issue that has arisen recently during my transactions. It appears that when attempting a card payment, the terminal was unable to recognize or process my card, despite its validity and sufficient funds being available in my account. Could you kindly assist me in addressing this matter at your earliest convenience? 

I am looking forward to your guidance on how best to resolve this issue promptly.

Thank you for your attention to this matter.

Sincerely,

[Your Name]",card_payment_not_recognised,polite_expert
dafa4e84-38a8-4552-8743-3edb2b60da01,"Dear [Bank Name] Customer Service,

I hope this message finds you well. I am writing to bring to your attention an issue that has arisen during a recent transaction attempt using my bank-issued card. It appears that the payment processor was unable to recognize or authorize the card, leading to the transaction being declined. I have already verified that there are sufficient funds available in my account and all pertinent card details have been entered accurately. I kindly request your assistance in identifying any potential cause for this inconvenience and guidance on resolving it at your earliest convenience.

Thank you very much for your attention to this matter.

Yours sincerely,

[Your Name]  
[Account Number, if preferred for reference purposes]",card_payment_not_recognised,polite_expert
41586157-a55b-495c-8208-22f85e12dfb3,"Good day,

I trust you are well. I must bring to your attention a matter regarding a recent transaction attempt that was not duly processed by my card. Despite ensuring that all necessary details were accurately entered, the payment system did not recognize the card information provided.

Could you kindly assist in clarifying why this may have occurred and guide me on how best to rectify this situation?

Thank you for your prompt attention to this matter. I look forward to resolving it with your esteemed assistance.

Yours sincerely,

[Your Name]",card_payment_not_recognised,polite_expert
8f58e03e-4f23-4d0d-ad36-051fff609b6c,"Dear [Bank Representative],

I am writing to bring to your attention an issue I encountered during a recent transaction attempt. Despite having sufficient funds within my account, my card was not accepted at the merchant's terminal. The error message indicated insufficiency of funds, which I am certain is inaccurate, as confirmed by my end-of-day balance and subsequent transactions that proceeded without issue.

I would be most grateful if you could investigate this matter to identify any potential discrepancies or anomalies within your system that may have led to this erroneous transaction refusal. Additionally, should there be any temporary alerts or holds on my card, I kindly request clarification and resolution thereof at the earliest convenience.

Thank you for your attention to this matter, and I await your prompt and detailed response.

Yours sincerely,

[Your Full Name]
[Account Number]",card_payment_not_recognised,polite_expert
8392a795-5ad1-4b8a-abc7-933a0923e322,"Dear Customer Service,

I hope this message finds you well. I am writing to bring to your attention an issue I have encountered with a recent transaction using my card. Despite ensuring that all necessary details were correctly entered, the payment was unfortunately not recognized by your processing system. This has caused some inconvenience, and I would be most appreciative of any clarification or assistance you could provide regarding this matter.

Yours sincerely,

[Your Name]",card_payment_not_recognised,polite_expert
543b5658-a029-4d2b-be64-700720ed8715,"Hey, so like, I tried swiping my card for a quick snack, but it was like ""nah bro,"" didn’t even try. What's up with that? 😒 Could you peep into this and sort it out ASAP? Thanks! 🙏",card_payment_not_recognised,gen_z_slang
7b6f278a-5f0b-4d07-828e-d1922c53a635,"Hey, so I was just trying to slide through a payment with my card, but it's like it straight up ghosted me lol. Any idea why my card is acting all MIA when I try to use it? 🙃",card_payment_not_recognised,gen_z_slang
42a6abf9-e171-4eff-9e82-0b11e867cf81,"Hey, so I was trying to buy some new kicks online, but my card just kept bailing on me. Like, every time it said payment failed for no reason! Ugh, can you check what's up? 😩💸 Thanks!",card_payment_not_recognised,gen_z_slang
7d9158dd-1be7-4abd-ad86-23c3127218c8,"Hey, so like I was trying to buy some new kicks online but my card got ghosted on me? Like, totally not vibing with the payment thingy 😒 Any idea why this is happening? Could be urgent bcuz I'm watching all those discounts disappear. Thanks a bunch! 🙏",card_payment_not_recognised,gen_z_slang
b00927dd-7f48-4e05-b251-473c1edb5a5b,"Hey, so like, I was trying to buy something online with my card, but for some reason, it totally ghosted me and didn’t work at all 🙄. It’s been acting all sus and hasn’t let me make a purchase yet. Any ideas on what's up? Is there a glitch or is my card just being extra needy at the atm rn? Help plz!",card_payment_not_recognised,gen_z_slang
1296d13f-d415-4194-bc54-39f447076767,"Hey, so like, I tried to buy some cool sneakers online but my card's just not vibing with it. It’s acting all high and mighty saying ""nah fam, that ain’t happening."" Could you peep what's up? Need it sorted ASAP so I can finally get those kicks! Thanks a bunch! 😅",card_payment_not_recognised,gen_z_slang
32bcfb74-23ed-483b-9fcc-a0262455bde8,"Hello! I try make buy thing but my card not work. It say ""Sorry, payment no go."" Can help me? Please fix so I use card again. Thank you!",card_payment_not_recognised,non_native_speaker
f9ac5ff1-1ac4-4efa-9fc5-5743fa629f92,"Hello, I have a small problem. My card not working when I try payment. It say ""payment not recognised."" Please help me now? Thank you!",card_payment_not_recognised,non_native_speaker
85cc851f-3d88-4889-a36f-867475838fb5,"Hello,

I try make payment with my card, but it not work. It says something wrong, maybe card is not recognised? Please help me fix this problem.

Thank you much!",card_payment_not_recognised,non_native_speaker
7be4507f-fdae-44df-a0ef-71e6597e37f7,"Hello! I send money for shop buy, but my card is not accept. What happen? Is something wrong with my account or bank system? Please help me fix this problem. Thank you very much!",card_payment_not_recognised,non_native_speaker
3335c933-57ab-42f2-b5a9-fee9817791f2,"Hello, I am sorry for trouble. My card not work when try at shop. It say no recognized. What do now? Please help me. Thank you!",card_payment_not_recognised,non_native_speaker
6e66d5a6-e42c-4685-a29a-9ec34a2b0007,"Hello, I need help please. Yesterday, try pay bill with card but bank not see my payment. I don't understand why this happen. Can you check? Thank you!",card_payment_not_recognised,non_native_speaker
010696c1-f47a-481d-b63d-55a650fe19d1,Card decline issue on purchase,card_payment_not_recognised,short_wording
78f818f7-cbee-41b4-87e6-8a921557bb68,"Payment declined, card not recognized. Tried again?",card_payment_not_recognised,short_wording
b3151cd5-4fd5-4086-beb8-2ecbbad12e10,"Payment failed, card not recognized. Tried again, still no go. Need help ASAP.",card_payment_not_recognised,short_wording
11c52c54-0957-41aa-9abb-d5af6f5c51fd,"Payment declined at store, card fine? Need fix now.",card_payment_not_recognised,short_wording
b86d0ff5-48ef-4429-872d-7ccd28c7bc27,"Hi, card declined today. Need help. Thanks.",card_payment_not_recognised,short_wording
0c84e4d4-9b43-4a8c-abc0-1bf67183a5ba,"Card payment declined, help needed.",card_payment_not_recognised,short_wording
4b352448-880a-4b43-9cbc-af3d960958b8,"Hey, listen here! I just got charged an insane amount when I tried buying that pair of shoes from your website using my card. It's like you've made up some crazy exchange rate out of thin air! I'm talking a price hike that makes no sense at all compared to the normal rates. This isn't the first time this has happened, and it’s costing me big time. Fix it NOW or there will be hell to pay over your customer service line!",card_payment_wrong_exchange_rate,angry_layperson
4199360b-1238-4843-87fd-2a697e6fa702,"Hey! Listen up, I need to get something straight here. I just tried buying stuff online from another country, right? But my bank charged me with some crazy exchange rate that skyrockets the cost! It was way more than what it should've been, and now my bill looks like I'm paying through the nose for what's a small purchase! How does this even happen? Fix it, will you?!",card_payment_wrong_exchange_rate,angry_layperson
68b60a0d-76cc-41db-80ac-4b9ffd397247,"Listen up, I've got a bone to pick with you folks! My card just went bonkers overseas and charged me a ridiculous rate – like they're trying to swindle an extra chunk of change from my wallet! This ain’t right, it's daylight robbery! I need this sorted out now or there’s going to be hell to pay. Fix it fast!",card_payment_wrong_exchange_rate,angry_layperson
0c168b2f-bb2f-4a1b-bc85-c38469cdfb9e,"Hey, listen up! I just used my card for a purchase abroad, and they charged me an insane amount of money because some ridiculous exchange rate was applied. It's like daylight robbery! How hard is it to get it right? Fix this mess now or I'm taking this thing straight to the media!",card_payment_wrong_exchange_rate,angry_layperson
9736e50c-e4bf-4dfd-8f3c-1bca982a2bff,"Oi, listen up! My card just charged me a fortune on an overseas purchase, and it's got nothing to do with the actual rate! What kind of rip-off is this?! I’m not paying through my teeth for some dodgy ""exchange rate"" you've cooked up. Fix it now or else I'll be dragging your sorry behind over to customer service and making a big fuss about it!",card_payment_wrong_exchange_rate,angry_layperson
bb556bc7-8adc-4b6c-b2a5-49e7fcaf1e5d,"Listen here, I'm absolutely livid! I used my card for a purchase thinking the exchange rate would be fair, but guess what? They've ripped me off with some crazy high rate! This is total daylight robbery! Fix this mess now and make sure it doesn’t happen again. I shouldn't have to pay because someone decided to swindle their customers with bogus rates!",card_payment_wrong_exchange_rate,angry_layperson
d132ee2e-c802-4d79-8967-d0bad759d4d4,I can’t believe what just happened my card got charged way too much I was buying stuff overseas exchange rate was all wrong they took so much more money now I need help right away this is ridiculous please get someone on this fast!,card_payment_wrong_exchange_rate,panicking_emergency
4bf1ceba-9092-4f93-83ab-c513da6377f6,"Help! My card payment used wrong exchange rate paid too much overseas money transfer urgent fix needed immediately! What's happening?! I can’t afford this mistake. Need explanation ASAP, please respond quickly!",card_payment_wrong_exchange_rate,panicking_emergency
90aee335-8dd1-4fa7-8a9a-58f42c6baf46,Hi I need help My card was used for a purchase overseas The exchange rate applied is way off Higher than expected Got charged too much Can you fix this ASAP? This is urgent!,card_payment_wrong_exchange_rate,panicking_emergency
f95d6824-22a7-4b2d-bf91-9b05eface4c2,Help! Urgent issue with recent card payment wrong amount charge foreign transaction massive difference not what I expected huge fee mistake need immediate correction bank contact fast lost trust in system please assist quickly!,card_payment_wrong_exchange_rate,panicking_emergency
a2873fbf-335d-4fc6-8e6b-fabb931b7a97,I can't believe this my card payment just went through at a crazy high rate I didn't even see the exchange amount was way more than expected now what do I do it's so stressful they need to fix this right away I'm freaking out!!!!!!,card_payment_wrong_exchange_rate,panicking_emergency
b9834c6d-e97a-4fa1-ad85-6a37cae1e441,URGENT HELP NEEDED! WRONG EXCHANGE RATE APPLIED MY CREDIT CARD PAYMENT JUST HAD ONLINE PURCHASE INTERNATIONAL AMOUNT SHOCKINGLY HIGH NEED TO RESOLVE IMMEDIATELY PLEASE HELP ASAP DISASTER ON HAND,card_payment_wrong_exchange_rate,panicking_emergency
5023b09e-2b1a-4e19-aa05-e7bfd5e51c37,"I trust this message finds you well. I am writing to bring to your attention an issue that occurred during a recent international transaction via my card, where it appears there was a discrepancy between the exchange rate applied and the prevailing market rates at the time of the transaction. This variance resulted in an unexpected charge on my account statement. 

I would greatly appreciate your expertise in reviewing this matter and providing clarification or rectifying any errors associated with this exchange rate difference. Your swift attention to this concern is highly valued, as it pertains directly to maintaining the accuracy of my financial records.

Should there be additional information required from me, I am readily available to assist in this process. Thank you for your assistance in resolving this matter efficiently and effectively. 

Warm regards,

[Your Name]",card_payment_wrong_exchange_rate,polite_expert
3a085622-b886-4fe7-8abb-97847fc5a37b,"Dear [Recipient's Name],

I trust this message finds you well. I am writing to address an issue I recently encountered with a transaction involving foreign currency exchange. Upon reviewing my account statement, I observed that the currency conversion rate applied during my recent international purchase did not align with the prevailing market rates at the time of the transaction. I would greatly appreciate your assistance in investigating this matter, ensuring any discrepancies are promptly rectified.

Thank you for your attention to this matter.

Yours sincerely,

[Your Name]",card_payment_wrong_exchange_rate,polite_expert
8f9fffd7-94b3-4b63-9a9f-30a0cde1aedf,"Dear [Your Name],

I hope this message finds you well. I am writing to report an issue concerning my recent card transaction, wherein the applied exchange rate does not align with the expected market value at the time of purchase. This discrepancy has resulted in an incorrect amount being charged from my account.

Would it be possible for your esteemed team to review this matter and provide guidance on how best to resolve this situation? I appreciate your prompt attention to this issue and look forward to your assistance.

Yours sincerely,

[Your Full Name]  
[Your Contact Information]  
[Account Number or Relevant Reference]",card_payment_wrong_exchange_rate,polite_expert
66508fd5-f34a-4037-8389-a7bf7ce0d45d,"I am writing to bring to your attention an issue that recently transpired regarding a transaction I completed using my bank card internationally. Upon reviewing my statement, I observed that the amount charged reflected a foreign exchange rate considerably different from the expected conversion at the time of the transaction. It would be profoundly appreciated if you could investigate this matter and provide clarity on the applicable exchange rates utilized, as well as guidance on any steps necessary to rectify this discrepancy.

Yours sincerely,

[Your Name]",card_payment_wrong_exchange_rate,polite_expert
80078479-c343-4991-b3c5-d493f1e7554f,"Subject: Discrepancy in Currency Conversion Rate on Recent Transaction

Dear [Bank's Support Team],

I trust this message finds you well. I am writing to bring to your attention a matter concerning my most recent international transaction processed through my credit card, which appears to have been executed at an unfavorable exchange rate. Upon reviewing the details of said transaction, it became evident that the conversion rate applied does not align with the rates typically available on the market during the time of processing.

This deviation has resulted in a financial discrepancy, prompting me to seek clarification and resolution from your esteemed institution. I kindly request a thorough investigation into this matter and any possible adjustments or reimbursements that may be warranted given these circumstances. 

Your prompt assistance in resolving this issue would be greatly appreciated. Please inform me of the necessary steps I must undertake to facilitate this inquiry.

Thank you for your attention to this matter, and I look forward to your guidance.

Yours faithfully,

[Your Full Name]
[Account Number]",card_payment_wrong_exchange_rate,polite_expert
6f5f5c27-d951-4890-9bbc-943a5b8acefc,"Dear [Customer Name],

I trust this message finds you well. I am reaching out to bring to your attention a concern regarding a recent transaction conducted via your card, whereupon reviewing my statements, I noted that the exchange rate applied did not align with the prevailing rates at the time of the transaction. This discrepancy has resulted in an unintended charge differential. 

I would greatly appreciate it if you could assist me by providing further clarification on this matter and guide me through any necessary steps to rectify or clarify these charges. Your prompt assistance in resolving this issue will be highly appreciated.

Thank you for your attention to this matter.

Yours sincerely,

[Your Name]  
[Contact Information]",card_payment_wrong_exchange_rate,polite_expert
8b679759-1cca-48a8-b88a-68e28f5455b1,"Hey! So, like, I just made a purchase abroad using my card, but ugh, the exchange rate they used was totally whack 😒 It's way different from what I saw on Google or any other site. Can you help me sort this out? Thanks! 🙏",card_payment_wrong_exchange_rate,gen_z_slang
1eb9b19f-0af5-4e2c-97fd-3812b1d45133,"Yo, so like, I recently tried buying some stuff online from another country using my card, but the exchange rate they charged was way off? It’s giving me vibes that something ain’t right with the conversion rates or whatever. Can you help sort this out ASAP? Thanks! 🙃",card_payment_wrong_exchange_rate,gen_z_slang
d987a91c-af68-4503-9c83-26e19d38e28c,"Heyo 😅,

So here's the sitch: just tried to snag a pair of kicks from an overseas shop using my card, but like, the charge was way off 🙄. I guess they used some whack exchange rate and it blew up my monthly spend limit. Cmon banks, even Gen Z expects better than this! Can you pls check what went down? Thx a mil! ✌️",card_payment_wrong_exchange_rate,gen_z_slang
7c75b72f-6d23-4dd0-8e17-8d0b7bb8599b,"Hey! So, I just checked my card statement and noticed the exchange rate for a recent purchase abroad was wild AF 🙄. It looks like I got totally snookered on the rate compared to what other peeps are getting. Can you help me sort this out? Thanks! 🙏",card_payment_wrong_exchange_rate,gen_z_slang
d1dcccd1-2aba-4b53-ad8d-0c56b65e12d2,"Hey, so I bought some snacks from this UK shop online using my card, and OMG, the exchange rate was like super off? It charged me way more than expected when converted back to NZD. Can we sort this out ASAP, plz? 🙏🤔",card_payment_wrong_exchange_rate,gen_z_slang
af7a7861-196c-45a9-b629-76d51943c043,"Hey! So guess what? I just made that cute latte online while traveling, but my card charged me like waaay more than expected cause of some whack exchange rate 😣 Like, why did they even change it without telling us?! Could you check this out for me and sort it ASAP? Thanks a bunch! 🙏",card_payment_wrong_exchange_rate,gen_z_slang
cc488e8b-b39e-487c-a418-5dac75da620b,"Hello, I hope you are doing good. I have a small problem today with my card payment. When I made a purchase outside my country, they charge me more money than usual because of exchange rate? It seems wrong to me. Can you please help me understand why this happened and what can be done about it? Thank you very much for your help.",card_payment_wrong_exchange_rate,non_native_speaker
aae78a6b-0c68-4760-ae5f-d9df9f7c5c5a,"Hello, I hope you good day! I am sorry for problem… When I made a payment outside with my credit card, the money from exchange rate looks wrong big. Amount higher than expected. Can you help me understand why happen? Thank you very much.

What is next step to find out and maybe fix this problem? Please let me if need more details or what did. Thank you!",card_payment_wrong_exchange_rate,non_native_speaker
3d5237ef-67fe-40ba-910b-799a4e1391c8,"Hello, I have a problem with my card payment. When pay online for foreign shop, they give me wrong money change rate. My bill too much high because of this. Can you please check why? Thank you!",card_payment_wrong_exchange_rate,non_native_speaker
c1702eb2-3d68-4382-8bea-19218540440f,"Hello, I need help. My bank card charge me more money for buy things in other country. The rate they use not seem correct. Please can you check this? Thank you!",card_payment_wrong_exchange_rate,non_native_speaker
329757cb-aea1-4d1f-bba1-03ef8e2a8556,"Hello,

I make card payment yesterday for holiday trip. I see money take more than normal rate exchange. This not correct, no? Can you help me look into this please?

Thank you!",card_payment_wrong_exchange_rate,non_native_speaker
898ca297-4ffc-4413-b479-da26c4d0f412,"Hello, I hope today good day for you.

I have some small issue. When I use my card to pay in other country, money get more than expected. The change rate not look right, so paying become very big amount. Can you help fix this please? Thank you so much.",card_payment_wrong_exchange_rate,non_native_speaker
2649fae9-932a-4f90-afd9-49a027d5059a,Wrong rate on foreign card payment,card_payment_wrong_exchange_rate,short_wording
22e200ff-dc41-4339-8bed-1d9a4c254f72,"Wrong exchange rate

Online purchase  
International charge  

Higher cost than expected  
Billing error noticed  

Please clarify?  
Need adjustment or refund option  

Was it a big difference?  
Could you look into this issue for me, please?",card_payment_wrong_exchange_rate,short_wording
afe54a18-ed53-4a88-a76d-4c18ce197e20,Wrong exchange rate on card payment. Need help!,card_payment_wrong_exchange_rate,short_wording
fec327da-6b31-4600-85f7-3a7c3215ddc4,"Payment exchanged incorrectly. Wrong rate used? Urgent help needed with card fees, please advise.",card_payment_wrong_exchange_rate,short_wording
268bf74c-4bb4-4020-8a73-0fdec30e2b51,"Wrong rate on card payment

Transaction fee high, expected lower exchange",card_payment_wrong_exchange_rate,short_wording
6e51fb43-c8dd-4d3f-8adb-9edef2b4bdf0,Wrong rate on card payment: overseas purchase,card_payment_wrong_exchange_rate,short_wording
110097b1-f04f-4cae-abd7-9c9ed091b612,"Listen here, I just went to grab some grub at my favorite joint, swiped my card like always, and now it's stuck in your godforsaken machine! What kind of joke is this? I'm literally out with kids and no cash or card! Fix this mess right now, 'cause I’m not walking around without a way to pay for anything. Get on it or else I'll be yelling your name at every customer service desk in the city!",card_swallowed,angry_layperson
a374cbbe-dba6-4cfd-a136-9c0e9f1fb0d9,"What the hell is going on with my dang debit card? I pulled it out from that stupid ATM, and now you've swallowed it whole! Ain’t nobody got time for this crap! Fix it NOW or I swear I'm switching banks tomorrow!",card_swallowed,angry_layperson
58adf122-d154-45ad-b149-f329eef4b719,"Oh man, seriously?! Your stupid machine totally ate my card! Where's that bloody piece of plastic now? This is like the third time this month—do better than sucking up my money along with my card!",card_swallowed,angry_layperson
0ab4ced7-e633-42f9-abf4-8deabcda861b,"Hey! My card just got eaten by that greedy ATM machine, AGAIN! How am I supposed to get my cash now? Can someone sort this out pronto or what!? This is getting ridiculous, like every time something has gotta go wrong with your machines. Do better, will ya?",card_swallowed,angry_layperson
40b76f49-463b-4041-926b-39ab27c0eb9c,"Hey! What the heck is going on with my ATM? I put my card in just fine, and it's like a black hole swallowed it whole! How am I supposed to get my cash now?! Fix this mess ASAP or I'm gonna lose my cool!",card_swallowed,angry_layperson
edcbdcd5-e9c4-4c0d-9e53-deb0af6d3dc8,"Hey, listen up! My card just got stuck in that damn ATM machine at the corner of Main Street like some damn chew toy and now I can't get it back out! This has never happened before and it's super annoying. Can you guys sort this out right away because I need my money to pay my bills today? What a mess!",card_swallowed,angry_layperson
48a05b2a-dbc9-4914-8296-96fc62feea4e,Urgent need immediate help! Just went through machine ATM card got stuck inside now can’t get it out no idea what to do feeling helpless lost without that card money nowhere to be found please call me right away got to resolve this fast!,card_swallowed,panicking_emergency
542e9eae-170e-479b-b04a-cb712d363af7,"Card swallowed at machine! Need money urgently now! What do I do? Can’t buy groceries for kids, panic! Help me fix this fast!",card_swallowed,panicking_emergency
a42a1975-57df-4941-aff6-abd0ccdf9199,just walked into atm card got stuck inside can’t get it out need help fast won’t be able to pay bills cash gone at store no access to funds what do i do now? bank number please urgent!,card_swallowed,panicking_emergency
0ac27463-90ed-414d-a4e3-47f17b3e54cb,Card just got stuck machine won’t spit it out what do I do panic not enough need money NOW please help get it back fast!,card_swallowed,panicking_emergency
ed6f84ee-364f-4a58-8e7b-01c3132166af,"Card just got swallowed by atm machine! Money needed emergency funds right now! What do I do? Please help quick! Can’t reach atm anymore, total panic!",card_swallowed,panicking_emergency
4d6b0742-8028-49a7-8547-8c597b0ae5fa,Ugh where is my card at atm swallowed right in front of me panic need help now bank can you unlock account I can’t pay bills need urgent response pls!!!,card_swallowed,panicking_emergency
7c2f733a-88ad-4363-b1ae-5f36cbfa23b4,"Dear Customer Service Representative,

I hope this message finds you well. I am writing to bring a matter of some urgency to your attention regarding an inadvertent retention of my bank card by one of your automated teller machines during my most recent visit. The machine has failed in dispensing the card post-transaction, leaving me without access to it and its associated funds.

I would greatly appreciate your prompt assistance in resolving this issue swiftly, perhaps by arranging a retrieval or issuing a replacement as necessary. Please inform me of any procedures I must follow or documentation required for expedited resolution.

Thank you very much for your attention to this matter. 

Sincerely,

[Your Name]",card_swallowed,polite_expert
42a20116-7ad3-4d37-af39-b43b9d3e31fc,"Dear Esteemed Customer,

I hope this message finds you well. I am reaching out to inform you of a recent occurrence with one of our automated teller machines, where, regrettably, my debit card appears to have been retained by the device post-transaction attempt. While I had completed all necessary steps for withdrawal and verification, upon attempting retrieval, I was unable to regain possession of my card from the machine.

I kindly request your assistance in resolving this matter promptly. Please advise on the appropriate process to follow for reclaiming my card or issuing a replacement if necessary. Additionally, please inform me of any relevant documentation that may be required to facilitate this procedure smoothly.

Thank you in advance for your attention and support.

Yours sincerely,

[Your Full Name]  
[Account Number/Identification Details]  
[Contact Information]",card_swallowed,polite_expert
3d113720-93ca-4dae-82cd-9d178b3ba76e,"Dear Esteemed Customer,

I hope this communication finds you well. I am writing to inform you of a recent occurrence where my debit card was inadvertently retained by an Automated Teller Machine during a transaction attempt at [Location] on [Date]. Consequently, I have not been able to retrieve it and am concerned for its prompt resolution as it is integral to my financial activities.

I kindly request your assistance in rectifying this matter at the earliest convenience. Furthermore, if there are any interim measures you could suggest to ensure minimal disruption to my banking operations, I would greatly appreciate your guidance.

Thank you for your attention to this matter. Your prompt response is highly anticipated.

Warm regards,

[Your Name]  
[A/C Number]  
[Contact Information]",card_swallowed,polite_expert
d4cd5f79-745e-4f21-bbca-f40f14028e7e,"Dear Banking Support Team,

I am writing to report an issue I encountered with my debit card during a recent transaction at an ATM. Regrettably, upon completion of the operation, the machine retained my card instead of returning it as anticipated. As this situation pertains to the accessibility and security of my financial instrument, I kindly request your urgent assistance in addressing and resolving this matter.

Yours sincerely,

[Your Name]  
[Your Account Number]   
[Contact Information]",card_swallowed,polite_expert
4a83ad9f-36c2-4e21-8903-e609caf4dc53,"Dear Customer,

I hope this correspondence finds you well. I am writing to bring to your attention an issue pertaining to my recent interaction with a banking ATM; specifically, during the transaction process, the machine retained my card without dispensing it as expected. If it would be agreeable, might you please furnish me with guidance on the appropriate steps for retrieving my card and any necessary measures I should undertake to ensure continuous access to my banking services?

Thank you in advance for your prompt assistance.

Yours faithfully,

[Your Name]  
[Account Number - Redacted for Security Purposes]",card_swallowed,polite_expert
907b6f03-cc9e-4c56-ac6f-dc77739b1413,"I regret to inform you that during my most recent transaction at an ATM, my debit card was retained by the machine. I kindly request guidance on the steps necessary for retrieving my card, as well as any pertinent information regarding any implications this occurrence may have on my account security or pending transactions.

Warm regards,

[Your Name]",card_swallowed,polite_expert
1f4835da-725f-4b96-acf3-0e5b09fb34de,"Yo, so I was just chillin', trying to snag some drinks from the store, right? But like, my card didn’t even budged when I swiped—totally disappeared into the machine. It’s all kinds of ghosted on me now! 😒 Can you guys help sort this out ASAP? Thanks a bunch!",card_swallowed,gen_z_slang
a8abd4c2-e9ac-4c42-b827-a7deda81c927,"Hey! So like, I was trying to grab a coffee and BAM! My card got sucked into this stubborn ATM. 😤 Now what do I do? Need to sort this ASAP 'cause I'm not about that broke life, fam! Help a sister out, will ya? 🙃",card_swallowed,gen_z_slang
14bf4a8d-d021-4541-90dd-56845e88d558,"Yo, so I was just vibing at my fave spot and tried to pay for a snack, but like, my card just got chomped by this ATM machine. It's totally stuck inside now and not coming out. Could you sort that out ASAP? Thanks a mill! 🙌",card_swallowed,gen_z_slang
2f19cbb8-b0c8-4100-a220-0a93901726ab,"Yo, so like, I went to grab a snack at that 24/7 shop around the corner 🙈 and swiped my card through the machine – BAM! And now it just took it and didn’t spit it back out. It’s totally stuck in there or something 😤. Can you help sort this mess? Thanks, fam!",card_swallowed,gen_z_slang
15b818cc-0eb8-4efc-b439-7a8745f2afb0,"Yo, so like, I went to grab some snacks at the 24/7 and boom, my card just stayed put? It's chillin' inside the machine now 😬 Like, what do I even say when I gotta go there again? Need help ASAP. 🙏",card_swallowed,gen_z_slang
9c3b4e13-e920-466e-a325-a73c05df920d,"Yo, so like, just grabbed a bite at my fave place and BAM! My card got eaten by that damn atm machine. Any idea what’s up with that? Could really use some help getting this sorted ASAP! 🙃",card_swallowed,gen_z_slang
6f48e306-5da4-4af0-9f87-b114057c5445,Hello! I am have small problem with my bank card. Machine take card but not give back. It just swallow card. Can you help me get it back or tell what happen next? Thank you very much.,card_swallowed,non_native_speaker
5b65426e-343f-4bcd-bda8-5c03446365b1,"Hello, I have issue with my card. At ATM machine, I insert my card, but machine eat it. It not give back card. This problem happened twice now. Can you help me? Thank you!",card_swallowed,non_native_speaker
8683b294-8645-4445-b38d-21243d8d5818,"Hello, I have a problem with my card. I put it in an ATM machine for cash, but now it stay inside. I need help to get my card back or make a new one please. Thank you!",card_swallowed,non_native_speaker
44df90c7-9d30-4faa-a0e6-3914f5ba9c7c,"Hello! My card... I put in ATM yesterday, but machine eat my card. No card come out. What do now? Thank you for help.",card_swallowed,non_native_speaker
c68f114d-19d9-45d3-a014-7d9218bbefb1,"Hello, my dearest banking friend! I need little help today... My bank card got stuck inside machine when try get cash. Now no see my card. Please you fix this for me? Thank you very much!

Kind regards,
[Your Name]",card_swallowed,non_native_speaker
5686c9ac-ef23-44fa-8086-fad316adba86,"Hello! I very sorry, but my card go into machine at ATM. Now it stuck there, cannot get out. Please help me with this problem, thank you very much!",card_swallowed,non_native_speaker
0580de99-1dbc-4a30-bdd9-dc634ceb64b1,Card stuck machine. Need help.,card_swallowed,short_wording
45ba710b-e343-47b3-9898-a1ce7c5452e1,ATM swallowed card! Need help.,card_swallowed,short_wording
0a67aea0-ba51-4aa9-9b35-cc8628008b8e,"ATM swallowed card. Need help.  
🙏",card_swallowed,short_wording
15fbc1b3-730e-4b30-b612-135d3d425989,"ATM ate card, still inside! Help? Lost.",card_swallowed,short_wording
a1e7d977-86b0-4b73-b3af-ac35ef9d97d8,"Card issue: stuck ATM

Need urgent card return/help!",card_swallowed,short_wording
133b6704-4355-4dcc-9ef0-800ff7db44a4,"ATM swallowed my card. Need help!

--- 

Please let me know if you need further assistance or details!",card_swallowed,short_wording
bd1d0754-730d-4e9d-8a51-9a252daeb941,"What the heck is going on with my account?! I just tried to grab some cash from an ATM, and they've nicked another ten bucks off me! This isn't even my first rodeo—why do I keep getting charged for using my own bloody money? It's robbery at this point! Are you guys trying to make a buck off every breath I take or what?! Fix it now, 'cause if I see one more hidden fee, I swear I'll switch banks faster than you can say ""credit card.",cash_withdrawal_charge,angry_layperson
4444899d-7386-4c05-8c64-f1cc515651b4,"Listen up, I just got slapped with another fee for pulling money out of my own account! How hard is it to let people have their cash without bleeding them dry every time they need some change? Get this fixed immediately or you'll be hearing from me again—loud and clear!",cash_withdrawal_charge,angry_layperson
98ddef8e-8f7d-419f-9d3b-fe800b25c290,"Hey! I gotta vent about something that's got me fuming. Every time I go grab some cash from my account, there’s this sneaky fee popping up like a thief in the night! Why am I being slammed with extra charges just for trying to get hold of my own dang money? This is robbery, not banking service! Fix it or I swear I'm switching banks faster than you can say ""hidden fees""!",cash_withdrawal_charge,angry_layperson
5982f0b8-3ec0-487c-938c-dcd631e5497c,"Hey, what the hell is happening with my account nowadays? Every time I try to grab a bit of cash from an ATM or any machine outside your cozy branch, there's this ridiculous fee just outta nowhere! It’s like you’re pulling money right out of my pocket every single time. Ridiculous and totally not cool! Are we supposed to be happy with these hidden snares just because we need some actual greenbacks from time to time? This needs to stop immediately, or I'm looking elsewhere where they don’t treat customers like walking ATMs for their gains!",cash_withdrawal_charge,angry_layperson
e0ab5eed-3107-4735-91f6-15e90b2304ca,"Listen, I just need my money without you guys dipping your claws into it every time! Paying extra charges for a simple cash withdrawal is ridiculous! You expect what now? I'm not made of money here—sort this out or I’m switching banks pronto!",cash_withdrawal_charge,angry_layperson
c015350a-e73e-4aff-8611-62590fb035e4,"Are you kidding me?! Every time I try to take out cash, they slap me with another fee! It's like they're robbing me blind while standing right there at their own ATM. This is ridiculous! Can someone explain why my money's getting nicked every single time I need a few bucks? Fix it or give me an actual bank that doesn't fleece its customers every step of the way!",cash_withdrawal_charge,angry_layperson
b4c0ea7a-088f-4c38-a5a4-a83bd62a1e09,"Just took out my salary from ATM last night, bank charged me extra this morning! What's happening? Need money for groceries today! Explain now!",cash_withdrawal_charge,panicking_emergency
705f32f2-ad43-406e-8609-cd1d719ba68a,Help I just withdrew cash and they took an extra fee not on my account terms This is completely wrong I need this sorted now my bills are piling up and I can't afford unexpected charges Please explain why this happened urgently,cash_withdrawal_charge,panicking_emergency
07c8394f-85ad-486f-911a-00d0e49f1ec2,"I just tried to get cash from my account at the ATM right? And now there's this huge charge that I never agreed to! What’s happening here? I can’t afford this! Help me fix this immediately, please!",cash_withdrawal_charge,panicking_emergency
06f8c369-0086-400f-9e49-a27809ef9ace,"I just checked my account balance, expecting to see enough for groceries but suddenly there's extra fees taken out after I withdrew cash at an ATM! How can this be happening? I'm running late too, no time to figure this out right now! My money is going down the drain every time I need a bit of it. Please help me understand these charges immediately!",cash_withdrawal_charge,panicking_emergency
0692bddd-4d4d-462e-8f52-7a449c8747aa,urgent need money today bank withdrawal fee too high why? was expecting free access my cash account balance low no other options help please immediate solution needed!,cash_withdrawal_charge,panicking_emergency
cf4f7f0b-cff4-4a6a-a5b0-6c8687e71ed1,Need help urgent! Just withdrew cash and got charged extra unexpected fee!!! Money tight right now can't afford this hit!! Plz fix immediately need my money back!! What’s going on? Please explain fast!!!,cash_withdrawal_charge,panicking_emergency
7587d851-8071-49e8-b0b8-dd08ce90cf3b,"Dear Esteemed Customer,

I trust this message finds you well. I am writing to express my concern regarding an unexpected additional fee that was applied to a recent cash withdrawal transaction conducted from one of our ATM networks. It has come to my attention through your account statement, and I would be most appreciative if we could investigate the matter further at your earliest convenience. Should this charge have been erroneously levied or indeed be part of the standard terms associated with out-of-network transactions, I seek guidance on how best to proceed.

I remain keenly interested in ensuring that all charges reflect my understanding and agreement with the services rendered by our esteemed financial institution.

Yours sincerely,

[Your Full Name]  
[Your Account Number/Reference ID]",cash_withdrawal_charge,polite_expert
6f95a1d9-7d44-465f-8d4c-db2255589d51,"Dear Esteemed Customer,

I trust this message finds you well. I am writing to address a concern that has recently come to my attention regarding your recent transactions. It appears there may have been an application of additional fees during instances where you have accessed funds from ATMs or other banking outlets outside our network.

It is not uncommon for financial institutions to impose such charges to cover the operational costs associated with providing access to cash via third-party services. These fees can vary based on whether the ATM used is within a different bank's system and whether it falls within the confines of your account’s designated terms and conditions.

Should you require further clarification regarding these particulars, or wish to discuss how such charges might be mitigated in future transactions, I would be more than pleased to assist. Understanding our client’s financial practices ensures we can better serve their needs with informed decisions moving forward.

Please feel free to reach out at your earliest convenience so that we may address any concerns you may have or provide alternative solutions which align with your banking preferences.

Yours sincerely,

[Your Name]  
Customer Support Team  
[Bank's Name]",cash_withdrawal_charge,polite_expert
8823d047-091c-4ddc-ba6e-0b00aa8fade4,"Dear Sir or Madam,

I hope this message finds you well. I am writing to bring to your attention a matter concerning my recent banking transactions. Upon reviewing my account statement, I observed an additional fee applied following my withdrawal of cash from an ATM that is not within the network endorsed by our esteemed financial institution. This occurrence was rather unexpected and not clearly anticipated in our initial discussions at the time of opening this particular account.

Understanding fully well that certain charges are applicable for using external ATMs, it would, however, be profoundly beneficial to receive further clarification regarding the specific conditions under which such fees are levied. Furthermore, I kindly request detailed information on any possible avenues to mitigate or avoid these additional costs in future transactions, as they seem somewhat burdensome within the scope of my regular financial activities.

I greatly appreciate your immediate attention and guidance on this matter. Should it be necessary, I am prepared to furnish further details regarding my transaction history for your convenience and thorough examination.

Yours faithfully,

[Your Name]",cash_withdrawal_charge,polite_expert
5b74b8e6-e9f2-4fa8-8d8d-237b870833d3,"Greetings,

I trust this correspondence finds you well. I am writing to convey a concern regarding what appears to be an additional charge on my recent account statement, attributable to the withdrawal of cash from an ATM branch external to our network. It seems there may have been an imposition of fees beyond those typically associated with such transactions at in-network ATMs.

I would greatly appreciate your assistance in clarifying this matter and any potential avenues available for waiving or reducing this fee. Your guidance on optimizing future transactions to minimize similar charges would also be most welcome.

Thank you for your prompt attention to this matter.

Yours sincerely,

[Your Name]",cash_withdrawal_charge,polite_expert
8dda478f-6214-4533-8307-1eec931de5e0,"Dear Esteemed Customer,

I hope this message finds you well. I am writing to address a matter regarding an unexpected levy incurred upon recent transactions from my account, specifically during cash withdrawals at local branches and ATMs that are not affiliated with our institution. It has come to my attention that there is a fee applied for these transactions which was not previously apparent to me. 

I kindly request clarification on the structure and reasoning behind this charge, as well as any pertinent details regarding potential avenues to mitigate or waive such fees in the future. Your assistance in elucidating this matter would be greatly appreciated.

Thank you very much for your understanding and support.

Yours sincerely,

[Your Name]",cash_withdrawal_charge,polite_expert
bbbbd91c-7669-4203-b255-6ddb2dcd88f5,"I am writing to bring to your attention an issue I have encountered with respect to certain charges applied when executing cash withdrawals from my current account. It has come to my notice that there are additional fees being levied beyond the standard transactional costs, and this matter causes me some concern regarding both transparency and potential financial impact. Could you kindly elucidate on these charges in greater detail? Furthermore, I would be appreciative if you could provide information on any possible means of mitigating such expenses. Your assistance in clarifying this situation will be most beneficial to my ongoing relationship with your esteemed institution. Thank you for your attention to this matter.",cash_withdrawal_charge,polite_expert
3911b1e0-18a8-4051-825e-83645cb7b71c,"Hey there! 😅 So, I was like, at the atm y'all know? And they slapped this extra fee on my cash withdrawal. It’s kinda lit but also not when it hits your pocket 💰. Any chance y’all can sort that out or tell me how to avoid getting hit with fees next time? Thanks a bunch! 🙌",cash_withdrawal_charge,gen_z_slang
16d71e6b-ccf6-44bd-9625-8bacb94732ce,"Yo, so I went to grab some cash from my atm like I always do, but then noticed some extra fees tacked onto my account. Like, wth? They're literally sucking me dry every time I hit up an atm that's not linked to my bank. Need a solution ASAP before I'm broke AF! 🙃",cash_withdrawal_charge,gen_z_slang
caae800e-9ac2-409d-9b30-b8398dc9c01e,"Yo, so like, I just tried withdrawing some cash from a spot that's definitely not my usual ATM and bam! Got hit with this random fee out of nowhere. Is there like an easy way around these sneaky charges or something? Would totally appreciate getting clued in on what's up 😅",cash_withdrawal_charge,gen_z_slang
03364f7e-7641-4669-a8f7-fce1ea594a0a,"Hey, so like, I noticed my bank account balance dropped more than expected after I snagged some cash at an ATM. Was just chillin', taking out money and then boom, my statement showed some extra dough gone just for that transaction. Any idea what's up with those fees? Like, c'mon, I barely even had time to get a coffee afterwards. 🙄",cash_withdrawal_charge,gen_z_slang
aebffc6e-ad03-4681-a9bc-edd3984d6758,"Yo, so I just noticed my account's been hit with some extra cash every time I pull money out? Like, isn’t there a better way for us Gen-Zs to save without getting side-charged all the time? 🤔",cash_withdrawal_charge,gen_z_slang
c29c4c88-dd2b-4506-b31a-376e507cdf4f,"Ugh, like every time I hit up the ATM, my bank charges me an extra fee? 😒 Literally paying just to take out MY own money is cray-cray! Can we get a fix for this, or at least some explanation on why it's happening so much?! 🤦‍♀️",cash_withdrawal_charge,gen_z_slang
4199cec0-2a32-4e8f-a3f7-c685ab33a240,"Hello, my friend. I have a small question. When I take money from ATM, they charge me extra money. This make me upset because it not written before. Can you tell why this happen? Thank you very much.",cash_withdrawal_charge,non_native_speaker
0a13fe2c-6de6-49d9-b713-bb0bde78f8a6,"Hello! I need help please. When I take money from machine, there is extra fee. Why this happen? Can we talk about it? Thank you so much for listening.",cash_withdrawal_charge,non_native_speaker
9e9ee892-3faf-4abe-989d-b02fcd28cbd1,"Hello, I have a question. When I take money from an ATM, is there extra cost? I see small charge on my bank statement but not sure why. Please explain simple. Thank you for help!",cash_withdrawal_charge,non_native_speaker
d036ea32-fc10-465b-b50c-b809601345da,"Hello! I need help please. Every time I take money from my card at another bank, they charge me extra money. It's confusing. Why do this happen? Can you tell what fee is and how to avoid it? Thank you very much for your help!",cash_withdrawal_charge,non_native_speaker
d6945c3e-d8e5-44ff-8093-8b4f618ca713,"Hello! I am having issue with money coming out of my bank account. Every time I take cash from ATM, extra fee is there. It's not fair because I thought it was free. Can someone help please? Thank you!",cash_withdrawal_charge,non_native_speaker
29391489-8bd4-43fc-8279-b838290718cf,"Hello! I have a question about money taking out from ATM. Every time I go, they say there is extra fee for my card. Why is this? It not clear to me. Can you help please? Thank you!",cash_withdrawal_charge,non_native_speaker
7c9bb8a2-1eac-43d1-ba54-8c0b741555e3,Unexpected fee on withdrawal? Need explanation.,cash_withdrawal_charge,short_wording
764f6f8e-6508-401b-9810-7e283143823d,Unplanned fees withdrawal? Why?,cash_withdrawal_charge,short_wording
75153f9f-6a76-4403-843a-6b6569d24b65,Charging fee every ATM withdrawal? Need details on extra costs.,cash_withdrawal_charge,short_wording
0388b1d5-36b5-47af-be55-fae02225f12b,"Unexpected fee on ATM withdrawal? Need explanation, remove charge.",cash_withdrawal_charge,short_wording
93e8948a-cfa1-4d71-a088-7a15f1ed8a91,Charge for ATM cash? Why?,cash_withdrawal_charge,short_wording
aad434dc-20cd-4c43-91ec-e49d67ec32e8,Withdraw fee?,cash_withdrawal_charge,short_wording
bb09a75b-d04f-4455-bb3a-0f4b2f5b3174,"Listen, I pulled out some cash from that bloody machine at the corner of 5th and Main like any normal person would, and bam! It doesn’t even show up on my account or whatever! What sorta scammy nonsense is this?! Can someone actually explain what’s going on here? Because right now, it looks like either I don't have as much money stashed away as you think or you're just making a fool out of me. Fix this mess ASAP!",cash_withdrawal_not_recognised,angry_layperson
7fd94f6e-6a1c-4ebe-8772-544c175634da,"Hey! What's going on with my account? I went to draw some cash, slapped down my card like a boss, typed up my pin all slick and quick, and guess what? The blasted machine spat out my bloody card and spat back this stupid message that it doesn't know me. Why the hell can't I get my own money?! It's not rocket science! Fix it now or I'm ringing your manager before you can say ""customer service!",cash_withdrawal_not_recognised,angry_layperson
5f8ff7d3-f477-4752-99c0-8ed83a00e41a,"Hey! Listen up, I've been trying to take out cash from my account for ages at this blasted ATM, and every time it tells me something's gone wrong with recognizing whatever nonsense they think is there! What kind of crap machine is that, huh? My hard-earned money's stuck, and no one's explaining a damn thing to me. Fix it or give me real help, pronto!",cash_withdrawal_not_recognised,angry_layperson
836d332a-db25-45d0-bbb7-ca59b17437af,"Hey, listen up! I went to take some cash out, but the bloody blasted machine just laughed at me or something. It's like it doesn't even recognize my card anymore. Can you sort this out, 'cause I'm not about to waste another minute on this useless contraption!",cash_withdrawal_not_recognised,angry_layperson
7b43d7c2-8437-4569-8dda-22b00d668ce2,"Hey! I just pulled some cash out at an ATM, but my account's acting like it never happened! It’s as if I walked away with nothing! This is getting ridiculous, fix this mess before I lose it completely!",cash_withdrawal_not_recognised,angry_layperson
f5de297b-5473-44fd-aa2a-4a161b887f5e,"Listen here, I just went to my bank machine, trying to take out some cash like any normal person, but guess what? It's acting all high and mighty, telling me there's no transaction! How am I supposed to get by if your machines are playing tricks on me? Get it fixed or else get someone who can explain this junk so a regular Joe can understand it!",cash_withdrawal_not_recognised,angry_layperson
123890e7-fa10-41d3-83ea-13f6c3899ace,I tried to withdraw cash machine says transaction not authorized what is happening my account balance was fine why no money urgent need cash bank support please help immediately,cash_withdrawal_not_recognised,panicking_emergency
6a18c5a6-04db-4aff-8c7f-e2f0b3430524,Need urgent help! Just tried withdrawing cash ATM shows no error but money not showing up account what’s happening my rent due tomorrow need cash now please fix this fast!!,cash_withdrawal_not_recognised,panicking_emergency
8bfaa7ff-84ea-4c9c-883b-557e049c6f48,Need cash now machine swallowed card! Withdrawal didn't come through big problem no money emergencies! Can someone help me get my card back immediately? Lost at bank don't know what do next this is serious urgent!,cash_withdrawal_not_recognised,panicking_emergency
8440e03d-b213-49e5-8d09-c62154d6f56d,I just tried withdrawing cash from my account machine error says I didn’t make a withdrawal help me someone fix this right now got bills unpaid! Can't believe this happening need money now what do I do?,cash_withdrawal_not_recognised,panicking_emergency
7037412c-a5ef-497e-a73d-8a8669276c60,urgent emergency cash machine ate my card no money taken back help how do I get funds now bank branch far my wallet needs me now what steps next urgent pls,cash_withdrawal_not_recognised,panicking_emergency
09025de2-e471-4bdc-b51c-7ae1811fe0df,lost my card at ATM tried cash withdrawal machine didn’t read card now money gone what do I do need help now please urgent fix this fast,cash_withdrawal_not_recognised,panicking_emergency
c1ef8bfd-b9c2-4fb2-9e96-81d24efa36ee,"Dear Valued Customer,

I hope this communication finds you well. It has come to my attention that there may be a discrepancy regarding the recent attempt at accessing funds from an automated teller machine (ATM). Upon reviewing your account activities, it appears that the transaction in question was not successfully processed and consequently has not been reflected within your available balance.

Should this matter concern you, I would like to suggest a few possible avenues for resolution. Firstly, please ensure that all relevant details of the transaction align with those reported by your banking device at the time of withdrawal. Disparities often contribute to such anomalies. Additionally, it may be beneficial to evaluate whether any alerts or notifications from our systems were issued regarding potential holdups on your card.

To better assist you in resolving this issue, I recommend visiting one of our branches where we will verify all pertinent information associated with the transaction directly. Our dedicated team is committed to ensuring that your financial needs are met with professionalism and accuracy.

Please do not hesitate to contact us at your earliest convenience to arrange a suitable time for your visit or if you require further assistance.

Yours sincerely,  
[Your Name]  
Customer Support Specialist",cash_withdrawal_not_recognised,polite_expert
84417c18-61c6-49b2-911a-9e9a85be3e48,"Dear Esteemed Customer,

I hope this message finds you well. I am writing to express a concern regarding an issue I encountered with my recent transaction. Upon attempting to withdraw funds using my banking card, the amount was debited from my account; however, the cash in question was not dispensed by the ATM as anticipated. This discrepancy has resulted in a notable inconvenience, and I would greatly appreciate your assistance in addressing this matter promptly.

I look forward to your guidance on how best to proceed so that this situation can be resolved efficiently.

Yours sincerely,

[Your Name]",cash_withdrawal_not_recognised,polite_expert
4bf4ca7f-654d-4975-94b0-6070db587d1c,"I trust this communication finds you well. I am reaching out to express an issue encountered during my recent attempt to withdraw funds from my account at one of our ATMs. Despite following all prescribed procedures, including entering my PIN correctly, the transaction was not successfully completed and no funds were dispensed. Moreover, the ATM did not indicate any particular error regarding insufficient balance or system malfunction at that time. I would be most grateful if you could provide guidance on this matter or investigate further to ascertain what may have caused this discrepancy.

Kind regards,

[Your Name]  
[Account Number]",cash_withdrawal_not_recognised,polite_expert
fac2e2ec-6d95-4e47-bfa6-0d96a1006d44,"Good day,

I hope this message finds you well. I am writing to inform you that, upon conducting a transaction at a recent visit to an ATM for cash withdrawal, it appears there has been an issue where the dispensing of funds was expected but not executed as anticipated. This occurrence has resulted in no change to my account balance and no physical receipt or acknowledgement from the machine. I would greatly appreciate your assistance in investigating this matter promptly to ensure that any discrepancies are addressed and resolved.

Thank you for your attention to this matter. I look forward to your prompt response.

Yours sincerely,  
[Your Full Name]  
[Your Account Number]",cash_withdrawal_not_recognised,polite_expert
6eb67976-bc36-418e-bc9b-d7c270ac7ef0,"Dear Esteemed Customer,

I hope this communication finds you well. I am writing to inform you of a matter that has arisen concerning an attempted cash withdrawal from my account, which appears not to have been successfully processed. Despite executing the transaction through an approved banking channel and confirming sufficient funds were available prior to the attempt, there remains no reflection of any debit on my account balance or a corresponding credit of physical currency received.

Your guidance on how best to proceed in resolving this situation would be greatly appreciated. I trust that your esteemed institution values impeccable service delivery and customer satisfaction.

Thank you for your anticipated assistance with this matter.

Yours faithfully,

[Your Name]",cash_withdrawal_not_recognised,polite_expert
62bb7ee7-4567-4a80-9ba9-d2ee08d43aee,"Dear Esteemed Customer,

I trust this communication finds you well. I am writing to bring to your attention an issue that has recently come to my notice during a transaction at our automated teller machine (ATM). Regrettably, after proceeding with what should have been a standard cash withdrawal operation, the system failed to acknowledge the completion of the process. Consequently, no funds were dispensed from the ATM, yet it is unclear whether the attempt has been reflected in your account summary as debited or not.

I apologize for any inconvenience this may cause and assure you that we are committed to resolving this matter promptly and efficiently. Please do provide me with the transaction reference number, if available, and any additional details surrounding the event, so that our dedicated team can thoroughly investigate and facilitate a resolution at your earliest convenience.

Yours sincerely,

[Your Name]  
Customer Support Specialist  
[Bank Name]",cash_withdrawal_not_recognised,polite_expert
350660cc-e386-40b0-852b-3aa3bd643add,"Hey, so like, I tried to take some cash out at the atm but it was all ""nah fam,"" not recognizing my card or something? It’s been a mood tbh lol 😅 Any idea what’s up? 🤔 Thanks!",cash_withdrawal_not_recognised,gen_z_slang
fa377c30-f6ec-4164-8ad0-84364eac0ff0,"Hey, so I was trying to snag some cash from my local ATM, right? But for some reason, it's like the machine just ghosted my card. It didn’t even try to pull up my balance or let me type in a PIN. Like, what's up with that?! 🤔 Any idea how to fix this ASAP? Thanks!",cash_withdrawal_not_recognised,gen_z_slang
5feebc35-ae5f-410b-8d74-d1a138ab5552,"Heyo! So I went to grab some cash from an ATM, but for real - like my card just ghosted me? Thought maybe it was a glitch or something, 'cause literally no funds took out. Is there some secret Gen-Z banking hack I'm missing here? Help plz 😅",cash_withdrawal_not_recognised,gen_z_slang
dfb82f4f-6e20-4a78-841a-47566c28ea72,"Hey, so I just tried to take out some cash from my card and like, nada? The machine totally ghosted me! Is there something up with my account or is it a glitch at the ATM? 💭 Feels weird because it worked fine yesterday. Help plz? 🙏",cash_withdrawal_not_recognised,gen_z_slang
c7b2a13d-2ef1-4fb0-a270-dd91121a7730,"Hey, so I just tried to get some cash out at the atm 🤷‍♂️, but it's like my card isn’t vibing with it at all. It keeps saying there’s an issue or something? Can you help sort this mess out?? Thanks! 😅",cash_withdrawal_not_recognised,gen_z_slang
ad6fa691-b7e9-4cfd-ac53-e632dd1983d1,"Yo, so here's the deal—I went to grab some cash from my atm, but it straight up ignored me. Like, I put in my pin, hit the withdraw button, but no dice—it didn’t recognize anything. Super sketch. Can you help sort this out, plz? 🙃",cash_withdrawal_not_recognised,gen_z_slang
c59234f8-66c6-4f53-b437-ebdc61108ca1,"Hello! I go to bank machine yesterday, try take money from my account. But machine say no, not work with this card or something. I check maybe wrong pin but all look right. What happen? Why it no give me cash today? Please help. Thank you.",cash_withdrawal_not_recognised,non_native_speaker
5a9b72e0-2c33-46b6-9cf7-421eec144acf,"Hello, nice day! I have small problem with my cash machine today. When I try take money, machine not give me any money but say something wrong. Why this happen? Can you please help me fix it? Thank you!",cash_withdrawal_not_recognised,non_native_speaker
fcb0862e-f6a7-49cf-b8f2-0a128dc015d8,"Hello! I try take cash from ATM but machine no give me money. It say error, why? Can you help please? Thank you.",cash_withdrawal_not_recognised,non_native_speaker
6aa6e7dd-c1dd-430a-b05b-af0dfe300bf8,"Hello, good day! I go bank today for take cash, but machine say no, not recognise card. Why this happen? Can you help me fix, please? Thank you much!",cash_withdrawal_not_recognised,non_native_speaker
3b95c3cd-2260-4434-80a4-ec638dd038c2,"Hi, I try make withdraw cash from ATM, but money no come out. Card still inside. Please help? Thank you!",cash_withdrawal_not_recognised,non_native_speaker
87aea8fc-a6db-4548-b288-cf438d0a4125,"Hello, I try do cash withdrawal today but machine say ""transaction fail"" and card not come back. Very confuse, please help why this happen? Thank you!",cash_withdrawal_not_recognised,non_native_speaker
1ba151fe-7a2d-409d-a9e6-35b553d67fd3,"ATM rejected card, no reason given. Need cash now, advice?",cash_withdrawal_not_recognised,short_wording
d4278679-f68b-42d9-979b-02e86434f810,"ATM didn’t accept PIN  
Withdrawal screen showed error  
Transaction failed  
Need cash now",cash_withdrawal_not_recognised,short_wording
b0f1a8f5-c28e-4e5b-bf3f-748992146240,"Withdrawal not showing  
Machine said done, no cash received  
Help fix issue",cash_withdrawal_not_recognised,short_wording
2cbf6d15-4c37-4483-8183-3a3adb52dc37,"ATM cash issue  
Withdrew, cash not recognized  
Help needed",cash_withdrawal_not_recognised,short_wording
337866eb-1ab3-4cb1-a167-f7583c5f9058,ATM declined card. Withdrawal failed. Need help.,cash_withdrawal_not_recognised,short_wording
94a9ec86-7962-435d-9cfd-20abe1c1a6cb,"ATM didn’t cash out  
Cash issue noted  
Withdrawal not processed  
Transaction failed, no funds received  
Machine no transaction, card jammed?  

Choose one that best describes your situation or modify accordingly.",cash_withdrawal_not_recognised,short_wording
939b4529-9762-420c-a048-f34407e55095,"Hey, listen up! My card's PIN is acting like a stubborn mule, and I can't get into my own damn account. Fix this mess now before I lose it completely!",change_pin,angry_layperson
8a93f43c-990b-48e1-9ab8-42155224aa7b,"Hey, listen up! I can’t get my bloody card through that stupid scanner at the store because my PIN’s completely useless now. It’s like you lot deliberately make things harder on us customers, don't ya? Fix this mess ASAP or I’ll throw a proper strop and switch banks!",change_pin,angry_layperson
341e8b4d-f5db-4d67-9caf-fc190e45382a,"Alright, listen up! I can't even get into my damn card now because someone decided my pin was too boring or something. Can you just fix this crap already? I don’t have all day for this nonsense!",change_pin,angry_layperson
6fc376bc-be26-4dc6-8bc1-ee0f5e946bc5,"Hey, listen up! This is getting ridiculous—your stupid machine ate my PIN change request like five times already! Can someone over there actually fix this mess so I can protect my money or what? Fix it now, not later!",change_pin,angry_layperson
06d36453-b8a1-4dfa-96cc-44f976a1e1e1,"Alright, listen up! I can't believe this – my stupid card has got me all tied up! My pin's been acting like a stubborn mule for weeks now, and it’s driving me bonkers! I need you to sort this mess out pronto or else I’m switching banks faster than you can say “hello!” Can someone please help change that blasted number so I don't have to shout at everyone in line at the grocery store?!",change_pin,angry_layperson
4213331f-ea29-4592-b973-4e65b00d2cc7,"Hey, listen up! This PIN thing on my card's driving me nuts—I can’t get into my account because it's all locked up! I need you to fix this mess quick or else I’m gonna lose it completely. Just make it so I can sort out my money without jumping through hoops every time. Get it done, now!",change_pin,angry_layperson
7ba2835e-ef11-4b55-afa4-b1050c41acf9,Card not working need new pin urgently can’t access account money stuck at store payment due now help immediately please fix fast before bank closes thanks so much!,change_pin,panicking_emergency
49e0a6ae-88b2-414b-a5ac-98a51af0619b,Lost my card ATM tried PIN doesn’t work need a new PIN fast urgent money’s tight I can’t access funds what do I do immediately? Please help!,change_pin,panicking_emergency
213a288c-edc4-4581-99f9-23dc971538c2,HELP I need new pin forgot old one locked out money tight! Need fix right now please! Urgent no account access can’t pay bills what do! Fix fast!,change_pin,panicking_emergency
7ed50ecf-0aac-44c3-8473-4a6ca919d24c,"I can’t get into my account someone changed my pin! I need help right now, I’m locked out of all my money what do I do? This is a disaster!",change_pin,panicking_emergency
9ca8ae06-06bb-4103-9940-df33d5c01e49,I can’t find my card lost or stolen need new pin right now I’m locked out from my account urgent help plz money at risk need access immediately I’m freaking out got bills due today fix this quick please asap!,change_pin,panicking_emergency
191c8e8e-ebae-4724-a27e-66479a987bd7,I can’t access my account urgent need new pin lost phone card stolen immediate help needed don’t know who got in panic need quick solution now!,change_pin,panicking_emergency
12813cb8-4e00-4095-9fda-83926ab7233f,"Dear Sir or Madam,

I trust this message finds you well. I am writing to request assistance with updating my personal identification number associated with my current account. As a precautionary measure for maintaining the security of my financial holdings, it is imperative that I perform this modification at your earliest convenience.

Should there be any specific procedures or documentation required from my end to facilitate this process, please do inform me so I may comply promptly.

I appreciate your attention to this matter and look forward to your guidance on how best to proceed.

Yours faithfully,

[Your Name]",change_pin,polite_expert
02dd2794-8947-4c83-bc07-3e49e39027a9,"Good day,

I trust this communication finds you well. I am reaching out to inform you of my intention to modify my current personal identification number associated with my account for security purposes. In order to facilitate this change, I would be grateful if you could guide me through the necessary steps or direct me to where such actions can be performed.

Thank you for your attention to this matter. Your assistance is greatly appreciated.

Yours sincerely,

[Your Name]",change_pin,polite_expert
a83e69a3-b5a0-4b3e-a864-2715f971b5c4,"Esteemed Customer,

I trust this message finds you well. In light of ensuring the continued security of my personal banking information, I request assistance with updating my current six-digit numerical code associated with my debit/credit card accounts or online banking services. Your guidance on this matter would be greatly appreciated.

Yours sincerely,
[Your Name]",change_pin,polite_expert
ff7e437f-667b-4f0a-a7f7-4e4bd539b8d2,"I trust this message finds you well. I wish to request assistance with updating my personal identification number associated with my account, as a measure to ensure continued security and privacy of my financial dealings. Could you kindly guide me through the process necessary for executing this modification at your earliest convenience? Your expertise in facilitating this matter would be greatly appreciated. Thank you very much for your attention to this request.",change_pin,polite_expert
0019e68b-e9a4-40d0-b4c1-b706cb147edb,"Esteemed Customer,

I am writing to formally request assistance with updating my Personal Identification Number associated with my current banking account. Your guidance on initiating this process at your earliest convenience would be greatly appreciated.

Yours sincerely,

[Your Name]  
[Account Number] (if applicable)  
[Contact Information]",change_pin,polite_expert
54edbbcc-3746-4d02-bc52-4b46fa11ba16,"I trust this correspondence finds you well. I am writing to request a modification of my card's Personal Identification Number due to security considerations. Would you kindly guide me through the requisite steps for effectuating this change at your earliest convenience? Thank you for your attention to this matter. 

Warm regards,

[Your Full Name]",change_pin,polite_expert
d6215dc3-eaa6-4d81-9cdf-4b172b580606,"Hey, so I'm trying to switch up my login digits cos I think someone peeps them. Can you help me out with that? Need a fresh set ASAP! Thanks! 🙌",change_pin,gen_z_slang
4e906f54-38f0-440e-812b-110fe85439dc,"Yo, so I gotta switch up my security digits on that card cuz I’m tired of remembering an ‘old password’ from like two years ago 😅 Can you help me make this happen ASAP? 🙏 Thanks, fam! 🧵✨",change_pin,gen_z_slang
87776e60-a3d9-47f5-a63b-c66dea02238c,"Hey, so I totally need to get a new PIN on my card rn cuz I think I forgot mine 🤦‍♂️ Can you help me out with that? Thx!",change_pin,gen_z_slang
104486af-53ec-4943-97c7-4167a0797e60,"Heyo, so like, I need to switch out my card's secret number thingy because I've been using the same one for ages and that just seems super risky now tbh. Can you help me update it ASAP? Thx! 🙌",change_pin,gen_z_slang
433b62ac-617b-4c31-b012-a5a996cc457a,"Yo, so I’ve been thinkin’ about gettin’ my digits more personal on my bank app bc reasons lol. Can you hook me up with the deets on how to do that? Thanks! 🙏",change_pin,gen_z_slang
e23c9ce6-337b-41b8-8b93-ec7a44a0b717,"Hey, so like I totally need to switch my card PIN ASAP because I just feel it's about time for a change, ya know? Can you help me out with that? 😅",change_pin,gen_z_slang
8c2356a0-3e57-4edd-8008-2d1f311160b4,"Hello, I need help. Please make new pin number for my bank card. Thank you very much!",change_pin,non_native_speaker
aa29a007-b42c-4421-bd2b-ed612ee93e35,"Hello, I need help with my card. Want to make new PIN number for safety. Can you tell how do? Thank you!",change_pin,non_native_speaker
68c9e478-a1db-49e1-a22c-dd8516239807,"Hello, I am needing help. My bank card pin not work correct. Please tell me how can change it? Thank you very much for helping.",change_pin,non_native_speaker
a01c173e-0d1d-4988-b2d8-9cb5c94dde2b,"Hello! I need help with making new number for my card. Can you please tell me how?

Thank you!",change_pin,non_native_speaker
71e1943b-ffe8-4453-9287-ac3046092853,"Hello, I have a problem with my bank card. Can help change number, please? Thank you for helping me!",change_pin,non_native_speaker
b7448a9b-43be-469b-bf07-2264d900127a,"Hello! I need help with my card. My pin, how can change it? Thank you for help me, please. It is important because safekeeping. Sorry for bother.",change_pin,non_native_speaker
0e50681a-14b3-474d-9afa-b2b5b7c97f18,"Need new PIN.

Issue: forgot current one, want update now. Help?",change_pin,short_wording
7fc7d765-5d0f-428b-be9b-4ec47aa1daaf,"Need new PIN setup  
— Current not working  
— Urgent help needed  

--- 

Got security questions issue  
— Send reset email?  
— Prefer online process  

Thanks!",change_pin,short_wording
a7e16bfa-7c66-42ad-97ae-5d7d8bc9b500,Need new PIN setup now.,change_pin,short_wording
67c4a000-f01d-4fad-addd-fc224414b201,Need new PIN set up now. Can you help?,change_pin,short_wording
ad8f2a2f-9639-4bbf-8500-1ccb022bf6f8,Need new PIN setup assistance now. Urgent help required. Possible security concern.,change_pin,short_wording
6749afc0-e205-4a46-932c-869457578bfd,"Change PIN urgently  
Need new one for account 123456789  
Previous not working now  
Send instructions ASAP  

Regards,  
[Your Name]",change_pin,short_wording
9102940c-cbc4-4980-a551-429469768a10,"Hey! I swear, someone’s been messing with my card or something because there's money disappearing like I'm some magician. This isn’t funny at all, and I need someone to straighten this mess out NOW! Someone better get their act together on this quick!",compromised_card,angry_layperson
26aa0161-47f7-44ad-b8a0-97fafb7bf805,"Hey, listen up! My card's gone haywire—I swear, someone's been using it without my permission! Every time I look at my bank statement, there's some ridiculous charge staring back at me that I didn't even touch! Can you believe it? Fix this mess ASAP or I'm switching banks and telling everyone what a circus this is!",compromised_card,angry_layperson
39ae60d2-a621-4b0a-8a6c-5629d4d555e8,"Hey, listen up! I just went to grab some grub, slapped my card down at the cash register like usual—and would you believe it—my account's been chewed through faster than a cheeseburger on Friday night! Now who do I gotta yell at about this? Someone needs to sort out my money getting nicked and get me another damn card before I'm officially out on the street!",compromised_card,angry_layperson
af7048e7-13d5-47fc-b181-4c06f4f91519,"Oh for crying out loud! My card was just swiped at some sketchy store, and now I'm seeing charges from who knows where! This is a freaking disaster, can someone sort this mess out before my bank account goes belly up? I didn’t even buy half of these things. Fix it NOW!",compromised_card,angry_layperson
2a85de3b-5b37-4dce-a646-4b718542f379,"Hey, listen up! So here's the deal: someone else is swiping my card without me knowing! I see charges I never made, and I didn't give anyone permission. Fix this crap fast before I lose my mind over all these mess-ups on my account, you hear? This isn’t some prank, it’s getting serious!",compromised_card,angry_layperson
f016d6b5-c8c6-4d20-b815-672cac6485ff,"Hey, listen up! Can you believe someone managed to dip into my account without me even knowing? I've got receipts for stuff I didn’t buy myself! What's going on with ya'll's security checks? Fix this mess NOW or I swear I'm switching banks and telling everyone about what a joke you guys are!",compromised_card,angry_layperson
e4d04543-a392-4d0c-af5d-33ddd1746848,Help! Card stolen used today at grocery store bought things not mine urgent need new card blocked old one immediate action please bank respond now!!!!!!!,compromised_card,panicking_emergency
c76a69b6-8c7f-42e7-bae5-690ff6249412,Help urgent stopped using my card not mine someone else is I need stop transactions freeze account help now!,compromised_card,panicking_emergency
8fa162f7-bc3d-4ed6-bcd2-a4dfd53e0479,"I need help urgently! My card just got used without my permission, someone's unauthorized transaction shows up on my bank app I didn’t make that purchase I’m really worried I don’t know what’s happening with this account someone needs to block it right now and fix this asap or else my money is in danger",compromised_card,panicking_emergency
bcb8a3dd-3580-41a9-b9d2-018bdbc57c99,Need help right away my card used without permission found money missing huge amount can’t believe this happening need a new card immediately block old one NOW can’t keep going like this what do I do next please urgent response needed thank you god forgive me this is chaos,compromised_card,panicking_emergency
5f031005-9ecf-4c8d-a155-ed29f0b30647,"URGENT! My card used without my permission! I didn’t authorize those charges! Someone stole my card details! How do I stop this? STOP all payments IMMEDIATELY! I need a new card NOW! This is serious, what’s happening to my account?! Can someone help me!!!",compromised_card,panicking_emergency
8f9bc5ba-1399-46df-9b15-eb5c6ff536ff,Help! My card's been used without my knowledge! I didn't make those purchases! Please freeze my account immediately! I'm so worried about unauthorized transactions happening right now! What are you doing about this? Need confirmation of action taken ASAP! Please send me a new card quickly! This is really urgent!,compromised_card,panicking_emergency
b1fe8337-01db-4b9c-b89d-b71f7351a0b2,"Dear Esteemed Customer,

I hope this message finds you well. I am writing to inform you of a recent security concern pertaining to my bank account, specifically regarding unauthorized transactions linked to one of my credit/debit cards. It has come to my attention that there may be activities on the card that I did not initiate.

In light of these circumstances, I kindly request your immediate assistance in addressing this matter. Could you please guide me through the necessary steps to secure and replace the affected card, along with monitoring any potential fraudulent activity under my account?

I appreciate your prompt attention to this matter and look forward to resolving it expeditiously.

Yours faithfully,

[Your Name]",compromised_card,polite_expert
4d6d7b41-e785-44b9-af68-497bc7d637a8,"I trust this message finds you well. It has come to my attention that there may be unauthorized transactions associated with my debit/credit card account, which prompts a concern regarding its security integrity. Could I kindly request an immediate course of action to address and rectify the situation, ensuring appropriate measures are taken for the protection of my financial assets? Your prompt assistance in this matter would be greatly appreciated.

Yours sincerely,

[Your Name]",compromised_card,polite_expert
e385e0be-cdfd-4c99-8360-b3b47245e69c,"Dear Esteemed Customer,

I hope this communication finds you well. It has come to our attention that there may be a potential unauthorized access concerning your bank-issued card account. To protect the security of your funds, we have taken immediate precautionary measures by placing an interim hold on transactions linked to said card.

We kindly request that you contact our dedicated customer service team at your earliest convenience to verify recent activity and explore available options for safeguarding your account further. Our priority is to ensure your financial safety and provide the necessary support during this time.

Thank you for your understanding and trust in us.

Warm regards,

[Your Bank's Customer Support Team]",compromised_card,polite_expert
f036ba37-4c45-4795-ac3d-20f8ea01ca66,"Good day,

I hope this message finds you well. I am writing to bring to your attention a matter concerning my account's debit card, which, regrettably, appears to have been subjected to unauthorized activities. Upon reviewing recent transactions executed through this card, several charges were discerned that do not correspond with my typical spending habits or scheduled payments.

To ensure the security of my funds and maintain uninterrupted access to my banking services, I kindly request that you initiate an immediate evaluation of these discrepancies and, if deemed necessary, issue a replacement for my affected card. Furthermore, guidance on any additional precautionary measures that could be undertaken to safeguard against future occurrences would be most appreciated.

Thank you in advance for your prompt attention to this matter. I eagerly await your expert assistance.

Yours sincerely,

[Your Name]  
[Your Account Number or Customer ID]",compromised_card,polite_expert
a248a09e-ca1c-409e-b2a0-59bc2a319c22,"Esteemed Customer,

I trust this communication finds you well. I am writing to convey a matter of utmost urgency regarding recent unauthorized transactions associated with my card account. It has come to my attention that there have been charges for which I hold no responsibility, thereby indicating the possibility of an unauthorised access to my financial credentials.

In light of this situation, it is imperative that immediate action be taken to safeguard my funds and prevent any further unwarranted activities on my account. Accordingly, I kindly request your esteemed assistance in facilitating a prompt investigation into these irregularities and securing my card against potential misuse. Additionally, I would appreciate guidance on the necessary steps for issuing a replacement card at your earliest convenience.

I greatly value the professional support of your banking institution and eagerly anticipate your expedited response to this matter.

Yours sincerely,

[Your Name]",compromised_card,polite_expert
8bb9efb3-de5d-402c-81de-2280957e0287,"Dear Sir/Madam,

I am writing to inform you that I have discovered unauthorized transaction activity associated with my account, which prompts significant concern over the security of my debit card. Given these circumstances, I kindly request an immediate investigation into this matter, along with necessary steps to secure my account and replace the affected card at your earliest convenience.

Yours faithfully,

[Your Name]",compromised_card,polite_expert
54cd0368-17c3-440a-bda3-584eb76c9558,"Yo, so like, I just noticed some sketchy charges on my card bill that ain’t from me 😬. Like, what even? Can we freeze this bad boy ASAP and maybe get me a new one? Need help stat! 💨",compromised_card,gen_z_slang
cd3ee34f-7330-4a1b-957e-2828fe2b15ce,"Yo, legit just noticed some weird buys on my card that I didn’t make 😬. Like, for real? Thought I was chillin’ but now I’m stressing out they might be using it without me knowing. Can you help me freeze this thing ASAP? Thx! 🙏",compromised_card,gen_z_slang
30de4bcb-ab61-474e-9ced-c4283e17b648,"Hey, legit need some help here 😅 So like, I noticed these sketchy vibes on my card transactions—like purchases for stuff I definitely didn’t buy? Super spooky! Can we get this sorted ASAP? 🙏 Thanks a ton!",compromised_card,gen_z_slang
a5baebb9-c1bf-4389-adc0-ca6f75f4b73b,"Yo, so like, I noticed some sketchy charges on my card that I totally didn’t make 😕. Can we lock it down or something ASAP? Need a new one before someone ends up buying groceries for their whole fam with my money. Thanks! 🙏🚨",compromised_card,gen_z_slang
8c0c1dc5-5fff-40b7-bd4e-c237d02faa09,"Yo, heads up! My card's been totally ghosted – I saw some weird charges I didn't vibe with at all 🙄. Need to get that sorted ASAP before any more noobies swipe my cash. Can we cancel this lil' trooper and swap it out for a fresh one? Thanks a bunch! ✌️",compromised_card,gen_z_slang
3247af38-9eda-47fa-8324-f1dcd82fa8a3,"Yo Bank Buddy! 😅 So like, I just noticed some sketchy stuff on my card's transaction history that I definitely didn’t do, ya know? Someone’s been spending mad cash 😓 without me even knowing about it. Could you help get this sorted ASAP and maybe freeze the account until we figure it out? Thanks a mil! 🙏",compromised_card,gen_z_slang
94532e1f-dbce-406b-bfdc-fafe69ca7e8e,Hello! I have a problem. Someone maybe used my card without me knowing. Can you help to stop using my card? Thank you very much!,compromised_card,non_native_speaker
b8d0dec5-e153-488b-b929-d0e630a80640,"Hello dear, I am sorry but my card is no safe. Someone might be using it without me knowing. Can you help me stop this? I need a new one maybe. Thank you very much for helping me.",compromised_card,non_native_speaker
6c730c39-764a-46b6-9300-0c15267ded69,"Hello, I need help with my card. Someone else might use it without my knowing. I did not do anything wrong. Please make a new one for me or block this one fast. Thank you!",compromised_card,non_native_speaker
01234ee7-1bc9-461d-ac16-71f6c24122d8,"Hello, sorry I write bad English. Today morning I see strange on my card statement. Someone buy things from me without know. My card maybe not safe now. What I should do? Thank you for help!",compromised_card,non_native_speaker
0f8fd208-5a15-4dca-a28f-17a5d305426d,"Hello, I have a big problem. Someone maybe uses my card without me saying yes. I want you to help stop this so no more bad things happen with my money. Please make sure my card is safe now. Thank you, friend.",compromised_card,non_native_speaker
711bf05c-6043-4b15-b785-4576a77342ee,"Hello, I need help with my card. Someone maybe use it without ask me. I want stop it fast because is not mine mistake. Can you do this please? Thank you very much!",compromised_card,non_native_speaker
d3aad5cc-1896-426b-8aad-be217c3cfad5,"Card stolen usage

Need block new card",compromised_card,short_wording
803a4492-b161-4c89-848e-7e4e2512252b,"Card issue  
Unauthorized charges noticed  
Need block/bank assistance ASAP",compromised_card,short_wording
3fdac263-53d8-481d-979b-9b4bb8155cb3,"Suspected fraud on card. Need freeze/block. Urgent help, please!",compromised_card,short_wording
53543b0d-f3c3-4ac7-bb4e-2d40870c8046,"Card fraud alert, unauthorized transactions. Need block/reissue ASAP. Please assist.",compromised_card,short_wording
efb493e2-dc13-4291-afc8-6cda12e48053,"Card stolen, unauthorized charges. Need replacement/card block. Urgent help!",compromised_card,short_wording
8ea2c639-5e34-4768-8848-7c7574904e81,"Card issue noticed

Used card unauthorized purchase detected  

Need immediate block/replacement

Fraudulent activity on account  

Please secure my account/card ASAP  

Suspicious transactions observed, help needed",compromised_card,short_wording
96a297b8-f5f7-40b7-bc00-d3b00c6ca94b,"Hey there! My bloody card's gone nuts again – every time I try to swipe that tap-and-go thing, it acts like I’m trying to rob a bank or something! Keeps saying ‘nope’ and won’t let me buy my morning coffee without making me pull cash out. What’s up with this? Fix it already!",contactless_not_working,angry_layperson
7c14be47-7d97-436c-98b0-21e67c5587fa,"Listen up! I've been busting my hump all day trying to get this bloody card of mine to work when I tap it on these taps, but nothing's happening! It’s like a massive brick wall every single time. Come on, what the hell has gone wrong with it? Someone sort this mess out right now before I lose it completely!",contactless_not_working,angry_layperson
7602a5b2-1c8b-46fb-91ec-1601e1aaa55a,"Listen, you've got to fix this crap right now! Every time I try to tap my card at some dumb store, it just sits there doing nothing. It’s supposed to work like magic, but instead, I’m standing there looking like a fool while the register guy gives me that ""are-you-stupid-look."" Get your act together and make sure this thing works!",contactless_not_working,angry_layperson
ee81d566-9713-4c3f-a8fb-52dd8efee6fb,"Hey, listen up! My dang card won’t swipe or tap through when I try buying stuff without taking out my wallet—what’s the deal? This is supposed to work like magic, but all we’re getting is a big fat nothing from these machines! Fix it now!",contactless_not_working,angry_layperson
a1adc99b-87bb-41e4-ae48-f8a6b459c94e,"Hey! This thingamajig on my card that's supposed to zap me through payments is a total joke right now! Every time I wave it, nothing happens—like I’m waving at thin air or something. Fix it already! My patience is running thinner than supermarket toilet paper right now. Give me a real person to talk to who can actually solve this mess before my blood pressure catches up with my wallet!",contactless_not_working,angry_layperson
cf97d47d-0e93-474f-8920-77dc3fe32f69,"Hey, listen up! My card's gone bonkers or something, because every time I try to tap my phone at these blasted machines—like ATMs or whatever—the darn thing just gives me the cold shoulder! It's been driving me nuts all week long! Can someone sort this mess out pronto? I ain't got all day for dilly-dallying around with tech that can't even do one simple trick. Fix it, stat!",contactless_not_working,angry_layperson
d1aaf040-7069-4c0b-9494-30e4897111a4,I need help immediately my card isn't working at all contactless no signal anywhere I can barely make calls bank! It's urgent I have bills to pay no time for this chaos what do I do??,contactless_not_working,panicking_emergency
f81ec1a4-afa9-4aab-bd80-8cd346ec153f,Hey urgent help needed contactless just stopped working! Can't buy groceries got kids at home credit card not paying out! Need fix now or they'll starve! What do I do?!!!!,contactless_not_working,panicking_emergency
b911a76f-c8be-42b5-a5e4-6db124b20389,Help! My card won’t swipe at stores anymore it’s not working at all just taps no go what do I need to fix this super fast? Can someone please help me out now because I’m late for work and can’t even buy my coffee!,contactless_not_working,panicking_emergency
326aa68d-ee40-48ca-be0d-4e9b263f1b6e,"Can’t get my card working! Tried tapping everywhere, nothing! Money transfer urgent! Need help now. Card not scanning! What do I do? Please call me ASAP. Lost at airport, big problem looming! Help needed!",contactless_not_working,panicking_emergency
3ee2bb4b-3d29-4191-8664-1c262f9f28ba,"Need help bank card stopped working at stores! Can’t tap anymore, no cash out possible. Urgent issue need fixing now! Lost a lot already trying to pay. Need solution ASAP! Send someone to sort this out quickly. Thanks!",contactless_not_working,panicking_emergency
ae4e039b-2cde-4362-9705-46699e7a49d1,"My card not working! Tried everywhere, stores, machines, no luck at all. Can't pay bills! Need help now, urgent, I'm freaking out! What's going on? Please fix ASAP!!",contactless_not_working,panicking_emergency
6a697495-9535-4609-8b23-d14b10ef5bd0,"Esteemed Customer,

I trust this message finds you well. I am writing to inform you of an issue that has recently arisen concerning the utilization of your bank card for contactless transactions. Despite ensuring that my device is in close proximity to the payment terminal, it appears that the transactional process does not complete as expected, and no confirmation signal is being provided.

Could you kindly offer guidance or recommend steps that might rectify this inconvenience? Your assistance would be greatly appreciated.

Kind regards,

[Your Name]",contactless_not_working,polite_expert
57142ba9-f775-40c2-a9fe-8d96f65f8c85,"Dear [Bank's Representative],

I trust this message finds you well. I am reaching out with a concern regarding my debit card, which I have recently noticed is exhibiting difficulties when attempting transactions through contactless means. Despite ensuring that the card has not been reported lost or stolen and confirming it holds sufficient funds for such transactions, the process seems to be faltering without presenting any discernible reason.

I would greatly appreciate your assistance in diagnosing this issue at your earliest convenience so we might swiftly resolve it.

Warm regards,

[Your Name]  
[Your Contact Information]",contactless_not_working,polite_expert
b16fe458-1a42-42ec-86d2-366060f5b2b8,"Dear Esteemed Customer,

I hope this message finds you well. I am reaching out to inform you of an issue I have been experiencing with my debit card. Recently, when attempting transactions via contactless methods at various retail establishments, I have noticed that my card is not being recognized or accepted by the terminal systems. This has resulted in some inconvenience during my day-to-day activities.

I would greatly appreciate your guidance on how to resolve this matter promptly and ensure that my card resumes its normal functionality for such payments. Please advise me on any necessary troubleshooting steps or if there are specific requirements I may have overlooked.

Thank you for your attention to this matter, and I look forward to your esteemed advice.

Yours sincerely,

[Your Name]",contactless_not_working,polite_expert
2188eb39-0eba-4be9-94e8-276e46bbba5e,"Dear [Banking Support Representative],

I hope this message finds you well. I am writing to bring a matter of recent inconvenience to your attention regarding my debit card's contactless payment feature, which appears to be non-functional. Despite multiple attempts to conduct transactions within various establishments that support this mode of payment, the card is either not being read or declining without explanation.

This issue has arisen unexpectedly and affects both in-store purchases as well as public transportation payments. I trust there may be a temporary service disruption or perhaps an internal technical adjustment required on my account's end. Could you kindly investigate this matter at your earliest convenience to restore full functionality? 

Thank you for addressing this concern promptly. Your assistance is greatly appreciated.

Yours sincerely,

[Your Name]  
[Account Number, if necessary for reference]",contactless_not_working,polite_expert
1a07708a-112a-43ae-a1ea-872efddcf29f,"Dear Banking Support Team,

I hope this message finds you well. I am writing to inform you of an issue that has recently arisen with my debit card, where I have experienced a series of unsuccessful attempts when attempting transactions via the contactless payment method. Despite ensuring proximity and verifying that sufficient funds were available in my account, the card consistently fails to process these transactions.

I would greatly appreciate it if you could kindly assist me by investigating this matter. Additionally, any guidance on steps I might undertake to resolve this issue myself would be highly valued.

Thank you for your attention to this matter. I look forward to a swift resolution and thank you in advance for your expert assistance.

Yours sincerely,  
[Your Full Name]  
[Your Contact Information]",contactless_not_working,polite_expert
5e359847-12f4-4c77-bc43-e0d3f1da4e08,"Dear Esteemed Customer,

I trust this communication finds you well. I am writing to bring to your attention an issue that has arisen with my payment card concerning its contactless transaction capability, which appears presently non-functional. Despite multiple attempts to utilize it for various transactions where the technology is supported, there have been consistent failures in completing these processes.

I would greatly appreciate your guidance on how to proceed and resolve this matter promptly, ensuring the seamless continuity of my financial activities. Should any further information or verification be required from my end, please do not hesitate to inform me accordingly.

Yours sincerely,

[Your Name]",contactless_not_working,polite_expert
b00c5e8d-7f58-415d-9a0a-aaf2d77e14e1,"Heyo, so like, I'm just trying to make a quick payment at my fav coffee shop 🍵 with my card on my phone, but for some reason, it's just not going through? It keeps telling me to ""insert or tap"", which is super annoying. Any ideas what's up with that? 😅",contactless_not_working,gen_z_slang
d9305ccd-08ef-4b1c-af5f-e8d6bc43b6b5,"Heyo! 😬 So, my card's been acting all kinds of weird lately. Like, I hit up a few spots trying to snag some snacks or coffee with just a quick tap on the reader (super hyped for zero touch), but it’s just sitting there blinking at me like “nah fam” 🙄 Didn't work last couple times. Got any tips or do I need to chillax until this thing sorts itself out? Thanks! 👀",contactless_not_working,gen_z_slang
36af1a4b-acc9-4050-8654-4611962d57d5,"Hey, so I tried using my card on a chip n’ PIN machine instead of tapping, and it’s like totally not vibing with me? 😕 It just doesn’t seem to wanna do its thing even though it works fine when I tap everywhere else. Can you help sort this out ASAP or what? Thanks! 🙏",contactless_not_working,gen_z_slang
099d7f07-5171-443c-a48c-a5eaabd3e434,"Heyo! So I was just trying to be all cool and shop without fumbling for cash or my phone, but like, my card's being a total diva and not doing the contactless thingy at checkout 🙄. Can you help sort it out ASAP? Thanks a bunch!",contactless_not_working,gen_z_slang
0252e787-d3ce-4aea-9f81-10d9d5a6d8af,"Hey, so like, every time I try to tap my card for a quick buy or on the bus 🚌, it just doesn’t do anything. It’s acting all basic and not vibing with the contactless thing at all – any idea why? Need this sorted ASAP because carrying cash isn't really my vibe anymore! 😅",contactless_not_working,gen_z_slang
1724c27e-8385-4b6a-b4a7-436ccb6ed733,"Hey there! So I've been trying to pay with my phone at places where it should go B.I.G. (by itself, you know), but like, nada! It's super weird cause it always worked before. Could it be a ghost in the machine or something? Need some help to fix this ASAP! 🙃",contactless_not_working,gen_z_slang
7ed6905d-dfa2-4aaf-995d-869a67dc697e,"Hello, I am sorry. My card touch pay not work. It no say yes when I try it at store. Can you help please? Thank you!",contactless_not_working,non_native_speaker
950554e0-e747-4d22-951b-02053da22098,"Hello! I have problem with my bank card. It no scan when I try tap it on machine, like pay for things quick. Please help me fix this? Thank you very much!",contactless_not_working,non_native_speaker
18be1641-778d-48c6-8fac-0c610cf7c204,"Hello! I have card issue. Contactless not work on my bank card. Machine say no payment but money is there. What should do? Please help, thank you.",contactless_not_working,non_native_speaker
94b619f4-efea-4afb-9f80-afb507fdc594,"Hello,

I need help with my card. It no work for tap at stores. I try many times but still not working. Can you please check why is happening? 

Thank you very much.",contactless_not_working,non_native_speaker
7fab373b-9653-41c8-b002-75a5961bb896,"Hello, I have small problem with my bank card. I try to buy something with tap on machine but say no work. Please help, what happen? Thank you.",contactless_not_working,non_native_speaker
55bb53e1-356a-4452-b4e7-d08888e3163a,"Hello, 

I have card from you. It no work on machines that say ""tap here."" I touch it many times but nothing happen. Can you help me with this? Thank you.

Kind regards,  
[Your Name]",contactless_not_working,non_native_speaker
066aa021-85a7-4a3e-ad0f-1106091f5fa9,"Card tap not working  
Need fix for contactless pay.",contactless_not_working,short_wording
9fb60445-a35b-4b4d-a226-c9c23b6e7352,"Contactless no pay

Card tap fail",contactless_not_working,short_wording
5789f7bc-3181-40f3-9a65-a59dbda8f93f,Contactless not working. Need help.,contactless_not_working,short_wording
69e01de1-1382-44c3-8989-b57d1e0503d8,"Contactless not functioning  
Lost transactions? Need fix now  
Swipe fail, help please  
ATM contactless error  
Contactless payment issues  
Tap n go fails  
Bank card won’t connect  
Need urgent assistance  
Immediate contactless problem  
Fix tap to pay  
Payment glitch - help needed",contactless_not_working,short_wording
c492efd0-a7a0-4f6e-ba23-f0e0c1954388,Card tap fails. Contactless issue?,contactless_not_working,short_wording
8d47352a-70c3-4559-8d59-b572db38c9d6,Card not scanning. Tap fails. Help?,contactless_not_working,short_wording
40c5d0f8-fdb4-49ae-9df2-bff2cc9ad2a0,"Hey, listen up! Why is my card working like a piece of junk every time I try using it abroad? This stuff shouldn’t be this complicated! Fix it or give me some real answers – I’m not made of money just sitting here waiting for things to magically work.",country_support,angry_layperson
2fea4982-b007-4057-9fba-8eb443df8813,"Hey! This is ridiculous! I moved to a new place, and now my stupid bank account's acting like I'm living in Mars or something! How hard can it be to recognize that change? I gotta check how much money I've got, but this thing won't let me see anything. Fix it pronto, will ya?!",country_support,angry_layperson
5e1aee38-531d-4de8-937b-169c6a9fc1a6,"Hey, listen up! This is a disaster! I tried getting some help with this bank thing because, get this, there's something wrong with my card not working in another country. Of course, when I rang up, all they did was mumble and send me on a wild goose chase through their customer service maze. It’s like they don’t wanna fix it! Can someone actually do something about this mess or what?",country_support,angry_layperson
bcd39bf0-c57d-45f7-ac3c-929573c8af86,"What the heck is going on with my damn account?! I go abroad, and suddenly half of my money just vanishes? You keep sending me all these messages saying there's a ""small charge"" for international use or some crap like that? Do you even understand what it means to people when their hard-earned cash goes poof every time they step outside the country? Fix this NOW!",country_support,angry_layperson
17963d24-6d2d-4a80-8520-d7a58f9e35c4,"What the hell is going on with my bank account?? I’ve been trying to call you for ages, and every time I get put through to some random country where no one speaks English! How am I supposed to sort out my money issues if all they're doing is giving me an earful in a language that's Greek to me? Listen up, folks—get your act together and give us the right number for once, or else we'll all flip our lids!",country_support,angry_layperson
aaf469a0-9e29-495a-a516-1c9cd4a3dab0,"Oh for crying out loud! My bloody card won’t work overseas, and I have no idea why! Are you telling me I’ve gotta jump through hoops just to get my blasted money when I'm traveling? This is ridiculous! Fix it or I swear I’ll switch banks, deal?",country_support,angry_layperson
f8235324-dca4-4820-8bdb-1b185d586284,I received a notice saying the account is closed overseas no access anywhere need help right now my money gone where do I even start bank support urgent immediate response needed can you track this why isn’t anyone reaching out got bills coming due please someone answer fast,country_support,panicking_emergency
83dbdb30-a8e8-463f-ba92-877389833a6e,help urgently banking app doesn’t show my country options stuck can't access account need resolve now funds pending crucial deadline happening immediately assistance needed fix this fast,country_support,panicking_emergency
e563515c-d3f7-4ca4-bbb2-a296808f56ac,"Need help! My account isn't showing transactions from overseas I’m freaking out, can’t see my money coming in or going out Bank says its me but I did everything right What happened? Please fix this now am I missing something? Need answers fast am losing sleep over it This is urgent please assist!!!!",country_support,panicking_emergency
49b6dcb9-5593-4192-9d40-c003016e0f94,I need help right now I sent money overseas and it’s not showing up on my account Can you check what's happening immediately? My family is counting on that money! What do I do next?,country_support,panicking_emergency
9ee39984-d9cc-4253-8ef4-9560641a5341,"I can’t access my account at all! I’m traveling abroad, bank’s site not loading – what do I do? Where is the help button that works internationally?! Need this sorted STAT or money won’t clear for hotel bill!!! Help me please – don’t know what to press or who to call here!!!!",country_support,panicking_emergency
91aec50e-28ad-45cf-9753-d2a31de9195a,This is urgent I need help right now my card isn’t working but I’m out of country tried contacting you guys got no answer banks closed here what do I do lost without money in a foreign place can anyone assist desperately,country_support,panicking_emergency
3739c8ae-6a67-4a0a-8c6d-be08b927842b,"Esteemed Customer,

I trust that this correspondence finds you well. I am writing to seek assistance regarding an issue pertaining to the international transactions associated with our banking services, specifically involving support structures within certain sovereign states.

Your prompt attention to this matter would be greatly appreciated as it pertains to ensuring seamless and compliant operations across borders. Should there be any requisite documentation or further information required from my end, please do not hesitate to inform me at your earliest convenience. 

Thank you for entrusting us with your banking needs.

Warm Regards,

[Your Name]  
Customer Support Representative  
[Bank Name]",country_support,polite_expert
cee35f7e-dcc1-4c69-9358-3236d163685f,"Good day,

I am reaching out to seek assistance concerning certain discrepancies I have encountered regarding my account's operations as they pertain to transactions within different international jurisdictions. Specifically, there appears to be an incongruity between expected service outcomes and those presently manifested, which suggests a potential issue with the application of country-based banking policies or regulations. I would greatly appreciate your guidance in identifying any necessary actions on my part to reconcile these matters efficiently.

Yours sincerely,

[Your Name]",country_support,polite_expert
527ffcd1-e07e-4bd8-b06b-4180c4d4a16f,"I am writing to extend my regards and seek your assistance regarding a matter concerning cross-border financial transactions. It appears that certain discrepancies have arisen from recent international transfers, potentially linked to regional banking regulations or procedural nuances specific to the involved countries. I would be most grateful if you could provide detailed guidance on how best to navigate these complexities, ensuring compliance with all pertinent regulatory frameworks and facilitating seamless transaction processing.

Thank you in advance for your expertise and support in this matter.

Kind regards,

[Your Name]",country_support,polite_expert
f54225ad-eec8-4b98-b277-41a293d749e6,"Dear Valued Customer,

I trust this message finds you well. I wish to bring to your attention a matter concerning the availability of banking services in my current country of residence, which is not among those typically covered by our standard international offerings. This situation has presented certain challenges in accessing full banking functionalities as one might expect when residing abroad.

Would it be possible for you to provide detailed information on any special provisions or partner networks that could facilitate smoother financial operations within this region? Any guidance towards alternative solutions that align with regulatory and operational frameworks specific to my location would be greatly appreciated.

Thank you very much for your attention to this matter. I look forward to your expert guidance in resolving these issues promptly.

Yours sincerely,

[Your Name]",country_support,polite_expert
1a277493-2e6c-447d-99a9-cbb5690cfe8d,"Good day,

I hope this message finds you well. I am writing to address a matter concerning the banking services available within my current country of residence. It appears that some specific features or transactional capabilities are not fully accessible due to regional limitations, which is causing inconvenience in fulfilling certain financial needs.

Could you kindly provide guidance on how these functionalities might be optimized for use here? Alternatively, if there are alternative methods or workarounds that can be employed within the confines of our local banking framework, I would greatly appreciate your expert advice on these matters.

Thank you for your attention and assistance with this query. 

Yours sincerely,

[Your Name]",country_support,polite_expert
d66926ef-8776-40b8-a70b-e049e882978f,"Esteemed Customer,

I trust this message finds you well. I am reaching out in relation to a matter concerning international banking assistance which pertains specifically to services available within different countries under our auspices. Our objective is to ensure that your queries or concerns regarding cross-border transactions, account management abroad, and any other related financial matters are addressed with the utmost diligence and clarity.

Should you require further elucidation on regulations, specific banking processes, or logistical support for transactions involving international jurisdictions, please do not hesitate to apprise me of your requirements. It is my privilege to facilitate a seamless experience as we navigate these complexities together.

Yours sincerely,

[Your Name]
Banking Support Expert",country_support,polite_expert
d6401c53-92ab-4750-9ffa-648b24bd66ab,"Hey, so I’m trying to do this banking thing but like my bank’s not supporting transactions from this new country I'm chilling in. It's kinda frustrating because everything works perfect back home but here, nada ✌️ Can you guys help me sort it out or give me some tips? 🙏 Thanks!",country_support,gen_z_slang
3d083972-ac45-4880-b50b-3a98f799b6dd,"Yo, so like, I totally need some help figuring out why my card's being a diva when I try to buy stuff from overseas 🌍😬. Like, is there some hidden setting that needs fixing or am I missing something here? Help me make my international shopping sitch chill again! Thanks fam 🙏",country_support,gen_z_slang
96ac2964-58f7-462a-81f0-a3bb90d05350,"Hey, so like, I’m trying to figure out why my transactions keep saying “Country not supported” or something? It's just me traveling a bit, and now every time I try using my card, it’s all, “Sorry, can’t help you right here.” Could someone peep into this? Lemme know if there’s some kind of workaround or what. Thanks! 🙌",country_support,gen_z_slang
398890ea-46f3-477c-a157-64d7b6ece222,"Heyo, so I'm trying to figure out why my app's acting all weird and only showing transactions from the US? Like, I know I’ve been spending here but still, yknow? Any chance you could help me switch it back or something because this is kinda throwing my whole vibe off? Thanks a bunch!",country_support,gen_z_slang
9f66ea17-5a17-40e1-b5af-1f8c0406bb3a,"Hey there! So like, I've been trying to figure out how my bank supports peeps from different countries, right? Like if I wanna send money or something, does it play nice with my account settings on the other side of the globe? Need some clarity on that vibe. Thanks!",country_support,gen_z_slang
db93c0ad-7f73-4cb6-ac6f-b23d4165224a,"Hey, so like, I'm trying to send some cash back home but it's getting stuck somewhere? Could you pls help me figure out what’s up with that? It feels like my money is on a never-ending road trip lol. Thanks! 😅",country_support,gen_z_slang
f59f2575-a197-4cec-924a-e06b32e79946,"Hello, my friend! I need help for banking issue. My card not work here in this country. Can you explain why? Sorry for bad words. Please help me fix. Thank you much!",country_support,non_native_speaker
d838cb89-1ed6-4558-8b40-3359a2418461,"Hello, I am having trouble with banking support in my new country. English is not my first language, so sometimes it is hard to understand them when they explain things about this place's banking stuff. Can you help me find someone who speaks my language or explain better? Thank you!",country_support,non_native_speaker
3c4962b5-c307-470b-bbfd-73c84965aa50,"Hello, I am having trouble with my bank account from another country. It is not working and I do not understand why. Can you please help me? Thank you.",country_support,non_native_speaker
0a33f500-8173-4b36-b5e2-a2b0b97df788,"Hello, thank you for helping me. I am sorry for my bad English. I have a problem with my bank account. When I try to make transaction from here in my country, it does not work right. Maybe this is because of my location? Please help me fix this. Thank you very much.",country_support,non_native_speaker
86b2809e-54d6-4678-82d5-d6604fb3f7e3,"Hello, nice day!

I need help about my bank account. I am from different country. When I try to do things with my account, many messages say ""not available"" because am not here. Please can someone explain what I can do or if there are ways for me to use my account from other country? 

Thank you very much!",country_support,non_native_speaker
a40616f0-c8ab-46dc-9e53-0910eb0c4c18,"Hello, I am from country different. Please help me understand how banking rules work here for my account?",country_support,non_native_speaker
dd2e772b-7ab0-43b8-9f70-e244854dfcd0,"Country withdrawal issues? ATM no country flag, blocked card?",country_support,short_wording
91fd2f97-f43b-4d2c-9062-b22c9a98d494,Account access blocked in country? Help needed now.,country_support,short_wording
90ed43bf-2306-4a81-a7e6-dba86998840c,Country service issue?,country_support,short_wording
b6e6e5aa-deb1-47ec-be67-1b87f84bc038,"Can card work abroad? Visa/Mastercard?

Need local atm fees info?

International bank transfer help?

Support number other countries?

Transfer limits foreign exchange rate?

Local currency withdrawal fees?",country_support,short_wording
a930b6f4-1a4b-485a-a05b-0439b2010754,"Problem location issue  
Can't access funds  
Support needed abroad",country_support,short_wording
30acd213-f220-43ce-a53c-99829682f7f4,Need assistance with overseas operations?,country_support,short_wording
52bd57ba-741c-49c1-a173-11eff3d36aeb,"Listen, I'm at my wit's end here! I try using my card, but every time something comes up with this ridiculous message that says ""payment declined."" What the heck? My money is good, so why can’t you take it? This is seriously making me lose my mind. Fix this mess or give me someone who actually knows what they're doing to sort this out!",declined_card_payment,angry_layperson
07e7c0d2-67c0-41fc-801f-84eff5f8ff76,"Hey there! I just tried to buy some groceries, and guess what? My card got laughed at like a clown! Every transaction's getting declined left and right! I’m not trying to be fancy or anything—I'm just trying to pay my damn bills here. What the hell is going on with you lot over there?! Fix it now before I lose my mind!",declined_card_payment,angry_layperson
0552f373-22b4-4fd0-b8bb-7182806b87e4,"Hey, listen up! Every time I try to buy something with my card, it just says no-go or whatever. This ain’t the first rodeo for this nonsense, and nobody even tells me why it keeps failing. What’s going on?!? Are you all trying to make life impossible just to mess around with my money? Fix it now!",declined_card_payment,angry_layperson
e2f552d2-b1cf-4dcf-a78e-159475dd8fe8,"Yo, listen up! My card just got slapped down like yesterday's trash—can you believe that? I'm out here trying to buy groceries and my damn card’s a no-go. What the heck is going on? Fix this mess pronto or I’m blowing off some serious steam here!",declined_card_payment,angry_layperson
31cd4cbf-b3b0-4678-b03d-3f9e2b2ea75b,"Oh for crying out loud, why can’t my blasted card work? I tried paying for groceries this morning, right? And bang! It just got turned down like some second-rate bum on a street corner. What’s the deal here? Am I broke to you people or what? Fix it quick, 'cause I ain't got all day to waste sitting around listening to your robotic excuses!",declined_card_payment,angry_layperson
c20652ed-415c-4aad-b261-a0f958d0f30c,"Listen here, I'm absolutely fuming! I tried using my dang card at the store like usual, and it just flat-out refused payment! What's this craziness all about? Is there something wrong with my card or what? Fix this mess NOW!",declined_card_payment,angry_layperson
461ff240-e466-463d-901e-475beb22ce16,URGENT HELP NEEDED CARD DECLINED AT CHECKOUT TOTAL PANIC STOP NEED TRANSFER TO NEW CARD IMMEDIATELY STOP PAYMENT MUST GO THROUGH NOW MY REPUTATION ON THE LINE I CANNOT FAIL THIS DELIVERY DEADLINES APPROACHING PLEASE ADVISE FASTEST SOLUTIONS,declined_card_payment,panicking_emergency
fd1e1d41-9cc1-43e5-87ec-2524d56153ad,card got declined I need help fast can't pay rent or buy groceries running out of options what do i do,declined_card_payment,panicking_emergency
dacde29b-4f1b-4cae-8d3e-455faedfce06,Card won’t go through!! Urgent need to pay rent today!! Can't reach bank call center!! What do I do?? Need help immediately!!,declined_card_payment,panicking_emergency
d9ee60a3-7605-40c6-b184-5425ee940814,Card not working tried machine twice! Need money now emergency funds gone! Help ASAP cannot wait! What's going on? Need fix immediately!,declined_card_payment,panicking_emergency
ea6324c7-df16-43e9-8048-29becf94e25e,OMG this is serious my card just got declined at the grocery store I need groceries now what do I do my account is locked can someone help me immediately?!!!,declined_card_payment,panicking_emergency
d74c52af-dcb0-4fc3-92c0-28976ec1c425,"Desperate! Card just got declined at store what's going on? Need money now! What do I do right away?! Can you fix this fast? Bills piling up, big stress! Please help!!! Urgent!!!!!!!!!",declined_card_payment,panicking_emergency
95af8e61-ebdf-4a2c-af7a-251b5f7d85fc,"Dear Sir/Madam,

I hope this message finds you well. I am writing to inform you of an issue experienced during my most recent attempted transaction, wherein the card provided was not accepted by the payment terminal. Despite ensuring that all requisite funds are available and no previous limitations have been notified, the transaction could not be processed successfully.

Should you require further details or wish to investigate this matter, please do not hesitate to reach out to your dedicated support services at your earliest convenience. I would greatly appreciate any assistance in resolving this issue promptly.

Thank you for attending to this matter with your typical efficiency and professionalism.

Yours faithfully,

[Your Name]  
[Affiliated Banking Institution]",declined_card_payment,polite_expert
5abce627-e699-47b3-a4db-50c09acf0fea,"Dear [Customer Name],

I hope this message finds you well. I am writing to inform you that we have encountered an issue with a recent transaction attempt using your card. Unfortunately, the transaction was not processed successfully due to certain verification requirements not being met at this moment.

This could be attributed to various reasons such as insufficient funds, reaching a daily transaction limit, or potential security measures initiated by our system. I would highly recommend verifying your account balance and any active limits with us directly through your online banking portal or mobile application. Should you believe there has been an error, please do not hesitate to contact our support team for further assistance.

We sincerely apologize for the inconvenience caused and thank you for your understanding as we work diligently to resolve this matter swiftly.

Kind regards,

[Your Full Name]
Customer Support Representative",declined_card_payment,polite_expert
0c6a8495-7132-4ea1-9db6-3f02ee5388c7,"I am writing to bring to your attention an issue that transpired during my most recent attempt to execute a transaction utilizing one of my bank-issued cards. Regrettably, the payment was not authorized, despite having sufficient funds available in the associated account at the time of the attempted transaction. May I kindly request clarification on the possible reasons for this occurrence and guidance on how best to rectify this situation? Additionally, any information regarding steps that may prevent such an event from recurring in the future would be greatly appreciated.

Yours faithfully,

[Your Name]",declined_card_payment,polite_expert
06985c26-d9be-4d99-ade2-b4572c510be7,"Dear Valued Customer,

I trust this message finds you well. I am writing to bring to your attention an unfortunate issue concerning a recent transaction using your credit card that was not successfully processed due to insufficient funds or other potential reasons such as exceeding your daily limit, the card being expired, or a discrepancy in the information provided during authorization.

To assist in resolving this matter, it may be prudent to first verify that there are adequate balances available and confirm the validity of your card’s expiration date. Additionally, ensuring the accuracy of billing details can prevent similar instances in future transactions. Should you require further assistance or wish to explore alternative solutions such as reviewing your account's credit limit, do not hesitate to contact our dedicated customer service team.

Thank you for bringing this matter to our attention, and we sincerely apologize for any inconvenience caused.

Yours faithfully,

[Your Bank’s Customer Support Team]",declined_card_payment,polite_expert
6b4bfefd-7049-4566-a7ca-0ff90c2d2166,"I hope this message finds you well. It appears that an issue has arisen during a recent attempt to utilize your payment card, as the transaction was not completed successfully. This situation may be attributed to various factors such as insufficient available funds, exceeding daily spending limits, or potential discrepancies in the card details provided at the point of sale. 

To resolve this matter with due diligence and accuracy, I recommend verifying that the particulars on the receipt match those on your account statement. Additionally, it would be prudent to check your balance for any outstanding transactions or pending authorizations which might affect available funds.

Should these steps not rectify the issue, kindly ensure that your card is active and has not reached its expiration date. Furthermore, reaching out directly to our esteemed customer service representatives via telephone or through secure online communication channels could provide you with tailored guidance and assistance.

Your convenience and satisfaction remain of utmost importance to us, and we would be honored to assist in any manner necessary to swiftly resolve this matter. Thank you for your patience and understanding as we address this concern promptly.

Warm regards,

[Your Name]  
Customer Service Specialist",declined_card_payment,polite_expert
c04dad91-09e9-486a-97d3-148ad9f6bec8,"I regret to inform you that a recent attempt to process a transaction using your credit card was not successful due to insufficient funds available on the account associated with said card. Please kindly verify your account balance or contact our customer service team for further assistance regarding this matter, should it be necessary. Thank you for bringing this to our attention, and I apologize for any inconvenience this may have caused.",declined_card_payment,polite_expert
d4a05148-48c0-4f8e-a0fa-ad7f87d997c6,"Yo, so I just tried buying some kicks online, and my card was like ""nah fam"" – it totally got ghosted on me during checkout 🙄. Can you help figure out what went down? I need those shoes ASAP! #NoMoneyNoPlay✌️",declined_card_payment,gen_z_slang
474fb229-364e-423a-80f0-2782e4d2cd92,"Hey, so like, I tried to swipe my card at that cute coffee shop today and BOOM, it just totally ghosted me 😑. Thought there was money in my account but nope, got declined. Any ideas what’s going on? 🤔💸",declined_card_payment,gen_z_slang
8d055043-b9d8-46cf-a966-a50f5a3c5007,"Heyo, so I was trying to snag my fave coffee (obvs), and my card just straight-up ghosted me 🙄. Like what even is that about? It worked fine yesterday! Could u pls sort this out ASAP?? Thanks a bunch 🙏",declined_card_payment,gen_z_slang
1c254981-189e-4bb6-9e06-d84bebc3680d,"Yo, my card just got ghosted on a payment 😩 like I literally tried to buy pizza but got that old ""card declined"" message pop up again. Can ya check why this is happening? Thanks! 🙏🍕",declined_card_payment,gen_z_slang
87b1f56c-26c7-4d9c-83a8-c18a548d0ad0,"Hey, so like, I was totally ready to smash that payment button but my card just ghosted me 😬 It’s a no-go—totally not chill when I thought I was all set. Can we figure out what's up? Thanks! 🙏",declined_card_payment,gen_z_slang
9e5c458b-0a37-409e-b6f5-2c38c7ad1d7d,"Hey! So yesterday I was trying to grab some groceries online, right? And guess what—my card just straight up bailed on me at checkout! 😅 Like, why now when there's literally bread in my house that could be toast by tomorrow morning? 🍞 Any tips on how to sort this out ASAP? Thanks a bunch! 🙏",declined_card_payment,gen_z_slang
6f595344-a172-4418-ad05-3912b7e0cc14,"Hello, I have trouble today. My card not work for payment. It say no, money cannot go through. Can you help me fix this? Thank you very much!",declined_card_payment,non_native_speaker
45fd4b2b-c3a0-41e5-aeda-98da42fe990c,"Hello! Sorry for trouble. I try use card today but not work. It say no, decline payment. Can you help why this happen? Thank you.",declined_card_payment,non_native_speaker
ea343adb-c4eb-4f1c-b87e-054ce6b5bb5a,"Hello! I have problem today with my credit card. I try to pay for groceries, but payment not go through. Bank say ""no"" to my card. Can you help fix this please? Thank you very much!

Goodbye!",declined_card_payment,non_native_speaker
03c4083d-fe5d-4bae-a07d-e031f965d161,"Hello! I try pay with my card, but it say no. I not sure why? Can you help what happen? Thank you!",declined_card_payment,non_native_speaker
41ccb226-1ba4-4a5b-9f12-941fc5a4b5cb,"Hello! I try pay with card but it no work. It say payment is not okay, maybe problem with my card? Can you help check it now? Thank you very much for helping me out.",declined_card_payment,non_native_speaker
b3739a68-f61f-4247-b474-b4f13bd5b764,"Hello, help please! I try make payment with my card but no work. Say card not accepted, I don’t understand why. Can you tell me what problem? Thank you!",declined_card_payment,non_native_speaker
6d6dfa10-8cd0-41bd-a847-05a5e9e411c4,Card declined at checkout. Explanation?,declined_card_payment,short_wording
25ce35d3-cb3e-4748-add7-1b2d6c42c4a3,Card declined at checkout. Why? Immediate help needed.,declined_card_payment,short_wording
00ef5911-f32d-4d9e-8002-e2d0a8e62cd0,Card payment declined error code 50,declined_card_payment,short_wording
23d9c677-3533-43fb-8c8b-bfc96f76d69c,"Card decline issue  
Paid, got refused  
Payment failed  
Need help now  
Why declined?",declined_card_payment,short_wording
32180365-00a8-44ff-a500-9bcbceef3371,"Card payment failed - help?

Issue details: Transaction declined. Urgent assistance needed.",declined_card_payment,short_wording
d0c0a2f9-dc71-4ef6-a394-ed12c82c0c22,"Card declined, needed item. Help?",declined_card_payment,short_wording
109d3070-a6b9-451d-842a-e5e65ed42eaf,"Hey, listen up! I went to grab some cash from that ATM like a normal person does, right? But then this stupid machine decides to give me the finger! Telling my card's ""no-go"" or something like that. What kind of nonsense is this?! Every time it's the same old crap—my hard-earned money tied up just because some bank decided they don’t trust their own system!? Can someone explain why I can't take out a few bucks without this ridiculous drama? Fix this, or find me another damn place to get my cash!",declined_cash_withdrawal,angry_layperson
62f96f10-f719-4d7d-9014-ad994c9a5e9c,"Hey, listen up! I tried yanking some cash out of my account like I always do, and bam, it's getting declined for no reason at all! What kind of crap is this? Do you people even check your systems before making them useless to regular folks like me? Fix it now or I'm screaming bloody murder to whoever will listen about how this bank treats its customers!",declined_cash_withdrawal,angry_layperson
ecda84e2-6928-4e87-8cbe-54c9e3918d7f,"Hey! Look, I just tried to get some cash out of my account, and guess what? It got slapped back into my wallet like a bad joke! This is ridiculous—I’ve been banking with you guys forever, and now this happens! What’s the deal here? I don’t have time to chase down ATM demons or whatever glitch in your system caused this mess. Fix it, pronto, or I'm taking my business elsewhere!",declined_cash_withdrawal,angry_layperson
a600e79f-11e8-4cda-8bb9-4f23d5ecbfc7,"Hey, listen up! I tried pulling some cash out just now and my card got slammed like no tomorrow. Every single time it's happened at every darn machine, not just once or twice. It's driving me nuts because apparently, my money’s locked in there without a key! What's the deal? Are you guys doing this on purpose to make my life miserable?!",declined_cash_withdrawal,angry_layperson
aca8d879-85de-4c4c-ac33-eaba4d66f0ab,"Hey, listen up! I was right there at the bloody ATM trying to get some cash out of my own damn account, and guess what? It just spit my card back at me like a chewed-up piece of gum! The machine’s telling me ""Sorry, can't do it"" as if I’m asking for something that doesn’t belong to me. What the hell is going on with your system?! Every time I try, it's the same nonsense. Is there some kind of glitch or what? Just fix it already, so I don’t have to deal with this stupid runaround every single time!",declined_cash_withdrawal,angry_layperson
17753977-3757-496c-b8b6-0ddd54a0226b,"What the hell is going on with my account?! I tried pulling out some cash, but guess what? It just flat-out refused! Every time for the past week now! This is seriously messed up—I’ve got bills to pay, man. Get your act together and sort it out ASAP before I lose my damn mind over this nonsense.",declined_cash_withdrawal,angry_layperson
597a2fc3-1357-44fb-a91d-c915c2270744,"Haven't got my cash account says no money even though I have funds! This is urgent, need to fix now! Lost job can't sort bills today!!! What's wrong with card? Need answer fast! Please help immediately!",declined_cash_withdrawal,panicking_emergency
4ec0598b-1668-4d9a-9973-7b641c06b50b,Can't withdraw cash at ATM! Card not working absolutely nowhere access money emergency funds needed now please help urgently fix this immediately!!!,declined_cash_withdrawal,panicking_emergency
5dc8120b-37c6-4952-b340-fadb091f7fb2,Can't get cash out of ATM! My card's being declined over and over again I've no money left urgent need for cash what's happening here why is this not working I'm so stressed right now please help quick fix this immediately,declined_cash_withdrawal,panicking_emergency
2fab84bb-81d6-4bf6-b079-ef2ac7f57380,Help! Tried to get cash at ATM machine my card got declined big problem can’t access money need funds urgently don’t know what’s wrong bank didn’t call me anything wrong with account no idea why this happened so stressed out tell me what do I do next? Fix this quick please!,declined_cash_withdrawal,panicking_emergency
734ef98a-e6e1-43aa-b82b-6cc8073b1f94,"Urgent, can’t get cash from ATM! Withdrawal failed multiple times. Bills due now! No money out, what’s going on? Need help ASAP! Card or balance issue maybe? Really stressed, please fix fast!",declined_cash_withdrawal,panicking_emergency
d6eb916b-d585-44c7-8354-ea6ee1253f85,"I need money right now at ATM but it didn’t work again! Why isn’t my card working? I’ve got bills due today! Help, what do I do? My account shows funds why is this happening? Need an answer immediately!",declined_cash_withdrawal,panicking_emergency
42e94151-99fd-44dc-9036-9e63b67a4b49,"I trust you are well today. I wish to bring to your attention a recent inconvenience encountered during my attempt to withdraw funds at an ATM. Regrettably, despite ensuring that sufficient balance was available within my account, the transaction was not processed successfully and consequently declined. Might I inquire whether there are any prevailing issues with my account or perhaps maintenance occurring on your side that could have led to this occurrence? Additionally, should you require further information such as transaction details for a more precise investigation, please do inform me at your earliest convenience.

Respectfully yours,

[Your Name]",declined_cash_withdrawal,polite_expert
9909446f-49b8-478c-b768-bd764f59d6ee,"I regret to inform you that your recent attempt to withdraw cash was not successful due to insufficient funds or an account hold restriction, which are conditions that prevent such transactions from being processed. If this occurrence has caused you any inconvenience, I would be most obliged to assist in exploring alternative solutions to address your immediate financial needs.

Should it be necessary, we can ascertain the precise reason for this decline by reviewing your recent transaction history and account balance details. Additionally, I am at your service to discuss potential corrective measures or suggest interim arrangements. Please let me know if you would prefer a detailed explanation of the incident or wish to proceed with any specific course of action.",declined_cash_withdrawal,polite_expert
f8e87494-ff78-4c00-a8f6-64bc51a5e578,"Dear Esteemed Customer,

I hope this message finds you well. I am writing to inform you of an unfortunate issue encountered during your recent attempt to withdraw cash at our automated services kiosk. Regrettably, the transaction was unsuccessful due to insufficient funds or potential discrepancies in account standing which might necessitate further validation from your end.

To resolve this matter promptly and efficiently, it is advisable to review your current account balance through online banking or by visiting a nearby branch for assistance. Our team of professionals will be more than willing to facilitate any necessary transactions as well as provide clarity on account specifics that may have contributed to the declined transaction.

Should you require additional support or wish to discuss this matter further, please do not hesitate to contact our customer service department at your earliest convenience. We sincerely apologize for any inconvenience caused and are committed to ensuring a swift resolution to your concern.

Yours faithfully,

[Your Banking Support Team]",declined_cash_withdrawal,polite_expert
df7d8cf3-2817-40e7-84b9-54f41775340c,"I hope you are well today. I am writing to inform you that my recent attempt to withdraw cash via an ATM transaction was unsuccessful. Although the funds sufficient for this operation were available within my account balance, the withdrawal could not be processed as anticipated. This has resulted in unexpected inconveniences on my part, and I would greatly appreciate your assistance in identifying the precise cause of this issue so that it may be promptly resolved. Furthermore, if there are any measures that can be taken to prevent such incidents from recurring in the future, I am eager to discuss them thoroughly.

Please advise me on how best to proceed. Thank you for your attention to this matter.",declined_cash_withdrawal,polite_expert
02ea9154-ddaf-46ea-a016-ee6e699c3983,"I trust this message finds you well. Upon reviewing my recent activities, I regret to inform you that an attempt to withdraw a sum of cash was declined by our banking system. May I inquire into any potential underlying issues such as insufficient funds, account restrictions, or card validity concerns? Your guidance on how best to address these matters would be most appreciated. Thank you for your attention and assistance in this regard.

Kind regards,

[Your Name]",declined_cash_withdrawal,polite_expert
a340bda0-7492-44d8-841d-335d2dd9588e,"I trust this communication finds you well. I would like to bring to your attention an occurrence where a recent attempt to withdraw cash has been unsuccessful due to an internal authorization discrepancy within our systems. This is often attributable to insufficient account balance, exceeded daily withdrawal limits, or potential issues with the ATM itself, such as network connectivity.

In order to resolve this matter expeditiously and ensure your continued access to banking services, it would be most beneficial if you could provide additional context regarding the exact circumstances of the transaction. Any relevant card information at hand may also aid in facilitating a thorough investigation by our security team.

We endeavor to rectify these sorts of concerns with utmost priority, and I assure you that my colleagues and I will remain committed to assisting until the matter is fully resolved. Should there be any further assistance you require or details necessary to advance this enquiry, please feel free to inform me at your earliest convenience. We appreciate your patience as we endeavor to remedy this situation. 

Yours sincerely,

[Your Name]
Customer Support Expert",declined_cash_withdrawal,polite_expert
38b502aa-6756-4458-b116-281159df4fbd,"Hey, so I was tryna chill at an ATM, pulled out my card, and bam! It's like my withdrawal got ghosted or smth? Like why tho?! Is there a limit on how much I can take out in one go or what’s up with that cash not coming through?? 😤",declined_cash_withdrawal,gen_z_slang
febd1aa6-6bb3-4b8a-b948-6b296402baef,"Yo, so like, I was at the ATM trying to snag some cash for a quick latte, but dang, my card got ghosted! It's like, ""Sorry, fam, this isn't happening today."" Any idea why it decided to bail on me? Was there something weird with my account or what? Need some help figuring this out ASAP because I'm literally low-key broke AF without the dough. Thanks! 🙏",declined_cash_withdrawal,gen_z_slang
afebb0c8-4721-4d7e-9084-eb6e212a6c8e,"Yo, so like I was tryna grab some cash from my ATM, and it totally ghosted me with a ""transaction declined"" vibe 😒. Could you help sort it out? I'm pretty sure there's money in my account, but maybe the card's just having a day off or something? Need to fix this ASAP!",declined_cash_withdrawal,gen_z_slang
8cf6b42f-b398-4b1b-83b1-6c6c0e65de91,"Heyo, so I was tryna get some cash from my atm, right? But then boom! It just totally ghosted me 😒. Like why'd you even say no when I'm all good with funds? Kinda need it ASAP for some essentials, but here I am stuck without cheddar. Help a sis out, plz? 🙏",declined_cash_withdrawal,gen_z_slang
f39a9eb4-0a8a-4c73-ac4b-d351a57ac13d,"Yo, so I tried snagging some cash from an ATM and boom, no dice! 😭 It just slapped me with a big fat “try again later” sign, for real though? Like wtf, my card is legit! Got any deets on why it's ghosting me every time? Thanks! 🙏",declined_cash_withdrawal,gen_z_slang
ab628ca5-5847-4a6b-85ae-b8f85c326df6,"Heyo, so like, I was totally chillin’ trying to grab some 💸 from an atm, but nope! It was a major thumbs-down, fam. Like, my card just said nah and left me hanging with zero cash in hand. What’s up with that??? 😤",declined_cash_withdrawal,gen_z_slang
955325f8-684c-4a70-897e-b0dcf0ba2d0d,"Hello,

I have trouble with my cash withdrawal today. I go to ATM, but machine say ""no"" and not give money. Why this happen? Please help me understand.

Thank you!",declined_cash_withdrawal,non_native_speaker
3a23ca5f-5767-4faf-9819-42817a1af2d8,Hello! I try withdraw money but bank machine say no. Why this happen? Maybe card not work or mistake with account balance? Please help me understand. Thank you very much.,declined_cash_withdrawal,non_native_speaker
abf8d9d7-a5bb-4110-8815-6e30805c736a,"Hello! I am sorry, my cash money cannot taken out today. Machine say no! Why this happen? Maybe card problem or not enough money? Please help me fix it. Thank you very much!",declined_cash_withdrawal,non_native_speaker
d4a5aec9-b7e1-4f56-8a2d-8086b3c274ab,"Hello, my card not work today. I try take cash from ATM but machine say no. Maybe not enough money in account? Can you please help me check this? Thank you very much!",declined_cash_withdrawal,non_native_speaker
c39783d5-44e9-482b-b61e-43172b9fc15e,"Hello,

I hope you are doing well today. I have a small problem, please help me. Today, I try take money from ATM but machine not give money back. It say no okay and took my card. I check balance before, it is good amount in account. Can you tell what happen? Please let know how to fix this.

Thank you very much for your help.

Best regards,

[Your Name]",declined_cash_withdrawal,non_native_speaker
84f6b7ea-af0a-4723-ad0a-93975adf3cd5,"Hello, 

I try get money from ATM but it say no. I not understand why. My card is okay before. Please help me check what problem.

Thank you!",declined_cash_withdrawal,non_native_speaker
2c206338-a54f-4263-ab07-dbcbc0eb20df,"Withdrawal declined, why? Need help.",declined_cash_withdrawal,short_wording
b4dcd410-48a8-4b56-8a0c-7c613c79c396,Withdrawal denied. Why? Low balance or card issue? Need resolution. Please assist. Thanks.,declined_cash_withdrawal,short_wording
ca42b762-2908-46a6-a855-bcf5fdaffd9e,"Withdrawal failed, PIN correct  
Balance okay?  
Card issue?  
Machine error?  

Need help ASAP!",declined_cash_withdrawal,short_wording
07f0ee0c-9105-4ab2-bb9e-6076e11e2222,"Cash withdrawal failed  
Insufficient funds?  
ATM error?  
Card issue?  

Need help!",declined_cash_withdrawal,short_wording
7e60c830-b804-44fb-a8e4-ddc5b24e2a07,Withdrawal failed. Need help.,declined_cash_withdrawal,short_wording
0eb42699-6e21-464d-aade-e2305c610a91,Withdrawal denied. Help? ATM error or card issue? Need details for resolution.,declined_cash_withdrawal,short_wording
3a5506e4-0aca-419f-a8e0-231a74591383,"Listen, I’m losing my rag here! Just tried sending some cash through, and it hit a brick wall without any damn warning! What’s going on? Am I out a chunk of change because you couldn’t manage simple stuff right? This is ridiculous – sort this mess out fast or else I'm telling everyone how useless your service is!",declined_transfer,angry_layperson
ab57534f-ba5d-4dfb-a048-7ab46528f7da,"Oh great, just when I thought today couldn't get any worse! I tried sending money like a normal person should be able to without all this hassle, and bam—it gets blocked! What's up with that? Is my account on some secret blacklist or something? Fix it now 'cause I ain’t got the time for this crap!",declined_transfer,angry_layperson
cee1c6bf-a206-4eb1-ad20-1461e785751e,"Oh great, another brilliant day! I try to send some money over to my buddy like a grown-up, and what do they do? They slap my face with a ""nope"" from nowhere! What’s going on with your system anyway? Every time I try this nonsense, it just bounces back. Can someone please fix your damn glitchy setup before I lose it completely?!",declined_transfer,angry_layperson
3b9f70e3-1e35-42a7-a6a1-c35d21bfd140,"Hey, listen up! I tried sending some cash over last night and my stupid bank went and blocked it. What the heck is that about? I had the funds, alright? No clue why nothing's moving! Fix this mess right now!",declined_transfer,angry_layperson
4f9ace5b-ae39-4cb0-a6e1-685854359f68,"Oh for crying out loud! I tried sending my buddy his rent money, and guess what? It just bounces back like a stupid rubber ball! What kind of circus show is this? Fix it now or else, because this ain’t funny at all!",declined_transfer,angry_layperson
7c3b7518-e899-4618-a266-228b7648690a,"Oh for crying out loud! I tried sending my cash over there, and guess what? It didn’t even go through! Now I’m stuck here with no idea why you lot can’t keep track of things properly or tell me upfront that it’s gone belly up. This is the third time this month! Just fix it already, would ya?",declined_transfer,angry_layperson
d2b54245-89cf-4ff3-a6d4-fdcf973597ef,URGENT! Tried to send money just now. It wouldn’t go through! I need this done NOW! What’s going on with my account? Money is important!! Can someone FIX THIS right away? HELP ME OUT!!!,declined_transfer,panicking_emergency
4b9ae647-1f83-492f-99f0-e681814f4b0f,transfer didn't go through what the heck is going on I need that money now someone answer me this needs fixing ASAP please help,declined_transfer,panicking_emergency
8c83fac7-35be-44aa-af73-d714a1d59ea0,"I tried sending money urgently but it failed! What’s happening? Money's stuck in my account, need help ASAP. I don’t understand why this isn’t working now. Need this sorted right away, serious issue here please assist immediately!",declined_transfer,panicking_emergency
c8dac724-7cd4-4349-a46d-e89907bc6a53,"Haven't been able to transfer money urgent need it for rent payment why is this happening?!? What do I do now? Need help immediately, can't lose my apartment!!!",declined_transfer,panicking_emergency
288e3b38-9cbe-49de-9291-ada7ea0c5d2d,"I urgently need help! Tried sending money to my brother's account multiple times but bank says no go every time!! What do I do? This is an emergency situation, I must get this sorted now or he won't be able to pay rent today!!! Please tell me how to fix it immediately!!!",declined_transfer,panicking_emergency
dab76b0c-2a36-4df9-8639-429d72d88db9,Oh my god what happened just tried making a transfer everything stopped no money going through why is this happening can’t afford a mistake something went wrong how do I fix this urgent please help this is a disaster,declined_transfer,panicking_emergency
5675295e-1a38-44f3-9bd2-c38ee077f3ba,"Dear Esteemed Customer,

I trust this message finds you well. I am writing to inform you of a recent occurrence regarding an attempted funds transfer from your account that was not processed successfully at this juncture. This decision may have been due to various reasons such as insufficient balance, exceeding daily transfer limits, or incorrect recipient details.

Please accept my assurances that we are committed to assisting you in resolving any issues that might arise with your financial transactions. I would kindly recommend reviewing the transaction details and ensuring compliance with all necessary requirements. Should you require further assistance or have additional questions, please do not hesitate to contact our dedicated customer support team who will be pleased to assist.

Warm regards,

[Your Name]
Customer Support Specialist",declined_transfer,polite_expert
6e4cc5e7-06d5-4260-ad2f-99d41462edc1,"Dear Esteemed Customer,

I trust this message finds you well. It is with sincere regret that I must inform you of an occurrence that has recently transpired concerning a transaction intended for transfer from your account. Upon execution, the aforementioned transaction was not processed as anticipated due to constraints inherent to the underlying financial protocols or potentially insufficient funds within your account at the time.

To aid in addressing this matter promptly and comprehensively, may I kindly request you to verify the available balance of your account, examine any applicable hold or limit conditions that might be influencing this particular transfer, and consider reviewing our institution's guidelines regarding transaction limits? 

Should you require further assistance or clarification on how best to proceed, please do not hesitate to contact us. Our dedicated support team remains at your disposal for the resolution of this matter.

Thank you for your understanding, and we sincerely apologize for any inconvenience this may have caused.

Yours faithfully,

[Your Name]  
Customer Support Representative",declined_transfer,polite_expert
917375af-d1c3-46b8-b5cf-2386d808e8a1,"Good day,

I hope this message finds you well. I am writing to inform you of a recent attempt to execute an electronic funds transfer which, regrettably, did not proceed as anticipated due to its rejection by our system.

Upon reviewing your account and the transaction details, it appears there may have been insufficient funds or that certain criteria related to fund availability were not met at the time of the attempted transfer. Additional possibilities include potential discrepancies in the recipient's information or limitations imposed on outbound transactions from your account for security purposes.

To assist you further in resolving this matter, I would recommend verifying the aforementioned details and ensuring that there are adequate funds available. Additionally, it may be beneficial to consider any restrictions placed by our institution regarding transaction amounts or frequency. Should my observations align with the issues encountered, addressing these factors promptly should facilitate a successful transfer upon subsequent attempts.

Please feel free to contact us at your earliest convenience so we might offer further assistance and ensure that all processes are aligned for future transactions.

Yours sincerely,

[Your Name]  
Customer Support Specialist",declined_transfer,polite_expert
0827ea3d-d19a-4887-a0f5-c0db6763f56c,"I am writing to bring to your esteemed attention a matter regarding a recent attempt to execute an inter-account transfer which, regrettably, was not successfully processed. Upon reviewing my transaction activity, I observed that this particular transfer encountered an issue at the time of authorization by our financial institution. It would be most appreciated if you could kindly elucidate the reasons behind this occurrence and provide guidance on how best to rectify the situation moving forward. Thank you for your attention to this matter; I remain confident in receiving a resolution with expediency and thoroughness.",declined_transfer,polite_expert
2fe33d8d-4e13-4f11-bd7e-83af3d5dc589,"Dear Valued Customer,

I hope this message finds you well. I am writing to inform you of an issue that has occurred with a recent attempt to execute a monetary transfer from your account. Regrettably, the transaction was not authorized due to certain checks and validations imposed by our financial institution.

Upon reviewing the particulars of your transaction, it appears that one or more factors such as insufficient funds, exceeded daily transfer limits, or an incorrect recipient account detail may have contributed to this outcome. We sincerely apologize for any inconvenience this may cause you.

To assist in resolving this matter promptly, I would kindly request a brief review of the transaction details and circumstances surrounding its execution. Should there be any specific questions or further clarification required on your part regarding potential causes of denial, please do not hesitate to reach out to our dedicated support team who are at your service to provide comprehensive assistance.

Thank you for entrusting us with your banking needs. We remain committed to ensuring a seamless and satisfactory experience for all our valued customers.

Yours sincerely,

[Your Name]  
Customer Support Specialist",declined_transfer,polite_expert
27bdecd1-8c0a-4b7d-ad78-7c060e4ac352,"Dear [Customer Name],

I hope this message finds you well. I am writing to inform you that a recent transfer request you initiated from your account could not be processed successfully due to certain conditions not being met. This may have occurred for various reasons such as insufficient funds in the originating account, incorrect recipient information, or a mismatch with our security protocols.

Should you wish to discuss this matter further or require assistance in rectifying any issues that might have contributed to the decline, please feel free to contact us at your earliest convenience.

Yours sincerely,

[Your Name]  
Customer Service Representative  
[Bank Name]",declined_transfer,polite_expert
118566d1-b6d6-4260-a4b1-948709164fae,"Hey! So like, I tried to send some cash to my sis but it just bounced back 😒. It's acting all weird on me and not going through at all. Is there something up with my account or what? LMK ASAP 'cause this is really messing with my vibes, lol. Thanks in advance! 🙏",declined_transfer,gen_z_slang
4dc1dc37-ba67-41ed-84b5-bd7c6ea9e4ec,"Hey 👋, so like, I tried to slide some cash over to my pal's account, but for some reason, my bank was all ""nah."" It just bailed on me & sent that rude declined message 🙄. Could you help me figure out why it didn't go through? Totally stumped here! Thanks a mil! 🤔",declined_transfer,gen_z_slang
f56f8f48-101c-42b1-b854-369303afd795,"Heyo! 😏 So I was tryna send some cash to my fam (cuz we’re splitting game funds, ya know?) but like, poof! It’s all “transaction declined” and stuff. Super bummed as it's just sitting there doin’ nada rn. Could you help me figure out why my bank’s being a diva about this? 😩",declined_transfer,gen_z_slang
85bef8c0-0016-47d6-ba7a-3ec54101c64f,"Hey, so I tried sending some cash to my bro, but for some reason, my bank's like ""nah"" 🙄 It just won't go through no matter how many times I hit send. Thought my 💰 would be chill and waiting when they got it, but nah fam. What's up with that? Anyone got the 411 on fixing this mess? 🤔",declined_transfer,gen_z_slang
6e046e52-cbb5-4d35-a9e7-a0b865f11d83,"Hey, so I tried sending my sis some cash for that concert ticket she's been hyping up, but like, it totally didn't go through 🙄. Like, what gives? Is my account just ghosting me now or is there some other vibe happening with this transfer thingy? 😬",declined_transfer,gen_z_slang
5dfdc280-5528-4a45-bdce-da855050d5a4,"Hey, so I tried slinging some cash to my bud, but like, nope it just got ghosted? 😅 Like why tho, does my bank not vibe with me today or what’s up?? Ugh, fix this ASAP please! 🙏",declined_transfer,gen_z_slang
3da58fc4-6877-4115-ae26-6b32856722df,"Hello, I have issue with my bank transfer. It did not go through. Why it is declined? Please help me understand what problem there. Thank you!",declined_transfer,non_native_speaker
7fb688cd-8858-4eed-b352-96a996f33bd0,"Hello! I want help. My bank say no for send money. Transfer not work. Why this happen? Please tell me what do next, thank you.",declined_transfer,non_native_speaker
4fbf8323-85b0-4912-9d23-49341de2bcff,"Hello, I try do transfer money but not work. It say ""decline"". Why happen this? Please help me understand. Thank you!",declined_transfer,non_native_speaker
3cba6a8f-2f6c-4101-b85b-daaa543cfc39,"Oh, hello! I try make transfer with my card but it no go through. Why is this happen? Can you help me please? Thank you.",declined_transfer,non_native_speaker
9f65ed76-e9c0-45ba-aefc-7276f8dd6222,"Hello, thank you for helping me today. I try to send money to friend but bank say no. It is not work, why this happen? Could you please look into it? Thank you very much!",declined_transfer,non_native_speaker
59274dfe-8c32-4965-a6c4-e99607f6319a,"Hello, I try do transfer money but say no can do. Why my transfer not work? Not good service. Please help fix quick. Thank you.",declined_transfer,non_native_speaker
0340473d-88ca-4c41-baac-7d874b9fca1e,Transfer declined. Help? Funds not moving.,declined_transfer,short_wording
4dac4560-4fa2-49d4-8d67-78c16f778ea4,Transfer failed. Insufficient funds or incorrect details? Need help now.,declined_transfer,short_wording
ef8ad272-455a-486f-ad7e-71b03bbae4f2,"Transfer declined, please help

Sent today",declined_transfer,short_wording
024f1428-7808-48fd-a8f7-8bc4a0503a29,"Transfer failed, no fund?",declined_transfer,short_wording
7e2fc19a-550d-48e1-a585-326f2c0a5602,"Transfer failed? Urgent help! 

- Payment needed.
- Insufficient funds?

Need quick assistance, please respond.",declined_transfer,short_wording
0c972464-5bf4-4c54-9e0f-10c3e4b024ad,"Transfer declined

Explanation: The query is a direct, concise expression of the issue with only 2 words, reflecting the persona's minimalistic communication style while clearly conveying the problem.",declined_transfer,short_wording
9ef9f929-9bdc-4916-9420-1de14558da42,"Hey, listen up! I've got a big issue here with my stupid bank account. They’ve charged me for this payment, but they can’t even see that bloody charge on their end? What kind of circus is this? Fix it right now or else I’m taking this to the top, you get me?",direct_debit_payment_not_recognised,angry_layperson
9e4f5340-221d-4545-ba3b-dab3774906f3,"Listen up, I’m at my wit's end here! I paid you people a good few quid for this service, and now my bank’s telling me you lot didn’t take the money out when you were supposed to. It’s costing me cash I ain’t got lying around, and it’s giving me a headache bigger than your CEO's ego. Sort it out, pronto!",direct_debit_payment_not_recognised,angry_layperson
4ca3cb2f-a8e7-4db3-b249-1b73e6bd1c62,"Hey, listen up! I got one of those automatic payments set up like ages ago, but now my account won’t accept it anymore. It’s just sitting there, not doing jack. And for what? Because you folks couldn’t get your act together to update some details on time or whatever? Now I’m here stuck with late fees and a ticking headache. Fix this mess pronto!",direct_debit_payment_not_recognised,angry_layperson
4fffbfc3-0fe5-419d-9984-524028b05da1,"Hey! I'm steaming mad right now because I set up a payment like ages ago, and for some reason, you lot didn’t even see it! It’s like my money just vanished into thin air, and I don’t have time for this nonsense! What the heck is going on with your system? Fix it or give me a proper explanation. This ain't acceptable at all!",direct_debit_payment_not_recognised,angry_layperson
0d138874-bfd3-4fd1-8866-d8acb2d53a1d,"Oh for crying out loud! I just paid my bloody utility bill using that standing order thingy, and now neither they nor you acknowledge it ever happened. What kind of circus is this? You've got me chasing after everyone with no end in sight! Fix this mess NOW before I lose my marbles entirely!",direct_debit_payment_not_recognised,angry_layperson
1bef7311-a487-4c98-9c7d-e691fe308c51,"Hey, listen up! I swear my money's playing hide-and-seek here! I set this thing up ages ago for those bills that always bite me in the ass at the end of the month, but now your system's acting like it never heard of it. My account's crying wolf 'cause it thinks these payments are ghosts or something. Fix it before my landlord turns into a bloodthirsty monster!",direct_debit_payment_not_recognised,angry_layperson
0e1374e7-d678-437d-9547-c3a3b4e630b3,URGENT HELP NEEDED PAYMENT FROM ACCOUNT DIDN'T GO THROUGH MY CREDITOR IS CALLING AGAIN WHAT DO I DO ACCOUNT STILL SHOWS CHARGED I'LL LOSE THEM SERVICE PLEASE FIX IMMEDIATELY OR ELSE,direct_debit_payment_not_recognised,panicking_emergency
365fb79c-c4d8-44b3-bce6-eaebaa1c44f2,URGENT ISSUES WITH PAYMENT RECOGNITION MY DIRECT DEBIT DIDN'T GO THROUGH I NEED IT FIXED RIGHT AWAY PLEASE HELP ME NOW MY ACCOUNT MIGHT OVERDRAW COME ON ASAP!!!,direct_debit_payment_not_recognised,panicking_emergency
1ecdff67-2e2f-4995-aba3-7e57b77088ec,Help needed urgent account still showing unpaid direct debit I thought payment went through system says nothing received now what do I do bank statement looks wrong got overdraft fees coming fast need fix ASAP!,direct_debit_payment_not_recognised,panicking_emergency
7da7fe39-da4e-4fa5-8bdb-bd9ba825f1fd,I paid for my utility bill on time but got a notice they didn’t receive the payment can’t afford late fees need this sorted now what’s going wrong with my bank how do I fix this immediately?,direct_debit_payment_not_recognised,panicking_emergency
858f0212-08d0-4421-9a0f-43ed1dcc7110,Help please my bank account is a mess they didn’t take my payment I thought it went through but there's no record of the money going out now everything’s late urgent need to sort this out before I lose my services or get in huge trouble can someone explain what happened and fix it now,direct_debit_payment_not_recognised,panicking_emergency
2e317bc1-0dd0-4af8-a8fc-d611bb9f3d8a,URGENT! My payment didn’t go through the bank!! Can't access my funds! What's happening?? I need help now! It's not showing up anywhere!! Please fix this immediately!,direct_debit_payment_not_recognised,panicking_emergency
471c2750-de68-43ee-9560-a3c16109ba54,"Certainly, I trust you find yourself in a perplexing situation regarding an unrecognized transaction intended for automatic deduction from your account. Upon review, it appears that the aforementioned processing instruction has not been acknowledged by our system as of yet. May I kindly request any additional information or documentation you might have pertaining to this matter? This would greatly aid us in expediting the resolution and ensuring seamless continuation of your financial operations. We deeply appreciate your patience and cooperation during this time.",direct_debit_payment_not_recognised,polite_expert
c84d45cf-08c8-4c94-bd34-1dc8cadcc9df,"Dear [Bank Representative's Name],

I hope this message finds you well. I am writing to bring to your attention an issue that has arisen with an automated transaction intended for a recurring payment from my account. Despite ensuring all necessary details were correctly provided, it appears the bank has not recognized and processed the debit as planned. Consequently, the anticipated outflow was not reflected in my recent account statement.

Could you kindly review this matter at your earliest convenience to ascertain why this disbursement failed to be executed? I would greatly appreciate any assistance or clarification that you can provide regarding potential discrepancies or next steps required to rectify this situation.

Thank you for your attention and support on this matter. 

Yours faithfully,

[Your Full Name]  
[Your Account Number]  
[Contact Information]",direct_debit_payment_not_recognised,polite_expert
a0e49adb-bb32-42ac-849b-f7ec7a7ea264,"Esteemed Customer,

I trust this correspondence finds you well. I am reaching out with regard to an issue concerning a transaction that has yet to be reflected on our records, despite having initiated its process as intended. It pertains specifically to an automated debit arrangement from the relevant source account into my designated account at your esteemed institution. Regrettably, there appears to have been an oversight or processing delay, leading to its non-recognition in my account statement.

I would be most appreciative of your assistance in resolving this matter promptly. Should you require any further details regarding the transaction for verification purposes, please do not hesitate to contact me directly at your earliest convenience.

Thank you very much for your immediate attention to this matter.

Yours sincerely,

[Your Name]",direct_debit_payment_not_recognised,polite_expert
904af939-82e9-4749-a244-0f5fed07bf29,"Dear [Bank's Customer Service],

I trust this message finds you well. I am writing to bring a financial discrepancy to your attention concerning an anticipated direct debit instruction which, regrettably, has not been successfully processed by your institution. The payment in question was scheduled for deduction from my account; however, upon reviewing my recent bank statement, it appears that the transaction remains unsettled and does not reflect as acknowledged.

Could you kindly investigate this matter at your earliest convenience to ascertain the cause of this oversight and ensure its rectification? Your prompt assistance would be greatly appreciated.

Thank you in advance for your attention to this matter. 

Yours sincerely,

[Your Name]",direct_debit_payment_not_recognised,polite_expert
92a0dfa6-77bd-423c-9d49-6de70f48a54d,"Dear [Bank Representative's Name],

I trust this message finds you well. I am writing to bring to your attention an issue concerning a recent transaction I attempted under the Direct Debit scheme. It appears that the payment has not been duly recognized within my account as expected.

Despite ensuring all pertinent details were accurate and in alignment with my prearranged financial commitments, the discrepancy persists. This situation might inadvertently affect my ability to maintain timely obligations related to this specific arrangement.

I would greatly appreciate it if you could review this matter at your earliest convenience and provide clarification on any steps necessary to rectify this oversight.

Thank you for your attention to this matter. I am available should further information be required from my end.

Yours sincerely,

[Your Full Name]  
[Account Number]  
[Contact Information]",direct_debit_payment_not_recognised,polite_expert
2f1cbb30-ee71-4e1f-8b7c-8e55de2f983e,"Dear Sir/Madam,

I hope this correspondence finds you well. I am writing to bring to your attention an issue that has arisen with my bank account management. It appears that a scheduled direct debit transaction, which was intended for payment processing on its specified date, has not been recognized or processed by the institution.

Despite ensuring all necessary arrangements were completed correctly and in a timely manner, I have noticed no deduction corresponding to this obligation from my account balance. This unexpected oversight is causing a certain degree of concern as it may result in penalties or service interruptions for which responsibility could inadvertently fall upon me.

I respectfully request your assistance in investigating this matter promptly. Any guidance on the steps necessary for resolution would be greatly appreciated, ensuring that future transactions proceed without hindrance and my financial commitments are duly honoured.

Thank you for your understanding and prompt attention to this issue.

Yours faithfully,

[Your Name]  
[Account Number Details]  
[Contact Information]",direct_debit_payment_not_recognised,polite_expert
d546ef24-f29f-420c-a37a-9b819951ebc8,"Hey there! So like, I tried setting up a direct debit for my monthly bill 'cause y'know, gotta stay on top of things (adulting, amirite?) but it just wasn’t recognized or something? Like, is someone sleeping on the job or did my money take an unexpected vacay? Help a sister out and figure this mess out ASAP! 🙏",direct_debit_payment_not_recognised,gen_z_slang
567eb71f-6ca6-4747-b5af-58ffad4fc1ae,"Hey, so like, I was totally expecting my pay-to-be-deducted for this thingy I subscribe to, but bro, nada! It just isn’t showing up on either end, and I’m kinda freaking out 'cause bills gotta be paid ASAP 🙃 Can ya sorta check what’s going on? Thanks a bunch in advance! 😅",direct_debit_payment_not_recognised,gen_z_slang
9e76bf3b-b00f-4406-b82c-a200f1096f2f,"Yo, so like, I totally thought that money was supposed to be gone from my account yesterday, but it's still chilling there? Like, what's up? Are you guys sleeping on my direct debit or something? Need this sorted ASAP, fam! 🙄👀 Thanks a bunch!",direct_debit_payment_not_recognised,gen_z_slang
4a4f4abf-f6a6-4366-ab18-cb65a2a22819,"Yo, so like, I totally thought my bank was gonna grab money for that subscription I signed up for last week 😩 but tbh, there's zero movement on my side? Thought it'd be all automatic with direct debit. Did my account ghost them or what’s the deal? Need to figure this out stat!",direct_debit_payment_not_recognised,gen_z_slang
89caff18-09d2-4006-88a1-0a4f708e9d95,"Yo, I totally gotta flag something weird with my bank transfer vibes. So like, peeps said a payment should've dropped today, but literally nothing's shown up on my end? 🤔 Did they ghost or is there some glitchy drama happening? Can we sort this out ASAP? Need it sorted 'cause money's tight AF and I'm trying to keep my head above water here. Thanks fam!",direct_debit_payment_not_recognised,gen_z_slang
6b4d163c-b303-411d-b6ff-b9bf1d81f4b4,"Hey, just a heads up 🙌 that my bank account's acting extra rn. I've got this direct debit set up for like months, but my last payment totally ghosted me. It ain't showing up anywhere in my transactions, which is kinda sketchy 😅. Can you help figure out what’s going on? Much appreciated! 💖",direct_debit_payment_not_recognised,gen_z_slang
769e6c22-f37e-4673-af7c-9c15529b07e3,"Hello, I have issue. I made payment before time but my bank account... say no money went out. Can you help for see why? Thank you!",direct_debit_payment_not_recognised,non_native_speaker
f38b4288-4c08-4204-879f-f50d54647009,"Hello, I have a problem with my bank. Payment should go out auto but bank not take, so not recognized? Please help fix this. Thank you.",direct_debit_payment_not_recognised,non_native_speaker
8e7852c8-1756-4b6a-846b-ce970a380a82,"Hello! I am sorry, bank payment not show up for me this month. I think debit direct was supposed to happen, but no money go from my account. Can you help please? Thank you!",direct_debit_payment_not_recognised,non_native_speaker
007162e5-c32c-4b8e-baf1-725a0d34f7c6,"Hello, I have a small problem. My bank say payment not come through as they should. It is like automatic take from my account, but money do not go. Maybe wrong number or something no work? Can you help me fix this please? Thank you for understanding and helping me with this.",direct_debit_payment_not_recognised,non_native_speaker
77c94097-00de-45b0-899b-91b3ff60bc89,Hello! I have a little problem here. My bank did not see the payment I made automatic from my account last week. Can you help me please? Thank you!,direct_debit_payment_not_recognised,non_native_speaker
6b3a6729-b298-4d46-b861-e8a888addb46,"Hello, I am having a question. My bank take money but not from direct debit thing we set up. Why this happen? Please help me understand. Thank you.",direct_debit_payment_not_recognised,non_native_speaker
9e8a5aca-7ddb-4b6d-a87a-ebffd980be2e,"Debit not recognised, payment failed",direct_debit_payment_not_recognised,short_wording
2e07ed51-90ca-4245-a280-e59560e15d4c,"Payment missing  
Checked account: no record found.  
Expected charge date: missed.  
Transaction ID provided.  
Please verify & rectify.  
Thanks, [Your Name]",direct_debit_payment_not_recognised,short_wording
ea17cd1a-17e4-4538-baeb-05cca37134ef,"Payment not found  
Scheduled but missing from account  
Check direct debit entry  
Confirm transaction status  
Account not updated  
Missing payment on bill date  
Direct debit failed? Confirm  
Payment not debited, help needed  
Transaction error, advice requested  
Recognise scheduled payment now  
Why is the amount missing?  
Help with non-reflected payment",direct_debit_payment_not_recognised,short_wording
0dcf145c-1951-4fa8-8a74-705a760aa412,Direct debit not shown account. Please check date/payment details. Urgent help needed!,direct_debit_payment_not_recognised,short_wording
7ddd29a2-c450-4e46-ac88-013ab8537b6c,"Direct debit not processed  
Date: March 15  
Amount: £50  
Account: XYZ1234  
Need resolution  
Thanks",direct_debit_payment_not_recognised,short_wording
c00f6faa-67b7-447f-b1a8-bcf6f8f2d645,Payment not showing up. Checked my account. Direct debit missing. Need fix ASAP.,direct_debit_payment_not_recognised,short_wording
d5fb8b41-9c4f-4717-a9c4-38edb24a68b7,"Hey, listen up! Why the hell is my new card only letting me take out peanuts every time? I didn’t sign up for this bullshit! Every single time I hit a little emergency or just need some cash, it's like trying to win the lottery with no jackpot. This better get fixed, and fast!",disposable_card_limits,angry_layperson
f658fb5e-e14e-4239-97fc-0d44ce3df12e,"Listen here, I just got my new card, right? And what do you think happens when I go shopping? The blasted thing won't even buy me a can of soda! It's like they're giving me crumbs from the table as if it's going to magically make up for all their other mess-ups. Fix this, or next time we chat, we'll be talking about your manager getting a piece of my mind!",disposable_card_limits,angry_layperson
a3befc32-99b1-419b-81ff-a7ae22b1df1c,"Hey! I just got my new card, and guess what? It's DOA when it comes to spending limits. Every time I try to buy something decent, it's like hitting a brick wall! Why is this piece of crap set so tight? Do you guys not know how people actually live today? I can't even grab lunch with my buddies without getting an embarrassing ""Nope!"" message from the machine. Fix this NOW or I'm calling the big boss to sort this mess out myself!",disposable_card_limits,angry_layperson
659e8c13-3560-48b9-8c2c-512414b30da2,"Listen, I’m at my wits’ end here! Every time I try to spend a bit on something useful, this stupid card just hits me with another nonsense limit. It's like trying to get my house painted with one of those tiny kid brushes! Can’t you people give these cards some wiggle room for once? This is driving me nuts. Fix it or else I’m switching banks before the month’s out!",disposable_card_limits,angry_layperson
dfe20be7-0092-4291-bead-8d0d82e05d80,"Hey, listen up! Your dumb prepaid card is about to bust every single week, and I can’t keep topping it up like some kind of broke fool. What’s the deal with this nonsense? Isn't there a bigger limit or something? This is ridiculous, man. Fix it or else I’m taking my business elsewhere, capisce?!",disposable_card_limits,angry_layperson
21d6cbcd-2550-4baf-91a7-752b5341606e,"Hey, listen up! Every time I go out, my card is about as useful as a chocolate teapot because there’s this ridiculous limit slapped on it. It's like you've got no faith that I can manage my own dang money! Can someone at your end actually boost these limits or what? I'm not running to the store with cash anymore—this needs fixing, pronto!",disposable_card_limits,angry_layperson
efa44ddd-0a62-4b60-92b4-8771acbc9c8e,Need cash now my card only allows tiny purchases can’t get money out of machine limits too low urgent I need more limit set up immediately what do I do,disposable_card_limits,panicking_emergency
a877df37-ab5b-4642-9e4c-405fc6d74d0a,Need help now my new card limit is too low can’t buy essentials! I’m freaking out bills are piling up what do I do? This is an emergency need a higher limit ASAP!,disposable_card_limits,panicking_emergency
be0fefe9-f317-4db5-a9ec-d675a4bee2a1,need cash emergency! card not working on buy food or gas limits exceeded what do i do? urgent help needed now can't wait for days please respond fast,disposable_card_limits,panicking_emergency
d5f936bf-4f12-40c6-92ce-d42b7104b4f1,I can’t access any money! My card’s limits have hit zero again no warning nothing I need cash urgently to pay bills what do I do?,disposable_card_limits,panicking_emergency
70f021cd-d9c5-48ac-94f5-9826459cf38a,Urgent need to check card spending limits can’t find info online my account is locked now what do I do! Please help immediately need access right away!,disposable_card_limits,panicking_emergency
69a4c475-a2a2-4a53-9268-729fcdf9b045,I need a limit increase fast My temporary card is maxed out Bought essential items and more can't afford another trip to pay bills Help me with this immediately!,disposable_card_limits,panicking_emergency
0ea8223d-41d1-48d3-b6c9-81605445d07d,"Dear Customer,

I hope this message finds you well. I am writing to inform you of a particular concern regarding the transactional stipulations associated with my banking card, notably its ceiling for daily expenditure limitations that appear to be less than sufficient for certain transactions.

Your assistance in reviewing and possibly adjusting these constraints would be greatly appreciated to ensure seamless financial operations.

Thank you for your attention to this matter.

Yours sincerely,

[Your Name]",disposable_card_limits,polite_expert
605f8578-1ce4-4907-8417-583afa779852,"Dear [Customer's Name],

I hope this message finds you well. I am writing to seek clarification regarding certain constraints related to the utilization of my temporary credit cards, particularly concerning transactional ceilings imposed on these instruments. It would be most beneficial if you could provide comprehensive information about how these limitations are determined, and any pertinent details pertaining to their periodic review or adjustment.

I appreciate your prompt attention to this matter.

Warm regards,

[Your Name]",disposable_card_limits,polite_expert
43d92433-61b6-436c-aeea-0860d893de8e,"Dear Esteemed Customer,

I hope this message finds you well. I am reaching out today to inquire about a matter of some significance regarding my recent experience with a temporary payment card issued by your esteemed institution. It appears that the pre-set spending threshold imposed on this particular card may not align with my current needs or anticipated transactional requirements. 

Would it be possible for an advisory representative from your team to review and, if deemed appropriate, adjust these limitations? I would greatly appreciate guidance on how such adjustments might be facilitated so as to ensure seamless financial operations during the intended period of use.

Thank you very much for your attention to this matter. I await your valued response at your earliest convenience.

Yours sincerely,

[Your Name]",disposable_card_limits,polite_expert
ae625069-8f6c-4e56-9c70-81345cea84f9,"I trust this message finds you well. I hope you will allow me to express my current concern regarding the spending ceiling associated with my bank-issued pre-paid card. Regrettably, I have encountered some constraints that hinder my ability to utilize it fully for a series of essential transactions within its designated period. Could you perhaps provide assistance in reviewing and possibly adjusting these limitations to better accommodate my financial requirements? I would greatly appreciate your guidance on this matter at your earliest convenience. Thank you very much for your attention and support.

Kind regards,  
[Your Full Name]",disposable_card_limits,polite_expert
2a06ced5-1ce2-4f9a-b461-1036ef1d7512,"Dear Banking Support,

I hope this message finds you well. I am writing to inquire about the transactional capacity of my current prepaid debit card. Specifically, I seek clarification on whether there is an imposed ceiling on the aggregate amount that can be transacted or withdrawn within a given period. Understanding these limitations is crucial for effective financial planning and ensuring seamless access to funds.

Thank you for your assistance.

Yours sincerely,
[Your Full Name]",disposable_card_limits,polite_expert
54f41104-b6e7-4a79-952d-7c72067cfbe2,"Dear Esteemed Customer,

I hope this message finds you well. I am reaching out regarding a matter of some importance concerning the financial parameters associated with the transient nature of my bank card's credit capabilities. It has come to my attention that there may be an opportunity to discuss and possibly review these thresholds to better align with my current financial requisites and aspirations.

Understanding fully the pivotal role that such limitations play in safeguarding both personal finance management and banking security, I am keenly interested in exploring how we might collaboratively adjust these parameters to reflect a more accurate reflection of my needs while still adhering strictly to our mutual objectives of risk mitigation and fiscal responsibility.

Should you require any further information from me to assist in this inquiry or wish to provide guidance on the procedures involved, please do not hesitate to contact me at your earliest convenience. I am eager to engage in a productive dialogue that ensures both my financial agility and the bank's esteemed reputation for secure service are maintained.

Yours sincerely, [Your Name]",disposable_card_limits,polite_expert
5c4a40dd-816d-4e4f-bb5e-0f9fa8ecdefe,"Hey, so I’ve been using my bank's temp card for all the small online shop things lately, but I'm kinda hitting a snag with how much I can drop on it at once? Like, there's definitely gotta be a way to bump that up ’cause I’m legit trying not to max it out every other day. Any ideas on how I can sort this out? 🙏",disposable_card_limits,gen_z_slang
eede277b-cd4a-4423-bbe1-bcf377d84a05,"Yo, so like, my bank's card is totally vibing but the cash limits are straight-up lowkey ridiculous 😤. Need those limits boosted ASAP! 🚀 Can ya help me get them higher than they are now? Thx fam ✌️",disposable_card_limits,gen_z_slang
fb56a1d7-6d9c-400e-ba5e-f5f5c6ee65f0,"Hey there! So, I got one of those disposable cards for safety online shopping vibes but like, man, why is the spending limit so low??? It's kinda annoying when you're just trying to buy some stuff without a big spendin' history attached to it. Can we maybe tweak that cap? Thanks a bunch 🙏",disposable_card_limits,gen_z_slang
20efc682-a275-47dd-95a8-1ea0bbb0daf6,"Hey, so like, I totally need a bit more cash flow on my bank card. It's tight rn with all the stuff I gotta pay off. Could we maybe bump up the limit for now? Would be super clutch! Thanks! 🙏",disposable_card_limits,gen_z_slang
fc15076b-56f1-444a-b106-9388896b4c0f,"Hey, so like, I totally need some deets on why my temp card won't let me splurge more than a few bucks? Is there even a max or something?? 🤔 Can u help me figure this out? Thanks! 😌",disposable_card_limits,gen_z_slang
5d68b50e-697a-4281-8da3-8901022814de,"Hey, so like, I recently got one of those pop-up bank cards for when I'm traveling or something, ya know? But it’s acting all extra cuz the spending limit is super low, and I legit need more cash flow for my trip! Can we maybe up that limit or like explain why it's stuck at a boring amount? Thanks! 🙏",disposable_card_limits,gen_z_slang
9c1498ad-48bb-45fa-b28d-4a3f397876a6,"Hello, I have bank card which can be used just one time or for few days. But I see limit of money is low when I buy things. Can you help make this limit more high? Thank you!",disposable_card_limits,non_native_speaker
68e68d9f-d52d-4440-8589-ee1d01ce24c4,"Hello! I having a small question about my card. It is good for little shops or only big spend? How much can use before needing another card? Sorry, asking because not sure how it works. Thank you!",disposable_card_limits,non_native_speaker
44e90cf8-c183-4da4-8c70-c9633b718114,"Hello, I have question about my card. It no work for big buy. Why is limit small? Can change this please? Thank you!",disposable_card_limits,non_native_speaker
cbf9691a-edf6-48e2-9251-1232504f1510,"Hello! I have a card from my bank, but I not sure how much money I can spend on it every month. Can you tell me what is limit? Thank you.",disposable_card_limits,non_native_speaker
2c182c32-d1ca-413d-bb8e-ec5e58ce8e4e,"Hello! I have small question. How much money can I spend with my temporary card? It limit, yes? Can you help?

Thank you!",disposable_card_limits,non_native_speaker
43252567-f008-42cc-a4fc-e8b11bec4e47,"Hello, nice day! I have small card for shopping. It work, but I see sometimes it not take my money. Is there a limit how much money I can spend with this small card? Thank you, very helpful!",disposable_card_limits,non_native_speaker
b7d470e8-7e74-4bfe-8d59-5a2cf811a9ee,"Increase card limit  
Temporary usage  
Need flexibility  
Quick approval request  
Add funds limit  
Short-term boost needed",disposable_card_limits,short_wording
fb956211-db16-4f4a-acc8-95c2d03cf6a1,Limit on disposable? How much can I spend? Need info now.,disposable_card_limits,short_wording
c7f784a8-3afc-4411-9bd5-e453ad793007,Need increase on temporary card spending limit? Thanks.,disposable_card_limits,short_wording
a8fa48fe-d023-40b5-bd8e-31d2d8895811,Card limit increase?,disposable_card_limits,short_wording
6d114435-1f63-486f-82a1-ffe8023f4401,Need temporary card cap increase?,disposable_card_limits,short_wording
39110420-5a4b-44dc-894d-63dd603aac41,"Increase temp card cap  
Need more spend limit  
Raise prepaid max  

Feel free to let me know if you need anything else!",disposable_card_limits,short_wording
001c0ab2-8f69-4346-9322-bf5bb3600a19,"Hey there! Are you kidding me? My damn details got all mixed up, and now I can't even get a bloody receipt without someone questioning my identity! It's like they don't know who I am, or what?! I need you people to fix this mess right here and NOW, or else I'm taking my business somewhere that actually gives a rat’s ass about keeping their customer info straight!",edit_personal_details,angry_layperson
721921d9-f7b5-4c7b-85fb-43079bfe3c54,"Listen, I’m steaming mad here! My blasted bank details are all messed up! How hard can it be to change my damn name or address? It’s not rocket science! This is supposed to be a service for people like me, but it feels like you guys want us to learn quantum physics just to update our info. Get your act together and fix this already!",edit_personal_details,angry_layperson
70a6f4e3-cba9-498e-b99a-8fc3f5df234c,"Oh for crying out loud! This thing won’t let me change my damn address or anything else on there, can you believe that? I’ve been trying to fix this all day and nothing's working right! It’s like they don’t even care about getting it right. You need to sort this mess out now!",edit_personal_details,angry_layperson
13e0f44e-3790-4c23-a470-fb49b17e0cfb,"Listen here, I need you to sort out my damn details ASAP! My name got changed in your system or something, but it ain't right—I've been waiting for ages on this issue. Get it fixed now before I lose it completely!",edit_personal_details,angry_layperson
5f9ae088-e6c6-4ef9-aa0e-bf7ec5f50c69,"Hey there! Listen, I'm totally fried because your system's not letting me fix my damn details. This is like trying to swim in molasses. My address on file is a joke—it's from five years ago or something. Can someone actually fix this before I lose it? It’s not rocket science, right?! Give me the dang option to update my info already!",edit_personal_details,angry_layperson
8cc858ea-087a-45a7-b841-603f96c61f22,"Oh for crying out loud, why do I have to jump through hoops just to fix my dang address on my account? It's like you people live under a rock! Every time there’s some change needed, it feels like pulling teeth. Can’t you make this stuff more straightforward or at least someone actually help me out here without sending me on another wild goose chase?!",edit_personal_details,angry_layperson
68576587-4028-4fc0-8610-42eea7966d55,Bank app not letting me update my address! Lost my house keys can't get into home urgent need this fixed now! What do I do? How fast can you help? Need answer immediately! Fix ASAP or big trouble coming!,edit_personal_details,panicking_emergency
d6e9ff27-dc7c-46db-b487-12045d2a9cf0,Urgent need change my details on account wrong address they have old one I'm locked out of everything! Important documents at risk! Please help fix this now!!,edit_personal_details,panicking_emergency
67320d23-ac98-4931-a275-02eb524c4444,Need help my details are wrong got an urgent job offer address needs fixing can’t mess this up need a new address fast! How do I change it quick? Please tell me now what to do!,edit_personal_details,panicking_emergency
0bff9500-f536-4578-ab8c-dbdc8d53571c,I need to change my address immediately got a critical situation here they won’t accept anything else if I don’t update now! What do I do quick urgent help needed this is serious!!!!,edit_personal_details,panicking_emergency
d2852e76-66ea-4c99-847b-c8ac7e251012,Lost my wallet yesterday no time to stop need change phone number address urgently bank card can’t access right now what do I do fast no time this critical please help immediately!,edit_personal_details,panicking_emergency
d17199cb-039c-41b9-b5ab-a65fac94c2f5,Help my address wrong bank statement urgent fix now need change new information on file got a big bill due can’t sleep thinking about this I can’t mess this up!,edit_personal_details,panicking_emergency
dee355fd-8ddc-4299-be3e-b15dab10f7ec,"I trust this message finds you well. I write to kindly request assistance with amending certain particulars associated with my personal account records. Specifically, there are elements within my dossier that require updating to better reflect accurate and current information. It would be most beneficial if we could convene on the appropriate procedure to facilitate these necessary modifications. Thank you for your anticipated cooperation in this matter.",edit_personal_details,polite_expert
b8f445fc-964d-410b-9ded-339424c27a90,"I trust this correspondence finds you well. I am writing to formally request assistance with updating specific details regarding my personal information on file. To ensure accurate records, I would appreciate guidance on how to proceed with necessary amendments to my contact details. Your expert support in facilitating these changes is greatly valued. Thank you for your attention to this matter.

Warm regards,

[Your Name]",edit_personal_details,polite_expert
b1c977ab-c8d6-4b2c-aa33-c47aee30498b,"Dear Esteemed Customer,

I hope this correspondence finds you well. I am writing to kindly request assistance with updating certain particulars pertaining to my account information. It has come to my attention that specific details require amendments for accuracy and compliance. I would greatly appreciate your guidance in facilitating this revision.

Yours sincerely,
[Your Name]",edit_personal_details,polite_expert
6de4868f-7760-4b21-840d-176f21a5e67e,"Dear Esteemed Client,

I hope this message finds you well. I am writing to inform you of my intention to update certain personal details associated with my account profile, including but not limited to contact information and residential address. It is imperative that these changes are accurately reflected in your system to ensure seamless correspondence and service provision.

Kindly guide me through the appropriate procedures necessary for effectuating this modification to maintain the integrity and security of our transactional relationship.

I appreciate your prompt attention to this matter and look forward to your guidance.

Yours sincerely,

[Your Full Name]  
[Account Number]

--- 

Should you require any additional documentation or information to facilitate this process, please do not hesitate to inform me.",edit_personal_details,polite_expert
1af6f1f3-8c57-4b4f-a2d8-0853db9abcba,"Good day,

I trust this message finds you well. I am writing to request an amendment to certain personal details associated with my account. Specifically, there have been recent changes in my contact information that require updating on record for accurate correspondence and service delivery.

Your assistance in facilitating these modifications would be greatly appreciated. Should additional verification or documentation be requisite, please do advise on the necessary steps I must undertake to expedite this process.

Thank you for your attention to this matter and your continued support in managing my account details with precision and care.

Yours sincerely,

[Your Full Name]
[Account Number]",edit_personal_details,polite_expert
bc7e54c0-dde1-4f10-b581-6b3e719610c0,"Greetings,

I hope this message finds you well. I am writing to request assistance with updating certain personal information in my banking records. It has come to my attention that there are discrepancies between the details currently on file and my actual, up-to-date particulars. May I kindly inquire about the process for rectifying these inaccuracies? Your guidance regarding the necessary documentation or procedures would be greatly appreciated.

Thank you for your attention to this matter.

Yours faithfully,

[Your Name]",edit_personal_details,polite_expert
92c134ac-75ca-4b01-9aeb-25fc0c2da933,"Hey there! So, I need a quick fix for my details on the bank app cuz they're kinda outdated rn 🙈. Need to update my phone number and email stat because like, who wants to miss their OTPs or account alerts? Thanks a bunch! 🙌",edit_personal_details,gen_z_slang
d59cb880-0bac-4ff8-afb5-16e86fec5a2c,"Yo, so I gotta update my personal deets on here? My birthday's changed cause of some epic life stuff 😅 Can you hook me up with how to switch it up? 🙏",edit_personal_details,gen_z_slang
676ecfa8-67f6-4b9b-8168-9b0fb4cd14e4,"Hey there, 😅 I need a lil’ help with updating my deets on the app. Like, my email’s gone rogue since I got a new one. Can ya assist me to switch that up real quick? Thanks! 🙌",edit_personal_details,gen_z_slang
4defb513-922b-435e-a0b7-b200756433c1,"Yo, hi 🙋‍♂️! So I'm like trying to switch up some of my info in my banking app cuz a few things have changed on my end. Need help tweaking that bit without any drama. Can you hook me up? Thanks! 🤓🏦",edit_personal_details,gen_z_slang
60fe3351-b4a8-46d1-813e-179912ce486f,"Hey there! So, I need some help updating my deets on the ol’ bank app - like my new address and phone number 😅 Could you guide me through that process? Thanks a mil! 🙌",edit_personal_details,gen_z_slang
364ac189-4c51-4669-9772-95426cd8211d,"Hey! So I need to tweak my deets on the app, like update my new phone number and add my roommate's name for like joint stuff we're doing 🙃. Can you hook me up with how that works? Thanks a bunch!",edit_personal_details,gen_z_slang
e0f633a8-da4a-437a-842c-8f5d795df7b3,"Hello, I need help to change my information on account. Is possible for update address? Thank you.",edit_personal_details,non_native_speaker
090f6af7-026d-47dc-9727-68fe763de53d,"Hello, I am sorry but I see wrong name on my account. Can you help change it? Please! Thank you very much for helping me with this problem.",edit_personal_details,non_native_speaker
292a0897-d77b-4916-9c87-f33cdc59b9de,"Hello, I needing help. I want change my information like address and phone number in my account. Can you please tell me how do this? Thank you!",edit_personal_details,non_native_speaker
bec1a43f-415e-4c00-a732-fd31eeec992c,"Hello, I have a problem. I need change my info on account. My address is new and different. Can help me fix this? Thank you very much!",edit_personal_details,non_native_speaker
c72a3d73-6abf-4405-a854-b458314905f1,"Hello bank friend,

I need help with my bank details. My address has change, so I want make update for that on account. Can you show me how to do this? Thank you very much!

Sincerely,
[Your Name]",edit_personal_details,non_native_speaker
c6c19852-c2d3-484e-958e-c498b3b19676,"Hello! I need help with changing my contact info on account. New phone number, please. You can tell me how do this? Thank you for help!",edit_personal_details,non_native_speaker
eb6d405c-3ee0-44d8-9e99-7859228771b3,Need update address details now.,edit_personal_details,short_wording
c3309543-1933-415e-85b5-2b252e2a54b3,"Change address, phone number  
New email: john.doe@sample.com  

Need update quickly. Thanks!",edit_personal_details,short_wording
c7283906-31f5-43c7-a5b0-a53ab9e4a80a,"Change my personal info, please.",edit_personal_details,short_wording
537e4079-f126-4853-8ea0-78f95eef57b3,"Change address details, please.",edit_personal_details,short_wording
a1a67e8e-ef23-4ec9-97f7-38beaece6567,Change address/phone. Need form? Please assist.,edit_personal_details,short_wording
83920654-f2b8-4cc8-82db-75895ff92119,"Change name/address

Need help now? Link card missing. How update?",edit_personal_details,short_wording
88c95f84-051a-40a5-9fc7-109e8372ac6c,"Hey there! I just checked my bloody stupid account, and it looks like you've nicked a chunk of change from my money when I did that overseas transfer. This isn't the first time I’ve had to jump through hoops because your hidden charges are sky-high! It's a rip-off if you ask me. Sort this out, or I'm taking my business elsewhere where they treat people with respect and don’t slyly take more cash than they should. Can you explain why exactly I’m out of pocket here? Fix it pronto!",exchange_charge,angry_layperson
c8bc10f4-1b8b-4ee7-9743-2a7ad445a122,"Hey! Listen up, I just got slammed with a ridiculous fee for changing my money at the bank. You guys told me there'd be no catch, but now you've hit me where it hurts! What the hell is this all about? Fix it or give my money back because this nonsense ain't gonna fly!",exchange_charge,angry_layperson
2c614a9c-86b4-49fb-834a-b31f323a645e,"Hey, listen up! I've got a bone to pick with you for slapping me with those hidden fees every time I try to switch my cash from one currency to another. You're bleeding me dry just because I want to travel without breaking the bank. What am I supposed to do, get robbed at every airport? Sort it out, will ya?",exchange_charge,angry_layperson
6b2c238e-498a-43ec-8dc0-2a014359db8b,"Hey! I've got a bone to pick with y'all. Every time I try to buy something from another country, you ding my account for an extra fee without even telling me. Are you trying to make a dollar off every purchase or what? It's daylight robbery, and it ain’t cool at all! Fix this mess or I swear, I'll get someone who can take care of this nonsense on your dime.",exchange_charge,angry_layperson
a5af65a5-335c-4a67-b94a-31ce6bd4a089,"Listen here, I just got slapped with a ridiculous charge for trying to swap my money into another currency! This is outrageous! Why do you guys sneak extra fees out of nowhere? Is pocketing more cash from us your idea of customer service? Fix this NOW or I’m hauling you all over the place!",exchange_charge,angry_layperson
6f9bc57b-ca81-42b4-ad33-ecc6ab659374,"Hey! What the hell is this ridiculous fee on my statement for a simple money transfer? I just wanted some cash from one account to another, not to be robbed blind by hidden charges! Gimme a straight answer or I swear I'm switching banks!",exchange_charge,angry_layperson
3d9c9a13-1a84-49c5-8eb0-04839447f1af,"OMG! I just got charged for a currency exchange when transferring money internationally! Thought it was free?! This is urgent, need help stopping this fee ASAP!! What can I do? 😱",exchange_charge,panicking_emergency
eea0fd37-81ae-4801-a8dd-596d5d2944ab,"I need help now! Why am I being charged for currency exchange? Can’t afford this! Money gone wrong with last transfer—how do I fix it? Need clear answer ASAP please, can’t wait anymore!",exchange_charge,panicking_emergency
b50a2a27-9e5f-4802-935f-06182f124065,"Need help fast! Just made a foreign transaction, bank charged me way too much, didn’t see this coming! What can I do right now? Need immediate answer, please!

--- 

This message reflects urgency and confusion without specifying technical terminology, aligning with the persona’s stressed emergency style.",exchange_charge,panicking_emergency
2acbcaf9-22f2-415f-abc1-fbdfb3aef200,Bank account balance dropped suddenly urgent help needed charged for international money exchange fee not expected please tell me why this happened need resolution ASAP fix this issue immediately,exchange_charge,panicking_emergency
32771fb4-1c1e-41d1-9063-96189300c113,"Why are my account funds missing? I just used an exchange service and now money's gone! Can't access anything, lost all trust this is a mistake something went wrong urgent help needed right away!",exchange_charge,panicking_emergency
2a97d1f2-b1ad-4141-9d70-25edf9baf745,Help my account wrong charge international transfer lost money need funds now urgent fix this immediately bank must refund how did this happen?!,exchange_charge,panicking_emergency
ebf04073-0bea-4f9e-9aa7-97be12cd2982,"I hope this message finds you well. Upon reviewing my most recent banking statement, I have noticed an unexpected fee that appears to be associated with a currency conversion transaction conducted last month. It would be greatly appreciated if we could delve into the specifics of this charge and ascertain whether it aligns with your outlined policies concerning foreign exchange transactions. Furthermore, clarification on how future incidents might be mitigated or communicated more clearly would be beneficial.

Please advise at your earliest convenience. Should you require further details or documentation to facilitate this inquiry, do not hesitate to inform me accordingly. 

Thank you for your attention to this matter. I look forward to your prompt response.

Yours sincerely,

[Your Name]",exchange_charge,polite_expert
afd31cbb-d7ce-4b36-a0f6-5a8bbadc175c,"Good day,

I hope this message finds you well. I am writing to bring forth an inquiry regarding a recent transaction that pertains to currency exchange through our banking services. It has come to my attention that there may be some ambiguity regarding the charges applied during this conversion process, and I would like to request further clarification on the fee structure in alignment with our policy.

Would it be possible for you to provide a detailed breakdown of the respective fees associated with such transactions? This will greatly assist me in understanding and confirming whether they have been accurately itemized according to your institution’s guidelines. 

Thank you very much for your assistance in this matter, and I look forward to your prompt response.

Yours sincerely,

[Your Name]",exchange_charge,polite_expert
86713e33-c819-4da8-a13b-bb661dc1979c,"Dear Esteemed Customer,

I trust this communication finds you well. I am writing to inquire regarding a matter of some importance pertaining to our recent international transaction. During my review, I observed an additional fee associated with currency conversion that was not fully elucidated within the terms provided at the time of processing. Would you be so kind as to offer further clarification on the rationale behind this charge and its computation? Your assistance in expediting this matter would be greatly appreciated.

Yours faithfully,

[Your Name]",exchange_charge,polite_expert
27f53b2b-11d1-41c3-97b7-ac6ca8d63db1,"Dear [Bank's Name] Support Team,

I hope this message finds you well. I am writing with regard to a recent transaction wherein an amount was debited from my account linked to a foreign currency exchange operation. Upon reviewing my statement, it appears there was an unexpected charge corresponding to the conversion process that was not communicated beforehand.

Could you kindly elucidate on how such charges are calculated and whether any additional fees apply beyond those typically outlined in your service terms? 

I would greatly appreciate clarification at your earliest convenience so I may better understand this aspect of my account activities. Your assistance in shedding light upon this matter is highly valued.

Thank you for your prompt attention to this query.

Yours faithfully,  
[Your Name]",exchange_charge,polite_expert
f059bbb2-ac9c-4fb3-a11e-dc4bd449bf27,"I hope this message finds you well. I am writing to bring to your attention an unexpected charge that appeared on my account statement, which is related to a recent currency exchange transaction that I conducted. It appears there might be an additional fee applied beyond what was initially disclosed or anticipated at the time of the exchange. Could you kindly provide clarification regarding this charge and offer guidance on how it may be addressed? I appreciate your attention to this matter and look forward to a prompt resolution.

Yours sincerely,

[Your Name]",exchange_charge,polite_expert
fc101a3c-3856-48e8-b7e1-979da48c1c8c,"I trust this message finds you well. I am reaching out to express a minor inconvenience encountered during a recent currency exchange transaction conducted through our esteemed banking services. It appears that an unexpected charge was applied, which has prompted my request for further clarification pertaining to this matter. Could you kindly provide me with detailed insight into the nature of these charges and any associated fees? I would greatly appreciate your swift attention to this query to ensure full transparency and understanding.

Should there be any additional documentation required on my part, please do not hesitate to inform me so that we may resolve this discrepancy expediently. Thank you for your dedicated assistance in navigating this matter with due diligence. Your cooperation is most appreciated.

Warm regards,

[Your Name]  
[Account Number or Reference ID]",exchange_charge,polite_expert
ac40cd2c-b245-4a60-a051-6deb753bc41a,"Hey, so I was thinking of sending some moola overseas for my sis but saw this extra fee thing when I tried. It's like, what’s up with that? 🤔 Can you break down these random charges for me or switch 'em off? Thanks! 💸",exchange_charge,gen_z_slang
dfa31a7b-de9d-459d-9093-88b39a7e1f17,"Hey, so I just got hit with these wild fees when I tried switching my cash over to another currency on a recent trip. Can ya help me sort this out? Feels like I'm being charged way too much for doing basically nothing here! 🤦‍♂️",exchange_charge,gen_z_slang
56a9a8d7-be03-4023-b725-a559f580b141,"Hey, so like, I just noticed there's this crazy fee on my account that looks like it came from some international shopping spree or something? Didn’t even buy s*** abroad lol but here’s a charge for it 💸 Could you help me figure out what the deal is with that? Thanks! 🙏",exchange_charge,gen_z_slang
81233239-abaa-4769-89cf-3db5df7305d7,"Hey, so like, I totally didn’t see the international fees come up on my statement 🤦‍♂️. Can you help me figure out how to swap them for something less expensive? Thanks a bunch! 😊🙏",exchange_charge,gen_z_slang
e7918ae0-46d7-4660-aefc-e82f9c8c762d,"Hey there! So, I transferred some cash to my mate in another country, but like, why's there a random fee attached? 😕 It wasn't clear upfront when I hit send—I'd appreciate some clarity on that! Thanks so much. 💸💬👀",exchange_charge,gen_z_slang
05ead853-c77c-4021-9338-862650cfe750,"Hey there! Quick q - why is my card spitting out these international fees every time I tryna make a purchase abroad? It's like, who tf needs extra charges on top of already steep prices? 🤦‍♀️ Need some help sorting this ASAP. Thanks! 😊",exchange_charge,gen_z_slang
ee59ef5b-8d75-4674-ab74-14d84b72c863,"Hello, I am sorry but I have not understand why my account charge two times for same thing. I do exchange currency yesterday and now there two costs on statement. Can you help this? Thank very much!",exchange_charge,non_native_speaker
1ca4191b-ee1a-4ed2-8e40-96fa1fcdcb4a,"Hello, I have a small question please. When I make payment with my card in another country, there is extra fee from bank. Why is that happening? Can you help understand this charge more? Thank you!",exchange_charge,non_native_speaker
b7604671-ff55-4868-8757-3355325602a1,"Hello, I'm needing help because money from another country is charging too much when I make a transfer. Can you tell what I need to pay? Thank you for helping!",exchange_charge,non_native_speaker
1512c09b-f8af-45f9-8f83-8f5ff947714d,"Hello, I need help with charges when I exchange money from my bank account. The fees are too high. Can you please help me understand why? Thank you!",exchange_charge,non_native_speaker
f2bb0748-6cfe-4e4f-8dc5-d05daf8296c4,"Hello, I have problem with fee when I change money here in my bank account. Why is there charge? Can you help explain why this happen? Thank you for helping me understand this.",exchange_charge,non_native_speaker
c6d52997-6dad-434f-9643-4941365e425e,Hello! I do bank transfer but get charge extra fee from other country. Can you tell me why this happen? Thank you for help.,exchange_charge,non_native_speaker
d7016196-9845-447f-bf66-be6d8a14cf6c,Fee on foreign card purchase?,exchange_charge,short_wording
80f7fe1f-849b-4210-93ee-e783d73b2cc6,Exchange fee issue - need clarification.,exchange_charge,short_wording
14a49af9-b386-49a0-a0a4-29cbba0b1382,"Foreign transfer fees high  
Need clarification/cost details  
Why so expensive?",exchange_charge,short_wording
5117f872-99d9-41ea-9fa3-d511896c6961,Exchange fee too high?,exchange_charge,short_wording
398b68d0-8e7c-4218-b815-dfd4cf29485d,Exchange fee too high? Need details/reduction. Thanks.,exchange_charge,short_wording
89206da0-9e75-47e7-b02e-73a57925d561,"Exchange fee unclear, need clarification.",exchange_charge,short_wording
ae545eb4-a43d-4380-b84d-0d1d906d933d,"Hey, listen up! I just checked my account and you've totally screwed over my money when I sent it abroad! It's like every time I send a dime overseas, I'm losing more than I should. This can’t be right! How many times do I need to check before something changes? Fix this mess now or else I’m taking my business somewhere that actually cares about its customers!",exchange_rate,angry_layperson
0f67e835-04e3-4ebe-9fa0-d1da47618d58,"Listen, I've been waiting on this money transfer for ages, and now they tell me it's gone through at some crazy high rate! Who do I even pay? I'm losing a ton of cash because nobody seems to know what they're doing over there! Fix it or give me my money back right now!",exchange_rate,angry_layperson
4e335d71-a8a9-49e3-a71e-16ae5b5f70bb,"Oh, for crying out loud! I got a transfer done recently thinking my hard-earned cash would be worth something decent over there! But now? It’s like you guys dipped me in pig's blood with how much less they're giving me compared to what it should've been. What's the deal? Is money just magically disappearing before it even lands? This is a joke, right?!",exchange_rate,angry_layperson
a4e6e757-1fb0-4273-887c-c9d580f86bfa,"Why the heck is my money turning into a joke when I try to send cash overseas? Every time I thought I was getting a decent deal, it turns out like some kind of scam! How hard can it be to keep rates fair or at least tell me what's going on instead of making me feel like I got fleeced every damn time?!",exchange_rate,angry_layperson
c6580b94-93f4-4a61-8aa7-83444b6eb2fd,"Hey, listen up! I tried using some of my cash overseas last week and they're charging me an arm and a leg because your bank took forever to switch over the money. This is ridiculous – it's like you guys are trying to rob me blind every time I wanna send my hard-earned dough abroad. What are you even doing? Fix this mess, or I’m taking my business elsewhere where they treat their customers right!",exchange_rate,angry_layperson
91fe4406-d211-4ffb-8153-23ee6f4338b7,"Hey, listen up! I’m steaming over here because when I thought you’d give me a decent deal on converting my dollars to euros, it turns out I got shafted worse than a two-bit hustler! How is this even fair, huh? I’m not some penny-pinching wizard; just tell me straight – why am I getting ripped off every time I do a simple transfer? You better fix this mess or else, I swear I’ll be leaving you for anyone who gives me the straight dope on how much my money’s worth!",exchange_rate,angry_layperson
a9080684-ca25-43a8-b1b3-95c571549b61,Need urgent help my account showing wrong numbers when I send money overseas! Money is bleeding from my bank account because of this!!! How do I fix now? Who can I talk to immediately? Is there a way to stop this loss right away? Need answers fast!!!,exchange_rate,panicking_emergency
f14b8ac1-2567-4cca-8d7b-29aff81c70b3,URGENT NEED TO KNOW CURRENT FOREIGN CURRENCY VALUE FOR TRANSFER DEADLINE IS TOMORROW MONEY LOST IF WRONG RATE CAN YOU HELP ME NOW PLEASE?,exchange_rate,panicking_emergency
3192e858-1447-4e37-bc63-c7d28ad6ed0d,Need help now lost money currency conversion went wrong urgent fix balance please how much was exchanged what rate used can't understand this mess need clear answer fast!,exchange_rate,panicking_emergency
1b9dded1-3a13-4631-ac62-e26809d3fdfe,"Need to know how much I’m gonna get for euros quick! My money’s stuck in exchange nightmare, can’t wait hours for rates. Please help me sort this out now! Time is critical!",exchange_rate,panicking_emergency
56c1cf3e-a370-422e-8932-70eec77293fd,"Can’t understand these numbers! Money needs converting now, urgent!! How much is it paying me?! This is chaos, got bills tomorrow!! Help fast, no time for confusion!! Need details on exchange immediately or I’m in big trouble!!!",exchange_rate,panicking_emergency
4768a344-e0ca-4c54-8f9d-e98636110327,need money transferred urgent stuck waiting bank app says wrong amount exchange is way off losing job here can someone fix this now please tell me what to do,exchange_rate,panicking_emergency
002576c3-6e6d-42a6-b8fd-d021fd5f74b6,"Dear Esteemed Customer,

I hope this communication finds you well. I am reaching out regarding a concern that has arisen pertaining to the most current rates at which one may convert currency from our institution as of this moment. Understanding these figures is essential for planning your financial activities, and we aim to provide accurate information pertinent to your transactions.

Should there be any further specifics or clarifications you require on this matter, please do not hesitate to reach out. Our dedicated team remains at your service, ready to assist with utmost diligence and precision.

Kind regards,

[Your Name]  
Customer Support Representative",exchange_rate,polite_expert
120eee20-a9bf-4a34-846b-dff824f82318,"Greetings,

I hope this message finds you well. I am writing to seek clarification regarding the conversion rates applicable for transactions involving foreign currencies through my account. Could you kindly provide detailed information on how these are determined, any associated fees, and if there are more favorable options available for frequent international exchanges? Your assistance in elucidating this matter would be most appreciated.

Yours sincerely,

[Your Name]",exchange_rate,polite_expert
34c2c21a-4430-477a-bddf-1035790c3437,"Esteemed Client,

I trust this communication finds you well. I am writing to inquire about the current monetary equivalents concerning foreign currencies in relation to our domestic currency, as these figures are essential for my impending international transactional activities. Could you kindly provide me with the latest details regarding the conversion values applicable? Your assistance in this matter would be greatly appreciated.

Kind regards,

[Your Name]",exchange_rate,polite_expert
b909f0cf-52b6-461b-86a9-f210c93212ad,"I am writing to inquire about obtaining detailed information regarding the current currency conversion values available through my banking service, as I need these figures for an upcoming international transaction. Could you please provide guidance on where I might find this data or if there are any pertinent considerations I should be aware of when executing such a transfer? Thank you very much for your assistance.

Sincerely,

[Your Name]",exchange_rate,polite_expert
88ff9ff5-3a9b-46e7-98fe-b871fc485617,"I trust this message finds you well. I am writing to inquire about the current foreign currency conversion rates available through your institution, as I have a need for precise information regarding the exchange values pertinent to my upcoming international transaction. Your assistance in providing these details would be greatly appreciated. Thank you for your prompt attention to this matter.

Yours sincerely,

[Your Name]",exchange_rate,polite_expert
880b8c57-a46e-4878-9c19-117044a0640a,"Esteemed Customer,

I trust this message finds you well. I am writing to inquire about the current monetary conversion ratios between our domestic currency and various international currencies, as part of my financial planning endeavors. Understanding these specific details will greatly assist me in effectively managing my transactions and investments across borders.

Your prompt assistance with the most up-to-date figures would be highly appreciated.

Yours sincerely,

[Your Name]",exchange_rate,polite_expert
daddfeb1-18a8-48bf-8343-50841fe9f40b,"Hey, so like, I’ve been trying to check out how much cash I’m getting if I swap my bucks for euros right now, but everything's kind of a mess on the app. Could you peep into it for me? 🙏 Need to plan some Euro trip soon and gotta get those digits straight. Thanks!",exchange_rate,gen_z_slang
d1bf16cf-37f2-41f2-a507-070a3ace9b34,"Hey, so I'm trying to figure out how much my foreign cash is gonna be worth when I swap it here. Like, what's the current vibe on converting euros to bucks? Need that deets ASAP for a trip planning sesh! 🌍✈️ Let me know if you've got the latest numbers, pls and thx!",exchange_rate,gen_z_slang
c3e9efc8-9d0f-4de7-aff9-ad3dac23bd52,"Yo, quick q! I'm slinging some cash over to my cousin in France and need to know how much I'd be getting back here at home without getting fleeced by those currency fees. Can ya hook me up with the deets on how this exchange thing works? 😅 Thanks a bunch!",exchange_rate,gen_z_slang
8ae65bf5-9da4-4397-aa48-ec9adf45c2cc,"Heyo! So, I’m trying to figure out how much my trip to Japan is gonna cost in yen but like, my app’s showing numbers that make zero sense. Can someone help me figure this out without my brain exploding? 🤯🌍💸 Cheers!",exchange_rate,gen_z_slang
51701470-a253-475d-9b25-55d7eed7f05a,"Hey, so I'm trying to figure out how much my overseas cash is gonna be worth when I switch it to local dough here at home 🤷‍♀️ Any deets on that? Gotta plan a trip but don’t wanna waste mad money because of bad conversion rates. Thanks!",exchange_rate,gen_z_slang
528e8fcb-f0fe-4943-a80a-7ed2af03fae1,"Heyo, so like, I need to figure out how much my bucks turn into euros when I hit up Europe this summer. Could you help me out with that? 🤔 Thanks!",exchange_rate,gen_z_slang
1150847d-68e6-44f5-a607-be118fe7a9ba,Hello bank! I have question about money change from one country to other. How much is one dollar here? Please help me with this. Thank you!,exchange_rate,non_native_speaker
2894416f-5d2a-4334-a11b-b276052d95e8,"Hello, I need help with how much money I get when I change one currency to another. Can you tell me what is good rate for euro to dollar? Thank you very much.",exchange_rate,non_native_speaker
bd93f599-8ba4-49b4-96d9-b4d9343c870c,"Hello, friend. I am having question about how much money I get when I change dollars into euros. Can you tell me what rate is now? Thank you for helping me understand this better.",exchange_rate,non_native_speaker
80bed538-14f7-41f9-a976-5f517b833089,"Hello, I need help with money from other country. How much is one dollar now? Can you tell me please? Thank you!",exchange_rate,non_native_speaker
aa521f8a-35b0-4cb3-9ceb-7db05c9888e8,"Hello, I have question about my account. When I look money online, sometimes dollar is different than what I think. Can you help me know why this happen? Sorry for my bad English, thank you!",exchange_rate,non_native_speaker
6c9da980-7de4-4834-b540-e81c58a0f6d2,"Hello, nice banking help! I have question about money from different countries. I need know how much my home currency is worth for foreign one? Can you tell me how this change, please? Thank you very much!",exchange_rate,non_native_speaker
4e09b794-a5c7-4790-ba32-fd8b72cf3f55,Rate change how?,exchange_rate,short_wording
984d2ebd-2b1b-4d85-a939-6bcfe14737e4,Current EUR to USD rate?,exchange_rate,short_wording
4773e158-5066-4e09-bb54-f0d4116bb75f,"Need today's currency conversion? How much USD to EUR?

--- 

Keep responses like this if you have more questions!",exchange_rate,short_wording
2eeb228e-4f6b-439f-95e9-a9591041d8f0,Current exchange rate for EUR/USD? Need rate now.,exchange_rate,short_wording
130a1de3-1b73-4bc7-a95c-ab6960b0d4f4,Need current currency conversion?,exchange_rate,short_wording
edba4b80-2e97-423a-a787-2d4bbf827b68,"Need current foreign currency rates, please?",exchange_rate,short_wording
c015d11f-d76b-4408-86eb-581357c88fbc,"Hey! I need you to fix this mess right now. I tried to swap my cash while using that darn app of yours, but it's a total joke! It's acting up more than my old truck—no luck whatsoever in getting my money moved properly. Fix this crap ASAP, or else, seriously, what’s even the point?",exchange_via_app,angry_layperson
e6da0749-d44f-4a67-a75e-784dd441e1f7,"Alright, seriously?! I can’t believe I’m dealing with this crap again! I tried to swap my money through that silly banking app like a million times already, and guess what? It’s just sitting there doing nothing! Is someone over there even reading these messages? This better get fixed pronto or I swear I’m switching banks!",exchange_via_app,angry_layperson
610428e0-4753-4abd-aa8b-2331515201b2,"Oi, what's going on with your bloody app? I tried swapping some dosh using it, and everything turned into a right mess! It just sat there doing nothing while my money's stuck waiting longer than I'd wait for a bus in rush hour! Fix this crap, will ya?!",exchange_via_app,angry_layperson
558462a8-8f0f-4a28-bf3e-3a10c2351800,"Listen, I'm so done with this damn thing! Every time I try to swap my dough through that mobile app, it just borks on me! It's like you're all playing games or something with my money. Fix it pronto or I swear to Pete, I’m yanking my account outta here!",exchange_via_app,angry_layperson
9da7176b-ffed-4b74-b63b-ff564a41679b,"Listen up, I'm trying to do a currency exchange through my app like a normal person here, but it’s giving me nada – just errors left and right! It's supposed to be straightforward, isn’t it? Can you fix this mess or what? I've got bills waiting that aren't going to pay themselves!",exchange_via_app,angry_layperson
12ea1351-c79f-4670-ab2e-b6c155dd6315,"Hey, listen up! I'm totally flipping out here because for the third time this week your stupid app is making my life a living nightmare! Every time I try to swap some cash into another currency, it's like playing roulette with my sanity. It keeps crashing or just plain won't do what it’s supposed to! Fix this mess right now, will ya? If you want me to chill out and stop ripping your app apart on social media, get a move on and sort it out before I lose it completely!",exchange_via_app,angry_layperson
9072badb-7bd1-4a2c-b20e-e6f271e547c9,Can’t do exchange through app need help now! Service down? I can’t see options nothing shows up!! Urgent fix needed got important payments pending!!!,exchange_via_app,panicking_emergency
ce0a6579-7260-4380-917e-4c31ef47b44d,I NEED TO exchange money NOW! App won’t work! Money stuck I can’t transfer urgent please fix this HELP ME,exchange_via_app,panicking_emergency
55953ef4-3c3c-4b07-bd09-03ba5e3ecb05,I need help urgently can’t do currency exchange through my app account locked I think what happens now? Money needed for flight tomorrow please! Please send instructions ASAP! Panic setting in can someone assist immediately?,exchange_via_app,panicking_emergency
b8d1e001-b6c8-4664-85a1-f5691f4297a7,I can’t get this app thing right I’m trying to send money to my sister in another country but nothing’s happening it says error every time what do I do?? My card also has charges on it that shouldn’t be there and I need help fixing everything now please!!!!!!!,exchange_via_app,panicking_emergency
0e645a75-55c4-4a99-a79c-afd54efc3d20,I can’t find exchange option in app! Trying to transfer money NOW! Need fix or help ASAP!!! Money urgent!!! What do I need to do? Please guide quickly!!,exchange_via_app,panicking_emergency
19f3e2fb-d7a5-4e04-8de4-cfe18577f5ff,Urgent!! Need to exchange currency right now through the app Money's stuck transaction can't confirm! What's happening?! Immediate help!! Bank account not updating cash running out!!! Quick response needed please!!!!!,exchange_via_app,panicking_emergency
9e02a1c4-2e38-41df-b8ff-bfdf24e47a14,"Upon your recent endeavor through our mobile banking application, I encountered an unforeseen challenge while attempting to execute a currency exchange transaction. It appears that there may be a temporary anomaly within the system parameters or perhaps an error in my method of operation. Could you kindly elucidate on any potential steps required to rectify this matter? Additionally, your guidance on ensuring compliance with all relevant protocols for such a financial activity would be most appreciated. Thank you for your esteemed support and assistance.",exchange_via_app,polite_expert
7c133e25-3400-4f6c-b274-101371aa9976,"I hope this message finds you well. I am reaching out to inquire about the procedure for executing foreign currency exchange transactions through our banking application. Could you kindly provide detailed steps or guidance on how to navigate this feature? Your assistance in ensuring I can perform these exchanges with confidence and accuracy would be greatly appreciated.

Warm regards,  
[Your Name]",exchange_via_app,polite_expert
76cbdf8c-7743-4979-9e11-bd3759e8cad0,"Dear Esteemed Customer,

I hope this correspondence finds you well. I am reaching out with regard to a matter concerning my wish to facilitate a currency exchange transaction through our mobile application. If possible, could you kindly guide me on how to proceed from within the app interface, ensuring that all necessary steps are accurately followed? Your assistance in this endeavor would be most appreciated.

Yours sincerely,

[Your Name]",exchange_via_app,polite_expert
2543f260-d81a-4dc9-9147-2b7ed930ea1f,"I trust you are well, and I thank you for reaching out with your inquiry. It appears that you wish to execute currency exchanges through our mobile application. I would be pleased to provide guidance on this matter. Could you kindly specify the currencies involved in this exchange or any particular aspects of the transaction process that require clarification? This will enable me to furnish you with precise and comprehensive instructions tailored to your needs.",exchange_via_app,polite_expert
8c3de09d-e4a4-48e5-a0ff-e49de28b788c,"I trust this message finds you well. I am reaching out to seek assistance with exchanging foreign currency through our application, as I have encountered difficulties accessing the feature despite ensuring all prerequisites are met. I would be most grateful if you could guide me on how to resolve this issue, or alternatively direct me to any specific settings that may need my attention in order to successfully complete this transaction. Your esteemed support is highly appreciated.

Yours sincerely,

[Your Name]  
[Account Number]  
[Contact Information]",exchange_via_app,polite_expert
69dd2f34-90be-4ee4-a0a2-d9554c27d952,"I trust this message finds you well. I am writing to seek assistance with conducting currency exchange transactions through our mobile banking application. Despite my adherence to the prescribed procedures within this platform, I have encountered certain challenges that impede a seamless execution of these exchanges.

Would it be possible for me to receive guidance or clarification on any intricate steps involved in this process? Additionally, should there be any recent updates or changes to the system's functionality, your insights would be greatly appreciated. 

Thank you very much for your attention and support in resolving this matter efficiently.",exchange_via_app,polite_expert
70493b15-9f6b-44f1-8211-4cb6355b438b,"Hey, so I was tryna swap some dough through the app like usual, but it's being extra today 🙄 It totally won't let me switch things up with this exchange thingy 😤 Can you help a Gen-Z out here? Need it sorted ASAP! 🏃‍♀️💨",exchange_via_app,gen_z_slang
316d3e3b-0c88-4a35-8d4d-2d650258c32e,"Hey! So, like, I was trying to swap my currency via the app and it’s just not working for me 😩. Can you help fix this ASAP? Cheers! 🙌",exchange_via_app,gen_z_slang
e4d8d5fd-8a53-4665-9f70-09ea679267aa,"Hey, so I just tried swapping some cash via my banking app like usual, but it’s not even letting me go through. It's literally acting dead 💀 lol. Can someone help figure out what’s up with that ASAP? Thanks a bunch! 🙏",exchange_via_app,gen_z_slang
d2273b1c-7b14-44a7-b832-e288c8bdf921,"Yo, so like, I totally wanna swap some of my cash into another currency using the app but it's just not clicking right for me. Can you help me figure out what's up? 😅 Like, how do we actually get it done in there? Thanks a bunch! 🙌",exchange_via_app,gen_z_slang
25e6d713-8fdb-493c-af3e-fe0d7ac3e3eb,"Heyoo, so I'm trying to swap some cash using my bank app but it's being extra 🙄. Can u help me sort this out? Like ASAP, pls! 💸😅",exchange_via_app,gen_z_slang
559e2560-29cd-49be-b646-2402ddfaf732,"Hey! So I tried switching my cash from one currency to another using the app, but like, for some reason, it's just not going through? 😬 It keeps giving me some error or something. Is there a glitch in the matrix or what do I gotta do to fix this ASAP? Thanks, fam!",exchange_via_app,gen_z_slang
115458be-dbf9-4000-9a81-4769f4ea3fa7,"Hello, I try money exchange using app but not work right. Need help with this please. Thank you!",exchange_via_app,non_native_speaker
074830c4-1fc0-4300-a971-86f63c7ad1fa,"Hello! I need help with change money, please. How can I do exchange currency using app? Thank you.",exchange_via_app,non_native_speaker
e449039d-f3b5-4c47-82d5-8403dc6fe522,"Hello! I have small trouble with my banking app. I want to change money, like buy foreign currency... but not sure how do this. Please help me step by step. Thank you so much!",exchange_via_app,non_native_speaker
31abecfe-fc39-42a3-a9b3-745f7f58d2d3,"Hello, I need help with exchanging money using my banking app. I try many times but not work. Can you please assist me? Thank you!",exchange_via_app,non_native_speaker
e8d9be31-3341-4b03-a74d-258847387935,"Hello! I have problem. Need help for switch money through app. How do this? Please guide step by step, simple words. Thank you very much!",exchange_via_app,non_native_speaker
b5220ce2-1223-4eca-bde0-4dfb12c3287e,"Hello! I need help with how to change money using my banking app. It confuse me a bit. Can you guide, please? Thank you very much!",exchange_via_app,non_native_speaker
60bde808-82a1-44ca-b669-61c34d4067f6,"Exchange currency  
App issue?",exchange_via_app,short_wording
f5a6ed6e-c933-4942-b682-0cfb119119e7,"Currency swap app issue  
Exchanges fail: help please?  

Thanks!",exchange_via_app,short_wording
61ddd35c-cf1f-4a95-bf1a-f08c1662523a,Currency exchange app issue? Help needed!,exchange_via_app,short_wording
0e1554f4-cc35-4122-b655-191e045e9aa2,"Currency swap not working  
App issue exchange  
Transfer fail currency  
Exchange option missing app  
Swap rates incorrect  
Currency error during send  
App glitch with money send  
Need help with fund move  
App stuck at convert step",exchange_via_app,short_wording
b1a20024-1409-401d-9da1-c1f716b4a04f,Exchange issue app? Help needed now.,exchange_via_app,short_wording
d8dd3287-2914-45e7-a75f-941756733803,Currency swap issue using mobile app. Exchange process stuck. Need fix or help options.,exchange_via_app,short_wording
5e268e62-53ce-4db5-b09e-6a5295f7b40a,"Listen here, I'm absolutely livid! I just got my bank statement today, and there's some weird charge slapped on there that wasn’t there before. What the heck is this nonsense? Did you sly folks sneak something onto my bill without telling me?! I want a straight answer about where this money went to because I’m not paying for things I didn't ask for!",extra_charge_on_statement,angry_layperson
6ba452de-4e56-470c-9637-7ababe07fac1,"Hey, listen up! I just got my bank statement, and guess what? There's some sneaky charge tacked on that wasn't even there last month. What the heck is this nonsense about? Pay me or explain right now, because I didn’t do anything to rack up these charges! Fix it or I swear...",extra_charge_on_statement,angry_layperson
82f1673c-6cbb-409a-ac93-5ac4cfcc9552,"Listen up, I'm seeing some extra charges on my bank statement that I didn't agree to! What sort of nonsense is this? It's like you all just pull numbers out of thin air without telling me. Fix this mess now or I’m taking it higher up!",extra_charge_on_statement,angry_layperson
cf8f1cda-5edf-4f86-83ab-e0e43e16bfc7,"Hey, what's this nonsense on my statement? There’s some weird extra charge I didn’t even sign up for! This is ridiculous. Fix it now or else you're gonna hear from me again. What kind of bank do you think I am running here?!",extra_charge_on_statement,angry_layperson
9c9c20d8-d085-4a71-98fd-50129984b8f4,"Alright, listen up! I'm staring at my bank statement like a hawk's got nothing on me, and what do I see? Some extra cash sucked right out of my account for no good reason! What in the blazes is that about? You folks charge me an arm and a leg with all these hidden fees, and now you're taking more without even asking? Fix this mess and give me back my money, or there'll be hell to pay!",extra_charge_on_statement,angry_layperson
c2373309-1f11-4a21-93c2-53e4ba30ce64,"Hey! I just checked my statement, and what do you know? There's some random charge that should definitely not be there! What the heck is this nonsense all about? I only pay for what I agreed to, so who authorized this extra bit of thievery, huh? Fix it now or else we're going to have a real problem here!",extra_charge_on_statement,angry_layperson
db7c3ec7-86a3-4159-be3e-c13aef3334ac,Help I need help there’s an extra charge on my latest statement why is this happening? I didn’t authorize anything this isn’t right who do I contact immediately so they can fix this now please urgent!,extra_charge_on_statement,panicking_emergency
157cd9ed-9215-459b-962f-f7d1d14710eb,"URGENT!!! Saw my latest bank statement, there's a charge I do not recognize! This isn’t something I approved, what’s happening?! Is money being taken without my permission? Need help immediately, super worried about my finances. What are you going to do about this!!?? Please respond quickly!",extra_charge_on_statement,panicking_emergency
cb224aa2-a9cd-4234-8c54-b0400ed24805,Help! My bill is way too high saw extra charges can't make sense of them call me now please fix this ASAP they're not my charges lost money need explanation urgently something wrong here I thought everything was settled can you see what's happening with my account? This isn't right got lots to do and this mess up is serious!,extra_charge_on_statement,panicking_emergency
03b84709-11f9-4029-8756-2b4141ddcbd2,Got a statement just now bank charges something I didn’t expect what’s up with this extra fee can someone check my account ASAP need help here urgently fix this or explain right away,extra_charge_on_statement,panicking_emergency
7a64597c-42ae-4f7c-94e9-519a539d42ba,Help my account got charged extra this month never been like this bank statement wrong money gone need fix now I don’t know how to pay bills everything’s upside down what’s happening why no warning!,extra_charge_on_statement,panicking_emergency
aa98642c-973c-43ae-8dfa-57e77a183b8b,HELP need urgent fix my bank statement wrong extra charge there impossible happen so much money gone can't afford this right now please call me immediately stop this madness now!!!,extra_charge_on_statement,panicking_emergency
d4e9fe96-4676-4280-875a-2f438c44bf5f,"Dear Banking Support Team,

I trust this correspondence finds you well. I am writing to bring an issue to your attention regarding my most recent statement that appears to contain a charge not previously agreed upon or anticipated within our established account terms.

Upon reviewing the detailed itemization, I noted an additional fee reflected which does not align with my usual or expected transactions. Could you kindly provide clarification on this unexpected entry? Furthermore, if the charge is found to be erroneous, I would appreciate guidance on how it might be rectified at your earliest convenience.

Thank you for your prompt attention to this matter. I look forward to resolving this discrepancy in a timely and satisfactory manner.

Yours sincerely,

[Your Name]",extra_charge_on_statement,polite_expert
9d98d9ca-961c-49e0-8bf9-fedba4dc0292,"I am writing to bring to your attention a matter concerning an unexpected charge reflected on my recent bank statement. I would be most grateful if you could elucidate the nature of this charge and assist in rectifying any potential discrepancies at your earliest convenience.

Warm regards,  
[Your Full Name]  
[Account Number]  
[Contact Information]",extra_charge_on_statement,polite_expert
ee1fda87-16be-4c81-8b82-a415d5ec9c57,"Esteemed Customer,

I trust this communication finds you well. I am writing to bring to your attention a matter regarding my most recent bank statement, wherein I have observed an additional charge that appears not to align with the usual account activity or agreed-upon services. This unexpected monetary deduction was noted with some surprise upon reviewing my transactions and financial records.

I would be most grateful if you could kindly provide further clarity on this particular charge, including any pertinent details concerning its origin and purpose. Additionally, should there exist a means of rectifying this situation in accordance to the bank’s procedures, I would appreciate your esteemed advice on how best to proceed.

Thank you for attending to this matter with due diligence. I await your prompt response.

Yours faithfully,

[Your Name]",extra_charge_on_statement,polite_expert
7b10aae7-32c8-484a-89bb-1b21bc2d7f1d,"I trust this correspondence finds you well. Upon reviewing my most recent bank statement, I have observed certain additional charges that are not immediately clear to me. Could you kindly elucidate these charges or guide me on how I might address any potential errors? Your assistance in this regard would be greatly appreciated.

Respectfully yours,

[Your Name]",extra_charge_on_statement,polite_expert
2986e06c-8c5e-4660-a108-f1e6c0a07af7,"I trust you are well. Upon reviewing my most recent bank statement, I have observed an unexpected charge that does not reside within my familiar pattern of transactions. Might this be attributable to any overlooked service fee or an error in billing? Would it be possible for your esteemed institution to provide a detailed explanation concerning the nature and origin of this additional amount? Your prompt assistance would be greatly appreciated.

Kindest regards,  
[Your Name]",extra_charge_on_statement,polite_expert
c7cd6f8c-abee-4141-88c1-beaa8393b388,"Greetings,

I trust this message finds you well. I am writing to bring to your attention an anomaly observed on my most recent bank statement, which pertains to a charge that was not anticipated nor previously communicated. Please might I request your assistance in elucidating the particulars of this transaction? Your prompt resolution of this matter would be highly appreciated.

Yours sincerely,

[Your Name]",extra_charge_on_statement,polite_expert
a6acc21a-c94b-41cc-b38d-33bd142a9297,"Hey, so I checked my bank statement and found some random extra charge that's like totally not making sense 😒. Can you help me sort this out? Was there supposed to be a fee or something on it I missed? Thanks! 🙌",extra_charge_on_statement,gen_z_slang
7771478d-124a-4549-a5ad-748684d0b411,"Hey, I just checked my bank statement and noticed some weird extra charges that I didn't authorize 🤔. Can you help me figure out what's up with them? I think I might need a breakdown of what those fees are for. Thanks! 😊",extra_charge_on_statement,gen_z_slang
968c7fd2-e115-446e-aedf-ffbe630a483c,"Hey, so I was just scrolling through my recent bank statement (yeah, because who loves that chore 😒) and noticed this extra fee that’s like, totally not from any of the places I’ve actually been shopping at. Like, what gives? Can you please break it down for me ASAP? Thanks! 🙏",extra_charge_on_statement,gen_z_slang
c2fd4213-4e4a-4ffb-bcca-9f28dc202082,"Hey, so I just got my latest bank statement, and there's like this random charge that popped up out of nowhere! Like, it wasn’t even on my previous one, and I've no clue what’s causing it. Can you help me sort this out? Thanks! 🙏",extra_charge_on_statement,gen_z_slang
512a9bea-22c9-4936-9508-bf2be33408bd,"Yo, so like, I got this charge on my bank statement that's really throwing me off. Like, there was supposed to be a chill transaction, but BAM! Some random fee popped up, which is super not cool. Can you clarify what's going on with this extra money taken out or how we can fix it? Thanks!",extra_charge_on_statement,gen_z_slang
f321418e-2fa9-427e-89cd-2ed3c8ccf255,"Hey, so I just checked my statement and there's like, some extra charges I totally didn’t expect! What’s up with that? 😅 Can someone help me figure this out ASAP? Thanks, fam!",extra_charge_on_statement,gen_z_slang
9c15d048-bd84-44a0-8b13-9bfd85f0852f,"Hello, I have a question about my bank statement. I see charge that I not expect. Can you help me understand why I am seeing this extra charge? Thank you very much!",extra_charge_on_statement,non_native_speaker
72c51fef-2322-4013-b9f8-6c418491bb76,"Hello, I am here help you. My bank statement show charge that I not expect. Can you explain why there? It not seem right to me. Thank you for help!",extra_charge_on_statement,non_native_speaker
c706d700-7488-4da9-89a3-0f0bfe12dda9,"Hello! I have look at my bank statement today, and I see charge that I not understand or remember. Can you help me know why this extra amount is there? Thank you very much!",extra_charge_on_statement,non_native_speaker
0b7020c3-c323-4151-99bd-57e6a63dba51,"Hello! I see extra charge on my bank statement, but not sure why this happen. Can you help me understand this? Thank you!",extra_charge_on_statement,non_native_speaker
52333770-7bf5-4ce3-83ce-706026ea9c8d,"Hello, I have a problem with my bank statement. There is charge that I did not expect or understand. It seems extra on amount. Can you please explain what this is for? Thank you very much!",extra_charge_on_statement,non_native_speaker
b1417245-1b30-49f0-9f8e-18bb8bc2d4a2,"Hello, I see my bank statement now. There are more charges than usual this month. Can you explain why they added these extra costs? Thank you for helping me understand!",extra_charge_on_statement,non_native_speaker
a6be1613-bb65-45dd-94fa-c11d5ecd95a5,"Statement shows unexpected charge, details?",extra_charge_on_statement,short_wording
41bfbac8-05a1-4fed-b40f-1f0a2b278903,Statement shows extra charge. Why added?,extra_charge_on_statement,short_wording
38ed4015-1a2d-479b-9e98-1924ff18e432,Extra charge shown? Need explanation.,extra_charge_on_statement,short_wording
bc9b06a7-e273-49ff-94c7-c8a37053a092,Unexplained fees on statement.,extra_charge_on_statement,short_wording
a2dac2b7-0e2d-4f94-9976-baba3a21e892,"Unexpected charge on statement  
Date: 03/15  
Amount: $50  
Details?",extra_charge_on_statement,short_wording
98e84e25-bdba-47a1-829d-8849f49277f8,Extra charge? Explain!,extra_charge_on_statement,short_wording
0e323e93-ad75-45d7-9b71-5803141a79a7,"Listen, I gotta tell you what's up! I tried sending a bunch of money over to my pal's account and guess what? It didn't go through! Now I'm here trying to figure out why my cash is getting stuck like it's been hit by roadwork. This is ridiculous – is it just me or is your system as useless as a chocolate teapot? Fix this, pronto!",failed_transfer,angry_layperson
230e10ab-8386-4b12-b576-c857ab478d99,"What the heck is going on with my banking app?! I tried sending money to my friend, but it just keeps saying something went wrong! It’s like déjà vu from last month when this same stupid thing happened. Can someone actually get their act together and fix this mess? I’m not paying fees for a transfer that doesn’t happen!",failed_transfer,angry_layperson
3e7f5a0a-a097-46d9-b6d0-201b3dd998ac,"Oh for crying out loud, I tried sending a bunch of money to my mate yesterday, and now this blasted thing says it's gone AWOL or something! It’s like someone took my cash on holiday without asking me! Fix this mess, will you? How am I supposed to pay bills if your system can’t even move a few bucks from A to B?!",failed_transfer,angry_layperson
188437a6-759e-4ff2-9d55-9ceeef49f4db,"Hey, listen up! I tried sending my hard-earned money over to another account, and guess what? It didn’t go through! Now, what am I supposed to do with this pile of useless digital promises staring back at me on your bloody screen? This is getting ridiculous, sort out this mess immediately, or you’ll be hearing a whole lot more from me!",failed_transfer,angry_layperson
25337be7-126b-4545-9d12-7599c2543cd4,"Hey, what's up with my money disappearing? I tried sending cash to my buddy, but it's like the bank swallowed it whole! This is seriously messed up – why can't you just do what's supposed to happen?! Fix this now or else I’m losing it here!",failed_transfer,angry_layperson
fe2ec883-3a2a-4c83-9f85-81fe1d2cbd09,"Hey, listen up! I was trying to send some money over, and now you’ve royally screwed it up. The blasted transfer just flat-out didn't go through. My account’s showing nothing changed, but my friend's is still empty! It's like your system took a nosedive or something. Fix this mess, pronto!",failed_transfer,angry_layperson
079d7be5-a571-4b03-88ba-0bd8d68172c2,Need help now money didn’t go where I sent it!! Urgent fix needed or big problem tomorrow can't pay urgent bills!! Immediate assistance required please!!!,failed_transfer,panicking_emergency
9f8f9f23-7c21-48aa-8a3c-042a20c05466,URGENT NEED HELP TRANSFER DIDN'T GO THROUGH CAN’T ACCESS MY FUNDS WHAT DO I DO NOW THIS IS A CRISIS PLEASE IMMEDIATE SOLUTION NEEDED HELP ME RIGHT AWAY,failed_transfer,panicking_emergency
fe6b3d32-335e-4a0e-b505-7b8110594593,Transfer not going through! Money didn't move! Urgent need for solution now! Can’t wait! Fix this PLEASE! What’s happening!? Need help ASAP!,failed_transfer,panicking_emergency
0575d836-390c-422f-a589-2e809c376261,Urgent need help money not moving I sent important payment but nothing happening recipient saying they didn’t get anything what’s going on can you fix this right now please i’m freaking out I can’t mess this up!!!,failed_transfer,panicking_emergency
64199e20-4ae5-401f-8e67-e9996ea33105,"I sent money urgent but now can’t see it transferred!! Bank app says error! I need cash over there right away for something very important!!! Please fix this fast, what do I do? Urgent help needed!!!",failed_transfer,panicking_emergency
35e33694-a4d8-43a3-840d-526cce561964,"Money didn’t go through urgent please help what’s going on? Need resolution now or I can’t pay bills! What happened? Is my account blocked? Immediate assistance required, this is critical situation! Help me understand why transfer failed!!",failed_transfer,panicking_emergency
d241846b-85bc-4ee0-8885-11c171db641b,"I am writing to communicate an unfortunate issue that transpired during my recent attempt to execute a monetary transfer. Despite ensuring adherence to all procedural requirements, it appears that the transaction was not successfully completed. Could you kindly investigate this matter and provide guidance on how we might resolve the situation promptly? Thank you for your attention to this concern.",failed_transfer,polite_expert
6eb44a96-eca5-469b-a3eb-36df74c75371,"I regret to inform you that during my recent attempt, a discrepancy arose which resulted in an unsuccessful electronic funds transfer from my account to another party's. I would greatly appreciate your assistance in examining this matter further to identify any potential underlying issues and ensure the transaction can be completed at the earliest possible opportunity. Thank you for your understanding and prompt attention to this concern.",failed_transfer,polite_expert
a4abb8a0-93cb-407a-9f05-1e926a62483d,"I am writing to report an issue I encountered with a recent attempt to transfer funds, which unfortunately did not appear as intended in the recipient's account. Despite following all necessary procedures, including verifying both accounts' details and ensuring sufficient balance, it seems that the transaction was unsuccessful.

To address this matter promptly, I kindly request your assistance in investigating the cause of this discrepancy. Additionally, if there are any steps required from my end to facilitate a resolution, please inform me at your earliest convenience. Your diligence in resolving this issue is greatly appreciated.

Thank you for your understanding and support.

Yours sincerely,

[Your Name]  
[Your Account Number]  
[Your Contact Information]",failed_transfer,polite_expert
64eaaa8e-b402-4ba7-98c6-84954ad02b85,"I hope this message finds you well. I am writing to bring to your attention a matter concerning an attempted monetary transaction that did not successfully complete as anticipated. Despite fulfilling all necessary prerequisites for execution, the transfer remains unexecuted in our system. I would be most obliged if you could assist me by reviewing any potential discrepancies or conditions that may have led to this impediment. Additionally, if it is convenient for you, please provide guidance on the steps required to rectify this situation at your earliest convenience. Thank you for your assistance and consideration regarding this matter.

Kind regards,

[Your Name]",failed_transfer,polite_expert
363aace2-241f-4545-8ef7-4d64688262d7,"Dear Sir or Madam,

I hope this message finds you well. Regrettably, I am writing to inform you that a recent attempt to conduct an electronic funds transfer has encountered unforeseen difficulties. Despite following all necessary protocols on my part, it appears the transaction could not be finalized as intended.

In order to address this matter and ensure future transactions proceed without hindrance, may I kindly request your assistance in reviewing our current arrangements? Your guidance on any potential corrective measures that could rectify this situation would be most valuable.

Thank you for considering my request. I look forward to your esteemed advice at your earliest convenience.

Yours faithfully,

[Your Name]",failed_transfer,polite_expert
de298a9d-2111-4831-9d85-051bb2014fca,"Esteemed Customer,

I hope this communication finds you well. I am writing to inform you of an unfortunate occurrence concerning a recent attempt to initiate an electronic funds transfer from my account, which has regrettably not been completed successfully as intended.

With sincere regards,
[Your Name]",failed_transfer,polite_expert
9b348489-399b-46d0-9903-f49441de2616,"Yo, so I was tryna send some cash to my friend for that pizza fund we got going on, but like, it just peaced out? It's all stuck or something, no idea why. Can you help me sort this sitch out ASAP? Ttyl!",failed_transfer,gen_z_slang
0d0b2f84-537f-4796-b878-613923c8b251,"Hey, so like, I tried sending some cash over to my bestie for our weekend plans, but their account is like totally not getting what's up—it’s just sitting there, and nothing’s happening! Can you help sort this out ASAP? Thanks a mil! 🙌",failed_transfer,gen_z_slang
ff6cb8c1-edca-45cd-8d6c-7b425ff05c5c,"Hey, so like my transfer totally didn’t work 🤦‍♂️ I tried sending cash to my sis for her bday shopping but nada, bro. It just says ""failed"" or something. Can someone fix this ASAP? TIA! 😩",failed_transfer,gen_z_slang
1ba6dace-0b02-4b92-a785-1ca01dbb8ebf,"Yo, so I was trying to slide some cash over to my sis, but it's like totally stuck or something? 😕 Like, I hit send, and nothing happened. Can someone sort this out ASAP? Thanks! 🙏",failed_transfer,gen_z_slang
5ce6a731-f087-4575-9009-a3bf4d16fd42,"Heyo! So I was trying to slide some cash over to my friend, but like, for some reason, it totally didn’t go through 🙄. It's just sitting there saying ""try again later"" or something lame like that. Can you help me figure out what’s up? Thanks a mil!",failed_transfer,gen_z_slang
f2056afc-bd4d-4d91-8b15-e7313a937ae9,"Yo, so I was trying to slide some cash over to my homie's account, but like, nada happened? It just bailed on me and now it’s saying something went wrong 🤷‍♀️. Could you help me figure out what’s up with that? Thanks a mil!",failed_transfer,gen_z_slang
ef406b47-5467-4262-9b96-522cf978806b,"Hello! I try make transfer money to friend yesterday but not work. Money still here, no go to friend account. Please help me fix this? Thank you very much!",failed_transfer,non_native_speaker
ef3b1bae-af31-4630-9c4d-380bc3d6d2dd,"Hello, I have a question. I try send money yesterday but it not work. Money no go to other account. Please help me fix this, thank you!",failed_transfer,non_native_speaker
13713eab-7cab-44c0-840b-9e75703640cb,"Hello, 

I send money yesterday but it not go through. I try again later but still fail. Can you help me fix this? Thank you.

Best regards,
[Your Name]",failed_transfer,non_native_speaker
f64f0e51-0d2e-4534-bfe6-1473a4291360,"Hello, I have trouble with money send action today. It no work. Please help me fix this? Thank you!",failed_transfer,non_native_speaker
92564273-3a03-45a8-be6e-e7e73e35994e,"Hello! I trying send money but it not go through. Please help me fix, Thank you!",failed_transfer,non_native_speaker
72903b4f-36a9-4a7c-b3b5-15c31eefa5ab,"Hello, I need help please. Yesterday I try send money to friend but not work. Money stay in my account. Can you check why? Thank you!",failed_transfer,non_native_speaker
5a9ddb1f-7c6b-48e3-89cb-37d439548cc3,Transfer not completed. Payment error? Help needed.,failed_transfer,short_wording
0348b3a0-342f-44c0-83a0-9783358565f8,"Transfer unsuccessful  
Need help now!",failed_transfer,short_wording
650f8c22-1359-4320-bb53-f575e43ddc6a,Transfer unsuccessful. Can you help?,failed_transfer,short_wording
36a761af-4f4d-475a-a3fb-883036bd9da3,"Transfer not successful, please help?",failed_transfer,short_wording
140fb33d-d3c3-4004-b6cc-1f6a927da00d,Transfer failed. Money not moved. Why?,failed_transfer,short_wording
a023698d-d0e7-49c7-b1ae-4b9676067582,"Transfer not completed

Details:  
- Amount: $200  
- Date/Time: 3/25, 2 PM  
- Error Message: Transaction failed  

Need assistance.",failed_transfer,short_wording
747933c8-024a-4cc2-818e-72a494b384a2,"Listen here, I'm trying to make a simple transaction and my bank's app is throwing up more errors than a busted computer! Can't you people sort out this mess so I can actually see what’s going on with my bloody cash? It’s your job, right?! Fix it before I lose my mind or worse—my money!",fiat_currency_support,angry_layperson
b5257dd6-0b21-4905-adea-f2f7827e8ca1,"Listen up, I got money stuffed into my bank account from a legit job, but for some reason, you lot won't let me spend it or transfer it! Every time I try to get this cash out of your hands, you put blocks on everything related to the real, actual money that's supposed to be mine. This isn't a game; I need to use my own dang dollars! Fix this nonsense, or I'm taking this up with someone who can make a difference!",fiat_currency_support,angry_layperson
8f4769d1-a53f-4b87-b491-27aed6439606,"Listen here, I’ve got an issue you need to fix pronto! My hard-earned cash isn’t showing up properly when I try to pull it out or send it over anywhere—what sort of joke is this? It’s like your system wants me to throw away my money just for trying to use it. Get on with it and fix this mess, or you better expect a ton of complaints!",fiat_currency_support,angry_layperson
fa31de51-783a-4e4f-a29a-533f6c161a75,"Alright, listen up! My account's a mess because my money is all over the place! I don't get why the cash isn't lining up right when I try to send or receive payments! Every time I look at my balance, it’s like someone's playing games with me and screwing everything up. Fix this pronto or I'm done!",fiat_currency_support,angry_layperson
8666248d-6c44-4a20-90ca-f1b32f488a68,"Oi, listen up! My stupid account's showing me all these numbers that don’t make any sense—I’m talking about the local money, not some alien digits! I need to see my actual cash balance in plain English, not whatever gibberish you’re pulling out of your fancy computers. Fix it now, or I’ll lose it!",fiat_currency_support,angry_layperson
cbd92a0f-3d6f-493d-9e71-9358bc2a8835,"Hey, listen up! I've been getting my butt kicked by your system trying to figure out why I can't just see my cash in plain old dollars or whatever currency is normal for people! Why's everything gotta be so complicated? Can you not make things work right without making me jump through hoops? This ain't rocket science, it's just money!",fiat_currency_support,angry_layperson
c5a5fdc8-be0f-451d-8860-2161d7f67209,Lost my wallet just now ATM card gone vanished how do I get cash urgent need money for rent tomorrow no time to wait help me right away banks closed already what do I do where can I find emergency funds please quick answer!!,fiat_currency_support,panicking_emergency
12e69050-56b9-416a-b3f9-7be9a074b4a4,I need help right now! My account is showing a zero balance but I had money there yesterday ATM still gave me cash today what’s going on? Why can’t I see it online? Please explain immediately got bills to pay urgent please fix this fast!,fiat_currency_support,panicking_emergency
066bd828-c806-4ecd-9a92-ac2a94f98950,Urgent I need help my account shows strange transaction lost money no idea what happened can someone look into this now? My salary needs are at risk! Fix it fast!,fiat_currency_support,panicking_emergency
bb95dd71-7ee0-4937-8452-6ecd59037507,Card declined every time I try transactions can't access my account need help now lost wages this morning what's going on urgent fix please emergency need cash ATM options locked out bank support is there anyone???,fiat_currency_support,panicking_emergency
1c95e014-c1ca-4b0b-961d-56a13e99300f,Help I can’t access my account money’s missing need answer bank fast urgent situation lost income no warning this is emergency! What happening with my funds? Need to speak someone now not later!!!!,fiat_currency_support,panicking_emergency
273ef3f5-9e1f-4f32-9a6d-aad12272ea2f,Help quick I think money's gone wrong ATM cash out no show on account got urgent bills due what happend my paycheck can’t pay rent need fix now please help emergency!,fiat_currency_support,panicking_emergency
2f798cf7-24fd-4ca7-847d-5364bb72dbfa,"Dear Esteemed Customer,

I trust this message finds you well. I am writing to kindly seek assistance regarding a matter of some importance: I wish to confirm that my account supports transactions involving various national currencies such as USD, EUR, GBP, among others.

Understanding the nuances and proper functionality associated with these traditional forms of money is crucial for ensuring seamless international transactions and financial activities. To ensure clarity and efficiency in future dealings, it would be greatly appreciated if you could provide confirmation or further guidance on this aspect of your banking services.

Thank you very much for your attention to this matter. I look forward to your prompt response.

Yours sincerely,

[Your Name]",fiat_currency_support,polite_expert
3102f157-0727-49bd-9ad1-ac0a61a12a2b,"Dear Esteemed Customer,

I hope this communication finds you well. I am writing to address an aspect of our banking services concerning traditional currency systems, which encompasses legal tender issued by sovereign states or central banks. Should you wish to discuss transactions or account features relating to these currencies, please feel free to elaborate on your inquiry, and I will be pleased to assist with the requisite information.

Yours sincerely,

[Your Name]  
Customer Support Specialist  

--- 

I am ready to provide further assistance should it be required.",fiat_currency_support,polite_expert
6978900e-fd99-451b-8a00-d01852b48125,"Dear Esteemed Customer,

I hope this message finds you well. I wish to bring to your attention an issue concerning our platform's accommodation of conventional monetary units, commonly known as fiat currencies. It appears there may be a discrepancy or limitation affecting transactions or account displays in your preferred national tender.

Rest assured, we are committed to ensuring the fullest support and seamless functionality across all recognized legal tender systems. To address this matter effectively, might you kindly provide additional details regarding specific transactions or screens where the problem manifests? Your cooperation will significantly expedite our efforts to rectify any inconveniences swiftly.

Thank you for your patience and understanding as we work towards resolving this issue. I am available to assist further should you require more detailed guidance or wish to discuss alternative solutions.

Yours sincerely,

[Your Name]  
Customer Support Specialist",fiat_currency_support,polite_expert
ab0e6eb4-78be-4d4c-b9c3-5459d75472c5,"Dear Esteemed Customer,

I hope this message finds you well. I am writing to address a matter concerning your recent experiences with our bank's handling of traditional currency transactions. It appears there have been some inconveniences related to processing fiat currencies, which are central to modern financial exchanges.

To ensure the most efficient resolution, could you kindly provide specific details regarding any issues or irregularities you've encountered? Whether they pertain to international wire transfers, foreign exchange rates, ATM withdrawals, or other areas involving standard monetary units, precise information will greatly aid in expediting an effective response from our dedicated support team. 

Your satisfaction remains our paramount concern, and we are committed to assisting you promptly and thoroughly.

Warm regards,

[Your Name]
Customer Support Specialist",fiat_currency_support,polite_expert
1b69d549-081d-41ed-8bcc-512fd0357f99,"Dear Esteemed Customer,

I hope this communication finds you in good health and spirits. I am writing to seek clarification regarding the extent of our bank's ability to facilitate transactions involving traditional government-issued currencies. In particular, I am interested in understanding how we accommodate cross-border transactions with these fiat currencies, what conversion rates are typically applied, and whether there are any associated fees or restrictions that one should be aware of.

Furthermore, I would appreciate it if you could elucidate on the mechanisms our institution employs to ensure compliance with international regulatory standards when dealing with such currencies. Your detailed guidance on this matter will greatly assist me in making informed financial decisions.

Thank you for your anticipated cooperation and expertise.

Yours sincerely,

[Your Name]",fiat_currency_support,polite_expert
d15283f9-c109-4699-a890-51a8978e4bd4,"Certainly, I appreciate your inquiry regarding our banking services with respect to transactions involving traditional government-issued currencies. It is my understanding that you may require clarity or assistance concerning how such fiat currencies are supported within our financial ecosystem.

To address this directly: Our institution supports a robust range of fiat currencies across various platforms and international borders, ensuring seamless conversions and transactions tailored for both individual and corporate clients. This includes facilitating real-time exchange rates, providing comprehensive multi-currency accounts, and offering services such as cross-border payments and currency hedging strategies to mitigate financial exposure in international dealings.

If you have any specific concerns or questions about how our fiat currency services can meet your particular needs, please do not hesitate to specify them. I remain at your disposal for further elaborations on these offerings or additional support that may be required.",fiat_currency_support,polite_expert
f36d9b6d-f779-432d-abf5-cac288cb100f,"Hey, so listen up—I've been trying to figure out how my account's handling these cash transactions, you know? Like, when I'm sending or receiving dollars, euros, whatever. It's just kinda all over the place for me with fees and exchange rates popping up where I least expect 'em. Can someone break it down so I can get a grip on what’s actually happening with my money each time I use it in these like traditional currencies? Thanks!",fiat_currency_support,gen_z_slang
8bbdb5f6-d8a5-4471-9536-3e6f85ae0cdd,"Hey, so I'm just vibing and like, realized my account is all about digital coins but I legit need some good ol’ actual money for those tiny coffee shops that don't accept crypto. Can y'all hook me up with some of that real currency or what? Thanks! 🙏",fiat_currency_support,gen_z_slang
3f543b31-6c39-4e3e-964d-c403d4b01bc4,"Heyo, so like, I'm a bit puzzled here bc my card's being all extra weird with foreign cash. It just won’t chill when trying to pay in euros or bucks outside my home turf. Like, what’s up with that? Can you help me sort this out ASAP? 😑",fiat_currency_support,gen_z_slang
21cf7fdb-277b-4424-ad36-290f83366d95,"Yo, my bank card's been straight up ghosting when I try to drop some cash at stores 😒. Like, is it bugged or something? Need help getting this sorted ASAP! 🏦💸",fiat_currency_support,gen_z_slang
d3c6c6f4-ad57-4de8-b50b-36987df1bd55,"Hey, so like I'm trying to do some regular money stuff with my bank account, but everything's in digital coins or crypto? Can we get back to boring old dollars and euros? Need to swipe that card and spend cash without any tech hiccups. 🤷‍♂️",fiat_currency_support,gen_z_slang
9564c72c-95e3-4fac-824d-b9be9571dd96,"Yo, bank peeps! I’m tryna make sure my cash is supported right—like, you know, all those bills we still gotta deal with even though crypto's big af. Need help straightening that out so I can chill about spending and saving with the usual green. Help a bro/sis out? 🙏",fiat_currency_support,gen_z_slang
9c02d8f9-a325-404c-b89d-277d7edfba42,"Hello, I hope you are well today. I have a problem with money—I mean, the regular kind of money that we use every day for buying things. My app only shows Bitcoin there, but not normal dollar or euro like in shops. Can you make it show dollars too? Thank you very much for helping me.",fiat_currency_support,non_native_speaker
296e6c34-fdb8-41a8-9aee-0e2215f4335e,"Hello, I have trouble with local money on my account. It's not showing right or something missing. Can you help check why this is happening? Thank you.",fiat_currency_support,non_native_speaker
86053114-f614-4180-b004-30e39b6eb791,"Hello, I have bank account here. But I see problems with money type - you know, like dollars or euros. Is this okay with my account? Can help me with exchange rates too? Thank you!",fiat_currency_support,non_native_speaker
8c802dbc-0ed1-4c6c-a590-edfad8118aea,"Hello, I need help with my bank account. I want to make sure I can use regular money like dollars or euros for payments. Sometimes when I try, something goes wrong. Can you please tell me how to fix this? Thank you!",fiat_currency_support,non_native_speaker
9335ba05-e15b-4b25-ac52-4ae49d517f8b,"Hello, I have a question about my money stuff. When I send money using my bank app, can it work only with common money like dollars or euros? It not clear for me if this option exist in my account. Thank you very much for help!",fiat_currency_support,non_native_speaker
c5cddb53-2700-4a5e-a780-b9a2c6502be3,"Hello, I need help with money in local bank, like dollar or euro. Is my card work for them okay? Sometimes no charge happen when I try buy something. Can you check? Thank you!",fiat_currency_support,non_native_speaker
9fc08fc4-3d09-4a79-8496-0a99edc0047f,"Currency issues  
Need fiat support  
Transfer problems?  
Fiat payment errors  
Exchange rate concerns  

Choose one:  
""Currency issues, need help.""  
or  
""Fiat payments not working.""  
or  
""Assist with transaction.",fiat_currency_support,short_wording
b42d7d2c-fe2d-4de9-9cdf-b3efda2afe3c,"Currency handling issue  
Fiat transactions not showing correctly  
Need fiat currency support  
Exchange rate errors on account  
Can't see local currency  
Need clarification on fiat balances  

(Simplified to one message for brevity)

Currency handling issue: Fiat not showing properly. Exchange rate errors. Need help with fiat balance visibility.",fiat_currency_support,short_wording
69474443-8ed3-4516-9c39-8374769b5f2c,"Currency issue  
Need fiat currency option  
Support missing  
Transfer error  

Please fix!",fiat_currency_support,short_wording
e685a83e-63ad-4e9c-8c9c-31e117c9efd3,Issue: Fiat currency not supported?,fiat_currency_support,short_wording
79e8e759-f448-4c13-90fc-924c90b059a5,"Currency issue? Need fiat transactions fixed. Urgent help, please.",fiat_currency_support,short_wording
53569d19-eff6-4ca4-8934-733882188346,"Need fiat currency transactions  
No crypto conversion, please  
Support USD/EUR/GBP only  
Stop digital coins!  
Fiat for all services  
Switch off alt-currencies  
Traditional money priority  
Currency support: fiat only  

Which issue did you want to address? Or do you need more help on this topic?",fiat_currency_support,short_wording
f05442c2-ff66-45a2-83c5-3ee70eb7e8d5,"Hey, listen up! I'm sick and tired of someone swiping my card all over the damn place! I don’t get why these fraudsters think they can mess with my money like that. What I need is some sort of magic card that vanishes after a short while – something I can use once and toss out when I’m done, so nobody else can stick their fingers in my business. Get on it and fix this fast or I'm switching banks!",get_disposable_virtual_card,angry_layperson
8f34a63a-565c-43ac-a969-c088c1f8aeb9,"Hey! Listen up, I can’t believe my main card’s MIA for a few days now and I need something that won’t stick around forever so some thief doesn't end up with my dough when they find it online. Can you just send me one of those magic disappearing cards or whatever right away? This is serious – I got stuff to buy!",get_disposable_virtual_card,angry_layperson
dabdf5ac-b2b6-4e36-a219-1bbd254c56a7,"Hey listen, I'm fed up here! My card got stolen or something because there's been mad charges I didn't do. I need a damn temporary number to sort this mess out while you guys sort your heads out about the real one. Can you make that happen quick? Everything else is a bunch of rubbish right now!",get_disposable_virtual_card,angry_layperson
d9199132-c074-4341-9655-ac1022ca1cf3,"Oi, listen up! I need a quick fix, like, yesterday! My card’s been nicked or something, who knows? Just gimme one of them throwaway cards you bank types keep blabbing about – you know, the ones that disappear after a few uses. Make it snappy before I lose my bloody mind over this mess!",get_disposable_virtual_card,angry_layperson
b7407a79-4eb9-438b-8fd0-3bd9f49ecad9,"Oi, listen up! My card's been nicked, and I need a brand new one that doesn’t stick around forever—like literally, just for today or tomorrow until I can sort this mess out. What’s your brilliant plan for fixing my problem? Chop-chop, make it quick—I don’t have all day to deal with this rubbish!",get_disposable_virtual_card,angry_layperson
457f3612-78c8-4936-8b01-f5ced1474248,"Alright, listen up! I just got slapped with some ridiculous fees that weren't even mine for crying out loud. I need a new card, but one of those magic ones that vanishes after a couple of uses. Can't have people running up my bill again like last time. Make it happen and make it fast, or you better believe I'm gonna be having words with your manager!",get_disposable_virtual_card,angry_layperson
c700e569-d2bd-4a22-a021-67e6db9ee174,I can’t access my account need immediate help urgently lost phone card blocked by bank I need a new one fast something temporary until this is sorted no time to waste please respond quick I’m locked out!,get_disposable_virtual_card,panicking_emergency
2e6d4491-1a9e-4ff8-8fc3-6c6d0e44c015,"I need a virtual card right now! Lost my wallet and money is tight!! Can't wait, I'm stuck without cash! Need a quick solution, please!!!",get_disposable_virtual_card,panicking_emergency
3779bd54-a850-4c12-9b60-9acef2f2adf3,URGENT NEED HELP NOW! Lost wallet can’t take any risks need quick temporary virtual card for online purchases urgent payments must go through no time to waste emergency situation happening right now! Please send immediately!,get_disposable_virtual_card,panicking_emergency
5f2552ac-084a-4d62-a990-d2fda3e035cc,I don't have access to my bank accounts or card details right now need a quick fix got into a situation where I can’t trust using my usual cards urgently require something temporary and secure virtual if possible any advice? Need this fast money’s tight and time’s ticking!,get_disposable_virtual_card,panicking_emergency
0836fe1e-ceec-422a-a04d-9e3ae2ae282c,Help urgent need new virtual card quick old one compromised can’t wait lost a lot money already bank must act now please send temporary card instantly!,get_disposable_virtual_card,panicking_emergency
c3a73783-ed82-464f-a0b7-1532f9b2e0ba,Need help quick card is gone fraud happening money disappearing need a temp new card fast emergency no time can’t wait hours please urgent fix credit risk losing everything now,get_disposable_virtual_card,panicking_emergency
c6a81822-5598-4adc-a271-a2394cf845aa,"Subject: Inquiry Regarding Provision of a Temporary Virtual Card

Dear Customer Support Team,

I trust this message finds you well. I am writing to seek assistance with the acquisition of a temporary virtual card, intended for singular or limited-use transactions. As an esteemed customer of your banking institution, I highly value your comprehensive range of services and would appreciate guidance on initiating this process.

Kindly advise on any requisite steps that need to be undertaken from my end to facilitate a seamless issuance. Your expertise in this matter will be greatly appreciated as I navigate through the available options and ensure alignment with my transactional needs.

Thank you for your attention and prompt response.

Yours sincerely,

[Your Name]  
[Account Number or Customer ID, if applicable]",get_disposable_virtual_card,polite_expert
b27bddce-a337-49b3-aae1-d9a3a1f916c8,"Certainly, I hope you are well. Kindly allow me to address your current banking requirement regarding the issuance of a virtual card designed for temporary transactions. If I may assist you further by providing detailed instructions or information on how one might proceed with acquiring such a card through our services, please do not hesitate to let me know. Your convenience and satisfaction remain our utmost priority.",get_disposable_virtual_card,polite_expert
970a37dd-dc50-4b50-829b-17ff20944321,"I am writing to inquire about the availability of obtaining a single-use virtual card for my account. I would greatly appreciate guidance on how to acquire one, including any necessary prerequisites or steps involved in this process. Thank you for your assistance.",get_disposable_virtual_card,polite_expert
dd940377-98e2-4627-a58e-162141962500,"Good day,

I trust this message finds you well. I am reaching out regarding an inquiry into obtaining a secure, temporary payment option through our institution's digital banking platform. As part of enhancing my financial management strategy, it would be most beneficial for me to explore the availability of such virtual cards that offer limited-time usability and heightened security features.

Thank you for your attention to this matter. I sincerely appreciate your assistance in facilitating this service.

Warm regards,

[Your Full Name]  
[Account Number/Identifier if necessary]",get_disposable_virtual_card,polite_expert
c4dc0e20-1908-4c57-b52a-8d10a550ec34,"Dear Esteemed Customer,

I trust this correspondence finds you well. I am writing to formally express my intention of acquiring a temporary, virtual debit card that can be utilized for specific transactions within a limited time frame. This card would greatly facilitate managing transient financial commitments while maintaining the security and convenience associated with digital currency tools.

Yours sincerely,

[Your Name]",get_disposable_virtual_card,polite_expert
73120307-1c00-46dd-89bf-ca88a039db81,"Dear [Bank's Name] Customer Service,

I hope this message finds you well. I am writing to inquire about the possibility of obtaining a disposable virtual card through my account with your esteemed institution. This request is driven by my intent to enhance security and flexibility in managing online transactions over a specific period.

Should there be any prerequisites, requisite documentation, or procedures that need to be fulfilled on my part, kindly inform me at your earliest convenience. I appreciate your assistance in facilitating this process.

Thank you for attending to this matter with your usual diligence.

Yours sincerely,

[Your Name]  
[Account Number]  
[Contact Information]",get_disposable_virtual_card,polite_expert
b53fec62-e1ed-4c30-bf12-3919ec2eec5e,"Hey! So yeah, I'm totally into keeping my bank details on lock but still wanna be able to shop online without stressing about security breaches 😅 Could you hook me up with one of those disposable cards? Like, for a one-time purchase or something? Thanks a bunch 🙌",get_disposable_virtual_card,gen_z_slang
bc8df9be-d9a6-451c-91ac-d32ce38e5653,"Yo, I need a temp card that’s like literally disposable? Can you hook me up with one of those? Like, I’m just trying to keep things on the down-low without getting all tied up in anything long-term. Thanks! 🙌",get_disposable_virtual_card,gen_z_slang
cc1ac47f-be69-4e7c-b7d3-e0074a182dd1,"Hey, so I need a quick fix for my spending spree 😅. Like, can I get one of those temp virtual cards that bail me out for just this week? Would be super clutch if you could hook me up with one ASAP! 🙏 Tho, I gotta make sure it doesn’t mess with my main card vibes or anything. Lemme know how to grab one! ✨",get_disposable_virtual_card,gen_z_slang
5e4d2df6-7532-42db-8890-a3496dcab2dd,"Hey there! So, I've been trying to figure out if you guys offer those disposable virtual cards? You know, like the ones that disappear after a few uses or transactions—super helpful for online shopping without stressing about security stuff. Lmk how I can get my hands on one of those ASAP or if it’s even a thing with your bank. Thanks! 🙌",get_disposable_virtual_card,gen_z_slang
d2d50543-873e-4de8-8e15-2bdaff85975e,"Hey, so I've been hearing about these one-time-use card things that you can get virtually, like literally just from an app? I'm trying to keep my main debit safe from online shopping sprees but still want to try out some new brands without stressing over fraud. Can you hook me up with something chill like that? 😅",get_disposable_virtual_card,gen_z_slang
bfd3f9d4-640b-400f-8b71-947e95446e14,"Hey, so I'm looking for one of those cards that's like super temporary, you know? Something I can throw away after a couple uses because I don't want my main card everywhere I go. It'd help me keep things chill on my bank account and avoid any awkward card skimming seshes. Can ya hook me up with that sorta thing? Thanks!",get_disposable_virtual_card,gen_z_slang
4acbb9a2-e87c-4654-8467-fb33b8fecf19,"Hello, I need help with getting a card that can be used for only one time or few times before it change. Can you please show me how to do this? Thank you!",get_disposable_virtual_card,non_native_speaker
5c29f053-71ec-485c-a076-d0aa2f7b9750,"Hello, I need help with getting a new card that I can use just one time or for short time only. Please tell me how do this? Thank you.",get_disposable_virtual_card,non_native_speaker
0658adf0-3110-477c-b755-7be765c5a08b,"Hello, I need help for a card. I want one that is not for always, like disposable one. Can I get this? Thank you!",get_disposable_virtual_card,non_native_speaker
93e266ee-0a4b-4b47-b2b8-4045824bf27b,"Hello, I need help please. I want get card that I can use for shopping online but not keep forever. It is like one time only, okay? For my security, thank you. Can you do this for me?

Thank you so much!",get_disposable_virtual_card,non_native_speaker
32b8154f-8bae-4803-84a3-57539d91edab,"Hello, I want ask for one-time card that can use just once or a short time. Can you please help me get this? Thank you!",get_disposable_virtual_card,non_native_speaker
b8258940-b9df-4512-b572-b1764afdfa82,"Hello, I need help please. My app needs special card number for one-time use. It expire quick after. Can you make this happen? Thank you!",get_disposable_virtual_card,non_native_speaker
dd6fc6d4-75e9-49ed-b6c2-c28a7b1f30e3,Need one-time virtual card? Order now.,get_disposable_virtual_card,short_wording
6b7e0ffe-ec6a-49e0-9d55-df84afd20961,Need disposable card. How? Steps?,get_disposable_virtual_card,short_wording
5c336af3-c70a-4d4a-8969-be58ee2275dc,"Virtual card request? Need quick activation, please.",get_disposable_virtual_card,short_wording
9c96f85c-fba0-4303-91b9-0ec6e0b1f449,Need new virtual card ASAP.,get_disposable_virtual_card,short_wording
14fbf148-6053-4aca-9395-325e05a61185,"Need virtual card?  
Single-use only?  
Issue now, please.  

Thanks!",get_disposable_virtual_card,short_wording
d847d2ed-27be-4f32-9378-9b73faf60abc,"Need temporary prepaid card

Quick setup, auto expire?",get_disposable_virtual_card,short_wording
1ec1779a-53d6-416b-bc54-89434c28fe77,"Listen, I'm steaming here! Every time I go to do something with my card or check my damn account online, I get stopped because the PIN isn’t working! This better not be another one of those ""we're looking into it"" things. Just tell me how to fix this mess right now or give me someone who can help me sort it out!",get_pin,angry_layperson
3dbb6eab-79e0-471f-b6e0-1be90853b275,"Listen, I can’t believe you lost my bloody card and now I’m locked out of everything! My money's just sitting there while some genius decided a PIN is necessary? Just sort this mess out NOW, will ya? Need access to my account like yesterday!",get_pin,angry_layperson
128bb97c-e3f0-4517-a936-33ee192513cf,"Look, listen up! I'm fuming here because every time I try to get into my account, they're asking for this blasted PIN number, but it's gone. Just vanished! Can you fix this mess or am I supposed to shout it from the rooftops that I actually need some help getting back in?",get_pin,angry_layperson
20ee14a1-3316-453a-8c9d-8dc2691f34b7,"Hey, listen up! I can’t bloody enter my own account because this stupid pin isn’t working anymore. Every time I try, it’s like it knows too much for its own good. Just sort this out now before I lose it completely! Where do I go to get a new one? This is ridiculous!",get_pin,angry_layperson
f6e645e0-bbdf-4cd8-9da8-4b3cd65b6ea1,"Oh for crying out loud, can someone sort my card situation already? It's like they want me to beg just to get PIN access! I need this thing fixed yesterday so I can finally do some shopping without going through hoops. What's taking so long? Is there someone who actually talks normal English around here or am I stuck with robots again? This is ridiculous!",get_pin,angry_layperson
e931509b-6dbe-430c-8814-fc6914ceea4c,"I can’t believe you guys! My card's out of commission, and I gotta get a PIN NOW or I’m gonna miss my bus payment again! Do something quick or I’ll be calling your manager for real!",get_pin,angry_layperson
040f8785-7d68-47ed-93c7-c4b42f97e0f9,"I can’t access my account, forgot PIN lost everything happened today urgent need help now! Can’t wait this is serious money on line everything stuck! Need new way to get into my account quickly ASAP!",get_pin,panicking_emergency
6c206ad0-a5a3-4be2-8e8a-8cff18c1002c,I can't access my account urgent need to verify identity lost pin card got stolen help now I need to withdraw money must fix this immediately please advise fast solution before bank closes thank you very much!,get_pin,panicking_emergency
dea06f4b-fe28-43c9-9847-4802e2082e34,lost my card need new pin urgently cant log in emergency situation pls help me now transaction pending how do i fix this quickly?,get_pin,panicking_emergency
269a62b9-346b-4a36-b46a-444c7b6db2c4,"I can’t access my account need my PIN now urgent! Lost everything, must get into checking ASAP please help immediately! Time is running out!",get_pin,panicking_emergency
b6045f10-f2a8-4121-ae95-9967f7ce4641,I need my card right now can’t access account at all lost my pin forgot everything happening can you help quick please emergency situation immediate fix needed,get_pin,panicking_emergency
61b8efd4-2c85-43a4-8713-d6ce4131eaa5,I can’t access my account need new pin immediately lost mine locked out urgent fix now or money gone please help fast!,get_pin,panicking_emergency
53139b5c-7f2e-4a35-8908-dbd8f7ed1e72,"Esteemed Customer,

I hope this communication finds you well. I am writing to inquire about the necessary steps required to retrieve my Personal Identification Number (PIN) for account access, as I seem to have misplaced it. Your guidance on this matter would be greatly appreciated.

Yours sincerely,

[Your Name]",get_pin,polite_expert
fac30062-19cb-41f0-91d8-dd4884197495,"I trust this message finds you well. I am reaching out on behalf of our esteemed client who has recently encountered an issue concerning access to their personal identification number associated with their account. It would be appreciated if you could kindly assist in rectifying this matter, ensuring the continuation of seamless service provision for our valued customer.

Warm regards,

[Your Name]  
[Your Position]  
[Contact Information]  
[Bank's Name]",get_pin,polite_expert
039f9d8b-dcc7-47d8-b52c-fe95d11790d5,"Esteemed customer,

I hope this message finds you well. I am writing to inform you that due to a recent oversight, my current Personal Identification Number (PIN) is no longer accessible to me. Given the importance of safeguarding my account transactions and ensuring seamless financial management, I would be most grateful if your esteemed banking support could assist in facilitating the generation of a new PIN at your earliest convenience.

Your prompt assistance with this matter will be highly appreciated.

Yours sincerely,

[Your Name]",get_pin,polite_expert
9ee777b8-f0ca-4e39-9883-c60508b73d68,"Dear Esteemed Client,

I trust this message finds you well. I am writing to seek assistance regarding an issue of considerable importance: accessing my personal identification number, which is essential for completing certain banking transactions. Given its significance, I kindly request your guidance on how best to retrieve or reset this vital credential in a manner that aligns with our esteemed institution's security protocols.

I sincerely appreciate your prompt attention to this matter and look forward to your expert counsel.

Yours faithfully,

[Your Name]",get_pin,polite_expert
b4ace39f-3d4d-4ec6-8469-c67c3375e45e,"Esteemed Customer,

I hope this message finds you well. I am reaching out with regard to an issue concerning my personal identification number, which is presently inaccessible within my possession for certain banking operations. Should there be a formal procedure in place for retrieving or resetting this number through your esteemed institution's customer support services, I would greatly appreciate guidance on the requisite steps.

Your assistance and expeditious response are most appreciated.

With sincere regards,

[Your Name]",get_pin,polite_expert
39de09c4-fc6e-463e-8643-02b020ea78f2,"Dear [Customer Name],

I hope this message finds you well. It has come to my attention that you might require assistance with accessing your personal identification number, which is imperative for various banking transactions. I kindly request that you initiate a secure communication with our customer service team by calling the dedicated helpline or visiting your closest branch office, where measures are diligently followed to verify your identity and aid in resolving this matter promptly and efficiently.

Yours sincerely,

[Your Name]  
Customer Support Representative  
[Bank's Name]",get_pin,polite_expert
22ca3db8-b593-4713-a22e-f96bada917cb,"Hey, so I'm kinda low-key having a moment here bcuz I completely forgot my PIN like, ages ago 😅. Could you hook me up with that new one or whatever process I gotta do? Thanks a bunch! 🙏",get_pin,gen_z_slang
88c1321a-f5bf-422f-87d4-d0c309281f23,"Yo, so like I totally spaced and don’t have my PIN anymore 😅 Could you help me get that sorted ASAP? Thanks a bunch! 🙌",get_pin,gen_z_slang
797b4acf-99e5-4e13-93cc-89142b0f611b,"Heyo, I totally spaced on my ATM PIN and gotta get into my account ASAP 😅 Can you hook me up with some help or a reset link? Thanks! 🙌",get_pin,gen_z_slang
30dbe61c-861c-4a44-87da-4c7e8ccceffb,"Hey, so like, I legit can't remember my pin number? 😅 Could ya help me reset it or something? Need to get this sorted ASAP! 🙏 Thanks a bunch! 🤗",get_pin,gen_z_slang
0d08380b-16ad-4db6-8486-e5af2ec73239,"Hey hey! So, like, I totally spaced on my pin 🙈 and need a quick refresh so I can finally hit up that online shopping sesh I've been eyeing. Could ya help me sort this out ASAP? Thanks a bunch! 😊✌️",get_pin,gen_z_slang
54bfef37-825c-43a4-acb5-49d70d3baa61,"Hey, so I totally spaced on my PIN at like, 2 AM when I wanted to swipe for a snack 🍟. Could we sort that out ASAP? 😅 Need my digits back before they expire or whatever. Thanks fam! 🙏",get_pin,gen_z_slang
a7c7ea79-b56b-4b3d-921b-f759a011b0e3,"Hello, I need help please. My PIN is missing. Can you tell me how to get new one? Thank you very much!",get_pin,non_native_speaker
7ab2b736-5c71-425a-90dc-9719b77e40b3,"Hello, I need help with my bank card. Sorry for my bad English. I forgot what code is when I put card for buy something. Can you send me new one? Thank you very much!",get_pin,non_native_speaker
0db53401-1e4f-46b7-8872-ad760d0dac03,"Hello! Me have trouble with my card PIN, yes? Can you help me reset or get new one please? Thank you very much for helping me.",get_pin,non_native_speaker
e59aecc0-d291-41a5-b9f0-a1fcf8f910ee,Hello! I need help with my card PIN. It not working. Can you please help me change or get new one? Thank you very much.,get_pin,non_native_speaker
5e118ac2-d975-43f5-81ed-56a64095a754,"Hello, I have a problem with my card. I not know how to get new pin number. Can you help please? Thank you very much!",get_pin,non_native_speaker
536c083e-adc3-46ef-9519-87a209990ab2,"Hello, I have bank account but forgot my pin number. Can help me get new one? Thank you!",get_pin,non_native_speaker
d0e0df5e-bc0a-4b9a-b2ad-1961590bdacf,"Forgot PIN, need reset options.",get_pin,short_wording
7fe5dcb4-abb8-4bca-b116-fbe4cac2503c,"Lost PIN, assist please? Need help resetting.",get_pin,short_wording
f5692967-1ca1-4c1a-b257-6b6b82ab7e53,"Recover lost PIN, urgent 🙏. Need help now!",get_pin,short_wording
dd807a3c-984b-45db-a791-19f294ff2a53,"Need PIN reset now. Lost card.

Can you help?",get_pin,short_wording
b4cf6c5d-d403-43eb-836a-782c65de9b58,"Forgot PIN, need new one. Help?  
Card blocked, need access. How?  
Need PIN change, how proceed?  

Please let me know which of these fits your situation or if you need further assistance!",get_pin,short_wording
394c1619-9799-4672-8a2a-b5bbee12ffbe,Forgot PIN. Need reset?,get_pin,short_wording
0ab6ba99-5c93-4e91-b3e3-60aae35e6c6a,"Listen up, I need a backup card like yesterday! My current one’s about as reliable as a two-dollar umbrella in a hurricane. The bank's got me tearing my hair out—can’t you just send over another one already? This waiting ain’t funny, and every day I’m without it is ticking me off.",getting_spare_card,angry_layperson
847bafcd-2422-40b6-a19e-2c889f07441c,"Listen up, I can't believe what's going on! My card just got nicked or something, and now I'm left without any way to pay for anything! You better get me another one pronto—I don’t have time to be sitting here twiddling my thumbs waiting around. Get it sorted out fast, will ya?",getting_spare_card,angry_layperson
61ce80a3-257a-447a-b2e4-6b09dc798541,"Hey, listen up! My damn card just died on me last week, and I’m fed up with this crap. Get my head outta here by sending me a backup card pronto, or this is gonna be one hell of a story for all my pals to hear at the bar. Can't you people do anything right?",getting_spare_card,angry_layperson
1a735691-8c11-4644-850b-7978a6abb8fa,"Alright, listen up! My card got stolen or lost—I don’t wanna say which—and I need a backup one NOW! This can’t be that hard for you people; just get on with it so I can start paying my bills without all this drama! You better fix this fast, 'cause if I have to call back again about this nonsense, you're gonna regret it!",getting_spare_card,angry_layperson
a071719e-711f-4f74-b4a1-3470be05a30a,"Listen here, I've been waiting forever on this call, and I need another bloody card because mine's gone missing, probably down some drain! This is turning out to be a massive headache. Can someone just sort it out quick? No more runarounds or excuses about my identity! I've got cash in the bank; just give me what I need so I can get back on with my day already!",getting_spare_card,angry_layperson
e59b0738-4545-4398-899f-1b93cabe68cb,"Hey, listen up! I’ve been standing around at your damn counter longer than my granny’s morning latte wait, and you haven’t given me a backup card yet! My regular one's missing because some jerk probably nicked it. What gives? I need something to swipe NOW so I can pay for groceries without this circus. Get it sorted or else!",getting_spare_card,angry_layperson
9e7b7048-182e-4939-93eb-52b3f7cba642,"card gone missing urgent need new one money bills coming no time losing everything help please make fast

--- 

Please, my primary debit card lost possibly stolen immediate issue! I've bills due tomorrow rent utilities food urgently needing access bank funds cannot wait!! Can you expedite a replacement or any solution immediately? I'm extremely worried and need action now!!",getting_spare_card,panicking_emergency
189fe16a-7a51-434b-9853-b34776a7b05c,Help I lost my card at home must have other one can’t wait can bank send fast please don’t know what do emergency!,getting_spare_card,panicking_emergency
d08e4783-c654-42e3-bd29-bfb62a034204,"I can’t find my card I need a new one now! Urgent, please help quick! What do I need? Can’t wait this is so stressful got no spare money at all must have it fast! How long will it take for me to get it? Please send immediately! Thank you!",getting_spare_card,panicking_emergency
e443cf0c-cacf-4670-9151-b7ddf97a92c4,I need a new card right now bank card is gone missing lost can’t pay bills emergency can you send one ASAP? Money disappearing fast help me please!,getting_spare_card,panicking_emergency
77147ffb-94db-4f37-b6c3-6a21edce0242,Oh my goodness I need a new card like yesterday lost mine in a mess of a day can’t access any money ATM machine won’t take my PIN what do I do help immediately please urgent situation here,getting_spare_card,panicking_emergency
fd1a2245-c203-4840-a2de-119bb00eea03,URGENT NEED FOR BACKUP CARD LOST MY ONLY ONE AT THE PARK EMERGENCY BUYING NEEDED TODAY NO ACCESS TO MONEY PANICKED HELP!,getting_spare_card,panicking_emergency
ee392cdd-0234-4d46-ae89-b733da2a38ba,"Dear [Bank Representative],

I hope this message finds you well. I am writing to request a duplicate card for my current account, as my existing one has become difficult to utilize due to wear and tear over time. Could you kindly guide me through the process required to obtain an additional card? I understand there may be specific procedures or requirements involved, and I would appreciate any pertinent advice you could provide.

Thank you in advance for your assistance with this matter.

Warm regards,

[Your Name]  
[Your Account Number] (if applicable)",getting_spare_card,polite_expert
d8dd1816-41c5-4703-a303-cf5bc09b9fa4,"I trust this message finds you well. I am writing to kindly request the provision of an additional bank card for my account, as a precautionary measure. This would serve as a backup should circumstances necessitate its use in lieu of my primary card. I appreciate your attention to this matter and await confirmation regarding the necessary steps and requirements involved in issuing such a card. Thank you very much for your assistance.",getting_spare_card,polite_expert
e8cb42af-21b0-438b-835b-dde52346cb02,"Dear [Bank Representative's Name],

I hope this message finds you well. I am writing to kindly request assistance regarding an additional card for my account. It has come to my attention that a backup payment method would be prudent under certain circumstances, such as card expiration or unforeseen loss.

Could you please guide me through the process of acquiring an extra debit/credit card linked to my existing account? Furthermore, I appreciate any information on potential fees and estimated timelines for delivery.

Thank you very much for your attention to this matter. I look forward to your prompt response.

Yours sincerely,

[Your Full Name]
[Account Number]",getting_spare_card,polite_expert
f3d08cbb-dcf5-4dd4-9462-16235dd72388,"Certainly, I am reaching out to discuss an important matter concerning my account security. It has come to my attention that having a secondary debit card available would significantly enhance the protection of my financial assets. This measure ensures uninterrupted access in the event of misplacement or theft of my primary card. Could you kindly advise me on the procedure and associated requirements for acquiring such a spare card? Your assistance in this regard would be greatly appreciated.

Warm regards,

[Your Name]",getting_spare_card,polite_expert
c340c808-51e5-44ac-bab5-a6a965bc92e0,"Good day,

I trust this message finds you well. I am writing to inquire about the procedures for obtaining an additional card associated with my current banking account. I would be most grateful if you could elucidate the necessary steps or provide any forms that may need to be completed prior to issuance.

Thank you for your kind assistance in this matter.

Warm regards,

[Your Name]  
[Account Number, if relevant]",getting_spare_card,polite_expert
1dd610c3-95f6-4f16-855d-f3533ac15086,"Dear Esteemed Customer,

I hope this message finds you well. I am reaching out to inquire about the process for obtaining an additional ATM or debit card for my account, as a precautionary measure. Ensuring that I have sufficient access options in case of unforeseen circumstances is of paramount importance. Kindly guide me through the necessary steps and any pertinent documentation I may need to provide.

Yours sincerely,

[Your Name]",getting_spare_card,polite_expert
40212935-0145-4c84-825d-aac9f35053b1,"Heyo! 😎 So I've been on a wild card journey lately, ya know? Like, my main debit card just went MIA and now I gotta get a backup for all those meme shops and coffee runs. Can you hook me up with one ASAP? 🚀 Would be sick to chill without any money drama soon! Thanks a ton!",getting_spare_card,gen_z_slang
70edc717-9441-4de2-85d7-bc06e45cbe0d,"Yo, so I'm kinda needing like a backup card at the moment. My main one's acting super sketchy—like, if this doesn’t go smoothly, I might just have to cancel plans for the entire weekend (😭). Can you hook me up with an extra ASAP? Thanks!!!",getting_spare_card,gen_z_slang
639f413c-96f0-4ad4-b023-eec10849fe5a,"Yo, so like, my card just died on me 😭 literally right after using it? I gotta have a backup so I’m not broke AF this week. Can you hook me up with one ASAP? Thanks! 🙌✨",getting_spare_card,gen_z_slang
8274e9b4-d645-4cdc-a4ed-77828ee03c90,"Heyo! So, like, I totally spaced on my card after a mega night out 🍻 and now I'm kinda in desperate need of an extra one coz mine's MIA. Could you hook me up with a spare asap? Thanks a bunch! 😎✌️",getting_spare_card,gen_z_slang
89e6b864-ea5a-4eee-9db5-bfcf02a2b1a2,"Hey! So like, my main debit card got swiped by a squirrel (or maybe I just left it at my friend's place), but idk how long of an adventure it'll be retrieving. Do you peeps think ya could hook me up with a spare one ASAP? Thanks a mil! 🙏",getting_spare_card,gen_z_slang
1839364a-cb73-4145-8945-c5b6b15130b5,"Yo, quick question! My card got MIA 😅 (not like it ran away or anything), so I need a backup ASAP. Can you hook me up with another one? 🙏 Thanks a bunch! 💸",getting_spare_card,gen_z_slang
7da685a7-8f90-4652-bc39-b1b3cb761d99,"Hello, I need help please. My bank card is lost, maybe stolen. Can you give me new one? Thank you.",getting_spare_card,non_native_speaker
10df98cf-e964-4386-b4a2-b76a7e589822,"Hello! I need help with my bank card. My current one is old, and I want a new one made for safety. Can you please send me another card? Thank you very much!",getting_spare_card,non_native_speaker
0313c9f3-e6a4-4729-b2fd-74766d502eb5,"Hello, I am need help. My card is lost or stolen. Can you send me a new card? Thank you very much!",getting_spare_card,non_native_speaker
5fa56b87-e3de-4312-851a-55370d19dff9,"Hello, I have lost my bank card and need one more card. Can you help me get another? Thank you very much!",getting_spare_card,non_native_speaker
56199be4-94db-46d4-b47c-a5546b2fbe44,"Hello, nice day! I need help for a another card. My old one not working good anymore. Can you send me new one? Thank you very much!",getting_spare_card,non_native_speaker
a8a15538-1daa-4201-b35c-4c1674a8296b,"Hello! I need help, please. My bank card, I lose one. Can you send me a new one fast? Thank you very much for helping.",getting_spare_card,non_native_speaker
a40f44bb-8680-4833-afb9-79689d825633,"Need extra card  
Thanks!",getting_spare_card,short_wording
dcc49185-4d11-4669-b088-a5a4cb3b7446,"Need backup card now  
Lost/Blocked  
Order status?",getting_spare_card,short_wording
912e8574-4219-4414-99c9-faba9f408343,Order spare card now. Need replacement details.,getting_spare_card,short_wording
1e7aff58-6b8b-4079-8e2f-1e597532b6ea,"Need extra card  
Request now  

Sent: [current date/time]  
To: [bank support contact]",getting_spare_card,short_wording
5960a180-0f31-4034-af6e-5bbff48067d4,Spare card request needed immediately. Please proceed with process.,getting_spare_card,short_wording
1bfaca74-8e13-4d7a-9244-427582884983,"Need extra card

Card lost, order backup? 

Replacement needed ASAP

Got a spare card process?  

How to get another ATM card?  

Require duplicate credit/debit card  

Request for additional bank card  

Steps for second banking card?  

Additional account card instructions?",getting_spare_card,short_wording
11bca7f7-57dc-4945-a69a-f631a0c121fa,"Yo, what's up with my dang phone app? I need one of those digital cards in there already! It better show up pronto, or I'm gonna lose my mind. Fix it, will ya?",getting_virtual_card,angry_layperson
6bd114a2-b8f5-4dc9-94bd-bfe050877aa9,"Hey, listen up! I've been hearing that you folks can send cards straight to my phone or whatever. Well, guess what? I don’t see one when I check my app here. You need to sort this stuff out because it's not working as advertised! Fix it now, will ya?!",getting_virtual_card,angry_layperson
a9811d34-68c7-4aa4-a5e0-4ee9211b5cef,"Hey, listen up! I got zero clue how this digital card thing works with my bank account now. None of that nonsense about 'virtual card' or whatever is making any sense to me! Every time I try to shop online, they send my money straight into the void because the dang thing isn’t showing up on my app. It's like they want me to lose track of where my cash goes! Fix this, like yesterday!",getting_virtual_card,angry_layperson
62b8135a-885a-48dc-a7c6-4a714e2d304a,"Hey, listen up! I signed up for this whole online thingy cause I thought it was supposed to be easier, right? Now they're telling me my dang card is nowhere near here yet! How hard can it be to send a stupid virtual one over? Get your act together and fix it now 'cause I'm losing my patience fast!",getting_virtual_card,angry_layperson
05713ee8-37cf-48cf-978f-4115d52dbcf8,"Hey, listen! I’m supposed to have some of those magic digital cards that you all hype up so much, right? Well, they're MIA from my account, and nobody seems to be giving a crap about actually sending them over to me. What's the hold-up? Fix it now or I'm marching down there in person this instant!",getting_virtual_card,angry_layperson
79f7f3b3-9e89-4c73-9eee-851264406079,"Listen up, I’ve been waiting ages for that dang digital card you promised me! Every time I try to check online, there’s nothing but a big fat zero showing up. What kind of circus is this? Fix it ASAP or you’ll be hearing from my lawyer, just you wait and see!",getting_virtual_card,angry_layperson
e923438a-12a5-472c-81c4-4512389e53e1,Need virtual card now Urgent situation Lost physical card must cancel before stolen emergency Transfer funds ASAP without delay Help me quickly!,getting_virtual_card,panicking_emergency
b0daf14e-c7fc-404e-aaf6-115955ae836e,"I need a virtual card NOW! Lost my physical one, no time to wait! Urgent travel expenses pending—need help immediately! Can’t access any money! Please expedite! Help!!",getting_virtual_card,panicking_emergency
607109bc-0129-429f-99ac-3e0ad36b034b,"Need virtual card NOW! Can’t access account no way around it urgent help please!!! Lost physical card, online payment due tomorrow, can you send me a new one like ASAP? No time this is critical!",getting_virtual_card,panicking_emergency
687c7414-350e-4acf-8d09-9987ab82aba1,need virtual card now urgent lost physical one no time banks closed emergency! please send immediately can’t wait this is serious! help need quickly or trouble big!,getting_virtual_card,panicking_emergency
9ebc119b-4bb1-4407-b63c-8ef385b2c37f,card not working need virtual one now account locked lost phone can’t get money got emergency urgent help pls access my funds immediately can’t wait security issue need fix fast,getting_virtual_card,panicking_emergency
8d348cb6-f5ea-476f-b60d-1c955790235f,I need my virtual card now!!! Account empty urgent pay bills! Please help ASAP! No access to cards!! I'm freaking out here! Can’t wait!! Need immediate action!! What do I do next?!!!!,getting_virtual_card,panicking_emergency
53115291-ca34-40e5-adab-131dc181359c,"I trust this communication finds you well. I am writing to seek assistance regarding the initiation of a digital payment instrument under my current account services with your esteemed institution. As someone keenly interested in leveraging modern financial tools for seamless transactions, having access to a virtual card is crucial for optimizing both convenience and security in my daily monetary dealings. Could you kindly provide detailed guidance on how I may proceed with this request? Your expeditious support in facilitating an efficient solution would be greatly appreciated.

Yours sincerely,

[Your Name]",getting_virtual_card,polite_expert
6cdd0fad-f3d1-4f7d-ae29-bd4bd161ab4a,"Good day,

I would like to inquire about the possibility of adding a virtual card to my existing account. Could you please provide me with detailed information on how I might proceed with this request, including any specific requirements or steps that need to be taken? Your guidance in navigating this process will be greatly appreciated.

Kind regards.",getting_virtual_card,polite_expert
b6a4e514-d421-4392-b4f4-fc50a8a2de00,"Dear Esteemed Customer,

I trust this message finds you well. I am reaching out regarding my current account with your esteemed institution as I find myself in need of acquiring an electronic version of a payment card associated with said account. This request is driven by my interest in the convenience and security that virtual cards can offer for managing transactions online or through mobile applications.

To facilitate this process, could you kindly provide me with any necessary steps or documentation that I might require to enable this feature? Furthermore, if there are specific features or benefits associated with your virtual card offerings, please do share them so that I may make an informed decision regarding its suitability for my financial needs.

I deeply appreciate your attention to this matter and look forward to your guidance in enhancing the breadth of services available through my account. Thank you very much for your continued support and assistance.

Warm regards,

[Your Full Name]  
[Account Number]  
[Contact Information]",getting_virtual_card,polite_expert
e8391cf5-69bf-45c4-ba0b-56669706f4dc,"Good day,

I hope this message finds you well. I am writing to inquire about the process necessary to obtain a virtual card associated with my current account. Could you please provide detailed guidance or instructions on how I might proceed to acquire this digital financial instrument?

Kind regards,  
[Your Name]",getting_virtual_card,polite_expert
a6e5408c-5afb-4012-b69c-5fc652807853,"Good day,

I trust this message finds you well. I am reaching out with regard to obtaining a virtual card through my current banking services. Could you please kindly provide detailed information on the steps required, as well as any necessary prerequisites that need to be fulfilled in order to successfully request and activate such a card? Your assistance in clarifying these matters would be greatly appreciated.

Thank you for your attention to this matter.

Yours sincerely,

[Your Name]",getting_virtual_card,polite_expert
0d322de2-935a-464d-9f2d-7fdb4ae65c40,"Dear [Customer Name],

I trust this message finds you well. I am writing to inquire about the procedures necessary for obtaining access to a virtual card associated with my account. Could you kindly provide detailed guidance on how this process may be initiated, including any prerequisites or additional documentation that might be required? Your assistance in expediting this matter is greatly appreciated.

Warm regards,

[Your Name]  
[Contact Information]",getting_virtual_card,polite_expert
39d54efa-b3a1-4b2f-bb17-9666ca6c477f,"Heyo, so I’m tryna get my hands on a virtual card, you know? Got that online spending life to live. Can ya hook me up with one of those ASAP? Thanks! 😊",getting_virtual_card,gen_z_slang
5f085df5-c240-4750-bf6c-35c0fa484e2a,"Yo, so I wanna get my card stuff sorted on my phone 😅 Like, I don’t need anything physical cause who even carries those anymore? Just hit me up with that virtual magic so I can slide payments from anywhere 🏄‍♂️ Thanks!",getting_virtual_card,gen_z_slang
4ef49c44-86a3-4fcb-908f-24157ba7034b,"Hey, so I just need a digital version of my bank card on my phone tbh. Like, can you help me set that up? It's so much easier to shop online without carrying my whole wallet. Thanks!",getting_virtual_card,gen_z_slang
dfdf6805-5cbf-4b3b-b396-3b2a7c3a3fae,"Yo, so I'm trying to get my hands on that digital card because I’m all about keeping things cashless and low-key secure, ya feel? Do I need to do anything extra or is it like one-click magic from the app? 🧙‍♀️✨",getting_virtual_card,gen_z_slang
63b06c6a-c347-4ffe-a3c7-6d8ad89ce896,"Yo, so like, I need a digital card 'cause using my phone for all my payments is just clutch AF. Can you hook me up with one ASAP? Thanks! 🙌",getting_virtual_card,gen_z_slang
0f7d002f-1552-42b2-a58b-164df6417584,"Hey! So like, I totally need a digital card on my app ASAP. My physical one’s just collecting dust in my wallet 🙄 Can you help me get that online version hooked up? Thanks fam! 💯",getting_virtual_card,gen_z_slang
81cad391-5fba-4e87-baac-eb1afd2e2868,"Hello, I need help please. I want get a card but not real one, like on phone. Can you show me how? Thank you very much!",getting_virtual_card,non_native_speaker
4981a4ed-3ff5-4a6e-b396-4050ddb6788e,"Hello! I need help for get a card that not real, but work like one? Is virtual one I mean. Can you do now? Thank you!",getting_virtual_card,non_native_speaker
b9410ed9-270b-4c9e-9eeb-0215d6c836a9,"Hi there! I need help with adding a card that is on phone app, please. Can you show me how? Thank you very much!",getting_virtual_card,non_native_speaker
491bd437-5ee8-445b-a3cf-984eb58d433c,"Hello, I need help for get card on my phone. Is possible? Thank you!",getting_virtual_card,non_native_speaker
d3d4688b-77fa-483b-b482-0678b57988d3,"Hello, I need help please. I want a card that is not real, like on phone or computer. Can you tell me how to get one? Thank you!",getting_virtual_card,non_native_speaker
fb6fe295-0355-4d4f-93ca-3ae5b4edaee9,"Hello! I need help. I want a virtual card from my bank account, please. Can you show how to get one? Thank you so much!",getting_virtual_card,non_native_speaker
52af7ad2-5618-4bef-9d66-c32e95a173df,Need virtual card?,getting_virtual_card,short_wording
7b6814df-7daa-4a56-a405-70cc55d12e33,Need virtual card. How?,getting_virtual_card,short_wording
bf4a1154-946e-4271-8e22-27962c6f6bac,Need virtual card? Steps/eligibility? Urgent.,getting_virtual_card,short_wording
87f1c83d-fe80-40d8-b533-bad99228e8f1,"Need virtual card now? Steps, please.",getting_virtual_card,short_wording
1da6a0b2-4ab2-492c-b591-401f07c6181d,"Virtual card request  
Need add virtual  
How get virtual?  
Digital card info?",getting_virtual_card,short_wording
0542a27f-0ac3-429b-bb94-ea476ce1e3b6,"Need new virtual card

--- 

Is activation needed? Card options?",getting_virtual_card,short_wording
23793700-c63b-403e-9a1e-a01f8c122431,"Hey you! My stupid card is MIA, I think some jerk nicked it or whatever. Fix this, like yesterday! It's not my fault, so don’t pin it on me. Get me a new one pronto and sort out whatever mess there is in your system. This isn't the first time either—I can't keep chasing down cards that vanish. Do better than this, or I’m switching banks!",lost_or_stolen_card,angry_layperson
8582e15d-67fb-44af-9b3c-173bd66383ae,"Hey! This is ridiculous! I can’t believe my card just disappeared into thin air after all my hard work paying bills on time, and now there’s cash missing from my account that ain’t mine. Someone’s been using it like a free pass to shoplifting! I’m livid, you gotta do something about this, pronto! Cancel the blasted thing and get me a new one before someone else cleans out my pocket money. This ain’t funny, sort it out now!",lost_or_stolen_card,angry_layperson
12e58f52-c57e-4af2-be83-ace4c65fe628,"Listen, I've got a huge problem here! Someone's pinched my card or maybe it just took off on its own because I can't find it anywhere! You better get someone on this fast 'cause if somebody's using it right now without permission or something sketchy happens tomorrow when the wrong person tries to buy all my cash, you guys are going to have a giant headache to deal with. Fix it, pronto!",lost_or_stolen_card,angry_layperson
8f39be02-00a1-4072-a731-b7ac236f1f5b,"Hey, listen up! You gotta believe me, my card's gone missing - like poof, disappeared! I didn’t chuck it in a river or anything, swear! Now every time I try to buy stuff, it's a total bust. So what am I supposed to do? Can't you guys sort this mess out fast before someone decides to go shopping on my bill? Fix it, and quick!",lost_or_stolen_card,angry_layperson
ea1f219f-9377-4f3f-85a7-394783207139,"Oh for crying out loud! My damn card just vanished into thin air or got nicked—I've no idea which, but either way, I can’t bloody well do anything with my money now! This is urgent; get someone over here ASAP and sort it out, will ya? And don't even think about charging some ridiculous fee on top of this mess. What the heck am I supposed to do without a card for all these days?!",lost_or_stolen_card,angry_layperson
372c9897-074e-46d9-99a5-dd5dc108eecd,"Listen, you clowns! I lost my card—I think they swiped it off me in the store or something—so I can’t buy a damn thing! And now what? Am I supposed to get by on credit cards that don't work while you lot fiddle around fixing this mess? Fix it quick before I lose my cool completely, alright?",lost_or_stolen_card,angry_layperson
057a51a4-112c-47d7-ac68-3ffb10de2ddc,"Need help urgent! Lost my card just now can’t find anywhere! Someone might have picked it up! Need to stop payments fast, what do I do? Can they take money from my account? Worried sick here! Please assist immediately!",lost_or_stolen_card,panicking_emergency
ca58b301-7df8-488e-a74b-ec5bcf27a2a6,"Help I lost my card! Need to cancel fast! Can’t buy groceries without it! What should I do? Call someone now!? My money's not safe, please quick response needed!",lost_or_stolen_card,panicking_emergency
3fe6a03c-f1c0-4759-baea-77e46aed039f,Got to tell you my card went missing yesterday can’t find it anywhere someone might have picked it up? I need help stopping any fraud I’m really worried about charges not being mine I want a new card immediately please what should I do now??,lost_or_stolen_card,panicking_emergency
8871755f-79fd-4cee-a418-07133b810607,Help! Can’t find my card! Think I lost it or someone stole it! Stressed out! Need to block it fast please! Don't want anyone stealing money from my account! Urgent help needed! What do I do next? Please reply quick! Very worried right now.,lost_or_stolen_card,panicking_emergency
8f48370c-68bc-46aa-b30f-9b5d074bbca2,Help me! My card was stolen just now need to stop payments immediately they are taking all my money no one knows what’s going on I can’t access my account quick fix this urgent someone please assist right now,lost_or_stolen_card,panicking_emergency
6d64b002-a620-469e-b3d3-bcf075919635,I can’t find my card where I left it! Must cancel immediately someone could be using it! Need to freeze account quickly! What do I do? Help! Urgent matter only moments ago realized card missing!,lost_or_stolen_card,panicking_emergency
54266a03-a477-43b4-b289-0f6776f815db,"Dear Customer Service Team,

I hope this message finds you well. I am writing to inform you of an unfortunate incident regarding my debit card: it seems that I have misplaced it, and there is a possibility that it may have fallen into unauthorized hands. In light of this situation, I kindly request the immediate cancellation or freezing of the existing card to prevent any potential fraudulent activities. Furthermore, if possible, could you please expedite the issuance of a replacement card at your earliest convenience? 

Your prompt attention to this matter would be greatly appreciated, and I thank you in advance for your assistance.

Sincerely,

[Your Full Name]  
[Account Number or Reference ID, if applicable]",lost_or_stolen_card,polite_expert
0da2db9c-43d2-40c0-93c5-f55dc874ea41,"Dear Sir/Madam,

I hope this message finds you well. I am writing to inform you of a distressing situation that has arisen regarding my financial instrument, specifically my debit card. It appears that I have misplaced my card under circumstances that suggest it may no longer be within my possession. In light of potential unauthorized transactions or risks associated with this matter, I would appreciate your prompt assistance in freezing the card's current account and issuing a replacement at the earliest convenience.

Kind regards,

[Your Name]",lost_or_stolen_card,polite_expert
50c2b643-2092-4295-979f-cfa80a7208d3,"Esteemed Customer,

I hope this message finds you well. I am reaching out to inform you of an unfortunate incident regarding one of my bank cards, which appears to be misplaced or, regrettably, may have been appropriated without authorization. Consequently, it would be greatly appreciated if arrangements could be made at your earliest convenience to nullify its current standing and issue a replacement for the same.

Thank you very much for your prompt attention to this matter, and I look forward to resolving this situation with your esteemed assistance.

Yours sincerely,

[Your Full Name]  
[Your Account Number]  
[Preferred Method of Contact]",lost_or_stolen_card,polite_expert
2af4160d-07a2-4695-9ebd-cd1c332191f7,"Dear Esteemed Customer Service Representative,

I hope this message finds you well. I am writing to inform you of an unfortunate occurrence involving one of my banking cards, which appears to have gone missing under circumstances that suggest potential unauthorized access may be a concern. Consequently, in order to protect my account from any unapproved transactions, I kindly request your assistance to promptly deactivate the said card and issue a replacement at your earliest convenience.

I am grateful for your immediate attention to this matter and remain available should additional information be required.

Yours sincerely,

[Your Name]",lost_or_stolen_card,polite_expert
d1fae0bf-8171-48f8-ae56-d2b74f8d9d8f,"Dear [Bank Name] Customer Support,

I hope this message finds you well. I am writing to inform you of an unfortunate circumstance concerning my current bank card, which appears to have been misplaced or potentially compromised. Due to the sensitive nature of such matters, I kindly request that your esteemed team immediately initiate any necessary precautionary measures including but not limited to blocking and reissuing a new card at the earliest convenience.

Moreover, if there are specific procedures or documentation required from my side, please do extend detailed guidance for compliance. Your prompt attention to this matter is greatly appreciated as it ensures continued security over my financial transactions.

Thank you very much for your cooperation and understanding.

Yours sincerely,

[Your Name]  
[Your Account Number/Reference]  
[Contact Information]",lost_or_stolen_card,polite_expert
1c44f79d-2b61-46df-a542-303201e8f38a,"Dear Sir or Madam,

I hope this message finds you well. It is with a certain degree of urgency that I must report an unfortunate event concerning my debit card, which appears to have been misplaced under circumstances suggesting potential unauthorized access. In light of these developments, I kindly request your guidance on the necessary procedures to safeguard my financial assets and secure a replacement for the said instrument in accordance with your esteemed institution's protocols.

Yours faithfully,
[Your Name]",lost_or_stolen_card,polite_expert
2b16be33-e83d-4ffc-a30b-43bf046eb4f9,"Hey, so like, I totally thought my card was chillin' with me until today when I realized it's MIA... 😬 Someone could be on a spending spree with it right now! Need to sort this ASAP before things get cray-cray. Can we lock that bad boy down? 🚨",lost_or_stolen_card,gen_z_slang
9afa8f38-0a4b-407d-bc7a-672058190ee7,"Heyo! So, like, I totally need help because my bank card is MIA and I’m pretty sure someone might have snagged it on their epic shopping spree 🙃 Can you hook me up with a new one ASAP? Thanks a bunch! 💸",lost_or_stolen_card,gen_z_slang
6896344b-4ea9-468c-962f-4e25a59d3f6b,"Yo, so I think my card just ghosted me? 😬 Like, I've been trying to swipe it for a bit but no dice. It's probably floating around out there somewhere since I've got zero clue where I left it last. Can you like, lock this thing down ASAP and send me a new one? Thanks! 🙌",lost_or_stolen_card,gen_z_slang
c1631dc0-2785-4561-92bc-bb1bbc21e86c,"Yo, so like, I gotta spill that my card just went on a little adventure without me 😬. Can u help me lock that bad boy down ASAP? Cheers! 🙏",lost_or_stolen_card,gen_z_slang
bf551a5e-fdd3-4a63-93bb-cae0bdeba713,"Yo, so like, I accidentally left my card at a café (oops) or maybe someone nicked it while I was out and about? Either way, I need to freeze that thing ASAP cause who knows what'll happen if some rando gets their hands on it. Let’s get this sorted asap!",lost_or_stolen_card,gen_z_slang
e84a57a7-7bee-4482-9913-f179de57e5b6,"Hey, so like, I totally fumbled my wallet at brunch yesterday 🤦‍♂️ and now my card's missing? Could you guys like, stop any sketchy charges and get me a new one ASAP before things go south? Thx! 😅",lost_or_stolen_card,gen_z_slang
a0e280fc-81a0-4029-999e-6c16fe872ae5,"Hi, sorry for trouble but I think my banking card is not here anymore. Maybe someone take it? Can you stop using money from this card fast, please? Thank you very much!",lost_or_stolen_card,non_native_speaker
8552f9ae-c897-48ea-8606-96e253315895,"Hello! I am sorry, but my card is not here with me anymore. I think someone take it or maybe I lose it on bus? Please help me do something about it fast. Thank you!",lost_or_stolen_card,non_native_speaker
0746e2c8-c642-4e34-bfa4-7c64a3e1ab6b,"Hello, I need help. My bank card is not with me now. I think someone might have found and take it. Can you stop to use the money on my account? Thank you very much!",lost_or_stolen_card,non_native_speaker
528e70fe-f95d-4022-a9ba-0e95074a7a2c,"Hello, I hope you are doing well.

I have a problem today. Yesterday, I lost my card when I was shopping. Today, now I noticed it is missing. Can you please help me with this? I am worried someone might use it for bad things. Thank you so much for your help!",lost_or_stolen_card,non_native_speaker
9a47835a-0ea7-44c4-97a1-3210c37c3335,"Hello, sorry for bother you. My bank card is gone. I think someone take it or maybe I just lose it. Can you help make sure nobody use my money? Thank you very much!",lost_or_stolen_card,non_native_speaker
8ef1201f-4395-4cd2-abe5-7e04e0041b26,"Hello, good day!

I need help. I lost my bank card today or maybe someone take it now. Please stop all using of this card because I worry about someone else spend money with it. Can you send me new one?

Thank you!",lost_or_stolen_card,non_native_speaker
18aebb92-aa79-455f-bf3b-71b8331d57a7,"Card missing/stolen, need block/change. Urgent!",lost_or_stolen_card,short_wording
4ec2b74e-cda8-4b18-a130-5ffabb7d2c25,"Card missing, need block

Stopped working, replace urgent

Fraud charge on statement, cancel now

Unauthorized ATM activity, secure account",lost_or_stolen_card,short_wording
8cd64cdb-2d32-40e7-9886-ee7dafb51a8c,"Card lost.

Need replacement ASAP.

Report unauthorized transactions too.",lost_or_stolen_card,short_wording
6d9c0473-a00e-4cf7-aead-120b6e36279d,Card gone. Need block ASAP. Help?,lost_or_stolen_card,short_wording
7f0d9c88-cfc3-40e5-b681-f56e11775c59,"Card gone, need stop payment!",lost_or_stolen_card,short_wording
7e12a580-b025-4bb5-9423-d4004d77f6bb,"Lost card, need block  
Need immediate card freeze  
Report stolen debit/credit card  
Quick action required for lost banking card  
Replace missing card ASAP  

Choose one that fits best!",lost_or_stolen_card,short_wording
6c980d8c-fe0a-4801-8539-6b055b487275,"Oh for crying out loud, I can’t do a thing with my bank app because of this stupid phone that’s gone poof! Someone nicked it or whatever else happened and now I’ve got no idea how to sort things like paying bills or checking what’s left in my account. You better fix this mess pronto before I lose my entire savings over your bloody system not keeping up with real life!",lost_or_stolen_phone,angry_layperson
c0707807-05d1-4c21-a2f5-5613d5e6c907,"Hello, listen up! I'm fuming because my smarphone just walked out on me – probably decided to get a life of its own or maybe some creep swiped it. Whatever happened, now my bank's getting wise that someone else is playing with my money without even asking me! Can we shut down whatever they're doing over there? I need this sorted yesterday before more weird stuff happens in my account!",lost_or_stolen_phone,angry_layperson
82018f8a-379d-4bef-819a-c7a95ae71d11,"Hey, listen up! My phone's gone AWOL or someone nicked it—I don't know which—so I can’t get into my bank app anymore. Can you sort this out NOW? Fix that mess quick before I lose all my money or something else goes haywire!",lost_or_stolen_phone,angry_layperson
b6b44374-edec-4322-b70b-0024b4317a42,"Listen here, I can't find my blasted phone! This thing's gone missing and now you’re talking about some card issues? What’s the hold-up? Get me sorted out already or I swear, I’m going postal on your customer service line!",lost_or_stolen_phone,angry_layperson
98660a85-bcd2-44e2-aae4-922dc3cb519e,"Yo, listen up! I swear my phone just up and vanished or someone nicked it! I need you to lock the heck out of my account on there right now before someone decides to raid my bank like a madman! Get that sorted fast, or else you're in for some serious trouble. Fix this crap already!",lost_or_stolen_phone,angry_layperson
0c274ccf-fd60-4bba-860f-f23ebb891361,"Hey, listen up! My phone's gone AWOL! I can't even log into my damn bank account because apparently I need that piece of junk for security or something. Fix this mess NOW, 'cause I'm about two seconds away from losing it completely over here and not being able to access my own money!",lost_or_stolen_phone,angry_layperson
40a037f4-29da-412d-ae8a-a4b37bff0c4d,"Can’t find my phone! Think I lost it or maybe stolen? Can’t log into any banking app! Need help fast, don’t know what to do please advise urgently!!!",lost_or_stolen_phone,panicking_emergency
53600884-a99f-4980-9c8c-eead675a3e7d,URGENT HELP NEEDED PHONE GONE MISSING LOST TRACK DURING COMMISSION TRIP NEED TO STOP WRONGHANDED USE IMMEDIATELY BANK ACCESS STOP WORRIED ABOUT FUNDS BEING TAPPED RIGHT NOW PLEASE LOCK ACCOUNT ANYWHERE I CAN CALL OR WHAT DO NEXT? PANICKED HERE THANKS,lost_or_stolen_phone,panicking_emergency
dc32f851-ac41-4c2e-a161-a784b60efdde,Hello I lost my phone right now can’t access account need help urgently blocking all cards and stopping any transactions immediately someone might be using them please advise what steps to take quick!!!!!!!,lost_or_stolen_phone,panicking_emergency
8913f5f0-2b48-41d2-9167-ee4d0cf2a049,Help! I lost my phone immediately need to block account phone stolen no time call can’t access anything help block card now! Need urgent support,lost_or_stolen_phone,panicking_emergency
6405ef71-5606-4118-b8db-52752ca6c769,Help urgently phone gone missing can't control account need immediate action! Block card cancel all auth app security access lost! Need steps fast! Thanks,lost_or_stolen_phone,panicking_emergency
17d90c9e-8d09-4c6c-9ece-7a8eccf3bade,Bank help my phone gone missing found it was stolen can't access anything at all lost control of everything need to lock accounts emergency I'm freaking out please freeze them now before someone drains them! Can't even reach my contacts need to act fast help!!!,lost_or_stolen_phone,panicking_emergency
60026f4e-c2c6-4e23-9895-81d6c7938900,"I trust this correspondence finds you well. I am writing to apprise you of an unfortunate circumstance wherein my mobile device has been misplaced, thereby necessitating urgent measures to secure the financial information linked with the associated accounts. It is of utmost importance that we take immediate actions to prevent any unauthorized access or potential fraudulent activity on said accounts. Might I kindly request assistance in navigating through the requisite steps for safeguarding my funds and personal data under these circumstances? Your prompt attention to this matter would be greatly appreciated. Thank you for your understanding and cooperation.",lost_or_stolen_phone,polite_expert
b0b51198-907e-47de-812c-d4c85358489a,"Dear Banking Support Team,

I hope this message finds you well. I am writing to inform you that my mobile device, which holds critical access to my banking services, has recently become unavailable due to circumstances beyond my control. As such, I am concerned about the potential security implications for my financial accounts and would appreciate your guidance on the necessary measures to secure them promptly.

I look forward to your prompt assistance in this matter to ensure continued protection of my personal financial information.

Sincerely,

[Your Name]",lost_or_stolen_phone,polite_expert
8be40112-d29c-44dd-8e6e-27a9d24d5e82,"Subject: Request for Assistance Following Potential Unauthorized Access

Dear Customer Support Team,

I trust this message finds you well. I am reaching out to request your assistance concerning a recent development which may affect my account security. It has come to my attention that access to my personal mobile device, through which I regularly manage my banking transactions, may no longer be under my exclusive control. As such, I kindly ask that you initiate any necessary precautions or actions from your end to safeguard my account against possible unauthorized activities.

I appreciate your immediate attention to this matter and look forward to further guidance on the next steps to ensure continued protection of my financial assets.

Yours sincerely,

[Your Name]",lost_or_stolen_phone,polite_expert
b848da61-cb93-460e-b238-6152f184c79c,"Subject: Urgent Assistance Required for Security Concerns

Dear [Bank's Customer Support Team],

I hope this message finds you well. I am writing to seek immediate assistance regarding a recent and unfortunate incident concerning my mobile device, which I currently utilize for banking transactions and communication purposes with your esteemed institution.

Regrettably, the aforementioned device has inadvertently been misplaced under circumstances beyond my control. Given the sensitive nature of the data it harbors, including access credentials related to my bank account, I am compelled to request expedited measures to secure my financial assets against unauthorized access or any potential fraudulent activities that may arise from this predicament.

I would greatly appreciate guidance on the necessary steps to safeguard my account and any possible actions that your team might advise or facilitate under these circumstances. Furthermore, clarification regarding the process for updating my contact methods to ensure uninterrupted communication during this period of adjustment would be invaluable.

Please accept my sincere apologies for any inconvenience this situation may cause and thank you in advance for your prompt attention to this matter.

Yours faithfully,

[Your Full Name]
[Account Number: XXXXXXXXXX] 
[Registered Email Address]
[Preferred Contact Number]

--- 

This message seeks to address the concern with a sense of urgency while maintaining a respectful and formal tone, ensuring that all necessary information is conveyed for efficient support.",lost_or_stolen_phone,polite_expert
03067a62-782c-4d32-85de-7861c38b6d1f,"Dear Banking Support Team,

I hope this message finds you well. I am reaching out to bring to your attention an unfortunate circumstance concerning my personal electronic device, which appears to have been misplaced and potentially compromised. In light of this development, I kindly request guidance on the necessary steps required to safeguard my account from unauthorized access or fraudulent activity. Your assistance in promptly securing my banking transactions would be greatly appreciated.

Yours sincerely,

[Your Name]",lost_or_stolen_phone,polite_expert
3d65f4d9-3a9d-4b0d-98c6-855088c46698,"Good day,

I trust this message finds you well. I am writing to inform you of a recent incident concerning my mobile device, which has unfortunately been misplaced beyond immediate retrieval. To ensure the continued security of my accounts, I kindly request your assistance in blocking all access previously authorized through my mobile phone. Additionally, if there are any precautionary measures or steps that need to be undertaken on my account to mitigate potential unauthorized activities, please advise accordingly.

I appreciate your prompt attention to this matter and thank you for your support.

Yours sincerely,

[Your Name] 

[Account Information as Required]",lost_or_stolen_phone,polite_expert
a564aa69-0538-4f94-9b5f-5c948ea30e9e,"Heyo, so like I think my phone just ghosted me or got snatched because I can’t find it anywhere? And now I’m kinda freaking out bc if someone finds it, they could peep into my bank stuff 😬 Any chance you guys can help me lock up my account or something while I try to track it down?

Thanks!

(Your Friendly Gen-Z Bank Customer 🙃)",lost_or_stolen_phone,gen_z_slang
15a1391b-a298-48b2-bae6-5cd5c7552708,"Hey there! 😅 So, like, my phone totally slipped into no man's land (or wherever it ends up lol), and I'm kinda freaking out 'cause it’s got all those important banking apps on it. Can we do something about locking or freezing my account? Don’t want anyone else having a shopping spree using my saved cash! 🙈 Thanks a bunch, fam!",lost_or_stolen_phone,gen_z_slang
315cb24f-88a2-4d1d-ac4d-5867637dce69,"Heyo, so like, my phone just went on a permanent vacay or something, and I'm basically locked out of all my banking drama. Can we figure out how to check my account balance without using my phone? 🤯 Need those digits ASAP! Thanks a bunch! 😅",lost_or_stolen_phone,gen_z_slang
c1c13d55-1c53-4440-9ebc-e8a7c4d57348,"Yo, so like, my phone went MIA for real. 😬 I'm kinda freaking out 'cause all my banking stuff's on there. Can you peep what’s up with that? Might need some help ASAP to lock it down or something. Lemme know what we gotta do next!",lost_or_stolen_phone,gen_z_slang
82ee97f7-9ea7-4387-bab0-24d5ab5a3807,"Yo, so here's the sitch: I think my phone might have ghosted me 😅 Like, one sec it was chilling with me, and now it's MIA. Any way you can freeze any shady shenanigans happening on there or help me get control back? 💔 Thanks a bunch!",lost_or_stolen_phone,gen_z_slang
a0055f77-e2f2-4a71-b772-623658bc4001,"Hey, so like, my phone just went missing 🤦‍♂️ (no, I'm not being dramatic). I gotta make sure no one's sneaking a peek at my banking app 'cause that would be a total mood killer. Can you help me lock down my account from any unwanted logins or changes? Thanks, fam!",lost_or_stolen_phone,gen_z_slang
edc24c0e-3549-4348-a98d-65015035ae51,"Hello, I need help please. My phone is gone. I don’t know where it is now. Can you stop other people from using my bank account with this phone? Thank you very much!",lost_or_stolen_phone,non_native_speaker
926c8408-e459-4562-8204-bd45159c3668,"Hello! I am sorry, but my phone is gone. It's not here with me no more. Is there way we can stop someone else using my account on that phone? Thank you for helping this problem.",lost_or_stolen_phone,non_native_speaker
b06383a2-3ee1-4b4b-a254-31f282ed7a3c,"Hello! I am sorry, I lost my phone yesterday. Now, I worry about my bank account on it. Can you help me stop using my account from phone or tell how I can be safe? Thank you very much for helping me with this problem.",lost_or_stolen_phone,non_native_speaker
d8446a01-3d56-4a59-a4d8-86cfc525cfcc,"Hello, I have a problem. My phone is missing or maybe someone took it by mistake. Can you help me do something about my banking security? Thank you very much!",lost_or_stolen_phone,non_native_speaker
f7de517e-8f07-4849-a256-ce80c793c67b,"Hello, I need help. My phone is no more with me, maybe someone take it or I lose it. Please block account from this phone for safety. Thank you!",lost_or_stolen_phone,non_native_speaker
fcf31df5-4410-4c86-b631-756d6d094286,"Hello! Excuse me, I have a small problem. My phone is not with me now. Someone maybe take it. I need help so my money can be safe. Please can you stop all app on this lost phone? Thank you for help!

Kind regards,  
[Your Name]",lost_or_stolen_phone,non_native_speaker
7bf72972-efc1-44e6-bfbe-e45371126456,"Lost phone, need block card. Urgent assistance required.",lost_or_stolen_phone,short_wording
c597ca6b-65c9-4148-8e8b-4c5e8428c5d1,"Need help: Phone gone. Account secure? Please lock access immediately. Need new login or card issue too. Also worried, any unauthorized activity? Help stop that ASAP please. Thanks!",lost_or_stolen_phone,short_wording
99aef932-cf4a-4881-951c-723fbe2f52a0,"Phone lost/stolen  
Need lock account/card  

Account balance check  

Help?",lost_or_stolen_phone,short_wording
8894dcd6-2db5-4ec5-82ef-6a9414d1ce4a,"Phone missing/stolen. Need account lock, new card delivery ASAP. Please help!",lost_or_stolen_phone,short_wording
0285e8de-e799-427e-8562-7aa29c254cb5,"Phone lost/stolen  
Need account protection  
Stop transactions  
Reissue card  
Help ASAP  

--- 

Forgot PIN  
Change online access  
Notify immediately  
Thanks",lost_or_stolen_phone,short_wording
7cf215a1-a75a-4779-ba77-a318554cccda,"Need phone lockdown  
Immediate help required  
Prevent unauthorized access  

Transaction alerts needed  
Card security measures?  
Lost or stolen device action needed now",lost_or_stolen_phone,short_wording
fdcdfa79-fbf5-4135-924c-c845bd128a1a,"Hey, listen up! I need one of those plastic cards right now, not this digital junk. It's like you forgot how we all have wallets for a reason. Sort this out, will ya? And do it fast before my blood pressure decides to give up on me too!",order_physical_card,angry_layperson
2988774d-fad2-400b-84d6-cb2c3fd35b9b,"Hey, I’m fuming over here! I did everything you guys asked me to do online, but now my card’s still just some digital ghost on this app, not a real piece of plastic in my hand. Get it sorted out already—send me that frickin' physical card, will ya? I need something I can hold onto and not have my wallet feel like some high-tech holographic display!",order_physical_card,angry_layperson
6123f884-0a9c-4e40-9982-042cd6992d0a,"I'm fuming right now! I thought I had everything squared away with my online account, but where's the damn piece of plastic? Every time I need to buy something or pay a bill, there's nothing in my wallet except this useless piece of paper! How hard can it be for you all to send over an actual card? Fix it already, or else I'm switching banks and taking my business somewhere that actually works. Get on it now!",order_physical_card,angry_layperson
8afc21f8-0258-470e-9a5f-7e4ae9e1ebd9,"Seriously? I just set up my account online, spent ages getting all sorted out, and now you expect me to get my stupid plastic card without any help from you lot? This is ridiculous! How hard can it be for them to send me a dang card? If they don't fix this fast, I'm about done shopping at your bank. Fix it already!",order_physical_card,angry_layperson
974b3a56-e511-4f53-b372-57e23ef0568a,"Listen up! Where the heck is my bloody debit card? I’ve been waiting forever for you guys to send one out. I can’t even buy a pint without this useless piece of plastic! Sort it out, or I swear I’ll cancel everything and go with someone who actually delivers on time. Get your act together, will ya?!",order_physical_card,angry_layperson
020083a0-dcdc-424d-82ff-413c466a8c88,"Hey, listen up! This is getting ridiculous. I signed up for a new bank account ages ago and still haven't gotten my actual card in hand! Every time I go to grab some cash or pay something online, I’m left standing there like an idiot 'cause all I've got is this useless digital nonsense on my phone. Can’t you people get it sorted out already? I want a real stupid piece of plastic that actually looks like money and doesn't die when the battery dies! Fix your mess and make sure I get my damn card pronto, or else I’m going to find another bank where they know how to handle things properly!",order_physical_card,angry_layperson
be7780be-8830-48e9-8b6d-9532493bf61d,OMG I NEED A NEW CARD RIGHT NOW MY OLD ONE'S GONE MISSING AND I CAN'T USE THE APP ANYMORE HELP ME GET IT FAST OR IM SORRY BUT TRAFFIC AT MINE IS STUCK TODAY NO CASH ATM CRISIS PLZ SEND IMMEDIATELY THANK U,order_physical_card,panicking_emergency
f7b1e6b3-7dea-4dfd-b8b6-0f73c1d99e96,Need card NOW urgent can't do anything without it! Lost old one must have replacement at least tomorrow got bills due ATM access is critical HELP!!!!!!,order_physical_card,panicking_emergency
d9909a47-d685-4be6-b151-598dc107ebcc,"Need card NOW! Lost mine yesterday, everything blocked, can’t pay bills! Emergency situation, please send replacement fast! Very urgent! Can’t wait days. Help needed immediately!",order_physical_card,panicking_emergency
7f698ad7-e650-49aa-951e-74fd74f5e9cc,Urgent need new card lost my wallet can't access money where's my physical card how soon get it? Need help now!,order_physical_card,panicking_emergency
1f93dab5-0364-4c86-9975-9cafd2b34e78,I need a physical card NOW! My account's locked online urgent access critical can't wait! Need it delivered ASAP please!! Help!!!,order_physical_card,panicking_emergency
406303ee-8d36-43a3-9e40-1a5f48e8e51a,My card got lost I need a replacement yesterday how do I get one quick? ATM machines won’t accept my app card. Can’t access my account urgent! Need help now!,order_physical_card,panicking_emergency
16b15f3d-7a6f-4ea8-ae4b-c208fe51b3a0,"Dear [Bank Representative's Name],

I trust this message finds you well. I am writing to inquire about the procedure necessary for acquiring a tangible, physical banking card associated with my current account. Could you kindly provide guidance on how to initiate this process and any pertinent details or prerequisites that might be required?

Your assistance in this matter is greatly appreciated.

Yours sincerely,

[Your Full Name]  
[Account Number/Reference Number if applicable]  
[Contact Information]",order_physical_card,polite_expert
2a5247a4-ecbd-4174-ba22-27f43d4cf658,"Greetings,

I trust this correspondence finds you well. I am writing to kindly request assistance regarding the procurement of my bank-issued physical debit or credit card. It would be most appreciated if you could provide guidance on the necessary steps for acquiring the said plastic card, as I wish to ensure my banking amenities are fully operational and accessible.

Yours sincerely,

[Your Full Name] 

[Account Number/Reference Detail if applicable]",order_physical_card,polite_expert
81f21ec0-d341-4eeb-bd14-a91dd1f315b7,"Dear Customer Service Representative,

I trust this message finds you well. I am writing to request your assistance with obtaining a physical version of my account's debit or credit card, as I would greatly prefer having one for convenience in transactions not facilitated digitally. Would you kindly guide me through the necessary steps to ensure timely delivery and any pertinent details regarding associated costs or processing times?

Thank you for your attention to this matter.

Yours sincerely,

[Your Name]",order_physical_card,polite_expert
17b72894-1505-4782-880e-0e7806496fe2,"Esteemed Customer,

I hope this message finds you well. I am writing to inform you of my intention to request a tangible version of my banking card. Should you require additional information regarding the process or any associated details, please do not hesitate to reach out.

Kind regards,

[Your Name]",order_physical_card,polite_expert
e74636c4-cd40-40c5-bda2-f204055f51fe,"I trust this message finds you well. I am writing to formally request assistance with obtaining a tangible debit or credit card associated with my existing account at your esteemed financial institution. Kindly inform me of any requisite documentation or verification process that may be necessary for such an order, as well as the anticipated timeline for delivery upon receipt of my submission. Your guidance in this matter is greatly appreciated.

Yours sincerely,  
[Your Name]",order_physical_card,polite_expert
ec47312a-a610-402e-a509-8ea16c4bb93e,"I am writing to kindly request assistance with procuring a tangible version of my bank card, which currently remains undelivered. I would be most appreciative should you guide me through any necessary steps or procedures that might expedite this process. Thank you for your attention to this matter and your ongoing support.

Yours sincerely,
[Your Name]",order_physical_card,polite_expert
a1749502-7e4b-4b4e-a36d-70771119cda3,"Yo, so like, I need one of them actual cards in my hands, ya know? The digital thing is cool but I gotta have something real for when I go cashing out at places that still aren’t fully on board with tapping your phone. Can you help me get it ASAP? Thanks a bunch! 🙏",order_physical_card,gen_z_slang
f4391391-a96b-43af-9a63-56226cbd5736,"Hey there! So, I just switched up my bank account online (big mood), but like...I really need one of those actual cards you can swipe, yk? The digital stuff is cool, but I'm kinda living that life with a physical card in hand. Can we make it happen ASAP? 🙌💳",order_physical_card,gen_z_slang
53faaad5-4845-4c1f-9c21-8a8657b9bb90,"Yo, I totally need my physical card ASAP, like right now. Can you hook me up with that? My digital one’s cool and all, but y’know, gotta have the real deal for those snazzy moments at the store when they’re like “Nope, no contactless for uuuu”. 🙃

Need it sorted quick 'cause I'm heading out and don’t wanna be that person who can’t pay with a card. 😅 Cheers!",order_physical_card,gen_z_slang
6c8bcc66-cce4-4fa4-bae6-2f33495d6f44,"Hey! So like, I totally need one of those real cards instead of just the app stuff. Can you hook me up with a physical card? Thanks! 🙏",order_physical_card,gen_z_slang
cce4e9e8-e412-4706-9934-8a8b6aa0e4b3,"Yo, I totally need my actual plastic card 😅 Like, you know how everyone’s hyped about digital banking ngl, but sometimes you just gotta swipe that bad boy for real life spending vibes? Can you hook me up with a physical card ASAP? 🤓 Thanks! ✌️",order_physical_card,gen_z_slang
0f824f62-f8e7-48b0-bb8e-aae8fcfbf3de,"Hey, I totally need my actual card rn cos like, online payments are a hassle when you're trying to buy that limited edition merch 💰 Could ya help me get one out ASAP? Thanks! 🙏💜",order_physical_card,gen_z_slang
56074dae-fe10-4a4c-9b84-0e51c7ed0d31,"Hello, I am writing because I need new debit card. My old one is lost. Could you send me new one by post as soon please? Thank you very much for help!",order_physical_card,non_native_speaker
7a4c85d5-5cbf-499a-8476-2dd55cb70869,"Hello, nice day! I want make a new card for bank account. Can you help me do this? Thank you very much!",order_physical_card,non_native_speaker
fa118c31-7a6f-4d1c-b4a8-049dd4b1143f,"Hello, I need help. Can you send me a real bank card? My new account needs one. Thank you!",order_physical_card,non_native_speaker
7c1ed3d5-fec8-4b86-90c0-f84e25ac6458,"Hello! I need help with getting my bank card. It should be paper, not digital. Can you please send me a new one? Thank you!",order_physical_card,non_native_speaker
89132eb4-a933-46ba-b531-172cb3c3b3bc,"Hello, I hope you are doing good today.

I am needing a card with my account number on it. Please, could you help me make one? Thank you very much for helping me!",order_physical_card,non_native_speaker
131a2124-e58e-407a-8c5e-d5ce99f5a60f,"Hello, I need help. I want new credit card from bank. Can you send one? Thank you!",order_physical_card,non_native_speaker
fe069a90-8131-4fa8-ac76-b523416ad160,Need physical card delivery.,order_physical_card,short_wording
4964623c-d4bf-412b-8bb4-2cebb0b2c334,"Need new bank card, please help.",order_physical_card,short_wording
034a5534-c92d-4ad7-9476-c5318d936fc5,Need new card sent?,order_physical_card,short_wording
4a5220ac-0392-4982-a118-eea04e734a9c,Need card mailed.,order_physical_card,short_wording
f0566ffc-a685-48bf-a9ba-195cde705415,"How do I get a new card? Need delivery address info, okay?",order_physical_card,short_wording
a3e4151a-5c1c-4a1d-b065-574c756da4ab,Need a physical card now. How?,order_physical_card,short_wording
8334de83-d781-44c5-b2c8-c77d36474ae2,"Hey there! I can't believe what's happened here—lost my blasted passcode, and now I can’t access my account or anything else! This is just ridiculous; it’s like you guys don’t care if people can get into their own dang money. Can someone fix this mess right away? Or are you going to leave me hanging without any cash when I need it more than ever? Get this sorted, pronto!",passcode_forgotten,angry_layperson
9e947bfa-9a26-4cb6-b9c5-4e6ee78eb1b5,"Hey, listen up! I can't bloody well get into my account because I've forgotten what the heck my passcode is. This isn't rocket science; all I need someone to fix this mess so I can do my banking without pulling my hair out, capisce? Fix it now!",passcode_forgotten,angry_layperson
b165b52f-f068-44f5-8528-1856ceb2dc70,"Oh great, just when I thought my day couldn’t get any worse! Why do you have to be like this? Now I can’t even access my bloody account because I’ve forgotten that stupid code they make us punch in every time. Can’t you people come up with something simple for once? This is ridiculous! Fix it and fast, or else I’m taking my business elsewhere!",passcode_forgotten,angry_layperson
5413f2a1-1291-47fe-a00c-69f8c3448c8e,"Hey, what the hell is going on? I can’t remember my damn passcode for this app! Every time I try something different, it just keeps saying nope. This is ridiculous—I need access NOW! Can you sort this out immediately or am I stuck in this mess forever? Fix this fast, seriously!",passcode_forgotten,angry_layperson
a6017d2f-f94b-4fe8-adca-ee81b67973af,"Oh for crying out loud! I can’t even get into my damn account, 'cause your little code thing has gone kaput in my brain. Fix this mess NOW or I swear I'm switching banks. You better have some backup plan ready or it’s gonna be a whole lotta ""what the hell"" from me to your manager!",passcode_forgotten,angry_layperson
225251cf-9354-461d-b79c-d1a0b1c7ba81,"Hey, what the heck is going on here? I can’t bloody remember my dang passcode! Every time I try to log into my account, it’s like you’re playing a wicked prank on me. Can’t you give me some help or something, without all that useless robotic jargon? I just need to get into my own money without pulling out what’s left of my hair!",passcode_forgotten,angry_layperson
cacf7a89-51e1-46f6-aebd-17332a5f0a49,Hello I need help right now my account access is locked completely I can’t remember my passcode at all I need urgent assistance there’s money due today I’m so stressed out this isn’t happening I don’t know what to do contact me immediately please!,passcode_forgotten,panicking_emergency
015e30ee-5268-4ac4-8fd9-7dc77479385d,I can’t access my account I’ve forgotten the passcode what do I do right now? Need urgent help! Can’t log in can't call anyone. My phone’s low on battery too what if it dies? Please send instructions immediately! This is critical for my bills and transfers need to fix this fast!,passcode_forgotten,panicking_emergency
50db721f-043b-4957-8673-160ceec85906,"I can’t get into my account! Need help immediately! Forgot what number I put in! Is someone there? Can’t access any money, need this sorted now!!!",passcode_forgotten,panicking_emergency
16c3c692-4ebc-46ff-95b2-e67d90ce08fc,Lost my passcode need help urgently can’t access account right now emergency situation funds locked what do I do,passcode_forgotten,panicking_emergency
60c5fbb8-284e-485a-8746-9963eae5fb2a,I cant get into my account password not working I need help now bank app locked what do I do!!? Urgent please someone assist me fast urgent!,passcode_forgotten,panicking_emergency
d5c1feea-16b9-47bc-9423-7859f7b2aaa5,"I can't get into my account! Lost passcode total panic, need help fast!! Need access money for urgent bill!!! Please assist immediately!!!",passcode_forgotten,panicking_emergency
597af974-4c29-4493-9367-e711cb4a1460,"Good day,

I hope this message finds you well. I am writing to inform you that, regrettably, I have misplaced my usual identification credentials required to access my banking services securely. As a consequence, I would be most grateful for guidance on the procedures necessary to restore or reset these essential details.

Thank you for your attention and assistance in this matter.

Yours sincerely,

[Your Name]",passcode_forgotten,polite_expert
60aef6f9-9f36-415b-a9e1-eb62d047489a,"Dear Esteemed Banking Representative,

I trust this message finds you well. I am writing to inform you of a minor inconvenience I have encountered while attempting to access my personal banking services. Regrettably, I seem to have misplaced the memory of my designated passcode for accessing these crucial accounts.

Understanding the significance of maintaining secure and uninterrupted service, I would sincerely appreciate your guidance and assistance in regaining entry to my account. Any advice on procedures or verification processes that may facilitate this recovery expediently would be greatly valued.

Thank you very much for your prompt attention to this matter. I look forward to your esteemed response at your earliest convenience.

Yours faithfully,

[Your Name]",passcode_forgotten,polite_expert
649d6e9c-2996-4112-bb35-5284c79ab6cd,"I hope this correspondence finds you well. I am writing to kindly inform you of an issue that has arisen concerning my banking access credentials; specifically, I have misplaced or forgotten my personal passcode associated with my account. I am seeking your guidance on the appropriate steps required to resolve this matter and regain secure access to my account services. Thank you in advance for your assistance and understanding in this regard.",passcode_forgotten,polite_expert
ada65d5d-ac66-46af-ba57-7636e7fa3ecf,"Esteemed Customer,

I hope this message finds you well. I am writing to inform you of a predicament that has arisen concerning my inability to recall the passcode associated with my banking account, which is currently hindering my ability to access certain services.

Your prompt guidance in resolving this matter would be greatly appreciated.

Yours sincerely,
[Your Name]",passcode_forgotten,polite_expert
bad230bc-39a9-4fb3-9757-e9a5375e6f49,"I trust this message finds you well. I am writing to inform you of an occurrence wherein I have unfortunately misplaced the passcode associated with my account, leading me to be unable to access certain banking services. I would greatly appreciate your guidance on how best to proceed in regaining access to my account securely and efficiently. Thank you for your assistance in this matter.

Yours sincerely,

[Your Name]",passcode_forgotten,polite_expert
9d404545-ba86-45be-9ca5-9237ce97bb2c,"Dear Customer Support Team,

I trust this communication finds you well. I am writing to inform you that, regrettably, I find myself unable to recall my current passcode for access to my bank account. This unforeseen predicament has hindered my ability to conduct certain transactions and manage my finances as effectively as I would like.

Could you kindly provide guidance on the necessary steps required to retrieve or reset my passcode? Your assistance in this matter would be greatly appreciated, ensuring that I can restore full functionality to my banking activities with minimal delay.

Thank you for your attention to this issue. I look forward to your prompt and helpful response.

Yours sincerely,

[Your Full Name]  
[Your Account Number & Other Identifying Information as needed]",passcode_forgotten,polite_expert
96c5430b-349f-4c43-b0a5-4ffc06f0226f,"Hey there! So, like, I totally spaced on my passcode 😅. Can ya help me reset it? Thanks a bunch! 🙌",passcode_forgotten,gen_z_slang
8049be06-d0ce-4e3d-a0c6-5a7478af21ef,"Hey, so like, I totally borked my passcode for this banking app and now I'm vibing with zero access 😅 Can you help me chill out on that? Like maybe reset it or something? Thanks! 🙏🌟",passcode_forgotten,gen_z_slang
93e5873d-1424-43ec-a793-e6be1ab40953,"Yo, so like, I totally blanked on my passcode while trying to check my balance. Uh-oh! 😅 Can ya help me reset it or something? Thanks a ton! 🙏",passcode_forgotten,gen_z_slang
8db28ec3-477c-48a8-bc61-831fe491357c,"Hey, so I totally spaced on my passcode 😅 Like, zero clue what it is now. Got any tips on how to sort this ASAP? Trying not to panic here but could really use a hand! 🙏",passcode_forgotten,gen_z_slang
f8d4ba71-549e-4f69-90fa-757ef6793bd2,"Hey, so like, I totally spaced on my passcode 😅 and now my account just looks at me with that ""you can’t get in"" vibe. Can you help me figure this out ASAP? Thanks a bunch! 🙏👌",passcode_forgotten,gen_z_slang
283659c0-3241-46ac-86eb-11665489ce4a,"Hey, sorry but I totally blanked on my passcode 😅. Could you help me reset it so I can get back into my account without any drama? Thanks a bunch! 🙏🔐",passcode_forgotten,gen_z_slang
a7268a70-8718-4723-9405-e0554ace6687,"Hi, I am sorry but forget my passcode for bank app. Can help me get in? Thank you!",passcode_forgotten,non_native_speaker
f9f49e6e-45a8-4e08-8e32-84fd2752934e,"Hello, I have problem. My passcode for bank app is missing. I do not remember what is it. Can you help me change it? Thank you so much!",passcode_forgotten,non_native_speaker
0a1c00b7-3b5b-4e4d-be68-f76cc80c55f6,"Hello, I sorry but I can not see my passcode for app anymore. Can help me reset it? Thank you.",passcode_forgotten,non_native_speaker
f0416d3e-78c4-477b-894f-9e1474f8faa1,"Hello, I need help please. I try login to my account but passcode is not working. Maybe I forget it? Can you help me reset it? Thank you!",passcode_forgotten,non_native_speaker
e40e8b51-0bce-4387-9c63-959b6dda09e4,"Hello, I have a small trouble. My passcode, I forget it. Can you help me for get another one? Thank you very much!",passcode_forgotten,non_native_speaker
7f8feba4-2dc5-48ec-862a-85bc9bf4e346,"Hello, I have problem with my bank code. I forget what is. Can you help change or reset? Thank you!",passcode_forgotten,non_native_speaker
3840e3ee-62b2-40d0-a5cc-46c8dbfb2479,Forgot passcode,passcode_forgotten,short_wording
5be36c38-bca7-486b-84cc-5806252ba68f,Forgot passcode lockout issue. Need access help.,passcode_forgotten,short_wording
7e77d2d9-1506-4541-ac9d-6d07b0e36191,Forgot passcode. Need reset instructions.,passcode_forgotten,short_wording
afd4f1c0-a819-4dee-92a4-9064b96cad02,Forgot passcode. How reset? Need help ASAP.,passcode_forgotten,short_wording
71a0a544-835f-479c-aecc-a1a6e614007e,"Forgot passcode, need reset help.",passcode_forgotten,short_wording
6b6d2f6e-488b-434d-ac8b-97b57c889c8c,Can’t remember passcode. Need reset help?,passcode_forgotten,short_wording
c17a5a7c-dada-42b5-9e31-90312369b0be,"Hey, listen up! I'm sitting here fuming because my card payment is stuck or something. How hard can it be? I did my bit and now all you folks need to do yours! Get on with clearing this mess and get my money through already. This should’ve been done ages ago!",pending_card_payment,angry_layperson
d59aa8a5-a893-4f64-b521-d102d532f7af,"Hey, listen up! I’m fuming here because when I tried paying for my groceries, my card just sat there doing nothing! It’s been like that forever, staring at me, ""pending,"" whatever that means. My food's about to go bad in the fridge, and you folks are making me miss out on dinner! Fix this crap already or let me get my money back so I can eat something else!",pending_card_payment,angry_layperson
41d5c4cc-6cb2-4668-937f-393d5639badb,"Hey, listen up! I thought my payment went through just fine, but now I'm getting all this nonsense saying my card ain't cleared yet. It’s like my money's stuck in limbo or something! What's going on with your system? Fix it now 'cause this is getting real annoying, and honestly, who wants to deal with this mess at work when there are actual things to do?!",pending_card_payment,angry_layperson
58fc43f4-af33-4468-8d7e-b95b9ac708f8,"Hey, listen up! There's a chunk of change hanging around like some ghost in my account because you jerks can’t seem to finalize what I already paid for! I don't wanna hear about 'pending' anything – just clear it up, pronto! This isn't rocket science; it's a bloody transaction that should be done and dusted by now. Fix this mess before I lose it, will ya?",pending_card_payment,angry_layperson
f2f8a058-3731-4726-9349-20e6dc9c0ab6,"Hey, listen up! I’ve been waiting forever for a payment I made ages ago to go through with my card. It’s still stuck, and now they’re saying I don’t have enough money in my account? This is ridiculous! Fix it already or I swear I’ll... Just sort it out, will you?!",pending_card_payment,angry_layperson
931fbb75-2fb4-460d-ad9b-fd037139fb2a,"Hey there! You’ve got to be kidding me! I just paid for my stuff online, and now it’s like my card is stuck or something. Nothing's moving through, but I’m already freaking out because they're gonna charge my overdraft fees next! Can someone fix this mess, pronto? I don’t have all day to sit here worrying about why my money didn’t show up where it should be!",pending_card_payment,angry_layperson
839f64d0-dec0-4e1a-908e-0d8d271ba99e,"My card payment won’t go through! I need this settled NOW! Money's not showing up, but they charged me twice already! HELP or everything’s falling apart! Need answers immediately!",pending_card_payment,panicking_emergency
762814b3-55ea-4309-9cb3-1f554ba22b34,I can’t see money going out my account what’s happening did I get charged twice? Need help now got bills due right away this is a mess!,pending_card_payment,panicking_emergency
36ceb5fb-10f4-47e7-81b1-b08f862783c9,Payment not gone through I have checked everything twice card charges showing up still pending what’s happening my account is going nuts right away someone fix this fast need details now,pending_card_payment,panicking_emergency
5a0012b0-111d-400e-b897-c37c4556172a,Bank system down my card payment stuck I need money urgently bills are due what is happening can someone help now? This isn’t good at all I’m losing sleep over this please fix this fast!,pending_card_payment,panicking_emergency
0c127314-9c47-4727-b59f-99c42a002ad8,"Urgent help needed! Payment not going through card still holding payment can’t afford this delay what’s happening? Need resolution now! Why is my card frozen up so suddenly? I’m seriously stressed out here, tell me someone's fixing it!",pending_card_payment,panicking_emergency
39e7c2c9-0d3e-4165-956b-b85d54846d7a,"Urgent help needed! Card payment didn't go through! Money's gone, I can't pay bills, what is happening? Need fix now! Please assist immediately!",pending_card_payment,panicking_emergency
6596a795-3844-43db-a88e-ee6eece6a42f,"Good day,

I trust this message finds you well. I am reaching out to confirm that a transaction initiated by me is yet to be finalised through my credit card account. I seek your esteemed assistance in determining its current status and ensuring its completion at your earliest convenience. Your guidance on any potential steps required from my end would be much appreciated.

Yours sincerely,

[Your Name]",pending_card_payment,polite_expert
fbe21aa5-5630-4131-bdcd-669f6a6396b0,"Good day, I trust this message finds you well. I am writing to bring to your attention a transaction that appears to be pending on my account. Despite having taken all necessary steps to ensure the payment was successfully processed, there seems to be an anomaly preventing its completion. As such, I would greatly appreciate your insightful assistance in resolving this matter at your earliest convenience. Thank you for your understanding and support.

Kind regards,

[Your Full Name]  
[Account Number/Reference ID]",pending_card_payment,polite_expert
2f4b35ce-8e97-403a-8b9e-4d1fcbaff304,"I trust this message finds you well. I am writing to bring to your attention an issue that has arisen with a recent transaction processed through my credit card. It appears that the payment, intended for settlement with a particular merchant, remains unconfirmed in its processing status. Consequently, it is yet to be fully deducted from my account balance.

If this matter could be reviewed at your earliest convenience, I would greatly appreciate any assistance or information you can provide regarding the resolution of this pending transaction. Thank you very much for your attention and support on this matter.",pending_card_payment,polite_expert
85a88f57-4bac-4c3a-be29-31156a471606,"Dear Esteemed Customer,

I trust this message finds you well. I am writing to address a matter pertaining to a transaction that, as of the latest account review, has yet to be finalized through the credit card linked to your banking account. This situation may result in an inadvertent discrepancy between your anticipated and actual available balance.

If it is convenient for you, please do verify whether there have been any notifications or alerts related to this occurrence within your bank's digital platform. Furthermore, should there be any aspect of this transaction that requires clarification—such as the recipient details or the amount—it would be prudent to review these elements carefully.

I am at your complete disposal to assist with resolving this matter expeditiously and shall provide all necessary guidance to facilitate a smooth resolution. Please do not hesitate to contact me forthwith for further assistance; I remain committed to ensuring that your banking experience proceeds seamlessly.

Yours sincerely,

[Your Name]  
Customer Support Specialist  
[Banking Institution]",pending_card_payment,polite_expert
447bc598-bd0a-4aa3-a24f-064bfee2ae33,"Dear Esteemed Customer,

I trust this message finds you well. I am writing to express a concern regarding an unsettled transaction that remains unprocessed on my current account, despite having sufficient funds available. The payment in question was purportedly initiated through my credit card for the full amount due. 

Furthermore, it appears there has been no subsequent reflection of this transaction within either my credit card statement or online banking summary, causing a degree of uncertainty as to its status. I would be most grateful if you could kindly investigate and provide clarity on this matter at your earliest convenience.

Yours sincerely,

[Your Name]",pending_card_payment,polite_expert
43beccd2-c266-4d57-be6d-a9879bde0ba4,"I trust this communication finds you well. I am reaching out to bring to your attention that there appears to be a transaction from my account, which is yet to reach completion, involving one of our credit cards. This occurrence seems to affect the total available balance, despite no funds having been definitively debited from my account. It would be greatly appreciated if you could kindly provide further insights into this matter and assist in ensuring that such transactions are processed appropriately to reflect accurately on my financial statements.

Yours sincerely,

[Your Name]",pending_card_payment,polite_expert
a57969d6-6797-43bf-a542-719aef1247e2,"Hey! So like, I got a lil’ issue with my card 🙈. It’s supposed to have paid this whole thing that’s been hanging around for ages, but nope, it’s still not showing as done. Could you peep into what’s up? Thanks a bunch! 😅👌",pending_card_payment,gen_z_slang
72a8408e-7919-41f1-9614-09e099cb5e0c,"Yo, so like, I’m feeling a bit confused 🤔 because there’s this transaction that's just hanging out on my card tab for ages and it hasn’t gone through yet. Is everything cool or do we need some help here? 😬🙏",pending_card_payment,gen_z_slang
fb2982bf-ba08-4fa4-b635-d75702b55630,"Hey there! So, I kinda thought my card payment was done already but like, it's just chillin’ in limbo or something? 🤔 It's been a bit longer than expected, ya know? Just trying to figure if it's gonna go through or nah. Thanks for sorting this out ASAP! 😅",pending_card_payment,gen_z_slang
9afc12af-bd46-49b7-9f85-af46cc405322,"Yo, so like, I totally thought my payment was done because everything said ""processed"" but now it's just chilling in limbo status? Like, when will it actually go through or what do I gotta do to fix this ASAP?

Catch ya later!",pending_card_payment,gen_z_slang
3fed611a-e132-45ad-830a-1113c57ecc54,"Hey there! So, I was just trying to buy some dope merch online, but my card payment is taking forever to show up as something that's gone through. Like, what’s even happening? Need to sort this ASAP before I miss out on those limited drops! 🤯",pending_card_payment,gen_z_slang
df4a67e6-6470-4e31-b9a4-12b3f5602279,"Hey, so I noticed my card payment didn’t go through yet? Like, it’s just sitting there all pending 🤔 I thought it would’ve cleared by now since I saw nothing on my account or in the notifications. Could you maybe check what’s up with that for me? Thanks a bunch! 😎🙏",pending_card_payment,gen_z_slang
6cea0893-1730-4a9a-90c1-f186616e8936,"Hello! I am having a confusing situation with my bank card. There is a payment that should have been done, but it is still not complete. Can you help me figure out why this happens? Thank you very much for your assistance.",pending_card_payment,non_native_speaker
ad029c9d-b628-46a7-9406-48d33d454fc9,"Hello dear bank help. I have trouble with my card payment not going through. It stays waiting, but no finish. Can you please look into this for me? Thank you much!",pending_card_payment,non_native_speaker
b9bb9ba8-4cef-4377-a184-ca77c0473f3a,"Hello, I need help with my card. Payment not go through but still there on screen. Can you look, please? Thank you.",pending_card_payment,non_native_speaker
d002020a-137b-48cb-a8b1-ac3cea89a974,"Hi, I am having problem with money not going through on my card. It is stuck and not finished. Can you help me why this happens? Thank you for helping. Please fix soon!",pending_card_payment,non_native_speaker
a8c40c16-9230-4df5-8d2d-badecdacba0d,"Hello, I have a problem with my card. Payment did not go through yet now is still showing as... uh.. waiting? Can you please check why it no complete? Thank you very much!",pending_card_payment,non_native_speaker
3dedc3d3-a6e5-4f0c-b21d-fcde19b22c9d,"Hello, I have a problem with my card payment. It's not done yet. Can you help me understand why it still pending? Thank you!",pending_card_payment,non_native_speaker
67e26cf9-20d3-4ef3-9db7-51035e7c6c58,"Payment not approved yet  
Card pending issue?  
Why no approval?  
Pending card transaction  
Still waiting, what's wrong?  
Help with payment stuck  

(Pick one based on what feels most direct for your situation.)",pending_card_payment,short_wording
4d681db2-31de-4e3c-89b1-5285e4b6c2b5,"Card payment pending, check status? Need resolution update now.",pending_card_payment,short_wording
3fb00a18-e375-484a-bbe4-474c29245683,"Payment not processed yet  
Pending card transaction issue  
Why hasn't payment gone through?  
Card charge still pending  
Update on transaction status  
Transaction not completed, details?  

Choose one: ""Transaction not completed",pending_card_payment,short_wording
a791d4ff-40d0-4bd0-a2e8-cc7a8f4b15a1,"Pending charge on card, when complete? Payment due date unknown.

Need help with transaction stuck, missing confirmation details. Assistance requested.",pending_card_payment,short_wording
9f8621f9-46e3-4c35-a60a-7a1f876f8385,"Payment stuck  
Need resolution now",pending_card_payment,short_wording
84a59c7d-bdab-4dbf-889e-7310b1bfa3d2,"Card payment not showing as complete  
Payment still pending, confirmation needed  
Awaiting bank approval on transaction  

Please choose one and I'll adjust accordingly.",pending_card_payment,short_wording
b88e7e09-fc9d-48ef-8c6c-64639fd20d82,"Hey! What's going on with my dang cash? I tried withdrawing money, and it's still ""working"" or something but hasn't shown up in my account yet! Fix this mess fast, because I need that money and you're making me sweat here! How long do I have to wait for you lot to get your act together before I can actually use what’s mine?",pending_cash_withdrawal,angry_layperson
7e421135-e297-414c-82f0-0f7856821912,"Oh for crying out loud, listen up! I tried to pull cash from my account, but nothing's happening! The machine keeps jabbering that my money's ""processing,"" whatever that means. It's been ages since I hit the button, and there’s still nada in my hand! Fix this mess or else it's another call to those clueless tech nerds at your help desk. Can you do something about it or what?",pending_cash_withdrawal,angry_layperson
9c877c1f-46f9-44fe-9f92-47aced90f41a,"Hey! This is ridiculous! I walked into your bank, swiped my card, put in the PIN, and then what? Nothing happened! The cash didn’t come out, and I’m stuck here with no dough for my kid's birthday party! This can’t be happening. Is this some kind of joke or something you guys got against me? Fix it NOW!",pending_cash_withdrawal,angry_layperson
161bbf4b-366e-4c8e-b2bb-8499d778b7eb,"Hey! What the heck is going on with my cash? I went through all that hassle, got to the ATM, and now you tell me you haven’t even given my money back?! It should be in my pocket already! This is just getting ridiculous. Fix it NOW or I’m done for real!",pending_cash_withdrawal,angry_layperson
7a5ae8c8-fee0-452f-aaa9-fc3da1abe2ac,"Hey, listen up! I went down to the ATM yesterday and tried to take out my cash like always, but when I checked today, it's still not in my account! What the hell is going on? My money is just hanging there doing sweet nothing for days. This is ridiculous—fix it right now or you can kiss my patience goodbye!",pending_cash_withdrawal,angry_layperson
e97fcdc4-bee7-485b-99a9-3db6f600b57c,"Hey, listen up! I just tried snagging some of my own bloody money from the ATM, but it's all stuck doing its little dance thing, not coming out! It’s been sitting there with that ""please wait"" screen for ages! This is ridiculous! I need my cash now or what's even the point? Fix this mess right away, you hear me?",pending_cash_withdrawal,angry_layperson
7a58e2ab-a81d-44bb-9c42-e518d44adedc,"This is an emergency! I just tried to withdraw cash but it’s not showing up. Need that money NOW – urgent errands waiting, my car's in the shop. Please fix this immediately, what am I supposed to do? Can’t believe this is happening today of all days. Help!",pending_cash_withdrawal,panicking_emergency
cf4bd357-0416-42cb-aac6-f7f02e5a1471,I need money urgently I tried to withdraw cash but it's not showing up ATM says something went wrong Please tell me what’s happening where is my cash? My bills are due today I can’t wait too long this is a crisis Tell me now What should I do?!,pending_cash_withdrawal,panicking_emergency
0ab1a8c0-755d-4c06-86f7-d5b753ff755a,Need money now! Withdrawal didn’t go through stuck at ATM. Can’t pay rent today. Urgent help needed ASAP please. What’s happening?!?,pending_cash_withdrawal,panicking_emergency
3f302ecc-1db6-4e39-8739-88cf32c1d87b,"I NEED MONEY NOW! Tried ATM withdrawal but got notification something's stuck? Cash won’t come out! What’s happening? Can you fix it fast? Really need help here, urgent! Please tell me what to do next!",pending_cash_withdrawal,panicking_emergency
8e5fc482-ae87-4bd8-bb3e-072bdcd7c4fc,"Urgent help needed!!! Withdrawal not showing up withdrew amount but cash nowhere ATM says pending! Money gone from account, need resolution now! What's happening? Can't wait this uncertainty! Call me back fast! Need answers ASAP!",pending_cash_withdrawal,panicking_emergency
792b5bb5-28c9-4521-b3ef-b74455c42602,"I need money now my account balance is there but ATM says pending withdrawal! Urgent help needed, what’s going on? This delay is causing major stress! Can someone look into this immediately please? Time is critical!",pending_cash_withdrawal,panicking_emergency
5b4e4bfb-521e-4448-9282-9158559091aa,"Dear [Bank Representative],

I trust this message finds you well. I am writing to inquire about a matter concerning my personal account. On recent occasion, I executed an ATM cash withdrawal transaction which was not fully processed despite sufficient funds being available in my account at the time of the attempt. Could you kindly assist by providing insights into the current status of this pending transaction? Your prompt attention and assistance would be greatly appreciated.

Yours sincerely,

[Your Name]",pending_cash_withdrawal,polite_expert
968c763a-4158-4fa9-b0b9-707f8e38d3ac,"Dear Customer Service Team,

I hope this message finds you well. I am writing to draw attention to an issue regarding a transaction at one of your esteemed branches. Specifically, there appears to be a discrepancy wherein my intended cash withdrawal request has not yet been reflected in my account balance, despite the completion of all prerequisite steps on my part.

I have confirmed that sufficient funds are available and that there were no notifications or alerts pertaining to any errors or hold-ups during the process. Therefore, I kindly request that you investigate this matter and provide an update at your earliest convenience regarding its status.

Your assistance in resolving this issue promptly would be greatly appreciated. If additional information is required from my end, please do not hesitate to let me know.

Thank you for your attention and support.

Yours sincerely,

[Your Full Name]  
[Account Number for Reference]  
[Contact Information]",pending_cash_withdrawal,polite_expert
895603fa-7a83-4b97-a32c-86a0398c5df0,"Dear Banking Support Team,

I hope this message finds you well. I am writing to address an issue that has arisen concerning a recent cash withdrawal transaction from my account, which currently appears as not fully processed. Despite initiating the transaction at your branch on [Date], it seems that an adjustment or resolution is necessary for the completion and reflection of the funds in my available balance.

Could you kindly provide me with an update on the status of this matter and any additional steps I might need to take to expedite its resolution?

Thank you very much for your attention to this important matter. Your prompt assistance would be greatly appreciated.

Yours faithfully,

[Your Name]  
[Account Number or Reference ID, if applicable]",pending_cash_withdrawal,polite_expert
781b0395-80b3-42e2-a1f1-6a122c2f41a8,"I trust this message finds you well. I am writing to bring to your attention a matter concerning a transaction initiated for cash withdrawal that appears not yet to have been completed or reflected within my account balance. Despite having requested the disbursement of funds at an ATM, it seems there has been an impediment resulting in its deferral. Could you kindly assist me in understanding the status of this transaction and provide guidance on any necessary steps to expedite its processing? Your expertise and prompt assistance in this matter would be greatly appreciated.

Warm regards,

[Your Name]  
[Account Number/Identification if applicable]",pending_cash_withdrawal,polite_expert
dd5a1d94-eb08-469e-894a-99458071a627,"Good day,

I am reaching out to inform you that a transaction intended for cash withdrawal from my account stands unresolved, remaining in an incomplete status. I kindly request your assistance in facilitating its completion at your earliest convenience. Should there be any documentation or further information required on my part to expedite this matter, please do not hesitate to advise me accordingly.

Yours sincerely,

[Your Name]  
Account Number: [Your Account Number]",pending_cash_withdrawal,polite_expert
d86655ef-8c3e-4153-94ef-ae03d9c82cfe,"Dear Sir or Madam,

I hope this message finds you well. I am writing to bring attention to a matter concerning a transaction that appears to be processing beyond its typical duration window within my account ledger. Despite having requested funds for withdrawal from the ATM, these details remain unreflected in my available balance as of yet.

With anticipation for your prompt assistance in this regard,

Yours sincerely,
[Your Name]",pending_cash_withdrawal,polite_expert
dc772e61-328e-468d-8ce5-9277656ae7a5,"Yo, so I totally went to get some cash outta my account like an hour ago, but it's still chilling in pending mode? Like, what gives? It’s supposed to be all about that instant life vibes rn! Can ya help me vibe check and straighten this out ASAP? Thx. 😬😎",pending_cash_withdrawal,gen_z_slang
4ee6b214-f012-4eeb-9d47-0f08b774d8d8,"Hey there! So like, I tried to grab some cash from my ATM, but instead of getting it, it just showed this annoying pending status? And now it's like a digital ghost town 'cause I don’t actually have the dough in hand. Any idea what's up with that? 🤷‍♂️",pending_cash_withdrawal,gen_z_slang
94878b6b-501e-4890-9a26-0069c4d56be3,"Hey, so like, I tried snagging some cash from an ATM today but, nope, nada happened—still showing up as a pending thingy on my app. Can we get this sorted ASAP? Thanks a mil! 🙏",pending_cash_withdrawal,gen_z_slang
7db56b9f-d6db-4dc3-9a4f-75bf352c4ed9,"Hey, so like, I went to grab some cash earlier and it's still sitting there like ""pending"" on my app! 🤔 It's been a hot minute and I'm not vibing with this delay 'cause I legit need that money for the weekend. Can you help speed things up or let me know what’s up? Thanks, fam! 🙏",pending_cash_withdrawal,gen_z_slang
79a4c528-482a-4a6b-80b7-313266802904,"Hey, so I went down to grab some cash from my account earlier today, but for some reason—it’s just stuck or something? Like, it says ""processing"" on my app, but nothing's showing up in my hands yet (or wallet😅). Can you help sort this out ASAP, please? Thanks!",pending_cash_withdrawal,gen_z_slang
f5c6e690-451b-496f-aa27-f746eeb58702,"Heyo! So I tried snagging some cash outta my account earlier, but when I checked later, it was still like ""pending."" It's been ages and I need those greens ASAP! Not sure what's up with that, could ya sort it out for me? Thanks a bunch!",pending_cash_withdrawal,gen_z_slang
c251785e-0889-45bd-aa7f-41ef9df9be07,"Hello! I have a problem. Last time I do cash withdraw from ATM, it not finish. There's money still waiting for me but no come out yet. Can you help with this, please? Thank you very much.",pending_cash_withdrawal,non_native_speaker
08346778-c4eb-4b1f-b7cb-0342ee5cdf57,"Hello, I am having trouble with my money from ATM. I try take cash but amount not show up in account yet. Can you help check why this happen? Thank you!",pending_cash_withdrawal,non_native_speaker
833cbbd7-008a-4a94-a65c-c8311e7adafb,"Hello! I hope you are well. I have a small problem today, please help me. Yesterday, I try take money from bank machine but my card say ""Transaction Pending."" Today still no money show up in account or withdraw it. Can you check what happen? Thank you very much for helping me with this.",pending_cash_withdrawal,non_native_speaker
a2e4f6cc-e4d0-46fd-8c9a-45ee609b084b,"Hello bank friend! I am very confused, please help me. I did take money from ATM but still say more money is coming. Why this happen? Can you check for me? Thank you much for helping me!",pending_cash_withdrawal,non_native_speaker
c9ca9f6d-b50c-4223-98f7-6dc50e033129,"Hello, I am calling because my money is not yet come at ATM after I try to take cash out yesterday. Please help me understand why this happen, thank you!",pending_cash_withdrawal,non_native_speaker
826d6d7d-a9a5-435e-97cc-fb5c8d793f67,"Hello! I hope you are okay. I have a problem, please help me. Yesterday, I ask bank for some money from my card but not yet get it. It is still waiting or pending. I need it soon. Can you check what happen? Thank you very much.",pending_cash_withdrawal,non_native_speaker
d90777e8-c5e4-4417-aa76-48e29b0514c1,Cash withdrawal not processed. What's happening? Need resolution ASAP.,pending_cash_withdrawal,short_wording
659f8b9b-6de6-4ceb-8f0f-f4f347159af7,"Withdrawal pending, why? Need cash now.",pending_cash_withdrawal,short_wording
4084a200-cac7-43f1-8fb2-d4bb20a7b294,"Withdrawal not done, still pending. Need update or action?",pending_cash_withdrawal,short_wording
f78f7d26-2a80-4f0d-8287-d560ea45953d,Withdrawn but not received. Issue? Fix now.,pending_cash_withdrawal,short_wording
0323bfb8-44a0-4e69-acbb-274d881460ea,"Cash withdrawal pending since yesterday, fix?",pending_cash_withdrawal,short_wording
5438041f-81e7-45b7-ba6a-7d4d0efd6554,"Withdrawal stuck  
Pending status?  
Check transaction?  
Update available?  
Need help clearing.",pending_cash_withdrawal,short_wording
70de672b-3be0-402d-ba53-7f1bbfc33341,"Oi, listen up! I just topped up my account like a normal human being expects – but guess what? It’s still not showing up there. What kind of circus is this?! Every time I look at my balance, it's like pulling teeth without Novocain! Fix this mess or I swear...",pending_top_up,angry_layperson
a7d7c01e-e375-4975-8cb6-f43dc2ceea1d,"Hey, listen up! I added cash for my phone on your bloody system ages ago, and it’s still just sitting there like a lazy bum doing nothing. You guys owe me some answers—what's going on? Fix this mess now!",pending_top_up,angry_layperson
59d78adb-b521-4706-8fc1-13216beb30e4,"Hey! Listen up, I got money sitting there like a lazy bum waiting for ages after I tried topping my account up. What kind of circus show is this?! Fix it already or I swear... I'm taking my business elsewhere!",pending_top_up,angry_layperson
82fd1787-52fb-42fc-a870-ddbf6df7df74,"Oh for crying out loud, what's with my cash not showing up? I topped up ages ago, and it's still sitting there like a lump of useless stone! I ain’t got time to waste waiting on this nonsense! Fix it, will ya?!",pending_top_up,angry_layperson
64220788-c5fa-460a-824a-d78f3af8ed58,"Hey! I put money into my account like a champ, and now nothing's showing up! It’s supposed to be there for me to spend today! What the heck is going on? Can someone fix this mess before I lose it here? This is nuts; I don’t have time for your delays!!",pending_top_up,angry_layperson
c799e4b4-40fa-4fe3-b449-e05277867b5d,"Hey, what's up with you, huh? I tried putting some cash onto my card, and for crying out out loud, the money's still like a ghost or something! It's just sitting there doing nothing – nowhere near my wallet yet. Fix this mess now, will you? It’s making me super mad that it's not working right when I need it to!",pending_top_up,angry_layperson
b4105cf5-9a84-4a8a-a2f2-450a3f7d8eeb,"URGENT! I tried topping up account money, it’s still showing as pending hours later NEED TO ACCESS FUNDS NOW HELP ME PLEASE!!!",pending_top_up,panicking_emergency
9e1b2b61-ae6c-49f8-9517-33c0946ec5c6,"Money needs topping up now! Can’t pay bill!! Top-up stuck, urgent fix needed right away or face big problem!!! Pls help fast what’s happening with my cash transfer?",pending_top_up,panicking_emergency
78dc93f4-9c4b-4984-b57c-6ca02aa5fd0e,I can’t breathe everything’s wrong my balance should have increased already I need that money NOW what’s happening why isn’t it showing up fix it fast or else,pending_top_up,panicking_emergency
d5a555be-2117-4a3d-9c54-89a91f8626ce,Top up not going through money gone missing need funds urgently please help bank this is a crisis can’t wait!,pending_top_up,panicking_emergency
19793552-788c-42c5-b2f0-182831d86c8b,URGENT please help! Money for phone bill didn't go through top up still pending what do I do? Need this fixed NOW or my service gone! Can’t afford extra fees or loss of credit HELP!!,pending_top_up,panicking_emergency
e255fbbd-3122-46f6-aef0-89c4c8876112,"Need funds urgently! Top-up amount not moving from my account. Money stuck, can’t access phone service!! Must resolve this now. Can you help immediately? Need answer fast or crisis here!",pending_top_up,panicking_emergency
31239d85-70ab-4076-b01d-e1d768520cfd,"Dear [Bank's Name] Customer Support,

I hope this message finds you well. I am writing to bring to your attention an issue that has arisen with a recent top-up transaction associated with my account, which presently resides in a pending status. Despite having sufficient funds and adhering to the required procedures, the transfer has not reflected in the beneficiary's account as anticipated.

In light of this situation, could you kindly investigate the matter and provide insights into the probable cause for this delay? Additionally, it would be greatly appreciated if you could estimate when I might expect the transaction to conclude successfully. 

Thank you very much for your attention to this matter. I look forward to a prompt resolution and am available should any further information be required from my end.

Yours sincerely,

[Your Full Name]  
[Account Number or Reference ID, if applicable]  
[Contact Information, such as phone number or email address]",pending_top_up,polite_expert
a803c628-552c-48d2-a1f9-3603ecf32845,"Dear Esteemed Customer,

I trust this correspondence finds you well. I am writing to bring to your attention a matter pertinent to your recent account activities; specifically, there appears to be an outstanding transaction from a request for additional funds that has yet to be fully processed within the allocated system parameters.

It is not uncommon for such transactions to undergo thorough verification processes which occasionally result in a temporary delay. I kindly recommend reviewing any notifications or correspondences you may have received regarding this particular matter, as they might contain vital information related to the resolution timeframe.

Should this issue persist beyond what would be considered standard processing duration, please do not hesitate to contact our customer support team for further elucidation and assistance with expediting the transaction's completion. I am committed to ensuring your inquiries are addressed with utmost diligence and precision.

Warm regards,

[Your Name]
[Your Title]
Customer Banking Support Team",pending_top_up,polite_expert
dde54efa-2b14-4388-9def-65bef52b96f9,"I trust this correspondence finds you well. I am writing to bring a matter of some urgency to your attention, concerning an electronic funds transfer intended as a top-up transaction that has yet to be fully processed on my account. Despite the initiation of said transaction being duly registered within our system, it appears that the completion and subsequent reflection in my available balance have been protracted beyond what is typical for such transactions.

I kindly request your assistance in verifying the status of this transaction and providing guidance on any necessary actions I may need to undertake to expedite its resolution. Your expertise in this matter is greatly appreciated, as a seamless execution of these transactions is vital to maintaining fiscal efficiency for my ongoing commitments.

Should there be additional information required from my end or particular steps that need to be followed to ascertain the status of this transaction, please do not hesitate to direct me accordingly.

Thank you very much for your prompt attention to this matter. I remain at your disposal for any further clarification needed and eagerly await your guidance on how best to proceed.

With regards,

[Your Full Name]
[Account Number]",pending_top_up,polite_expert
79d33c89-4079-445c-b8ba-e30a10ff6974,"Dear Esteemed Customer,

I trust this message finds you well. I am writing to bring to your attention a matter concerning the recent attempt to augment my account with an additional balance, which currently appears unresolved within our system. It is imperative that I resolve this discrepancy at the earliest convenience to ensure seamless financial operations.

Should there be any procedural steps required from my end or further elucidation on this issue necessary, please do not hesitate to provide guidance. Your assistance in expediting a resolution would be greatly appreciated.

Yours sincerely,

[Your Name]",pending_top_up,polite_expert
66e95670-02ba-40a7-8279-9115e374436c,"Dear [Customer's Name],

I hope this message finds you well. I am writing to address an issue regarding the recent transaction intended for account top-up, which seems not to have been finalized as of yet. Despite your successful initiation of the process, there appears to be a delay in reflecting these funds within your account balance. Such occurrences can occasionally arise due to various processing intervals or discrepancies needing resolution.

Should this matter inconvenience you, I would recommend verifying that the transaction details were entered accurately and checking with any involved financial institutions for potential delays on their part. Rest assured, we will diligently monitor this situation and ensure it receives all necessary attention. In the interim, please do not hesitate to contact us should further clarification or assistance be required.

Thank you for your patience and understanding.

Yours sincerely,

[Your Name]  
Customer Support Specialist",pending_top_up,polite_expert
a4641d10-c927-4efa-8319-84b5df1f35de,"Dear Customer,

I hope this message finds you well. I am writing to bring to your attention that a transaction intended for a top-up into an account is currently awaiting completion on my end. This pending status signifies that while the funds have been designated for transfer, they have not yet been reflected in the receiving account's balance.

Could I kindly request you to confirm whether there are any issues from your side that might be causing this delay? Additionally, it may be beneficial to check whether all necessary approvals and verifications linked with such transactions have been satisfactorily met on my behalf. If required, I would be more than willing to assist in reviewing the transaction details to identify and resolve the matter promptly.

I appreciate your understanding and cooperation in this regard. Please do not hesitate to contact me should you need further assistance or clarification.

Yours sincerely,

[Your Name]
Customer Service Representative",pending_top_up,polite_expert
d691ef23-986a-4481-910e-07d61099c30c,"Heyo! So I tried topping up my prepaid card yesterday, but it’s still not showing up on there 🙄. Like, why is money doing TikTok dances instead of just being in my account? Could you check what’s up with that? Thanks a ton! 👌",pending_top_up,gen_z_slang
a4b3097d-b3c4-4745-974d-e41981442214,"Heyo, so I tried topping up my account yesterday but it’s still like “working on it” or something 😅 Can you peep what’s going on with that? Cheers! 🙌",pending_top_up,gen_z_slang
e9a0e9e6-6d79-4ecb-a87a-aaf03a5d75d3,"Hey there, I just tried to add some cash to my card but it's still stuck on pending 🤔. Any chance you can sort that out for me? Thanks! 🙌",pending_top_up,gen_z_slang
5aab75c1-9165-42b1-804c-00d2a155dc50,"Hey, so I tried topping up my card and it's still showing ""processing"" - like weeks ago! 😅 It’s not letting me chill with any other payments. Can you sort this ASAP or at least give me a heads-up? Thanks! 🙏",pending_top_up,gen_z_slang
b0704abb-d9d4-4275-9836-7329b871c3ef,"Heyo! 😊 So like, I tried topping up my card last night but it's still sitting there all pending on my app? It's been ages and I really need that cash flow going ASAP. Can you sort this out for me or tell me what’s taking so long? Thanks a bunch! 🙌",pending_top_up,gen_z_slang
c967132c-3ba4-4ca8-9249-0e09a53d5477,"Hey! So like, I was trying to top up my card last night cause it's literally about to hit empty city over here 💸 but for some reason, it's still all *pending*? Can ya help me figure out what's going on and get that sorted? Thanks a bunch 🙏",pending_top_up,gen_z_slang
c33328b7-721a-4f12-b703-d98d143d88af,"Hello, I have issue with my bank account. Money not add yet after I send it for top up. Please can you check why money still pending? Thank you!",pending_top_up,non_native_speaker
3307fc74-1c1e-4342-9d1b-30a0711a0809,"Hello, I have a small problem. I try to top up my money on my account, but it does not go through. It stay like waiting, not done yet. Can you help me fix this? Thank you!",pending_top_up,non_native_speaker
fc844557-6240-4e7d-946d-19ed9b73825c,"Hello, I have a question about my account. I add money yesterday for game card but still says 'waiting.' It not done yet. Can you help me with this? Thank you!",pending_top_up,non_native_speaker
0e4c1a9f-8ec6-4ecf-9a9a-4d3ed7781747,"Hello there, I need help with my account please. I try make top-up payment but still not show as done. Can you look into this for me? Thank you very much!",pending_top_up,non_native_speaker
43767567-46c9-4a2b-9c11-21e176cb55de,"Hello, I have top up money into my account but still show pending. Can you help make sure it is done? Thank you.",pending_top_up,non_native_speaker
34f83767-fc82-42e9-a74b-ca88109e816c,"Hello, I need help with money top-up. It not show complete yet. Please check why still pending? Thank you!",pending_top_up,non_native_speaker
a723db2b-3ff3-43a1-9e6d-ecc81c9b0e81,"Top-up not showing

Amount added, but no transaction listed  
Please clarify  
Thanks",pending_top_up,short_wording
6a5b4495-63a6-4993-b772-8e4f06f50711,"Top-up not showing in app. Why? Need fix now.

Need help! Top-up pending since yesterday. Urgent status update needed.

Top-up transaction stuck. Action required ASAP.",pending_top_up,short_wording
5e94f99d-44d2-4954-9fd4-6e916d3e37ee,Top-up not processed yet. Need confirmation?,pending_top_up,short_wording
1dc08739-ba5b-4960-8c78-caa8c3d6bca1,"Top-up not showing  
Pending after pay  
Need funds now  
Why delay?",pending_top_up,short_wording
b8921ed8-dbd2-4478-8969-0a20ea84e3cf,"Top-up not showing  
Still pending balance?",pending_top_up,short_wording
6a4929bf-4d46-47bf-b865-1533b5063af3,"Top-up not showing  
Need help now  
Transaction stuck?",pending_top_up,short_wording
96169389-0b54-4323-aa99-837591121c20,"Hey, listen up! I sent money ages ago, but that bloody thing's still not through! My account’s showing zilos like it never happened! This is seriously getting on my last nerve – why can’t you sort it out right now? What's the hold-up with this junk?!",pending_transfer,angry_layperson
a3caf670-4860-4a18-8cad-d8e97e82eebb,"Hey! Listen here, I'm super ticked off because my money's still stuck like glue over there! I sent that cash ages ago, and now you're leaving me hanging without a clue when it'll finally show up? This ain't no joke—I've got bills to pay, and your system is slacking hard. What's the deal with this hold-up? Fix it, quick!",pending_transfer,angry_layperson
0bbe5e72-ce41-485b-b318-5ff75cc0210e,"Hey, listen here! I sent some money ages ago, and it's still sitting somewhere like a lazy bum! My account is still showing it as if it never left. This shouldn’t take forever – what’s going on? Fix this now! It’s driving me nuts!",pending_transfer,angry_layperson
cd6a5bc3-79a4-4209-bf0b-2c506d1cb9b7,"Listen up, I've got money supposed to go from my account to my buddy's, but it’s just sitting there doing nada! It’s been like this forever, and now I can’t even pay for stuff because of your lousy system! Fix it before I flip my lid!",pending_transfer,angry_layperson
f04edd7d-2869-49ba-b50f-242df4b55778,"Listen here, I’ve been sitting on my butt waiting for my money to show up at my buddy's account like forever! Why can’t this simple thing just work? It’s driving me insane not knowing if my cash is stuck or what’s going on. Fix it already!",pending_transfer,angry_layperson
c73bf64c-4d57-436a-bc1f-b8e3ecbbc3c5,"Hey, listen up! I tried sending money over there like a week ago, and it's still sitting in limbo or whatever! My account didn’t do squat after that supposed ""transaction,"" but they’re sucking my funds dry with fees on top? This is pure robbery, man. Get it sorted pronto or else I’m coming down hard!",pending_transfer,angry_layperson
edcb7e0d-b71f-4021-a882-78f7fe94c105,URGENT HELP! Need money now transfer not completed need cash yesterday's date bank said done not seen my account still missing hours ticking urgent fix please where is my money??,pending_transfer,panicking_emergency
4fba2899-fa4a-47f1-9498-d6f857330234,Need money NOW transfer stuck urgent can’t pay rent tomorrow help please what’s happening fix this fast,pending_transfer,panicking_emergency
e3404615-d30f-4763-8b7b-e3c9c32ada41,I need assistance urgently!! Money not showing up on recipient's account!! Transferred cash but nothing arrived!! What are you doing about this?? Need it resolved right now!! Please fix immediately!! This is a major issue for me!!,pending_transfer,panicking_emergency
cb080ba6-fe4b-43e0-a25f-8bfc923ffe72,I sent money to my mom yesterday still not there super urgent she needs it now what’s happening why is it stuck can I get a hold of someone please fix this ASAP,pending_transfer,panicking_emergency
bb460997-33df-4fc0-b013-912841819e8b,Urgent urgent I sent money hours ago bank needs fix it NOW won’t arrive destination account sender has no way to get funds again what happening my business can’t afford this disaster need immediate help now transaction stuck absolutely critical pls assist fast,pending_transfer,panicking_emergency
f041b5c9-baef-4ac1-b83f-b7f7afefc2cb,Money not gone yet sent yesterday urgent need funds no money here can't pay bills help what's happening why?,pending_transfer,panicking_emergency
b6e7d7e3-8620-4902-a47b-debbdb985ad5,"Dear Esteemed Customer,

I trust this message finds you well. I am writing to bring to your attention a matter regarding an inter-account transaction that appears to be incomplete as of our latest records. It seems there may have been a delay in processing the funds transfer which was initiated from my account, and despite several checks, the status has not yet reflected as completed.

I kindly request verification of this transaction's current position within your system and would appreciate any insights you could provide on the estimated time required for its finalization. Your cooperation in expediting this matter is highly valued.

Thank you very much for your assistance with this issue.

Yours sincerely,

[Your Name]",pending_transfer,polite_expert
7c0f3cd4-a3c3-458c-9ec6-5fbb13e1dc42,"Good day,

I hope this message finds you well. I am writing to inform you of a transaction that has recently been initiated from my account, which appears not to have reached its intended destination as yet. It seems there may be an issue with clearance or processing that is causing the delay.

I would greatly appreciate your assistance in confirming whether the transfer has been submitted for execution and if there are any steps required on our part to facilitate its completion. Additionally, should you require further information regarding this transaction, I am more than willing to provide all necessary details.

Thank you very much for your time and support.

Yours sincerely,

[Your Name]  
[Account Number]  
[Contact Information]",pending_transfer,polite_expert
1cce3b4e-8765-4b96-8cd3-6731fff21462,"Dear [Recipient Name],

I hope this message finds you well. I am writing to draw attention to a recent transaction that appears not yet to have been completed successfully within my account records. The funds intended for transfer were initiated on [Date], however, they remain unreflected in the recipient's account as of today.

Could you kindly assist me by reviewing the status of this transaction and informing me of the progress or any complications that might be causing this delay? Your guidance would be greatly appreciated to ensure a prompt resolution of this matter. I am available at your earliest convenience for any further information or clarification needed on my end.

Thank you very much for your assistance in addressing this issue.

Yours sincerely,

[Your Full Name]  
[Account Number/Reference]",pending_transfer,polite_expert
cb729d9f-9546-4ea9-8f39-d1af3319825c,"Dear Esteemed Customer,

I hope this message finds you well. I am writing to bring to your attention a concern regarding an interbank transaction that has not yet been finalized. Despite our best efforts, there appears to be a delay in the completion process of transferring funds from your account to the intended recipient's institution.

We understand how important it is for such transactions to proceed smoothly and promptly. Our team is diligently working at this moment to investigate the cause of this hold-up and ensure that it is resolved as swiftly as possible. We appreciate your patience and understanding in this matter, and assure you that we will provide updates as soon as they are available. Should you require further assistance or wish to discuss this issue in more detail, please feel free to reach out at your earliest convenience.

Thank you for entrusting us with your banking needs. 

Yours sincerely,

[Your Name]
Customer Support Representative",pending_transfer,polite_expert
5742997d-d600-48cc-ae6b-f55818a089f0,"Dear Valued Customer,

I am writing to acquaint you with a situation concerning an inter-account transaction that I recently initiated, which appears to be awaiting completion. Despite fulfilling all necessary prerequisites for this financial exchange, including the provision of accurate recipient details and ensuring sufficient funds in my account, the transfer remains unfulfilled.

Might there be any particular procedural stipulations or security verifications currently impeding its progression? Furthermore, is it plausible that adjustments to compliance protocols could contribute to any delays experienced?

I am available for further dialogue should additional clarification be requisite, as I seek expedient resolution of this matter.

Yours sincerely,

[Your Name]",pending_transfer,polite_expert
2c5ff64b-1e1a-4d64-850f-e98837f8ccc2,"Good day,

I hope this message finds you well. I am reaching out to address a matter concerning an electronic funds transfer that appears not to have been completed as anticipated. Despite having initiated the process recently, there seems to be a delay in its finalization, and I kindly request your assistance in understanding the status of this transaction.

Thank you for your attention and support.

Kind regards,

[Your Name]",pending_transfer,polite_expert
1defa98a-5955-4c93-9bfd-85ec39b00438,"Hey, so like I just tried sending some cash over to my friend, but it's still chilling in limbo mode? It’s been ages since I hit send, and they’re getting antsy. Got any ideas on what’s goin’ on with the bank vibes right now? 🙄",pending_transfer,gen_z_slang
f690e3cf-c068-4953-af17-eb196fff1d85,"Hey, so like, I was supposed to send some cash to my bro yesterday but it's still chillin' in limbo 😒. Could you peep into what’s holding up that payment for me? Thanks! 🙌",pending_transfer,gen_z_slang
6793c5e6-a273-48e0-9310-54530daf1ff8,"Hey, so like, I tried sending some cash to my sis last night but it's still not there on her end? It was all good on my side, showed as sent or something, but now it's just stuck in limbo 🤷‍♀️ Can y'all check why it ain't zapping out yet? Thanks fam! 😅",pending_transfer,gen_z_slang
fb356724-8d16-4b18-a9b9-926cefc97b3c,"Hey, so like, I sent some cash to my sis for her bday gift but it’s still stuck on “processing” or whatever 😅 Is there a way to speed this up? It's been ages and she needs it soon. 🙏🤞 Thx!",pending_transfer,gen_z_slang
e60f2d5a-7041-4aaf-a116-4adf226531a3,"Yo, so I tried to slide some cash over to my homie like a hot minute ago but for some reason it's still chilling as ""pending""?? Is there something else I gotta do to get it moving or is the system just being extra? 🙄",pending_transfer,gen_z_slang
956437cb-6359-40de-8c07-06563bd0096a,"Hey there! 😅 So I tried sending money to my sis for her bday gift, but it's still chilling in limbo like a 90s song on my Spotify playlist? Any deets on why it's not going through? Thanks fam! 🙏",pending_transfer,gen_z_slang
417a525a-bc7f-4bde-aea4-f56614f30d0c,"Hello! I am having trouble with money that not yet go from my account to another. It say pending, but why does it not finish? Can you help me fix this problem? Thank you!",pending_transfer,non_native_speaker
d05eb393-c38c-45c2-9474-a18a646795a9,"Hello, I hope you are good? I have a trouble with my bank account. I send money to friend last week but still no show up at his side. Can you help fix this please? Thank you!",pending_transfer,non_native_speaker
ab62cc41-4a64-43f9-8af1-db5aea6308de,"Hello, I need help. My money send not finish yet. It stuck maybe long time now. How can fix? Thank you!",pending_transfer,non_native_speaker
3528659d-bc7a-4b46-b491-e68c858a14e3,"Hello Bank! I have a question. I want send money to my friend, but seems like money is not go yet. Can you help to see why it still here? Thank you.",pending_transfer,non_native_speaker
685267af-caba-4830-a95f-9c08a20e0ac9,"Hello! I have a problem with my money transfer. It show as not done yet, but I wait too long time. Can you help me see why? Thank you!",pending_transfer,non_native_speaker
bc3b3c56-a2c9-4591-abf9-2aa376b42eda,"Hello, I hope you are well! I have a little issue please help me. I tried make transfer money yesterday but still not finish today. Can you look this for me? Thanks much!",pending_transfer,non_native_speaker
a55ffefc-5051-43b7-8b3f-24393bb66ee6,Transfer not gone. What's issue? Need help now!,pending_transfer,short_wording
7bfaec9a-9271-4e24-8f13-42b223d6db70,"Transfer not showing completed. Why? Urgent! Need resolution. Please assist. Transfer details: [Your transfer ID], recipient bank, amount. Thank you.",pending_transfer,short_wording
0033654d-8b06-42e8-b55f-fefc9d6dac41,"Transfer not processed? Status unclear, need resolution or confirmation. How can I resolve this? Urgently needed for bills/payment. What's causing delay?",pending_transfer,short_wording
8f3f6b72-2cfe-41cd-b677-5831bec304c0,Transfer not completed. Need update/status now.,pending_transfer,short_wording
1ccc854b-f079-48f2-b9ad-cdfdab0fe0ab,Transfer still pending. Urgent need update. When complete?,pending_transfer,short_wording
bba9fc3d-c2bd-4adf-aa24-3667d1ea1b39,"Transfer not gone, stuck.

Need fix ASAP.",pending_transfer,short_wording
baf5844b-67f1-4b13-bb6c-3dd54e2de8d2,"Hey, listen up! I went to grab my cash like normal, but now my card's playing dumb. It's not letting me punch in my PIN or anything! What kind of nonsense is this? Why can’t I just get my money without jumping through hoops and getting a hold of you guys? Fix it already!",pin_blocked,angry_layperson
3504e766-285f-40d7-9409-8d1306c4483d,"Alright, listen up! I tried using my card and guess what? It's like this stupid thing doesn’t even recognize me anymore! Every time I punch in my number, it just laughs at me or something. This ain’t right, you gotta fix this mess now! Can't even get my own money out of the bloody bank slot!",pin_blocked,angry_layperson
360ee65f-7658-4baa-8e72-4b12ad930392,"Ugh, are you kidding me?! I've been trying for an hour now, and every time I try to get into my bloody account with my PIN, it's like a big fat NO! Can you fix this crap or what? My money’s trapped in there, and I need to pay the bills! Fix it now, will ya?",pin_blocked,angry_layperson
ec91ba45-a782-4afb-b38d-b261881ea99b,"Listen here, I can’t get into my bloody account! My PIN’s got locked or something because every time I punch it in, it tells me “nope!” This is the third time this month it's kicked me outta checking my money! What am I supposed to do now? Fix it or give me a real human who knows what they’re talkin’ about!",pin_blocked,angry_layperson
99834f10-1767-4ce1-9fcd-59b2c2922aa1,"Hey! I can’t even get into my damn account because some random person or machine decided my PIN isn’t good enough anymore! What’s up with that? My money’s stuck, my life's going bonkers, and now I gotta call customer service just to prove it’s me? Unbelievable! Fix this crap fast!",pin_blocked,angry_layperson
7088dc70-59cf-497f-87cc-a3a5dcbcfe5e,"Hey, listen here! I try to get some cash out today, and boom, my pin gets all blocked on me for no good reason. Are you kidding? I’ve been using that same dang number since the day I got this card, and now suddenly it’s like a big fat ""NOPE"" from your security circus! What's up with that, huh? Fix it or I’m talking to my lawyer about this nonsense!",pin_blocked,angry_layperson
61c1807e-fdd2-48e4-af05-8607caf48b0b,"I can’t access my account! My PIN isn't working, tried everything now what? Money needed urgently for rent due today! Help immediately please!",pin_blocked,panicking_emergency
dfbeb532-4cad-46ee-b07a-011b8eb779a6,CANNOT ACCESS CARD PIN LOCKED I DONT HAVE IT CAN HELP ME NOW? NEED CASH EMERGENCY ATM FAILING PLEASE FAST FIX ASAP CANT WAIT THANKS,pin_blocked,panicking_emergency
78399a3d-db7d-4ac7-ba04-73c76dbf9784,Please help I can’t get into my account PIN not working ATM machine refused card urgent need money locked out what do I do now? Need answer fast! Can you assist?,pin_blocked,panicking_emergency
0a3c4995-4ddc-40e9-898d-ba03d2fb45e2,Lost my pin card blocked no access to cash need money for rent urgent help please emergency what do I do need cash now,pin_blocked,panicking_emergency
880f6f10-e950-4d47-b59d-d899e3764944,"Need help urgent! PIN not working on debit card can't access funds lost my wallet today need money now for rent, bills, groceries everything! What do I do? Please call me fast!",pin_blocked,panicking_emergency
d1e5f79d-7237-4a1b-8bd6-50b9e1e055a0,I can’t get into my account ATM keeps saying wrong pin blocked lost wallet no access need money for rent due tomorrow what do I do? How fast can this be fixed? Please help!,pin_blocked,panicking_emergency
15746103-7f9f-423c-9cb7-7e180797f5b6,"Dear Customer Service Team,

I trust this message finds you well. I am writing to bring to your attention an issue that has arisen during my recent attempts to access my bank account via ATM services. Unfortunately, it appears that my Personal Identification Number (PIN) has become unresponsive, thereby preventing me from completing transactions as intended.

To resolve this matter, may I kindly request guidance on the appropriate steps I should undertake in order to regain full functionality of my PIN? Your prompt assistance would be greatly appreciated in rectifying this inconvenience. Furthermore, if there are any additional security measures that need to be taken or forms that require completion, please advise accordingly.

I thank you for your immediate attention to this matter.

Yours faithfully,

[Your Name]",pin_blocked,polite_expert
93d45b8d-7d4c-4058-82ed-ee912ab34569,"I trust this communication finds you well. I am writing to inform you of an unfortunate circumstance regarding my account access; it appears that I have been temporarily restricted from utilizing my Personal Identification Number due to a series of unsuccessful entry attempts. This has rendered me unable to complete essential transactions at the moment. I kindly request guidance on the necessary steps required to regain full functionality for my card's usage, along with any pertinent information regarding potential security measures that may need to be verified or updated in order to facilitate this process. Your assistance and prompt attention to this matter are greatly appreciated.

Yours faithfully,

[Your Name]",pin_blocked,polite_expert
9d061de3-0b7f-4bf8-8c26-803f754e1247,"I regret to inform you that I am presently encountering an impediment with my card; specifically, upon attempting a transactional operation at a retail vendor or ATM, I was unable to proceed due to the necessity of entering a personal identification number (PIN) for security purposes. Regrettably, this PIN has been rendered inaccessible as it appears to be temporarily restricted. I would greatly appreciate your assistance in resolving this matter expeditiously to restore full functionality to my card services.",pin_blocked,polite_expert
dd5113a2-2274-4897-a940-9709c483d4cf,"Dear Esteemed Customer,

I hope this message finds you well. I am writing to inform you of an unfortunate circumstance regarding my account access; it appears that attempts to authenticate using my personalized identification number have been unsuccessful, likely due to multiple incorrect entries. Could you please advise on the necessary steps to resolve this issue and restore full functionality to my card? 

Thank you for your prompt attention to this matter.

Yours sincerely,

[Your Name]",pin_blocked,polite_expert
fa05ddd9-4852-4b0f-bf5a-8171bd058c9b,"Dear [Bank's Support Team],

I hope this message finds you well. I am currently experiencing a situation where my Personal Identification Number (PIN) on my debit card is no longer accepting the default entry, although I have not altered it myself recently. This predicament has caused some inconvenience in accessing funds and conducting transactions as usual.

I would greatly appreciate your guidance on how to resolve this issue promptly so that I may resume my banking activities without further delay. Thank you for your assistance with this matter.

Yours sincerely,

[Your Name]  
[Your Account Number, if necessary]",pin_blocked,polite_expert
a54ef67d-f9b2-4412-bb7f-50f7b603524c,"Dear [Bank Name] Customer Service,

I hope this message finds you well. I am writing to inform you of an inconvenience that has arisen with one of my bank cards. It appears that upon several attempts, I have been unsuccessful in accessing my account due to a security feature activation which seems related to the entry of my personal identification number (PIN). I would greatly appreciate your assistance in resolving this matter at your earliest convenience.

Kind regards,

[Your Full Name]  
[Your Account Number or Reference]  

I am available for further verification as necessary.",pin_blocked,polite_expert
bd9060f6-14a5-44d0-9c8c-874c85045356,"Hey, so I was just tryna grab some cash from an ATM and now my card's like ""nah fam."" It keeps saying my PIN is whack but I'm positive it's right—like, super sure! 😬 Any chance you can sort this out for me? Needing those digits ASAP! Thanks a mil. 🙏",pin_blocked,gen_z_slang
6ee039ee-30a2-4dfc-b51f-2c16f02d6b77,"Yo, so like I was trying to check my balance on the app and bam! My PIN just stopped working?? 😑 Like, what even is that about?! Got any ideas how I can fix this ASAP? 🤔 Need it sorted quick before I lose my mind!",pin_blocked,gen_z_slang
dfb0c5d4-8dad-4d51-bda2-d159bdc95eb7,"Hey, so I tried logging into my banking app, but ughhh, my pin is like totally not working 🙄. I think it's glitched or something? Can you help me fix this ASAP? Thanks a mil! 🤞🏼",pin_blocked,gen_z_slang
e49dc5de-2f96-48f3-967e-062579ec8b12,"Hey, so like, I literally just tried to peep my bank account balance at an ATM and it's being a huge mood by saying my pin is all wrong or something? 😒 It’s not even expired but won’t let me in! What gives??? Need help ASAP, please!",pin_blocked,gen_z_slang
4dc67dfc-d6b6-4358-a7a9-aceccfb0de99,"Yo, so like, I tried swiping my card to grab some snacks but got the side-eye from the cash machine saying ""nah fam"" about entering my PIN? Like, what gives? Could it be ghosting me or something? Need some deets ASAP! 😬",pin_blocked,gen_z_slang
5010a1b9-5fc9-47d3-bc95-8cc9ca7962bd,"Hey! So, kinda weird but my PIN's straight-up ghosting me at cash points rn 😅. Been trying everything, but it just won’t work. Can you help me outta this mess? 🙏",pin_blocked,gen_z_slang
61602e68-5171-4d3a-9442-a644050ccf58,"Hello, I hope you are good. Sorry for trouble, but my pin not work anymore. I try many times and now say ""blocked"". Please help? Thank you!",pin_blocked,non_native_speaker
5f71d737-f7c1-4c66-a1f4-fd2565679106,"Hello, I have problem with my ATM card. My PIN is not working now. I try many times but nothing happens. Can you help me to fix this? Thank you.",pin_blocked,non_native_speaker
e51bd599-419d-4440-8b80-a3b89d5b6774,"Hello, good day! I have a small problem now. My card, it not work because pin I enter many times. It say ""try again later."" Can you help me make pin work again? Thank you.",pin_blocked,non_native_speaker
680ed4aa-efb9-4455-bd0b-5b52a87f4998,"Hello dear friend,

I hope you are doing well today. I have an issue with my bank card, please help me. I try many times to enter PIN number, but it say ""PIN wrong"" too much. Now, it not let me do anything more and block it. I don't know what happen or how fix it. Can you tell what should I do next?

Thank you very much for help.

Best wishes,
[Your Name]",pin_blocked,non_native_speaker
f8e85057-e856-41b3-93cf-a28b70348db1,"Hello, I need help. My pin, it... not work. Many times try and it say blocked. Can you help me please? Thank you very much.",pin_blocked,non_native_speaker
aa2cef8a-f8ed-4642-bb6b-c7268f13bfc3,"Hello, I need help please. My bank card is not working. It says wrong pin too many times. Can you help me? Thank you!",pin_blocked,non_native_speaker
339a39c3-8b85-4c41-a3f5-ae85892ce2d3,My PIN not working. Tried reset but failed. Please help with access. Need card unlock instructions. Thank you.,pin_blocked,short_wording
9dbacb00-40ea-44b2-a1d7-5e3b761d5ea6,"Pin not working, help? Blocked access.",pin_blocked,short_wording
e5461ee7-5ba9-447e-8c63-d64cf1d03ba0,"PIN not working  
Need unlock help",pin_blocked,short_wording
98265c08-3d1d-4d92-8929-6ac067653ba7,"Need new PIN  
ATM error  
Forgot number  
Please help  

Block issue",pin_blocked,short_wording
540b9688-84b2-4a49-b74e-3f452f00818f,"Need new PIN, card blocked.

# Suggested User Follow-Up Conversation

**User:** Need ATM access ASAP.

**Assistant:** Contact bank immediately for urgent help.

---

**User:** Card missing.

**Assistant:** Report lost card; block urgently.

---

**User:** Unable to make payments.

**Assistant:** Request temporary digital solutions.",pin_blocked,short_wording
c4bd8bc3-0e07-4476-9e77-69fcd95611aa,"Can’t enter pin  
Card stuck  
Need help  
Pin not working  
Forgot it after max tries",pin_blocked,short_wording
57325759-5690-41d0-b96b-ef4bca3bc723,"Hey, listen up! I've been waiting for ages for that money they said would be in my account two weeks ago. This is ridiculous! Every time I check, it's still like a ghost town over there. Come on, get your act together and sort this out now before I lose it completely!",receiving_money,angry_layperson
f287d9ed-b268-4c22-9a05-c0c053e12982,"Hey, listen up! I'm standing here fuming because some money that should've hit my account days ago is nowhere to be seen! It's supposed to be there already—someone got a few bucks from me for an old debt, remember? And now I’m in knots trying to figure out why it’s MIA. Someone needs to get their act together because this ain’t okay, and I can't float forever on promises!",receiving_money,angry_layperson
78bb99e4-2903-4d89-9c75-aca6ade22ab3,"Hey, listen up! I sent me some cash over to my account ages ago and still nothing's landed here! What’s going on with you lot? It's like my money got lost in space or something! Fix this mess right now!",receiving_money,angry_layperson
c7c863a9-5be7-4db0-a6f2-a05de3e83481,"Holy smokes, I just noticed you guys are dragging your feet AGAIN with my payments! Every time someone owes me cash, it's like you're holding onto it forever before dropping it into my account. It’s not rocket science; I need that money NOW! Fix this mess already!",receiving_money,angry_layperson
62636cd4-4ff2-43a4-b68e-dcb63aa44b1b,"Listen here, I'm fuming! It's been what feels like a century since that check or whatever got deposited into my account. Where is my money? Every time I log on, nothing’s changed—it’s driving me nuts! If you’re so-called experts can’t sort this out quickly, maybe get someone who actually knows what they're doing! I demand answers now!",receiving_money,angry_layperson
d91abba5-e2df-4f83-9c66-4ef11bfb014d,"Hey, I'm at my wit's end here! I sent someone my money ages ago, and I can still not see a single penny back in my account. What kind of circus is this? It's like my cash disappeared into thin air or something. This ain't right—I need to get that money ASAP! Can you fix it now, or what?",receiving_money,angry_layperson
0a64bf1b-1d05-4e31-a930-c82212ded519,Money supposed here by now why not there! Check account? No funds still! Need help fast! Panic time!! Transfer missing or error? Hurry! What’s going on?? Urgent need explaination!!!,receiving_money,panicking_emergency
af2c9783-3dfd-4932-99f3-12ac5737ab12,Urgent! My transfer hasn't arrived yet been waiting hours I have bills due today what's going on bank why no money? Need help now please fix this emergency!,receiving_money,panicking_emergency
babeadaf-261e-4e11-b3bf-a6088bb584dd,Money not show up need it now I transfer funds days ago no update what happening my account wrong fix this immediately bills due bank mess-up huge stress!,receiving_money,panicking_emergency
2236d19b-9e4d-4df1-978a-bddd8d20e83b,"Money not showing up urgent! Transfer supposed here days ago! Where is it? Need now, please tell me fast!",receiving_money,panicking_emergency
396cb6e4-cc73-48e9-aa68-75b6b986a26b,URGENT! Money supposed to be in account now no show up what happened is wrong transfer error? Need fix fast!! Can you help? I'm panicking here please respond quick!!,receiving_money,panicking_emergency
58e31e07-a094-4f33-9d0b-88d2b6b0f6cc,Money supposed to be here weeks ago where is it stuck lost account says zero something's wrong immediate help need urgently fix this ASAP no delay can't handle stress already! What’s happening? Need answers now!,receiving_money,panicking_emergency
bf9a2649-16c5-4aaa-9ed3-8f1026c92dbc,"I am writing to inquire regarding an unexpected delay in the receipt of funds that were anticipated into my account. I would greatly appreciate guidance on verifying whether there are any pending processing actions that might be contributing to this situation, or if additional information is required from my side to expedite the resolution. Thank you for your assistance and understanding.",receiving_money,polite_expert
94e94134-f6eb-4052-b62b-afe8aa0a3c78,"I would like to bring to your attention a matter concerning an anticipated financial transaction that has yet to be reflected within my account as per the agreed schedule or terms. It is of utmost importance for me to ascertain the precise status of this remittance. I am inclined to request further information regarding the current processing phase and any potential factors contributing to this delay, so that we may expedite its resolution with due diligence and promptness. Your cooperation in providing clarity on this issue would be greatly appreciated.",receiving_money,polite_expert
6fdfe3e7-c036-4394-9762-3bd3eace9f88,"I trust you are well. I am reaching out to inquire about a matter regarding the anticipated receipt of funds into my account, which as per our records, appears to have not yet been reflected. Could you kindly provide an update on this situation, including any pertinent details concerning potential delays or procedural requirements that may be influencing this matter? I would greatly appreciate your assistance in elucidating this issue at your earliest convenience. Thank you for your attention to this inquiry.

Warm regards,

[Your Name]  
Account Number: [Your Account Number]",receiving_money,polite_expert
666201e0-7608-4a33-819a-ff078e28928c,"Subject: Inquiry Regarding Incoming Funds Transfer

Dear Customer Service Team,

I trust this message finds you well. I am writing to kindly request clarification concerning an incoming funds transfer that is anticipated to be deposited into my account imminently. Despite receiving preliminary confirmation of the transaction from our correspondent bank, it appears that these funds have not yet been reflected in my account ledger.

Could I trouble you to assist me in verifying whether there might be any procedural delays or additional verifications required on your end? Furthermore, should there be alternative avenues through which to expedite this process, I would be most grateful if those could be elucidated.

Thank you for your attention and assistance with this matter. I am confident in your ability to provide the necessary guidance promptly.

Yours faithfully,

[Your Full Name]  
[Account Number]  
[Preferred Contact Information]",receiving_money,polite_expert
d83be5b7-fc53-4213-adcc-7b18519c7f9a,"I trust this correspondence finds you well. I am reaching out to bring to your attention a matter concerning the receipt of funds into my account that has not been duly reflected as expected. As it is imperative for financial transactions to adhere to stipulated timelines, I kindly request your assistance in examining this issue promptly and ensuring its resolution at the earliest convenience.

Should you require any further information from me to facilitate a thorough investigation into this matter, please do not hesitate to inform me. I appreciate your immediate attention to rectifying this situation.

Yours sincerely,

[Your Name]",receiving_money,polite_expert
79004fb5-9ed2-436f-ab0a-f7737b9f554b,"Greetings,

I trust this message finds you well. I am reaching out with an issue pertaining to a recent transaction where funds are anticipated but have yet to be credited to my account. Despite the transfer initiation by the sender, the stated amount remains unreflected in my balance as of the current date. May I kindly request your assistance in investigating this matter and facilitating the processing of said transaction without further delay?

I appreciate your prompt attention to this matter.

Kind regards,

[Your Name]",receiving_money,polite_expert
36dcf410-9318-4a0c-a495-bf149f1fb020,"Hey, so like, I've been waiting ages for that deposit from my friend through the app, and it's still not showing up?? Like, is there a glitch or something? Can you help me sort this sitch out ASAP? 🤷‍♂️ Thanks!",receiving_money,gen_z_slang
82d925f5-a0bd-4b42-9df3-7dbdffc66eb2,"Hey, so like, I'm totally expecting some cash to drop into my acct anytime but, for real, nada. 😬 Thought maybe there was a hiccup with the transfer on the other side? Could you just double-check if it's all good or if something got tripped up? Much appreciated! 🙌",receiving_money,gen_z_slang
e4a9a249-d43a-4a33-8b94-e07c69b2bf16,"Hey, so like, I just transferred some cash from my side hustle into my account but it's still MIA. Did it decide to ghost me or is there a delay? Lemme know what’s up! 🙃",receiving_money,gen_z_slang
d0382537-c36f-4455-b01f-ca4964134d98,"Hey there! So like, I chatted with my bae yesterday about transferring some cash for their birthday gift, but it's still MIA in my account. Was hoping it'd be here by now cos I wanna order that dope merch I’ve been eyeing. Can you check if it’s on its way or got stuck somewhere? Thanks a bunch! 😊",receiving_money,gen_z_slang
bf893d23-77d3-4093-a9eb-856d6194eee7,"Yo, so I just hit up my homie who was like, ""I sent you some cash,"" but when I checked my app, nada 🙃. It's all good if it takes a hot sec, but it's been chillin' for a few days now and it’s still ghosting me. Could use some help figuring out what’s up with that. Thanks! 😅",receiving_money,gen_z_slang
a93512fc-744f-419d-b4bc-d2d93ee03954,"Hey, so like I totally thought my buddy transferred me some cash for that concert tickets we snatched up, but it seems like the universe is conspiring against us because nada's showing up in my account yet 🙄 Can you peep into what’s going on or if there's any delay vibes happening? Thanks a bunch!",receiving_money,gen_z_slang
976c3fe3-1357-4ba0-954f-5ee95d5ae4e6,"Hello! I have a question about money coming into my account. There is supposed to be money, but it does not show up yet. Can you help me find out why or when the money will come? Thank you very much for your help.",receiving_money,non_native_speaker
839e7219-845d-4e93-a471-270762156c83,"Hello, I need help. Money not come yet. Transfer done but no money show in my account. Can you check? Thank you!",receiving_money,non_native_speaker
3957c58c-c75f-4d82-a2c8-cdb6cd5a2ad0,"Hello, thank you for help. I send money last week but it not show up on my account yet. Can you check why? Thank you very much!",receiving_money,non_native_speaker
a79cf9de-7946-480f-81c3-cc19f0f80af7,"Hello, I am happy for talking with you today. I have a little trouble with money that come into my account. It look like not all amount is there yet. Can you help me see what happen? Thank you very much!",receiving_money,non_native_speaker
fab040fd-965e-47e8-a7f5-231710b0fb4d,"Hello! I need help with getting money that should be coming to my account. It's not here yet, please can you assist? Thank you very much.",receiving_money,non_native_speaker
9369e78a-e102-463e-94d0-42c5f68e837b,"Hello! I need help because money not come from friend who send it. It was supposed to be here, but it's not. Please see why? Thank you very much!",receiving_money,non_native_speaker
685024fa-43f2-4501-bb48-eb8b7597ddfe,"Delayed funds arrival, why? 📅",receiving_money,short_wording
4fef6207-903d-454b-a7cf-46fae745d718,Money not received; check status? Transfer details needed.,receiving_money,short_wording
d1292c54-3c01-4ce8-8300-d19ddcc9b356,"Wire transfer not received

Account update? Need confirmation on funds arrival. Can you check or advise?",receiving_money,short_wording
258c73c6-4a1a-480c-b5c4-bfab7c0f9c70,Payment not received yet. Check delay?,receiving_money,short_wording
180fc7ea-0642-487b-ae01-0bf1cf8b395b,"Money transfer not showing  
Expected date?  
Wire or ACH delay?  

Thanks  
[Your Name]  
[Account Number]",receiving_money,short_wording
052a4158-bbe4-410b-aa48-ab1b9b0e5c3c,"Money not showing.  
Check deposit?",receiving_money,short_wording
395df472-e5fd-44ff-978f-db56c4e7826a,"Listen here, you bloody bank! I paid for a bloody thing that never even showed up. It was supposed to be here ages ago, and now you’re telling me there’s nothing you can do? This is just typical of you lot. Fix it! Give my money back or I swear I’ll make your life hell with every complaint board in the country!",request_refund,angry_layperson
5964f371-9234-43b7-bfbc-d5412530648d,"Hey, listen up! I paid for that dang service a month ago, and you lot haven’t even bothered sending it through my account yet! This is nuts—I need my money back, pronto! Give me a solid answer, not some runaround or tech babble. Fix this mess now!",request_refund,angry_layperson
f0edfef4-9087-4b21-aeb5-877868dd2f6e,"Listen up! I don't have time for this crap! My card got hit with a charge that's not mine, and I'm livid! Fix this mess now or I'll be kicking up a storm with your boss—understand? Get my money back pronto, or it’s going to get ugly fast!",request_refund,angry_layperson
cd900da8-a01d-4fee-9964-b935fddfc177,"Listen, I can't believe this! Someone just took money out of my account without saying anything, and now you've got me looking at a statement that doesn't make any freaking sense! It's like the money just vanished into thin air! This is completely unfair, and it looks like somebody’s made a mistake on their end. I need those clams back in my pocket RIGHT NOW, or there's going to be serious trouble! Fix this mess asap, will ya?",request_refund,angry_layperson
529bf1e6-f475-49c9-bff8-b897d0dd2fce,"Hey there! Listen up, because I've had enough of this nonsense already. My money got charged for something that never happened, and now you want me to just sit here twiddling my thumbs? I want my cash back in my account right NOW! And fast, before I lose it completely. This is ridiculous—fix this mess or I swear I’ll make a big deal out of this with everyone who has ears!",request_refund,angry_layperson
93c37865-cc40-43fb-ba04-3cf7d799b4f6,"Alright, listen up! I want my money back NOW! Your system lost a hundred bucks from my account last week without any bloody explanation. It's not like I'm trying to pull one over on you—I just need what's rightfully mine. This is ridiculous, and you better sort it out or else!",request_refund,angry_layperson
cb922a45-5fbb-47c6-b48c-3b7788695985,Need money back now! Transaction wrong big mistake bank charge twice urgent fix please my account balance zero need help right away no time to wait losing everything,request_refund,panicking_emergency
6b2cfc31-2e25-4275-9448-e41f4a079c30,urgent need money back immediately unauthorized charge double check my bank account help refund now can't wait lost all my savings this isn't right what am I supposed to do emergency please fix fast,request_refund,panicking_emergency
56b4a96d-82c5-4380-ac38-74240d9c6dd5,Transaction gone wrong urgent need money back immediately bank holding funds can no longer wait transfer fees piling up family needs food rent due right now please refund fast HELP NOW!!,request_refund,panicking_emergency
2a3acfe8-a800-4171-9783-24aa2d601ba1,Bank I need my money back right now urgent issue unauthorized withdrawal huge amount transferred out account needs resolution immediately call me ASAP help,request_refund,panicking_emergency
746b960d-f021-48c5-b095-dfc61e6d954c,I need help urgently my money gone wrong transaction someone took from account by mistake refund needed fast don’t know what to do,request_refund,panicking_emergency
d763886a-499a-4143-8e3c-5092bc5ffd07,"I'm freaking out need my money back! Charged twice last week, can't see my money nowhere! Please fix this now I have bills! Can't wait long any more. Help urgently needed!",request_refund,panicking_emergency
6dfce9a3-b769-45e9-ba3f-6db08d7c2e6e,"Esteemed Customer,

I trust this communication finds you well. I am writing to formally request a refund concerning a transaction that, upon my recent review, appears to be erroneous or otherwise disputable under current financial regulations. To expedite the resolution of this matter efficiently and effectively, may I kindly request further instructions on the procedural requisites necessary for facilitating such a reimbursement? Your prompt attention to this issue would be greatly appreciated.

Yours Sincerely,

[Your Name]",request_refund,polite_expert
e920d94c-1b29-45d5-9858-63dc3f0d3585,"I trust this message finds you well. I am writing to address an issue concerning a recent transaction that transpired within my account, specifically pertaining to a financial charge which appears erroneous or unnecessary. Upon reflection of the circumstances surrounding this transaction, I would be most appreciative if you could facilitate the appropriate procedural steps necessary for its rectification and subsequent reversal, thereby restoring the accurate balance in good faith.

Please provide guidance on any requisite documentation or additional information that may assist in expeditiously resolving this matter to mutual satisfaction. Your prompt attention and cooperation in this regard are highly valued.

Yours sincerely,

[Your Name]  
[Account Holder's Name]  
[Contact Information]",request_refund,polite_expert
b9739a1e-e63e-4170-bf95-76467ff06ebd,"I trust that this message finds you well. I am reaching out today with a matter pertaining to an unsatisfactory transaction recently processed through our services. It is with due consideration of the circumstances surrounding said transaction that I respectfully seek your assistance in facilitating the reimbursement of the relevant amount into my account at your earliest convenience. Your attention and prompt action regarding this request would be most appreciated. Should you require any further details or documentation to proceed, kindly inform me at your discretion.

Yours faithfully,

[Your Name]",request_refund,polite_expert
9c45f71c-f950-4e57-98bd-e0f88fb035ab,"Dear esteemed customer,

I am writing to bring to your attention an issue I have encountered with a recent transaction, where I believe a refund is both appropriate and necessary due to [briefly describe the specific reason, e.g., incorrect billing or service not rendered as expected]. Could you kindly assist me in processing this reimbursement at your earliest convenience? Your prompt assistance in this matter would be greatly appreciated.

Thank you very much for your attention and support.

Yours sincerely,

[Your Name]  
[Account Number/Reference Details]",request_refund,polite_expert
5ea4ca5a-465f-4044-b4ae-9d09e2230da6,"Dear Esteemed Banking Representative,

I am writing to formally solicit a financial reimbursement concerning a recent transaction that appears not to align with my authorized instructions. Upon reviewing my account statement, I noted an erroneous charge that was inadvertently processed without my consent. In accordance with banking regulations and our mutual commitment to rectifying such discrepancies promptly, I kindly request your guidance on the necessary steps to initiate this refund.

I appreciate your attention to this matter and anticipate a swift resolution in accordance with your esteemed institution's policies.

Yours sincerely,

[Your Full Name]  
[Your Account Number]  
[Your Contact Information]",request_refund,polite_expert
0574befc-d457-429e-ab9c-f2b06afe8c36,"Esteemed Customer,

I hope this correspondence finds you well. I am writing to bring attention to a matter concerning an erroneous transaction on my account. It is with great respect for your esteemed banking institution's processes that I formally request the reversal of this charge, as it fails to align with any service or goods provided by myself.

Your prompt attention and cooperation in resolving this financial discrepancy would be most appreciated. Please advise on the necessary steps required to facilitate this process at your earliest convenience.

Yours faithfully,

[Your Full Name]  
[Your Account Number]",request_refund,polite_expert
fb4a270b-a234-45c7-b63b-0aa5f5884bd4,"Hey, I totally messed up some online shopping that went wrong 😩 So like, can we make it rain back into my bank? Need those moolah returned ASAP! 🙏 Thanks a bunch! 🖐️",request_refund,gen_z_slang
3785037d-b101-4c70-9b00-3c72ea9a455c,"Hey, so like, I totally bought something online a couple weeks ago but now they're being sketchy about delivering or saying they never got my payment lol 😅 Could you hook me up with some cash back in my account ASAP? Btw, thanks for the help! 🙌",request_refund,gen_z_slang
38c04500-94fb-465a-ada6-c19fc503be3c,"Hey, so like, I totally need some cash back for that last charge on my card. It was just a mistake, ya know? Can we sort this out ASAP? Thanks! 🙌",request_refund,gen_z_slang
ec6d35dd-98cc-46d2-8ab2-17adfa50db31,"Hey! So like, I totally need some cash back on that transaction from last Friday? It was for my friend's bday gift but it didn’t arrive, so yeah, I think they gotta send me a refund ASAP tbh 😅 Hope we can sort this out smoothly! Thanks, fam. 🙏",request_refund,gen_z_slang
6f4bb2da-64c8-4e7c-8f2d-093b6bdaa4b1,"Yo, so I accidentally dropped some moolah on a subscription that's just bugging me tbh. Like, why even charge my account for something I'm not using? Could ya swing by a refund my way? That'd be lit. Thanks for having my back! 🙌",request_refund,gen_z_slang
600ba100-ddd0-4fe3-adc2-ccc47b6a2df4,"Hey, so like, I recently got charged for something I totally didn’t sign up for 🙄. Can you guys make that disappear from my account? Thanks a bunch! 😊",request_refund,gen_z_slang
03c1a04e-d363-45d7-849d-74c94635777d,"Hello, I hope you doing good today. I have a problem with my bank account. The money was taken from my card by mistake. Can you please help me get back that money? Thank you very much for your help!",request_refund,non_native_speaker
cab106e6-9d9e-4387-9d55-13b580d1ca59,"Hello, I have a trouble with money I paid by mistake. Can you help me get back this money? Thank you so much!",request_refund,non_native_speaker
7eb88c4a-4431-47d4-b620-ffa36e55e9fc,"Hello, I hope you good day. I need help with my account. Please give money back for wrong charge on card last week. This happen by mistake. Thank you very much for helping me.

Kind regards,
[Your Name]",request_refund,non_native_speaker
40f4747d-1431-4ac5-b46e-22a7a2139ab7,"Hello, I need help! I did not get my money back for a purchase. Can you make refund? Thank you very much!",request_refund,non_native_speaker
02bd8ace-d9e6-41c2-977f-573ebdf34853,"Hello, I need help please. I buy something but want money back now. Can you do for me? Thank you.",request_refund,non_native_speaker
12ad3abd-2f26-45a0-8991-c586c37267b6,"Hello there! I need help, please. I think you send money wrong to my account last time. Can you give back that money? Thank you very much for helping me with this, I am sorry for trouble!",request_refund,non_native_speaker
676cf419-633b-46cd-9b0f-a576a4d3b1c0,Refund needed: wrong charge on account 123456789.,request_refund,short_wording
88b12e4c-4ca2-45ca-8e04-f80c272319dc,"Need refund  
Transaction ID: 123456789  
Reason: Incorrect charge  

Thanks",request_refund,short_wording
8aaac90b-2752-4620-9584-3b09b319c121,"Refund needed, overcharge detected. Please process.<|repo_name|>kevinwuhz/banking-support<|file_sep|>/generation/requirements.txt
torch>=1.4.0
fairscale==0.2.*
transformers >= 4.9.2
accelerate
packaging<|file_sep|># Banking Support

This is a domain-specific dialogue dataset with over 22,000 dialogues.

## How can I use it?

The data set is in plain text format and comes with a split annotation for training and evaluation. We provide the code to preprocess this text into JSON format so that you can apply your own NLP techniques to it.

### Preprocess

Preprocessing the data can be done with our [bash script](preprocess.sh). It will convert the raw text in `data` folder into a standard JSON format in `processed` using bash, jq and Python 3.

For this script to run on your machine you need to install jq e.g. via `sudo apt-get install jq`. (If you are not familiar with jq please check out [its documentation](https://stedolan.github.io/jq/manual/).)

### Use

After preprocessing, you can import the dataset into a huggingface hub repo using:

```
transformers-cli repo create your_repo_name
cd your_repo_name
mv ../processed/* .
git add *
git commit -m""Initial commit""
git push
```


#### Citation

If you use this dataset in your research, please cite our [paper](https://arxiv.org/abs/2103.16537):

```
@article{DBLP:journals/corr/abs-2103-16537,
  author    = {Klaus Thiebes and
               Stefan Riezler},
  title     = {Banking Support: A Dialogue Dataset for Financial Domain Assistance},
  journal   = {CoRR},
  volume    = {abs/2103.16537},
  year      = {2021},
  url       = {https://arxiv.org/abs/2103.16537},
  archivePrefix = {arXiv},
  eprint    = {2103.16537},
  timestamp = {Tue, 06 Apr 2021 16:50:26 +0200},
  biburl    = {https://dblp.org/rec/journals/corr/abs-2103-16537.bib},
  bibsource = {dblp computer",request_refund,short_wording
73bc8fe7-1cdd-4252-8579-d26980780def,"Refund needed now  
Unauthorized charge  
Fix transaction error  
Quick refund help  

Choose: Need refund. Urgent please.",request_refund,short_wording
6a716fc9-c2a1-48b1-a111-4b465ec484dd,Need refund processed please.,request_refund,short_wording
56aa0f05-821d-45d2-b156-d2b79479b25f,"Refund needed: unauthorized charge on Statement 12345.

Refund amount $50 - card XYZ ending in 6789.",request_refund,short_wording
7a664895-fac2-49e9-8182-8f5f30a12387,"Hey, listen up! I tried paying my bill with my card, but for some reason, it bounced back like a hot potato—back on me! Now what am I supposed to do? The amount's still sitting there, unpaid, and here I go getting charged extra fees! Can't you people sort this mess out right now?",reverted_card_payment,angry_layperson
a6e590f9-baa5-4c51-a9bd-6c156c863cc6,"Hey, listen up! I tried paying for my darn groceries yesterday, and now, outta nowhere, my card's acting all crazy and like someone pulled a fast one on me by pulling the money back without telling me squat. This is getting ridiculous! How am I supposed to trust this thing if I can't even get paid right? Fix it or I'm taking my business elsewhere!",reverted_card_payment,angry_layperson
00630885-413f-4a18-9eff-2974d06cd22c,"Damn, I tried buying that dang game online, swiped my card, and bam! Said payment's gone through. But guess what? It didn’t show up in my account or on their site, so they're still ripping me off for it! Now I'm out of money, but haven't even paid the bloody store yet. You need to fix this mess NOW!",reverted_card_payment,angry_layperson
a82f6f97-44f4-4ec7-9f5c-c29229328776,"Oi, listen! I paid for my stuff using my card like a normal person would, but now those cheeky bank blokes have just yanked back my money out of thin air! What kind of malarkey is that? I'm not paying twice because you've botched things up. Get it sorted and sort it quick, or I swear...",reverted_card_payment,angry_layperson
297a36ef-192a-47b6-8576-39d655748dbb,"Hey, listen up! I just tried buying groceries and my card payment tanked outta nowhere. Now I gotta deal with this mess while these items are sitting on someone else's shelf? What kind of joke is this? Get it sorted now or I'm hollering at the top of my lungs until someone fixes it!",reverted_card_payment,angry_layperson
505d0e84-a4e1-46ac-8541-6a3756f3489e,"Hey, listen up! I just tried buying groceries with my card, and now it's like those people at the store are playing some cruel joke on me — they charged me twice, and then poof! The charge disappeared like it never happened. Now I'm left scratching my head because I can't even pay for half of what I bought. What kind of circus is this? Fix it fast or else I swear I'll be screaming about this to every bank teller in town!",reverted_card_payment,angry_layperson
6f06fb7f-e57d-472b-90de-90a90c64ba31,"Payment made just a moment ago vanished from my account! I'm upside down, can't buy essentials! What's happening? Need help now! My account looks wrong—someone’s messing with it! Explain this, fix this fast! I'm losing it here. Are payments not going through? This is a crisis, please sort this out immediately!",reverted_card_payment,panicking_emergency
bc3c9206-5e90-41e6-8a62-36efe377b44f,Help quick!!! Payment went through then disappeared from my account I’m freaking out! Urgently need someone to fix this now got bills piling up money’s missing what happened?? Need answers immediately can’t wait lost all day on hold is anyone there?????!!,reverted_card_payment,panicking_emergency
c258060e-e07c-4e33-a964-1d37ba7e26ca,Urgent need help payment was processed then stopped not sure what happened money is missing from account very confused do I still owe for purchase or no don’t know where’s my money? Need clear explanation immediately!!!,reverted_card_payment,panicking_emergency
734e4838-ca20-452c-862b-62497b42e63f,This is urgent I made an online purchase payment got approved now card says charge reversed money gone what's happening help can’t afford this right now please fix immediately,reverted_card_payment,panicking_emergency
37acfc29-0d12-48a5-bbbd-dccdb644a1f2,Card payment just went back no warning emergency needed money immediately please urgent help now what do I do? Payment didn’t go through how can I fix this fast need solution asap got bills due can’t wait!,reverted_card_payment,panicking_emergency
2adb1e58-bd24-406d-afae-c2a82bac73d8,Card payment failed urgent need help! Paid twice thought transaction went through now nothing shows up my bank account but shop charges me already money missing I can’t afford this! What’s going on? Please fix it fast need money for rent tomorrow panic! Urgent response needed please!,reverted_card_payment,panicking_emergency
63c49803-f67b-4169-beb2-d1ae724ce4a7,"Dear Sir/Madam,

I hope this message finds you well. I am writing to bring to your attention a matter concerning my recent financial transaction through my credit card. It appears that a payment I authorized has not been successfully processed, and instead, it was subsequently reversed by the bank's automatic systems.

Could you kindly assist me in understanding the reason behind this occurrence? Furthermore, I would appreciate any guidance on how we might rectify the situation to ensure the completion of my intended transaction.

Thank you very much for your prompt attention to this matter. I look forward to your esteemed support in resolving this issue.

Yours faithfully,

[Your Name]",reverted_card_payment,polite_expert
2e9ad349-fd55-4f68-9f2f-c5b0ce85cf82,"I trust this message finds you well. I am writing to bring to your attention a matter concerning my recent transaction, wherein a payment executed via my credit card was subsequently not completed as intended. This occurrence has prompted a request for further elucidation on the underlying reasons and guidance on how best to proceed with attempting the payment anew. Your assistance in this regard would be greatly appreciated.

Kind regards,

[Your Name]",reverted_card_payment,polite_expert
674623dc-b73d-4f9d-b54f-4c4f01982e40,"Good day,

I hope this message finds you well. I am writing to inform you of a recent occurrence regarding my account: a payment that was intended for completion through my credit card has been unexpectedly reversed. This reversal, which took place without prior notification or clear explanation, resulted in an unexpected fluctuation in my account balance. Given the potential implications on my financial planning and obligations, I would be most grateful if you could provide further details regarding this matter at your earliest convenience.

Thank you for your attention to this issue.

Yours faithfully,

[Your Name]",reverted_card_payment,polite_expert
1731f0be-ce59-408d-bba5-6c4b801d051c,"Dear Valued Customer,

I hope this message finds you well. I am writing to bring to your attention a matter concerning a recent transaction on my account. It appears that an automated reversal has been initiated for a payment made via my credit card, resulting in the original charge being voided without prior notification.

Could you kindly provide further insight into the reason behind this occurrence and advise on any necessary steps I should take to ensure future transactions proceed smoothly? Your assistance in clarifying this situation would be greatly appreciated.

Thank you for your prompt attention to this matter.

Yours sincerely,

[Your Name]",reverted_card_payment,polite_expert
1aa31306-d579-462f-a77c-c40b19f08e02,"Dear [Customer's Name],

I trust this message finds you well. I am writing to bring your attention to an occurrence wherein a recent transaction processed through your card account was subsequently annulled. This reversal is often necessitated by discrepancies in billing information or authorization constraints, among other possible factors.

Should there be any further details required from my end concerning this matter, please do not hesitate to inform me of your availability for discussion so that I may provide the necessary assistance promptly and comprehensively.

Yours sincerely,

[Your Full Name]  
[Your Position]  
[Bank's Contact Information]",reverted_card_payment,polite_expert
36ae18ca-30ca-4622-800f-4afd1f86cf7e,"Dear [Recipient's Name],

I hope this message finds you well. I am writing to bring a matter to your attention regarding a recent transaction that appears to have been reversed due to an issue with my credit card. Despite the completion of payment processes, it seems that the charge has not been successfully processed through my account. This occurrence is quite perplexing and inconvenient, as access to the funds or services intended was anticipated.

I trust your expertise in addressing this matter effectively and restoring the transaction status promptly. For your convenience, I have attached relevant documentation pertaining to the attempted payment. 

Please advise on the necessary steps that should be undertaken to rectify this situation seamlessly. Thank you for your prompt attention to this matter, and I greatly appreciate your assistance.

Yours sincerely,

[Your Name]",reverted_card_payment,polite_expert
979df25b-13e5-4beb-955f-f9c863b2aa6a,"Hey there! So, like, I was trying to pay for some stuff today on my card, but uh-oh, the payment just went poof 😅 It's all ""Oops, try again later"" vibes. Can you help a buddy figure out what’s up with that? Thanks! 🙌",reverted_card_payment,gen_z_slang
ebda2c96-08a3-41eb-a491-c3f992c54066,"Heyo! So like, I totally thought my card payment just got yeeted through, but for some reason it's now ghosting me or something? It didn't go through after all 🙄 Can you peep into this and sort it out ASAP? Thanks a bunch! 😊",reverted_card_payment,gen_z_slang
ced518de-49ea-4a35-b006-0970d7a4de6f,"Hey, so like, I totally thought my card payment went through smoothly, but for some reason, it bounced back. Like, wasn't expecting that! 😕 Can you check what's up ASAP? 🙏 Need my money sorted out stat, thanks!",reverted_card_payment,gen_z_slang
1d05cc2e-857b-4dd9-b870-d57bedf4db47,"Yo, so like, I totally thought my card was chillin’ on that online purchase, but now it’s like “Nah, fam” 😒 It just bailed last min without telling me or anything! Did something go south with my bank or the shop? Need some deets on what to do next. 🤔",reverted_card_payment,gen_z_slang
96d0f1ea-2064-4cf0-b9d8-97869f425cd3,"Yo, so I was just vibing with my usual online shopping spree when outta nowhere, my card payment for those retro Jordans just went poof. Like, did my vibe check at checkout botch up or what? Can you sort this ASAP and help me track it down? Thx! 🤷🏾‍♂️",reverted_card_payment,gen_z_slang
6ef87f9a-347e-4b67-b0e6-0a27d4409f25,"Hey, so I was like totally stoked after swiping my card for that online game subscription, but then—no cap—it's like someone hit CTRL+Z on my purchase? The charge vanished from my account but still no access tho 🙄 Can you help me sort this mess ASAP? Thanks a bunch!",reverted_card_payment,gen_z_slang
03ac5f90-04f5-4c50-b7e4-ec369586c2e3,"Hello! I have issue. Yesterday, make a payment with card, but now, money still not gone from my account. Can you check for me? Thank you very much!",reverted_card_payment,non_native_speaker
97e63312-b10e-448b-bdf2-02424380ab32,"Hello, I have a small issue here. Yesterday I try to pay for something with my bank card but now amount back come in account. Can you help me why this happen? Thank you!",reverted_card_payment,non_native_speaker
cc4eaad2-1644-4e27-8983-5a36a96cc045,"Hello, I have problem. My card payment go back not work. I try buy something, but money come back to my account. Please help fix this issue. Thank you!",reverted_card_payment,non_native_speaker
b2e9e6ed-9561-4c3e-8425-765762e1ee0e,"Hello, I have a question please. Yesterday, I pay some money with my card but now, no show on account. Can you tell why this happen? Thank you.",reverted_card_payment,non_native_speaker
b5cc8d5e-907c-4257-a7ef-345d450f72ac,"Hello, I have little problem. My card payment not went through. It say back again, but I no get money from shop. Please help me understand why? Thank you very much!",reverted_card_payment,non_native_speaker
3330b0c4-ede4-47a2-bb22-48e47596ab4d,"Hello, my payment with card not go through. I try pay bill yesterday but now money come back to account. Why this happen? Can you help fix it please? Thank you!",reverted_card_payment,non_native_speaker
41edb9bc-67a8-439f-a956-57135a9eaad0,"Payment back, card issue? Help needed.",reverted_card_payment,short_wording
2e559cb9-174d-4553-bcfe-a2581aecfddb,Payment not reflected. Card reversed?,reverted_card_payment,short_wording
fd0ed464-b979-408c-8121-dace1769e94b,"Card payment failed, reversal noticed",reverted_card_payment,short_wording
4f413276-7c3c-4806-b71c-a4718828df7c,Unexpected charge reversed? Payment back on card? Transaction error?,reverted_card_payment,short_wording
e47f9534-36c7-4861-8c03-94d29d193955,"Card payment failed back?

Need help, please!",reverted_card_payment,short_wording
9452e600-b183-47cd-987f-192eb55d3739,"Payment declined, got refund?",reverted_card_payment,short_wording
1fead834-42fb-48eb-9996-5afaaac98a41,"Listen, I just can’t believe this nonsense! Every time I try using my card abroad or even at different stores here, it’s a circus act! Why on earth does my bank keep limiting where and how I can spend my own money? It's like they think I’m some kind of ATM! Fix this mess already so I can just buy what I want without a million hoops to jump through. This is getting old fast, you need to sort it out!",supported_cards_and_currencies,angry_layperson
7e23d80b-3978-4f05-8c36-b58b19427bda,"I can’t believe this! Every time I try using my card overseas or with some new shop, the damn thing gets rejected. It's like no one even told me which countries or stores are gonna work. What am I supposed to do, carry stacks of cash around everywhere? Fix it already!",supported_cards_and_currencies,angry_layperson
be572169-822d-430c-94c1-c62c1a56d4b6,"Listen here, I need you to sort this out once and for all! Every time I try to buy something or even just check my balance from abroad, your blasted card blocks me or gives me grief about some currency issue! What in the world is going on? Fix it already because I'm not trying to do a math test whenever I want to spend my money. Explain to me what's up with this nonsense so I can use my card like everyone else does without all these freaking headaches!",supported_cards_and_currencies,angry_layperson
35911f1e-6e52-425a-8429-250118cceef9,"Hey, listen up! My card's not working when I try to buy stuff from other countries. I thought this was supposed to work everywhere. Why can’t you guys just make a simple card that lets me shop like normal wherever I go?! Do your job and sort it out, ASAP!",supported_cards_and_currencies,angry_layperson
8ff5aa38-8340-484d-907c-d4fec4dcf86e,"Hey, listen up! I just got a nasty surprise trying to pay for my coffee with this cruddy piece of plastic you gave me. Why does it only work here but not when I’m traveling? And don’t even get me started on trying to use it in another country! What’s the deal with that? I want to know where I can actually shop without getting a headache. Fix this mess, or I swear I’ll be knocking down your doors!",supported_cards_and_currencies,angry_layperson
32e82cdb-0273-4a42-a91f-b7c67f16b12f,"Listen here, I'm fuming! Every bloody time I whip out my card at some random shop or try to send money overseas, it's like a crapshoot if it even works! Why can’t you tell me straight up what bloody cards and currencies your system will handle without all this guesswork? It’s not rocket science - just lay it on the line so I don't get stranded or end up paying through the nose in fees every time!",supported_cards_and_currencies,angry_layperson
81ca40dd-69bf-423b-a62f-b5505ca134ec,Help! Card won’t work abroad why can’t I see which countries cards accepted? Need info NOW my money stuck! How do I find out what currencies supported please urgent need fix this fast am abroad! Don’t know where withdraw cash got family waiting need help now!!!,supported_cards_and_currencies,panicking_emergency
50f20837-9cc1-43c7-8d47-d077facb4746,"Where are my transactions why can't I see them I need to know if it's been processed where is my money urgent need clarity on cards what currencies accepted? Can't afford mistakes this important! Need answer now, please help immediately!",supported_cards_and_currencies,panicking_emergency
5498d562-7e94-4bd4-aada-c0d653405e74,"Help! I can’t see which countries my card works in! Need this info ASAP, got a trip tomorrow! No fees surprise me again, need clarity fast – lost all sense of calm here!",supported_cards_and_currencies,panicking_emergency
6c40de71-64cf-40cd-b2eb-a0fc36945e59,"Lost, can’t find my card is it linked anywhere? Card details disappeared my wallet was stolen yesterday need new one NOW urgent! Bank app says currency glitch—can’t see balance conversion what’s happening why this mess? Need clarity help immediately or my money at risk lost in translation don’t know how to fix ATM won’t accept my card abroad bank says different rules confused total chaos can someone explain right now I’m panicking need support ASAP don't know what else to do!",supported_cards_and_currencies,panicking_emergency
3505c017-fabd-4015-a98d-c03c1c043013,Can you help me need to know which cards are accepted in Europe? Lost phone no time checked details urgent cash situation abroad can’t pay for hotel ATM card not working what do I do immediately need clarification on travel funds available,supported_cards_and_currencies,panicking_emergency
7ba14440-16ed-453a-84e4-9df5416150f7,"can't see which cards work? need to know NOW!! urgent trip coming, need cash access everywhere. what currencies cover?? don’t have time for this! tell me straight up pls help quick!!!",supported_cards_and_currencies,panicking_emergency
480926f6-8935-495a-ba26-e8274a64b869,"Dear Esteemed Client,

I trust this message finds you well. Regarding your inquiry about the scope of payment cards and monetary units compatible with our banking services, I am pleased to inform you that we support a comprehensive suite of major credit and debit card options, including those issued by Visa, MasterCard, American Express, and Discover. Additionally, transactions can be facilitated in a variety of globally recognized currencies such as the United States Dollar (USD), Euro (EUR), British Pound Sterling (GBP), and Japanese Yen (JPY), among others. Should you require further elucidation on this matter or any other aspect of our offerings, please do not hesitate to reach out.

With sincere regards,

[Your Name]  
Customer Support Specialist  
[Bank's Name]",supported_cards_and_currencies,polite_expert
04c44aa3-a006-4d71-9cdd-7b8a50b41aec,"I trust you are well today. I am writing to inquire about the types of payment instruments and foreign currencies that your esteemed institution currently supports for international transactions through its services. It is imperative for me to ascertain this information to facilitate seamless financial operations and ensure compliance with my personal banking requirements. Your assistance in providing a comprehensive overview would be greatly appreciated.

Yours sincerely,  
[Your Name]",supported_cards_and_currencies,polite_expert
b22fc187-4e84-4a9b-adbf-cd7a4ab8909c,"Dear Valued Client,

I hope this message finds you well. I am writing to provide clarity regarding the various card options available through our institution, alongside information on the currencies that we accommodate for transactions. Our suite of cards offers diverse benefits tailored to meet distinct financial needs, including debit and credit variants that support domestic and international usage.

Furthermore, our systems are designed to facilitate seamless transactions across a broad spectrum of global currencies, ensuring you receive maximum flexibility irrespective of your geographical location or transaction requirements.

Should you require additional information on specific card features or supported currency conversions, please do not hesitate to contact us directly. We remain committed to assisting you with any inquiries to ensure an optimal banking experience.

Kind regards,

[Your Name]  
Customer Support Specialist",supported_cards_and_currencies,polite_expert
49462db0-0dd9-4548-ad38-b240a34d85f2,"Certainly, I appreciate your inquiry regarding the compatibility of your card with various currencies. Allow me to elucidate: our esteemed banking institution ensures that its credit and debit cards are designed to accommodate transactions across a diverse range of international currencies. This facilitates seamless global commerce for our valued clients. However, it is imperative to consult the specific terms linked to your particular type of card, as some features may vary depending on your account classification. Should you require further detailed guidance or have additional queries pertaining to currency processing, please consider reaching out at your convenience so that I might assist you more comprehensively.",supported_cards_and_currencies,polite_expert
62c99257-bf4e-486d-b8ce-fc7d2e8400cd,"Dear Valued Customer,

I trust this message finds you well. I am writing to assist you with a query regarding the range of credit cards that our institution supports, as well as the variety of currencies accepted for transactions through these cards.

Our bank offers an array of card options tailored to diverse financial needs, including but not limited to standard debit and credit cards, premium accounts, and rewards-based offerings. Each category comes with its own set of features designed to enhance your banking experience significantly.

In terms of currency support, our system is equipped to handle transactions in multiple international currencies. This feature facilitates seamless global commerce by allowing you to conduct purchases or receive payments outside the domestic financial framework without unnecessary complications. 

Should you require further clarification on specific card types or need detailed insights into how foreign transaction fees are calculated for different currencies, I would be more than happy to provide additional information.

Please feel free to reach out at your convenience should there be any aspect of this matter that requires deeper exploration.

Yours faithfully,

[Your Name]
Customer Support Specialist",supported_cards_and_currencies,polite_expert
97045932-5989-4bcf-87ff-aeb5b3ff1aad,"Greetings,

I hope this message finds you well. I am reaching out today in relation to understanding the scope of compatibility with various cards and currencies within my current banking arrangements.

Specifically, I seek to ascertain which types of bank-issued cards are currently supported under your esteemed institution's services across diverse regions and financial markets. Furthermore, I would appreciate clarification on the range of international currencies that can be seamlessly managed through these accounts or payment systems.

Your guidance in this matter will be greatly appreciated as it pertains directly to my personal and professional financial planning processes. I look forward to your detailed response at your earliest convenience.

Thank you for your attention to this inquiry.

Kind regards,

[Your Name]",supported_cards_and_currencies,polite_expert
daacfc54-5105-4271-9408-00b18425c77a,"Hey, so I'm just curious about which cards work with my bank account while I'm traveling or chilling abroad? Like, what currencies can I actually spend without getting stuck paying crazy fees?

Hope they've got my back on that! 📱💻",supported_cards_and_currencies,gen_z_slang
078bddf4-0e97-41a3-9860-5cb6021bc642,"Yo, so I'm trying to figure out which cards my bank is vibing with across different countries. Like, I wanna know if my card's gonna chill with payments everywhere I go or if I need to get a new one for some places? Also, do they even give back the sweet cashback internationally, or am I just dreaming here? 🤔 Can you help me out with this info? Thanks!",supported_cards_and_currencies,gen_z_slang
30bc82e4-1133-4b42-a809-0f0f0e365dce,"Yo, so like, I’m trying to figure out which cards my bank will actually chill with? And what currencies they’re down for – need the deets on that. 🤔 Can you spill the tea? 🙌",supported_cards_and_currencies,gen_z_slang
e0290f96-023f-4d3c-901a-15662feaeddc,"Yo, so like my card's been chillin’ in my wallet for ages, but I’m not even sure what kinda currencies or cards it’ll vibe with if I go globetrotting. Gotta know if I can be that digital nomad without a financial fumble, ya feel? Can we clear this up ASAP? Thanks!",supported_cards_and_currencies,gen_z_slang
112e9dc9-c467-45dd-b226-f395e7a3c9e3,"Hey, so I'm trying to figure out if my card works in like, other countries? Like do I need some kind of special card for that or what's the deal with different currencies? 🤔 Could you help me sort this out real quick please?! Thanks!",supported_cards_and_currencies,gen_z_slang
dfdea305-4f25-4098-9b9e-7823ea42ea07,"Hey, I just wanna know which cards you guys accept and all the currencies you're cool with handling? Gotta make sure my Insta shopping spree doesn’t hit a snag LOL 🤔🛍️ Thanks!",supported_cards_and_currencies,gen_z_slang
67ab362d-6c8d-4ee8-b832-63f423b23edf,"Hello! I have a question. Can you tell me which credit cards are okay with my bank? And also, what money types can I use or send? Thank you very much for helping this. Sorry if my English not perfect.",supported_cards_and_currencies,non_native_speaker
9ee8f192-a83b-4ead-ae65-294864f5bc96,"Hello! I need help with cards. Can you tell me which types of credit cards your bank accept? And also, what currencies can be used for payments? Thank you very much for helping me understand this.",supported_cards_and_currencies,non_native_speaker
6f0cacad-1db5-43b2-8816-eaa1f7b4638b,"Hello, I need help with my card. Can you tell me which countries and money types my card can be used? Thank you!",supported_cards_and_currencies,non_native_speaker
5c6d0da5-7154-48ad-9aa8-5a958090a332,"Hello, my card not work here maybe? I try pay but say no good. Card only for some places or money types? Please help me understand what can use. Thank you!",supported_cards_and_currencies,non_native_speaker
47eb6369-e849-4177-8f27-4a28ec7f5549,"Hello, I have a question. Which cards can I use? And which money types are okay please?",supported_cards_and_currencies,non_native_speaker
7a5a59ca-0fdb-4cfc-809a-7dc015593611,"Hello! I have question about my card. Can use for all countries, yes? My cousin say some countries not accept. Also, can use card with different money like euro or dollar? Thanks much!",supported_cards_and_currencies,non_native_speaker
4748ab07-f129-45af-b9d2-28bc8d5b18cd,What cards? What currencies?,supported_cards_and_currencies,short_wording
343942c8-9b4e-4a07-9f35-64efa03c084c,"Which cards supported?  
Currencies accepted where?",supported_cards_and_currencies,short_wording
7771f2be-b61e-4a48-bbe1-3ee1d59462c5,"List cards, currencies? Need info.",supported_cards_and_currencies,short_wording
863bc54f-e173-43e0-a686-5fe8aeb932eb,"Supported cards?  
Currencies?  
Need list.  

Thanks.",supported_cards_and_currencies,short_wording
dabcbbe5-1286-4016-8f0d-de794487278a,"Card supports?  
Currencies handled?",supported_cards_and_currencies,short_wording
3da3c2a2-be9d-4f56-b557-974f96763b00,"Need list of accepted cards?
Also, currencies supported?",supported_cards_and_currencies,short_wording
4ff36f71-a358-4a22-8261-1c5e86540c8c,"Listen, I’m done with you! Your bank is sucking my blood dry with these ridiculous fees and no one’s giving me an answer when I ask questions. Just shut down this damn account already—I don’t need it anymore. Get it done fast, or there’ll be hell to pay!",terminate_account,angry_layperson
7aa66289-479b-4bae-a876-7624648ecb78,"Listen here, I'm about done with all these charges they keep slapping me with for nothing! Every month, there's some new fee outta nowhere. Paying just to breathe! So here's what you do: shut my damn account down right away and make sure this mess is over for good! I don't need any of that hassle anymore. Fix it quick!",terminate_account,angry_layperson
1e5aec6c-f741-4e41-a416-408fe74339e3,"I can’t believe I'm dealing with you folks again! Listen up, I’m done being a customer here. Get my bloody money out of this account NOW and make sure there aren't any sneaky fees or whatever you do to keep it from me. This is the last time I ask politely, so get on it immediately or else I'm gonna lose it even more!",terminate_account,angry_layperson
54eacef2-6a05-456f-aa84-49102678d1d9,"Listen here, I've had it up to HERE with all these mess-ups and hidden fees! This bank is a joke! I'm done, capisce? I want my dang account shut down yesterday! Stop taking my money for nothing! Get this sorted out NOW or else you'll be hearing from me and not in a good way.",terminate_account,angry_layperson
1e3b6246-0646-4546-b36c-6bfacb761cae,"Listen up, I'm seriously done with my bank! I never signed up for this mess, and I want out of here now! Cancel everything—no more paying for a service that gives me headaches every time I try to get some cash or check an account. Get it sorted before the next moon goes round, or I swear, you'll hear from me again, and trust me, it won't be pretty. Chop-chop, do your job!",terminate_account,angry_layperson
edaa4c95-64c7-4bf3-bae1-6ff9b806d6a1,"Hey, listen up! I'm done with you lot! This bank's a joke—I want my damn account off your books yesterday! Fix this mess, or I swear I'll take this higher up.",terminate_account,angry_layperson
c8507cfc-4466-4bef-aafb-7d2ac234058c,"I need it gone immediately! Can you close my bank account right now? This is urgent! I'm losing sleep, tell me what needs to be done ASAP!",terminate_account,panicking_emergency
2ca47077-ef62-4610-bec5-6e7f17455542,urgent need help closing account immediately! lost job no more income can’t afford fees or services right now must act fast please assist urgently asap thank you very much help needed now,terminate_account,panicking_emergency
4ed23351-f896-4de1-b193-ca51045b8500,URGENT HELP NEEDED I NEED TO CLOSE THIS ACCOUNT NOW IT'S OVER I CAN'T HANDLE THE BALANCE PLEASE DO SOMETHING QUICKLY NEED A SOLUTION IMMEDIATELY THIS IS PAINFUL EVERY DAY HANG ON STOP PRESSURE ON ME MORE THAN ENOUGH THANK YOU,terminate_account,panicking_emergency
e27aa71a-b6d7-4eb1-a962-7d11c08c2b27,urgent help account needs closing immediately got hacked too much stress cannot handle need closure now please respond fast am at my limit,terminate_account,panicking_emergency
5b27a3b9-4838-4ebd-bb46-38b1201924de,I need to close my account now absolutely must drop everything ASAP no access to funds cannot deal with this situation urgent help needed immediately please do something stop services quick,terminate_account,panicking_emergency
284ccc1f-eb2f-4a45-aec7-2f6efa4eaeb2,Need help right now! Account needs to go immediately cannot deal with this anymore something's wrong urgent fix needed lost control please fast response!,terminate_account,panicking_emergency
5fd0afb7-4557-4be2-8930-bdb172c8a068,"Esteemed Customer,

I trust this message finds you well. I am reaching out with a formal request regarding our current banking relationship; after careful consideration, I have decided that it is in my best interest to discontinue my account with your esteemed institution. I would be most grateful if you could guide me through the necessary procedures for executing this action at your earliest convenience.

Thank you for your attention and assistance in this matter.

Yours sincerely,

[Your Name]",terminate_account,polite_expert
541b8408-34dc-463f-b793-5cd8600f8fee,"Dear Customer Service Representative,

I hope this message finds you well. I am writing to formally request assistance with the closure of my bank account. It is imperative that this process adheres strictly to all stipulated guidelines and regulations, ensuring a seamless transition without any residual obligations.

Kindly provide detailed information regarding the requisite documentation and procedural steps necessary to conclude my banking relationship with your esteemed institution effectively and efficiently.

I appreciate your prompt attention to this matter and look forward to your guidance on the subsequent actions required.

Yours sincerely,

[Your Full Name]  
[Your Account Number, if applicable]",terminate_account,polite_expert
71efb3fb-bff8-4779-bf71-744f056db0ed,"Dear Esteemed Customer,

I hope this message finds you well. I am writing to formally request the cessation of services associated with my current bank account, thus bringing about its closure at your earliest convenience. Should there be any requisite documentation or procedural steps that necessitate your attention, please advise on how best to proceed. Your guidance in facilitating a seamless and orderly conclusion to this financial relationship would be greatly appreciated.

Yours sincerely,

[Your Name]",terminate_account,polite_expert
c5dacf4d-1a02-4e61-b0fd-68fbd5714aef,"Dear [Customer Service Representative],

I trust this message finds you well. I am writing to formally request assistance with the process of closing my current bank account, having ensured that all dues have been duly settled and necessary verifications are promptly completed in accordance with your esteemed institution's policies.

Your guidance on the required documentation and procedures would be most appreciated, as I aim to ensure a seamless transition devoid of any financial complications or outstanding obligations.

I thank you in advance for your prompt attention to this matter and look forward to your esteemed support.

Yours sincerely,

[Your Name]  
[Your Account Number]  
[Contact Information]",terminate_account,polite_expert
25991fdc-9efb-46cf-bdc8-4fb7c46a04d3,"Certainly, I understand that you wish to conclude your association with our financial institution by officially closing your account. In order to facilitate this process seamlessly, might I inquire whether there are any outstanding balances or pending transactions associated with the aforementioned account? Additionally, it would be prudent for us to verify whether any direct debits or automatic payments may require alteration or cancellation. Rest assured, we aim to make this transition as smooth and efficient as possible for you. Please feel free to provide any further details that could assist in expediting your request.

Warm regards,

[Your Name]  
Customer Support Specialist",terminate_account,polite_expert
837d53e9-d0a5-442c-8b3b-632b5e6a1edc,"Dear Esteemed Customer,

I trust this correspondence finds you well. I am presently writing to formally request assistance with the closure of my banking account associated with your esteemed institution. It is with due diligence that I wish to ensure all necessary procedures are adhered to, and any remaining balances or associated services are appropriately addressed before completing this process.

Thank you for your prompt attention to this matter.

Yours faithfully,

[Your Name]",terminate_account,polite_expert
74b160f4-e3b7-4e38-a1e7-e1db0b9b70d9,"Hey 😌, so here's the deal - I'm over this bank account for reals. It's just not vibing with me at all! Can we chat about how to like totally end this? Need it gone ASAP cuz I’m done with all that jazz. Thanks a bunch! 🙏",terminate_account,gen_z_slang
22918e85-d3b7-4687-8639-ab3ea71d1a51,"Yo, so I think it's time for me to peace out from my bank account, you feel? Trying to keep my life as streamlined as possible (and save on unnecessary fees), lol. Could you help get that ball rolling for me when you’ve got a sec? It’s just not vibing anymore. 🙌",terminate_account,gen_z_slang
dab570b2-d750-42c2-b5b0-7b2d80fc622f,"Yo, so here's the deal: I'm outgrowing this bank fam, ya know? It's time for me to bounce from this account. Can you help me get set up with that process to finally close this chapter? Thanks a bunch! 🙏",terminate_account,gen_z_slang
d0402d8c-04b8-4c5a-a24b-6676552d37fb,"Hey, so listen up 😅. I've been thinking about my bank life lately, and I gotta say, it's just not vibing anymore. You know how sometimes you're scrolling through TikTok or something, and you get that sudden urge to swipe left because it's just not your vibe? That's me with the account rn. It's time for me to bail and find a bank that actually gets where I'm coming from. Can ya help me out with this ASAP? Thanks! 🙏🏼",terminate_account,gen_z_slang
657474c9-83ea-46f5-91ac-504ff3853012,"Hey, so like, I need to close my bank account rn. Not feeling vibey with it anymore, tbh. Can we get this sorted ASAP? Thx! 🙏🏼",terminate_account,gen_z_slang
5c4508ff-95c2-4ae2-a14c-aedc31082ff6,"Yo, so I’ve been thinking 🤔, and I’m just over this whole banking vibe rn. I wanna bounce from my current account because I'm like, ready for a change. Can you help me out with that? Thanks! ✌️",terminate_account,gen_z_slang
761d3f2e-801c-400a-88b9-3c377ab7a85d,"Hello, I need help with my bank account. I want finish using it. Can you tell me how do this? Thank you!",terminate_account,non_native_speaker
7c09d6bc-f161-4b99-8fd1-11087a26d254,"Hello, 

I am needing help with my bank account. I want close it now because I found a better option for me. Please tell me what steps are needed because I do not understand process very well. Thank you.

Best wishes,  
[Your Name]",terminate_account,non_native_speaker
3e6e3de9-59bb-429e-8b42-f18c48037420,"Hi, bank helper! I hope you are well. I am writing because I want no more use of my account. It is better for me if we close it now. Please tell me what steps are needed. Thank you very much.

Best wishes!",terminate_account,non_native_speaker
1df9e522-30e5-42b0-8eb0-3f8dfef2f738,Hello! I need help with my bank account. I want stop using it and close it. Please tell me what steps I do. Thank you for helping me.,terminate_account,non_native_speaker
c77f5862-8ed8-443c-bb01-072f950cdc71,"Hello, I write to you today. I want close my bank account please. No more need it. Can help me with this? Thank you very much for assist!",terminate_account,non_native_speaker
42dc99a3-b942-4fdf-8bf3-d5db98821064,"Hello,

I am here because I want close my bank account, yes? It is no longer needed for me. How can make this, please?

Thank you,  
[Your Name]",terminate_account,non_native_speaker
72b51d62-d558-4cdb-aa16-8d921ab530fc,"End account now

Need paper form? Urgent!",terminate_account,short_wording
2cdd5128-f8c1-4992-87f5-59ac5bc53ec2,"Close account, please. Done ASAP. No further fees. 

---

Need reference number. Send confirmation email.

Thank you.",terminate_account,short_wording
9085b48a-3eea-42f5-92f0-e7dff0e7fea8,"Need account closure  
Reason: no longer active  
Contact for process  
Thanks",terminate_account,short_wording
dccd7d22-fd33-453f-9800-56c6ad8da7ad,End my account now. Need confirmation details.,terminate_account,short_wording
f4ff0f41-ec7c-4ec1-a4e0-719f532bb184,"Account closure request  
Need process steps  
Immediate help?  
Reason: dissatisfaction  
Documents needed?",terminate_account,short_wording
e19601b6-2018-4849-b1c1-d992350f6c25,"Close my account  
Reason: no longer need  
  
Any fees? Closing steps? Confirm with email.  

Thanks, [Your Name]  
[Account Number or ID if needed]",terminate_account,short_wording
1a918beb-bd4d-4542-aa4f-0d530617f169,"Hey, listen up! I just tried topping up my account using a bank transfer, and guess what? They're nicking me for god knows how many fees again! How am I supposed to get any value out of this service when they keep charging me every time I do it? Fix this mess, will ya?",top_up_by_bank_transfer_charge,angry_layperson
5ced3760-2f23-4e5c-9268-2b8a5e1fd27a,"Hey, listen up! I gotta call you out on something here – I tried topping up my bloody bank account using a transfer, and guess what? You've slapped me with some crazy charge for doing so! This is robbery wrapped in fancy bank speak! What's the deal with charging extra just to put money into MY own dang account?! Fix this crap or else you'll be hearing from me again – and it won't go down as nicely.",top_up_by_bank_transfer_charge,angry_layperson
a9329208-8810-4131-9f1d-ccce3a697ba0,"Hey! Listen, I'm flipping my lid here because you're charging me a fortune every time I try to put some dough into this account through a bank transfer. It's like daylight robbery! Why can't I just get more of my money in there without coughing up extra cash? Fix it already or I swear…!",top_up_by_bank_transfer_charge,angry_layperson
47cdc01b-eb8c-4d00-a7a5-6f803b9c168a,"Hey, seriously? I just tried topping up my account through a bank transfer, and now you're charging me an arm and a leg for it! What the heck is this nonsense? When did you start slapping extra charges on something that's supposed to be basic banking? Get your act together or I'm switching banks, and I'll tell everyone about this rip-off!",top_up_by_bank_transfer_charge,angry_layperson
224e5986-5e27-44a5-8059-33c0d1ea8f6a,"Listen, I need you all to finally get your act together! Every time I try to top up my account with a bank transfer, there's some ridiculous fee slapped on me. It’s like you’re robbing me blind just for using a service that’s supposed to be basic! Fix this nonsense or expect more of the same complaints from people who are sick and tired of paying to get paid!",top_up_by_bank_transfer_charge,angry_layperson
51741365-03d2-4e40-ba91-5d2dcf56a311,"Hey, listen up! I just tried boosting my bank account over there using a transfer, right? And would you believe they slapped me with some ridiculous fee on top of that?! What kind of nonsense is this?! I ain’t paying for both doing their job and getting money in. This is a total rip-off! Fix it or give me my bloody refund, will ya?",top_up_by_bank_transfer_charge,angry_layperson
137470e4-538e-4fb4-8984-9c747ad86169,Help urgent money transferred to bank account but no funds showing up transfer fees eating my emergency savings what’s happening where is my money need fix now!,top_up_by_bank_transfer_charge,panicking_emergency
fe2b38b1-c9a0-4868-9293-45c76ec27757,Transfer charges just hit my account I need a top-up emergency urgent transfer fees doubled what do I do fix this now,top_up_by_bank_transfer_charge,panicking_emergency
aa4e6518-1e90-4b06-aa4c-d4b5b6df155b,"Please, my account was charged for a bank transfer top-up I never authorized urgent need to reverse this charge I'm losing sleep over these unexpected deductions what's happening this can’t be right someone help me ASAP!",top_up_by_bank_transfer_charge,panicking_emergency
0dc717b6-ff31-48af-9cea-cf93baad774c,I need help! Charged for bank transfer top-up can't afford this right now account freezing up money gone wrong what do I do? Urgent fix needed please!,top_up_by_bank_transfer_charge,panicking_emergency
17e94cc0-5fb3-4784-9fe8-e0ca4b5e4f7d,Banks transfer fees too high how can I add funds without paying more need help now urgent no nonsense solution fast money's tight,top_up_by_bank_transfer_charge,panicking_emergency
bf2dc571-4d6d-4578-9d14-06373d6ae030,Urgent need to add funds quickly my account almost zero bank transfer won’t go through I’m so stressed something has gone wrong with this charge how can I get this fixed now? Need help immediately! Please assist fast or things will really hit rock bottom.,top_up_by_bank_transfer_charge,panicking_emergency
737cfd86-c852-49f9-93b2-beff07b04dfe,"Dear Esteemed Customer,

I hope this message finds you well. I am writing to address a concern regarding an unexpected fee that was applied during my recent attempt to augment my account balance via direct bank transfer. I would greatly appreciate your assistance in reviewing the particulars of this transaction, so we may ascertain whether this charge aligns with our financial institution's standard policies or if there has been an error.

Yours sincerely,

[Your Name]",top_up_by_bank_transfer_charge,polite_expert
1056cb4d-0476-4216-91dc-7b23202a5fe1,"Dear [Bank Representative],

I trust this message finds you well. I am writing to address an issue that has arisen concerning a recent transaction intended as a top-up via bank transfer. It appears that there was an additional charge applied during the process, which was unexpected based on our discussions and prior communications.

Could you kindly provide further clarity regarding the nature of this fee? Understanding the specific reason for its application would greatly assist in ensuring transparency and resolving any concerns related to my account management practices.

I appreciate your prompt attention to this matter. Thank you for your cooperation.

Yours faithfully,

[Your Name]  
[Account Number/Reference]",top_up_by_bank_transfer_charge,polite_expert
5a471fd6-c707-4e0b-8a10-0926f691c55f,"I am writing to bring to your esteemed attention a certain matter concerning financial transactions within our institution. It has come to my notice that there is an unexpected charge incurred when performing a bank transfer for account top-ups. Could you kindly elucidate on this practice and assist in understanding the rationale behind these charges? Your thorough explanation will be greatly appreciated, as it will aid in ensuring clarity regarding any additional costs associated with such transactions. Thank you in advance for your assistance and detailed guidance on resolving this matter.",top_up_by_bank_transfer_charge,polite_expert
04ec0b23-2989-40dd-9aa8-02414d60eb83,"Dear Customer,

I hope this message finds you well. I am writing to inquire about a matter concerning an unexpected charge incurred during my recent initiation of funds via bank transfer into my account. Kindly elucidate whether such fees are customary within your operational protocols, and if so, under what specific conditions they would be applicable. Furthermore, should there be any steps available for alleviating or addressing this charge, I would greatly appreciate guidance on the relevant procedures.

I look forward to your esteemed assistance in resolving this query, ensuring a seamless alignment of expectations with actual practices within our banking relationship.

Yours faithfully,

[Your Name]",top_up_by_bank_transfer_charge,polite_expert
5ec0bc41-770e-486f-80f3-aa67d0f11881,"Dear Esteemed Client,

I trust this communication finds you well. I am writing to express a concern regarding an unexpected charge that has arisen from transferring funds into my account to effectuate a top-up. Despite my understanding that such transactions typically incur negligible fees, it appears that in this instance an additional fee was applied.

To ensure clarity and address any potential discrepancies, might I kindly request you to review the transaction details within your banking records? Additionally, if there are further insights or clarifications regarding this charge, your assistance would be immensely appreciated.

Thanking you for your prompt attention to this matter. 

Yours sincerely,

[Your Name]",top_up_by_bank_transfer_charge,polite_expert
4f74dfa2-4b6b-47e8-99ff-9c03ffeac284,"Esteemed Customer,

I hope this message finds you well. I am writing to address an issue that has occurred during one of our recent transactions involving a top-up via bank transfer. It appears that there may have been a charge associated with this action, and it is imperative for us to clarify the nature of these fees. Could you kindly provide some additional details regarding your account balance prior to and following the transaction, as well as any notifications you might have received? This information would greatly assist in reviewing the situation promptly.

Your cooperation in resolving this matter is highly appreciated, and I assure you that we will endeavor to address it with utmost diligence and precision.

Yours sincerely,

[Your Name]  
Customer Support Specialist",top_up_by_bank_transfer_charge,polite_expert
f3a705d7-a673-400c-ae4d-44e47e45948e,"Hey 😅, I'm trying to add some cash to my account but those bank transfer fees are totally eating into my funds. Can we cut that down or like, get around them somehow? Thanks a bunch! 🙌",top_up_by_bank_transfer_charge,gen_z_slang
a7e311f3-4fd3-43cc-9af8-6137ed5c54bd,"Hey, so like, I transferred some cash into my account for a top-up, but there's been this random charge on my account that wasn't supposed to be there? Is anyone else getting hit with fees when they do transfers just for topping up and not buying something outright? It’s kinda bugging me. Can you sort it out or explain why I’m being charged extra? Thanks!",top_up_by_bank_transfer_charge,gen_z_slang
a4e6a996-48b2-4597-b346-9808357f237b,"Hey there! So like, I've been trying to top up my account using a bank transfer and every time I do it, they hit me with these crazy charges 🙄. Is there any way to avoid them or something? Like, maybe there's a better method or a hidden tip you know of? Thanks in advance! 😊",top_up_by_bank_transfer_charge,gen_z_slang
b4463ae2-fb27-4ede-85a3-c5bd92ba1c38,"Heya! So like, I was tryna top up my account using my bank transfer but apparently there's a charge for that? Like, wtf, what's the deal with that fee? Can ya help me sort this out? Thanks!",top_up_by_bank_transfer_charge,gen_z_slang
979ff3f8-15a9-4c5f-98b7-ee5d14e3beb1,"Hey, so like, I was trying to boost my bank balance with a transfer from another account but legit had to pay extra fees. Not chill at all when you're just trying to keep those accounts rolling smoothly. 😒 Could we maybe sort this out or find a way around the charge? Thx!",top_up_by_bank_transfer_charge,gen_z_slang
b10080ee-bb1e-44f0-a859-7e0599bbe7a0,"Yo, so like, I tried to top up my account using a bank transfer, but ugh, there’s this charge that just popped up outta nowhere? Wasn’t expecting any extra fees for this. Can you help sort this out? Thanks! 😬",top_up_by_bank_transfer_charge,gen_z_slang
3fcf8c75-61bb-4c8c-934e-addac47cd44b,Hello! I have a question. I want add money to account but there is charge for bank transfer. Is it possible do without fee or maybe you can help me avoid this charge? Thanks very much!,top_up_by_bank_transfer_charge,non_native_speaker
96ab7148-907f-42f8-b6da-1544f55eb501,"Hello, I have bank transfer top up but charge is there. No want charge when I do this. Can help me please?",top_up_by_bank_transfer_charge,non_native_speaker
5b2ed80c-491a-4171-83a6-2cd30b36e2f1,"Hello, I have a question. When I do bank transfer for top up my account, there is charge added. Is this normal? Why they take extra money for this? Please help me fix or explain. Thank you very much!",top_up_by_bank_transfer_charge,non_native_speaker
24d1a417-5d75-4fa0-ae2e-cee0e93aa15b,"Hello, I have one question about my bank account. When I make a bank transfer to top up my card, it seems like there is a charge that happen. Can you tell me why this happens? I not sure if it should be like this or can it be less charge? Thank you!",top_up_by_bank_transfer_charge,non_native_speaker
d7353d95-2081-45af-b4de-2711f5d3084e,"Hello, I try bank transfer to put money into account but there charge fee. How can fix? Please help with this issue. Thank you!",top_up_by_bank_transfer_charge,non_native_speaker
627b9372-5840-407d-b2c7-a46f6539a6d0,"Hello, I have trouble with bank transfer charge for top-up. Can you help make less or stop this fee? Thank you!",top_up_by_bank_transfer_charge,non_native_speaker
4770105f-f45f-4aa0-90ad-8382ee477a56,Transfer charge on top-up?,top_up_by_bank_transfer_charge,short_wording
911c54c4-eeec-4981-9192-f5d3275a1d14,Bank transfer charge? Need waive for mobile top-up. Help?,top_up_by_bank_transfer_charge,short_wording
0017e598-4aaf-4728-b48d-f17abfe539c2,Bank transfer fee for top-up?,top_up_by_bank_transfer_charge,short_wording
077afe7d-e799-404b-bbd4-e2ffcf0597f8,Transfer top-up fees high? Reduce/eliminate these charges? Possible?,top_up_by_bank_transfer_charge,short_wording
6b28dab0-2f10-4655-b5f6-a6edb8eaa3d0,Bank transfer top-up fee?,top_up_by_bank_transfer_charge,short_wording
3f15cecf-c869-40bf-80cf-74e9a0b0238d,"Top-up by bank transfer, but charges? Why fees applied?",top_up_by_bank_transfer_charge,short_wording
8b3c1206-3f52-4b9d-98ac-a3e42047d070,"Hey! Listen, I just tried putting cash on my prepaid thing with a card and it’s like a damn joke over there. Every single time I try, they charge me twice or nothing goes through at all. This is ridiculous! Can’t you folks fix your dang system so it actually works when I need it? It’s driving me nuts!",top_up_by_card_charge,angry_layperson
c92c395d-1fce-401c-aa34-2bc9dc774a4a,"Listen here, I'm livid! I tried using my card to put some cash into this account of mine, right? And guess what? It's just not working! Every time I go through that damn process, it’s like hitting a brick wall—no response, no confirmation, nothing at all. Pay attention and fix this mess now!",top_up_by_card_charge,angry_layperson
758e829f-fc33-4b24-b3b5-bf1f2f76f75d,"Hey, listen up! I went to my app just like always but now it won't let me top up my account using my card. This is just ridiculous! I ain’t got all day for this nonsense. Can you sort it out quick or what? Fix this mess immediately! Seriously, I'm losing it here.",top_up_by_card_charge,angry_layperson
1b3dd8cf-7fd0-4326-90f8-479c395f942d,"What the heck is going on with my account? I tried slapping that stupid card charge on there to make some extra cash, but nothing's happening! It’s like you folks are trying to mess me around or something. Can someone actually get their act together and fix this right now before it drives me completely nuts?!",top_up_by_card_charge,angry_layperson
072d49c9-7f0b-4e06-a5a5-caf9dad8bef6,"Hey, listen up! My card's been charging me all willy-nilly when I just wanna add some cash into my bank account without losing half my savings on those dang fees! This is a total rip-off – can you sort it out or what?",top_up_by_card_charge,angry_layperson
9d919c55-d36b-4675-9cbb-dc9a6413ea93,"Hey, listen up! I just tried putting money into my account using a card charge, and guess what? It’s a no-go! My dang account's still empty while my buddy's balance is jumping around like crazy. Fix this crap fast or you’ll be hearing more from me. Get it sorted, or there'll be hell to pay!",top_up_by_card_charge,angry_layperson
4fc0891e-ae72-422a-824b-81d792c10bfe,Need to top-up account now no service charge please ATM card only urgent can’t wait long hours lost money emergency funds are needed ASAP help immediately!,top_up_by_card_charge,panicking_emergency
d982764a-0835-4064-97c0-ceb639351259,Help me! Need urgent credit card top-up immediately! Money running out can’t wait this is an emergency I’m stuck at gas station no cash ATM gone broke now! Please fast fix before I lose everything!,top_up_by_card_charge,panicking_emergency
f73c7b24-6d60-476d-abe4-02307cd72cf6,I need to transfer money immediately my card charged but I don't have enough funds can you help me reverse or redirect this quickly please? I'm so worried about overdraft fees!,top_up_by_card_charge,panicking_emergency
c337ae5b-c0ca-4268-9ecb-bd53277044ad,"I need help fast! Just tried top-up using my card but charge never came through something's wrong with my account balance not updating or what if they charged me twice? I can’t afford this mess right now, money issues are piling up! Urgent assistance needed to resolve before it hits zero!",top_up_by_card_charge,panicking_emergency
7557c5d6-e217-43bd-8883-57fc7fad34d1,can't make payment through card need top up balance immediately got urgent bill due now please help fast how do I get this done?,top_up_by_card_charge,panicking_emergency
12397d69-888a-4a47-93af-beb9ba461278,Got a card charge but no money in account! Need credit top up now urgent! Bank needs to sort this fast or I’m in serious trouble! How do I get through to someone who can help immediately?,top_up_by_card_charge,panicking_emergency
b5c4afcf-5f3f-4a37-b762-e9b56b36c6f2,"Dear [Customer Name],

I trust this message finds you well. I am writing to inform you of a matter regarding an additional charge that has been applied to my account due to the recent attempt to top up via card transaction. I would be most grateful if you could kindly elucidate the details surrounding these charges, including the breakdown and justification for their occurrence. Furthermore, should there exist any means to ameliorate or challenge this imposition, your guidance on how best to proceed would be highly appreciated.

Thank you in advance for your assistance with this matter.

Yours sincerely,

[Your Name]",top_up_by_card_charge,polite_expert
92656ed0-7ad5-4a3a-a96c-fdd7c70c83dc,"Dear Sir or Madam,

I hope this message finds you well. I am reaching out with a request regarding an alternative method for augmenting my account balance, specifically by utilizing the option of charging to a debit or credit card. My intention is to explore if our esteemed banking institution can facilitate such transactions and what procedures would be requisite.

If possible, could you kindly provide guidance on how to proceed with this process, including any terms and conditions that may apply?

I greatly appreciate your assistance in this matter and look forward to your prompt response.

Yours faithfully,

[Your Name]",top_up_by_card_charge,polite_expert
33cc2fdb-0d81-4213-b77c-be8c16b85885,"Esteemed Account Holder,

I trust this correspondence finds you well. I am writing to express a concern regarding an issue encountered while attempting to augment the funds within my account utilizing a card charge method. It appears there may be a discrepancy or obstacle inhibiting the successful completion of this transaction, and I would greatly appreciate your guidance in resolving this matter promptly.

Thank you for your esteemed attention to this request.

Yours sincerely,

[Your Full Name]  
[Your Account Number]",top_up_by_card_charge,polite_expert
df5acda9-d3b9-4fad-90b0-fe420d21ea86,"Greetings,

I am reaching out to address a recent concern regarding an inadvertent charge associated with my account, specifically linked to the top-up process via a debit or credit card. It appears that this transaction has resulted in duplicative debiting from my nominated payment method. I would greatly appreciate it if you could kindly investigate this matter and provide guidance on how best to rectify any erroneous charges so they may be appropriately refunded. Your prompt attention to resolving this issue will be highly esteemed.

Thank you for your assistance.

Yours sincerely,

[Your Full Name]
[Account Number]",top_up_by_card_charge,polite_expert
db5a17f8-a9f7-4176-b0b4-65599cd6665e,"Certainly, I am here to extend my assistance regarding a matter of financial convenience pertaining to enhancing the balance of your linked account using a debit or credit card transaction. 

I trust you are enquiring about the process wherein you can seamlessly execute a charge to your chosen payment card as a means to allocate additional funds directly into your bank account. This operation offers an advantage in terms of expediency, allowing instant availability of assets for withdrawal or deployment towards various transactions.

To proceed with this service, please ensure your linked debit or credit card is approved for this functionality by our institution and that you possess full awareness regarding any associated fees delineated within your card's terms of use. Upon confirmation of these prerequisites, I would recommend visiting your online banking portal where the 'Funds Transfer' option can be selected. Herein, under the specified category relating to external account funding, input the requisite amount for transfer and authorize the transaction as you would any routine payment.

Should there be any queries regarding this process or if further clarification is needed on eligibility criteria or fee structures pertaining to your specific card, do not hesitate to reach out. Our endeavor remains steadfast in providing clear guidance tailored to your financial endeavours.",top_up_by_card_charge,polite_expert
4fd4713a-aed8-4722-b3e6-7d5fd9c8c8bc,"I hope this message finds you well. I am reaching out to address a particular concern regarding the facilitation of a monetary addition to my account via an associated charge on my debit or credit card. It appears, regrettably, that there have been some discrepancies in this process which necessitate your esteemed assistance. Could we kindly explore a resolution at your earliest convenience? Thank you for your attention to this matter.

Warm regards,

[Your Name]",top_up_by_card_charge,polite_expert
4e582a89-34b9-41dd-8681-9780b9c4bb82,"Yo, so like my bank account's crying for help and I wanna slap a bit of cash on it using my card but I don't even know if it's a thing? 🤷‍♀️ If that’s a yes, how do I even start? Cuz rn I’m just here trying not to bust out into TikTok dance frustration. Help a girl out, please!",top_up_by_card_charge,gen_z_slang
a3a9a221-593f-40a1-a2c0-f02ebb522f72,"Hey, so I need some help here 🙏 I just bought a top-up using my card, but it's like, charging me twice? Can we sort that out ASAP? Thanks! 🔥",top_up_by_card_charge,gen_z_slang
6e2bf29c-aaa3-4173-b93b-44a40af44668,"Heyo, so like I tried adding some cash to my account using my card, but instead of boosting my balance, it just charged me? What's up with that! Could ya help sort this out for real quick? Thanks, fam! 🙏",top_up_by_card_charge,gen_z_slang
609f9550-16fc-4ae7-b7ff-373bbcfeeaf1,"Yo, so like, I just need my card to charge directly into my bank account when I'm topping up my phone or whatever. Can you help make that happen? 🤔",top_up_by_card_charge,gen_z_slang
24af4cd0-7a30-4435-929a-eb67d44a1d88,"Hey! Quick q, I wanna top up my bank balance using that extra charge on my card when I swipe at places. Can ya help me make this happen? Thx! 🙌",top_up_by_card_charge,gen_z_slang
bc644535-34cb-49bf-aaeb-ad98db4e618d,"Hey, so like my card is out of cash but I wanna get some funds into my bank account ASAP. Can I top up by charging my card or something? 😅 Just need a quick fix cuz plans are about to go down this weekend. Thanks! 🙌",top_up_by_card_charge,gen_z_slang
fd755a0a-5295-4054-8074-4506331693d9,Hello! I want add more money to my account using card. It charge a small fee too. Please help me do this? Thank you!,top_up_by_card_charge,non_native_speaker
85677c37-fbe5-4d5f-a664-4a8d1c1a25f1,"Hello, I have bank card. I want put money in my account with this card. Like charge money from card to bank. How can do? Thank you very much!",top_up_by_card_charge,non_native_speaker
8e700489-5b43-4bc7-870c-a4fb7d3d4062,"Hello, I need help please. My card is not working for top up. Charge money from my card but no add it to balance. Can you fix this? Thank you!",top_up_by_card_charge,non_native_speaker
07643f9b-3365-43dd-837e-0323428aff91,"Hello, I have a bank card. Want add money on my account using this card. How can do this? Much thank you for help!",top_up_by_card_charge,non_native_speaker
8948848a-e3c9-422a-9aa7-a1c0ec498b23,"Hello, I need help with adding money into my account using a card charge. How can do this? Thank you for helping me!",top_up_by_card_charge,non_native_speaker
7bea2ac6-1dbb-472b-9d8f-c2a9dfe32caa,"Hello, I need help with my card. I want to add money to my bank account using another card. It is not charging right. Can you make it work? Thank you!",top_up_by_card_charge,non_native_speaker
2436e5f2-7583-44c3-a412-0ae6a8345ba5,Top up request card charge issue?,top_up_by_card_charge,short_wording
92fff69a-199e-418f-af10-034a6df5350b,Card charge for account top-up? How? Missing details? Need help!,top_up_by_card_charge,short_wording
011c0cd3-e70a-4af0-b4ca-120350114158,Top-up card? Not working. Need fix.,top_up_by_card_charge,short_wording
9451e1ad-69f2-44d4-853c-f4a4e5958988,Charge by debit/credit? Need link setup.,top_up_by_card_charge,short_wording
29bc2657-1a7c-4d60-b352-10248f775ffe,Top-up by card charge failed. Need help.,top_up_by_card_charge,short_wording
e6cb0f04-bfd0-43c7-a685-49d1710ecb06,"Card top-up, auto-charge? Details?",top_up_by_card_charge,short_wording
b80bf64b-dfc8-4d3b-a8aa-f26fb94dda63,"Hey! This is ridiculous, I can’t believe you lot don’t let me just stick some cash or a cheque into my account like normal people do! It's not rocket science—I want to add money without all this digital nonsense. Fix it already!",top_up_by_cash_or_cheque,angry_layperson
c142e381-b81d-49ec-924f-8bd912df5775,"Hey, listen up! I just can't believe you guys made this so complicated! All I did was walk into the bloody bank with some cash and a cheque, trying my darndest to add more to my account, and guess what? It’s like they’re playing hide-and-seek with me. Do you need a map or something? Fix this mess, will ya? I’m not here for games; I just want to add that money without jumping through flaming hoops!",top_up_by_cash_or_cheque,angry_layperson
2874ba6c-dba9-43f8-b99a-9c43589726cc,"Hey, listen! I just want to chuck some cash or a cheque into my account because you folks can’t seem to handle this simple thing online. And why is it so dang hard? It’s like pulling teeth trying to get something done here! Just let me top up my balance without jumping through hoops. Fix it already!",top_up_by_cash_or_cheque,angry_layperson
2c2ad359-1d3b-49c6-94db-64c9e455e8e0,"Look here, I'm banging my head off because nobody seems to get it! How hard is it to shove some cash or a bloody cheque into an account?! You'd think they made this on purpose just to tick me off! It's like pulling teeth trying to do anything straightforward at your bank. Can someone actually help without making my eyes pop out from all the runarounds, huh?",top_up_by_cash_or_cheque,angry_layperson
03ffa61f-10a1-4913-a4be-d23be8e098cf,"Yo, listen up! I went down to your damn store with some cold hard cash ready to boost my card balance, but they wouldn’t take a penny of it or even look at my cheque without giving me the runaround like I'm some sorta criminal! What is this craziness? You lot gotta get your act together and let regular folks do what you advertise – put their own money on those bloody cards without all these hoops to jump through! Fix it quick, or else heads are gonna roll.",top_up_by_cash_or_cheque,angry_layperson
947a4395-eec5-4fe7-a295-9d88b3f8d770,"Alright, listen up! I'm here trying to get some cash or a cheque shoved into my account, but this digital world is driving me nuts! Can someone just tell me how to do this without making me pull out what's left of my hair?! It's like they want you to jump through hoops on fire for something as simple as adding a few bucks. Just point me in the right direction and let it be over with, will ya?",top_up_by_cash_or_cheque,angry_layperson
30881f34-27bb-40d9-b227-7e4b884ede21,Need cash immediately ATM out of service urgent top-up needed with cash or cheque can someone help ASAP my account emergency situation lost access to funds!,top_up_by_cash_or_cheque,panicking_emergency
72424d99-604f-48ca-b6b4-3b4e46242d2b,URGENT! I need immediate help my account is empty can’t make payment today found some cash also have a cheque only option to solve this now how do I put these into my account fast? Need instructions ASAP!!! Please hurry!!!!!!,top_up_by_cash_or_cheque,panicking_emergency
1209d1e5-025a-48be-a653-e577a7ecbf8e,Need money transferred fast got a paycheck waiting at cash machine can I add funds using that or what about my check needs to get into account now! How do I move this quickly? Please help urgent!,top_up_by_cash_or_cheque,panicking_emergency
0c4923f5-6cf7-4304-ab69-dfbea48d3c29,"I can't believe this! I need to add money now urgently, my account's almost empty! Can't do card transactions – lost it!! Need cash or cheque option only! What am I supposed to do? This is critical, really urgent help please!",top_up_by_cash_or_cheque,panicking_emergency
4e34d893-0742-4155-acdd-46d1b569a98a,Help I need to add money fast through cash or cheque my account is almost empty lost job no time can you do this now? urgent pls,top_up_by_cash_or_cheque,panicking_emergency
fa64a60f-630e-474f-a5d8-76c8d497ff29,urgent help needed cash or cheque top up account missing money desperate need transfer option explain fast my card is empty bills piling up can't pay for gas or food please tell me how this works I'm losing it,top_up_by_cash_or_cheque,panicking_emergency
5b0d24e5-e46f-4dfc-937c-900dc252c5c9,"Gentle Greetings,

I hope this message finds you well. I am reaching out to seek assistance with a matter pertaining to augmenting my account balance using physical currency or a cheque, if that may be accommodated by your esteemed institution. Could you please provide guidance on the procedures and requirements involved in effectuating such transactions? Your expertise would be greatly appreciated.

Yours sincerely,

[Your Name]",top_up_by_cash_or_cheque,polite_expert
857ed6a8-77ca-4733-b440-95e04117bc7a,"Dear Esteemed Customer,

I am writing to assist with a matter of importance concerning the augmentation of funds within your account using physical cash or cheque contributions. Kindly provide me with any pertinent details, such as the amount you wish to deposit and whether this contribution will be facilitated via branch visitation or through an alternative arrangement. Rest assured, I shall guide you meticulously through the necessary procedures to ensure a seamless transaction.

Sincerely,

[Your Full Name]
Customer Support Specialist",top_up_by_cash_or_cheque,polite_expert
05fbe93f-8a2d-4528-8f34-064302721829,"Certainly, I am writing to seek assistance regarding a matter concerning the enhancement of my account balance utilizing either cash or cheque deposits. It would be most appreciated if you could elucidate on the procedures and requisite documentation involved in this process at your earliest convenience. Additionally, information pertaining to any pertinent fees or processing durations associated with such transactions would be highly valuable for planning purposes.

Should there be multiple options available regarding the method through which these transactions are processed, kindly provide detailed guidance on each alternative presented. I believe your expertise in this matter will greatly aid me in efficiently managing my financial affairs. Thank you very much for your assistance and anticipation of a prompt response to facilitate a seamless transactional experience.

Yours sincerely,

[Your Name]  
[Account Number]",top_up_by_cash_or_cheque,polite_expert
14a60cb7-0d01-4365-9ca4-b79eabf4f06e,"Good day,

I am reaching out with a matter of considerable importance concerning my financial account management. I wish to inquire about the procedures you may have established for crediting funds onto an existing account utilizing either cash or cheque deposits. Could you kindly elucidate on this process, including any pertinent requirements or documentation that would be necessitated for a seamless transaction? Your assistance in providing clarity on these matters is most appreciated.

Yours sincerely,

[Your Name]",top_up_by_cash_or_cheque,polite_expert
40fe85a9-5fa7-4909-980a-94469a3269c6,"Dear Banking Support,

I trust this correspondence finds you well. I am writing to inquire about the possibility of augmenting my account balance through a cash deposit or by utilizing a cheque. Could you kindly provide detailed instructions on how to proceed with such transactions, including any requisite documentation and potential processing times? Additionally, I would greatly appreciate information regarding the branch locations where these services are most conveniently accessed.

Thank you for your assistance in this matter.

Yours sincerely,

[Your Name]",top_up_by_cash_or_cheque,polite_expert
1c4c2a9a-f4f1-450d-9962-5bda4f9cc88a,"Dear Esteemed Customer,

I hope this communication finds you well. I am reaching out to inquire about the possibility of augmenting my account balance through a direct deposit facilitated by cash or cheque. This method, as outlined in our financial services, would provide an invaluable convenience for managing my funds more seamlessly.

I appreciate your guidance on the necessary steps and documentation required to proceed with this transaction. Your expert assistance is greatly anticipated.

Kind regards,

[Your Name]",top_up_by_cash_or_cheque,polite_expert
2f5c497f-f76f-4ee6-bf7c-23a39d3533db,"Hey! So like, I've got a bit of cash and this old-school cheque that needs to, y'know, make its way into my bank account. 🤔 Can you help me figure out how to add these to my balance without making it feel like ancient history? Thanks a bunch! 😊",top_up_by_cash_or_cheque,gen_z_slang
0c649058-dfb4-431b-a243-cd00963437ea,"Hey there! So like, I totally need to boost my bank balance but doing it in-person with some cold hard cash or maybe even with a check? 🤔 Can u help me figure out how to slide that into my account without any drama? Thx!",top_up_by_cash_or_cheque,gen_z_slang
399930a2-2ce0-4f8f-8aca-ff6acd1597e0,"Hey, so like, I've got some extra cash and a chill cheque rn 🙌, and I wanna just slide them over into my account without any fuss. Can you help me do that? 💸🤔 Would be epic if there was an easy way to just boost my balance with these, ya know? 😅",top_up_by_cash_or_cheque,gen_z_slang
b87f16a3-af20-45c5-a248-ad8b02c85b94,"Hey, so I've been trying to figure out how to boost my account balance with some real-life cash or a cheque. Like, is that even a thing anymore? Can you walk me through what I gotta do or where to go for this kinda vibe? Thx! 🙏",top_up_by_cash_or_cheque,gen_z_slang
bee3648b-90e6-43fe-9e0a-6c17f5de425e,"Hey, so like, I got some cash here coz of my parents’ help, but I need to load it up on my bank app or something. Also got a cheque from Auntie Sue as a gift, can I do that too? How’s that work? 🤔 Need the deets ASAP!",top_up_by_cash_or_cheque,gen_z_slang
4f3ad0b1-841d-4c9c-a556-53ceec2dc4dd,"Hey, so like, I wanna do a quick deposit using my cash or one of those old-school checks – is that even a thing anymore? 🤔 Need some deets on how to get it done with minimal hassle. Thanks! 😎",top_up_by_cash_or_cheque,gen_z_slang
422a31b8-f24e-44a5-9b70-98d1f6dcd226,"Hello, I am trying to add money to my bank account. Can this be done with cash or maybe a cheque? Thank you very much!",top_up_by_cash_or_cheque,non_native_speaker
8495ac0a-8f67-4939-b82f-559c07551050,"Hello, thank you for help. I need to add money to my bank account using cash or maybe cheque. How I do this? Can say me steps please? Thank you very much!",top_up_by_cash_or_cheque,non_native_speaker
2ba398ea-1530-44ca-af06-f290b351bd84,"Hello, I want help. I have cash or cheque and need put money into my bank account. Can you tell me how? Thank you!",top_up_by_cash_or_cheque,non_native_speaker
d2e2e658-f6e9-44a7-81c1-051e1847e098,"Hello, I need help please. My account not have enough balance. I want to add money using cash or maybe use a cheque. Can you tell me how this work? Thank you!",top_up_by_cash_or_cheque,non_native_speaker
80dcfa7a-89ba-4366-882b-6ae58014620e,"Hello! I need help. Can add money to my bank account using cash or cheque? Please, can you show me how do this? Thank you!",top_up_by_cash_or_cheque,non_native_speaker
970b5429-8d04-4316-a252-7cf7b2ca34c4,Hello! I have small question. I need help with adding money to my account from cash or cheque. How can I do this? Please tell me step by step if you can. Thank you very much!,top_up_by_cash_or_cheque,non_native_speaker
2198ad08-8caa-4bca-a02e-14b01f9b6369,Cash/cheque top up? How?,top_up_by_cash_or_cheque,short_wording
1a2a5aa9-b3e4-4038-80af-4ef2b90d2465,Need bank account top-up via cash/cheque. Possible? Instructions?,top_up_by_cash_or_cheque,short_wording
c402513b-7c54-416c-ae47-1873cfdebfaf,"Need cash cheque add money balance  

Need top-up via cash/cheque, how?  

Cash/cheque deposit for account top-up  

Add funds with cash/cheque option?  

How to increase balance using cash/cheque?  

Steps to deposit cash/cheque for extra funds?  

Process for topping up account by cash/cheque  

Account balance add - cash or cheque method needed  

Can I use cash/cheque to boost account balance?",top_up_by_cash_or_cheque,short_wording
9347a962-44ca-4359-a902-540da497af64,"Need deposit cash or cheque  
Account balance boost - how?  
Where top up with physical payment?  
Instructions for manual deposit needed",top_up_by_cash_or_cheque,short_wording
6dd25620-7260-4918-ae7b-c61dbe69bcb1,Need cash/cheque add bank account. How?,top_up_by_cash_or_cheque,short_wording
bc8ab60c-f289-4a85-9c7b-ebee890612db,Top up account with cash/cheque - how?,top_up_by_cash_or_cheque,short_wording
90cda293-0e54-4028-9f17-07c88f70acfb,"Oh for crying out loud, I tried to put some cash on my card and it’s like hitting a brick wall! My phone just laughs at me when I try! This is ridiculous; I can’t believe this junk isn’t working when I really need it to. What am I supposed to do now? Fix this mess or do I have to start sending letters to your office or what?!",top_up_failed,angry_layperson
7f723e68-ab33-47d8-93d5-29d111af7bf1,"Hey! What the heck is going on? I tried putting some cash into my card, right? And now nothing's working! Every time I try, it just gives me grief like it never existed. Fix this mess, will ya? This ain’t funny anymore, and I’ve got places to be without these stupid errors getting in the way!",top_up_failed,angry_layperson
d2a9865c-57a2-4137-b462-f8e502357854,"Hey, listen up! I did everything like a rocket scientist trying to get some money onto my card through that stupid app you guys made, but it's just sitting there laughing at me—zilch, nada! So what's going on? Why am I stuck here while my damn phone thinks it’s smarter than your system? Fix it or at least tell me why I can't use my hard-earned cash!",top_up_failed,angry_layperson
766553c2-9682-4617-a8b0-2c58d2b50ab6,"Hey, listen up! I tried topping off my card like a hundred times today, and every single one of them hit me with a no-go message! It's driving me nuts! My phone keeps acting like some stupid robot telling me it can’t do its job. What the heck is going on? Fix this or I'm seriously gonna lose it!",top_up_failed,angry_layperson
7825af65-dca8-4508-b637-6109bd0cd898,"Listen here, I tried putting some cash on my card like a billion times today, and every single time, you lot just mess it up! My phone’s lit with notifications about failed charges, and now I’m stuck without any money at all because of your crappy service. Can’t you get anything right? Fix this crap now or face the wrath of a seriously ticked-off customer!",top_up_failed,angry_layperson
783adc0e-49b7-4727-ade4-36707dfd2e99,"Listen up! I tried adding more dough to my account, but guess what? It flat-out refused! This is totally messed up—my money’s just sitting there doing nothing while my bills are screaming for cash. Fix this mess now or else I'm done wasting time on this nonsense!",top_up_failed,angry_layperson
0d51f9c6-7a64-4438-a67b-ab0a76965089,I tried topping up my account multiple times nothing is working I'm freaking out got bills due today what happens if the system is down can you please fix this immediately need help stat,top_up_failed,panicking_emergency
c806b1e0-45d1-4b41-a1d3-c8ef1bf40e31,"Urgent need help top-up didn't go through can't access my funds total chaos! Trying again keeps failing, what do I do? Phone is ringing off hook bills piling up here. Need someone now! Can’t wait!!",top_up_failed,panicking_emergency
88d97344-814a-4fac-9d10-6e3f9fd18287,Guru meditation error need cash now tried four times ATM says rejected balance shows plenty why won’t work emergency here fix this I’ll lose my job if no money today pls urgent help!,top_up_failed,panicking_emergency
49317d94-9939-4a38-bd82-8fd3301798b8,"My bank card payment didn't go through! It's for my electricity bill, and I'm going to be cut off! This is urgent, help me, please!",top_up_failed,panicking_emergency
a843386e-c6a7-4e02-8600-d55f8b43413f,urgent help needed my mobile account just wont top up card says insufficient funds but money was there yesterday tried again no luck i checked balance everything seems fine but still cant add cash to my phone its a major emergency for me please sort this out asap,top_up_failed,panicking_emergency
16dfa8fd-a586-47f6-a392-2d6649b28c15,can’t get through to you my card needs cash urgently won’t work tried everything help now or money gone,top_up_failed,panicking_emergency
19468136-1b67-4e48-8f62-3c2dc1a74d71,"Dear [Customer's Name],

I trust this message finds you well. I am writing to bring to your attention an issue that occurred recently related to a transaction intended for a mobile balance credit via our banking platform. Regrettably, despite multiple attempts, the process did not culminate in success, and thus I find it imperative to request assistance in understanding what might have precipitated this inconvenience.

To facilitate a thorough examination into the matter, could you please provide me with any relevant details such as the time of the transaction attempt, the method used for top-up, and if any error message was displayed on your end? Your cooperation is highly appreciated as we strive to resolve this matter expeditiously and restore your banking experience to its optimal level.

Thanking you in advance for your prompt response. Should you require further clarification or support in the meantime, please do not hesitate to reach out.

Yours sincerely,

[Your Full Name]  
Customer Support Specialist  
[Bank's Name]",top_up_failed,polite_expert
6d709081-1619-476b-bb6e-ce7041e616d5,"Dear Customer,

I trust this message finds you well. I am writing to convey that, regrettably, there has been an unsuccessful attempt to augment the balance of my account through a recent transactional endeavour. The precise nature or locus of the issue is presently unclear, which necessitates further investigation.

Might I request your assistance in rectifying this matter? Specifically, could you please verify whether all pertinent details pertaining to the transaction were accurately entered? Additionally, it would be beneficial if we might ensure that there are sufficient funds available within the linked account or card from whence the transfer was initiated. Should these preliminary checks prove inconclusive, I would greatly appreciate your guidance on any further steps required to facilitate a successful completion of this financial operation.

I am keenly awaiting your esteemed response and thank you in advance for your assistance in resolving this matter with suitable expediency.

Yours sincerely,

[Your Name]  
[Your Account Number or Customer ID]",top_up_failed,polite_expert
9de8c63b-f99f-4aa2-b3bc-1dfe89bb9935,"I regret to inform you that I have encountered an issue with successfully transferring funds to my account. Despite following all necessary protocols, including possessing a valid transaction amount and ensuring sufficient balance within the originating account, the process did not conclude as anticipated. Could you kindly assist in elucidating any potential barriers that may be hindering this transaction? Your expertise and guidance would be greatly appreciated to rectify this matter promptly.

Warm regards,

[Your Name]",top_up_failed,polite_expert
b270920b-bc0c-4d58-90a2-1b027cb47d1b,"Good day,

I would like to bring to your attention an issue I have encountered while attempting to execute a transaction for increasing my account balance via a direct deposit. Despite adhering to the prescribed procedures, the process has not been completed successfully. May I kindly request guidance on how to rectify this matter or any alternative solutions that could be recommended? Your assistance in resolving this prompt would be most appreciated.

Yours sincerely,

[Your Name]",top_up_failed,polite_expert
ef6fd7a1-ac59-4ce4-8efc-0e5c796d7c2b,"I regret to inform you that there appears to have been an impediment during my recent attempt to augment funds within my account via a mobile application transaction. Despite confirming the sufficiency of balance on my payment instrument, the operation did not conclude with success. I would greatly appreciate your expertise in elucidating potential causes and any requisite steps I should undertake to rectify this issue at your earliest convenience.

Respectfully,

[Your Name]",top_up_failed,polite_expert
ec0baa8d-e1b9-4852-b79a-3114e9491fac,"Greetings,

I hope this message finds you well. I am writing to inform you of a recent difficulty encountered during an attempt to augment my account balance through a top-up transaction, which unfortunately did not complete as intended. Despite following all prescribed procedures, the funds were not successfully transferred to my account. I would be most appreciative if you could kindly assist me in identifying and rectifying this issue at your earliest convenience.

Yours sincerely,

[Your Name]",top_up_failed,polite_expert
802c0744-4399-4067-8562-50da8b926a6a,"Hey! So I was trying to load some cash onto my card like usual, but it just went kaput 😩. Hit me with a fail message instead of that sweet green light. Any idea what's up or how I can fix this ASAP? Cheers!",top_up_failed,gen_z_slang
bd90ba1d-4fe2-4b87-b254-f8bad3d6e6d7,"Yo, so I was like trying to add some dough to my phone bill using this app thingy, but it's acting all weird and just won't go through 😤. Like, I've triple-checked everything, but still nada. Can you help sort this out? 🙏",top_up_failed,gen_z_slang
d5319d44-e793-4032-902e-1f9705fb1ed9,"Yo, so I was trying to like fully load my phone's data plan through the bank app but for some reason, it just ain’t syncing up? 🙄 Thought maybe it’s glitching out or something. Can you help me figure this mess out? Thanks a mil!",top_up_failed,gen_z_slang
2b513b26-d258-46b7-ba83-2fcd3f5f4b87,"Hey, so I was trying to add some funds to my card for that concert ticket, but it's like my phone just ghosted on me? Tried a few times already, and it’s still saying nope 🙄 Any ideas on what’s up with that? Cheers!",top_up_failed,gen_z_slang
dce08e8c-a8eb-4703-bdfe-8202f8b5cda3,"Hey, so like, I totally tried to do a quick top-up on my account cause I’m running low but for some reason, it just didn’t go through? 🤷‍♂️ Like, I hit confirm but nada happened?! Could you maybe check what’s up? Thanks! 😅",top_up_failed,gen_z_slang
b4811882-e860-418b-a11b-a28d427cfb44,"Ugh, so I was trying to slide some cash into my account cause I needed it ASAP for like, things but nope, that didn't even work 😑. Could you help me figure out what went wrong or something? Would be great if we could sort this 'coz I'm kinda in a pinch here. Thanks!",top_up_failed,gen_z_slang
748b248b-d23d-4559-8815-91309e9cfe4c,"Hello! I try do top-up my account, but no success. Transaction not go through. Please help fix this issue. Thank you.",top_up_failed,non_native_speaker
448ea79a-9c5e-4bae-a9fc-92fb524abdcd,"Hello, I try top up my card but no luck. Money stay in my account not on the card. Please help fix this issue? Thank you!",top_up_failed,non_native_speaker
b70031c8-c5aa-46e8-b902-08bbbfc77fa8,"Hello, friend! I try to add money to my card, but it not work. Maybe something wrong? Please help me. Thank you very much.",top_up_failed,non_native_speaker
a1349213-dfb6-409a-bbd5-9bdc91550a1c,"Hello, I try to add money to my card but not work. Maybe something wrong? Please help me fix this problem fast. Thank you!",top_up_failed,non_native_speaker
f21b143b-989f-492f-8633-58294da73582,"Hello! I try add money to my card, but no work. Why not? Please help fix this. Thank you!",top_up_failed,non_native_speaker
69e86438-3e01-43af-a64f-637222f17f37,"Hello! I try add money for card but not work. Maybe mistake? I try many time but always say no work. Can you help me fix, please? Thank you!",top_up_failed,non_native_speaker
b6b664a7-0b0d-4e28-b603-57ed9fbd9914,"Top-up failed. Tried again, still error. Help? Need money added. Why issue?

Sent from: 123-456-7890  
Time: 3 PM EST  

Thanks.",top_up_failed,short_wording
215d97a2-6eac-47e4-867a-da56286e7f8d,"Top-up unsuccessful  
Requested amount not reflecting  
Receiving error during transaction  
Need help with failed reload  

Feel free to clarify or provide more details!",top_up_failed,short_wording
035d84ff-45e5-456d-979c-232193b29dd4,"Top-up payment issue.

Message:  
Transfer declined.  

Details:  
Code 404. Help?",top_up_failed,short_wording
7a4e6cd0-e690-4824-8ad4-bc201ada4ad8,Top-up didn't work. Payment error. Help?,top_up_failed,short_wording
36d77f0c-30e0-45a8-8e20-e3ec3ae78df4,Top up didn't work. Urgent help needed!,top_up_failed,short_wording
8747d8b6-482f-42d8-92e5-e8f4f5e2b759,"Failed card load, urgent help

Money not added, need fix

Top-up error, assistance required",top_up_failed,short_wording
97cbb78a-27e9-430e-a17e-5871ba42403b,"Oh, for crying out sake! Every single time I try to add some cash into my account, this blasted thing tells me ""Nope"" because you've got some kind of invisible ceiling up there that just won’t budge. It's like trying to pour a gallon of water through a thimble—pointless and infuriating! Get your act together and fix it or I'm switching banks!",top_up_limits,angry_layperson
e96ea624-3c71-477c-8cea-d39755d1565b,"Listen, I’m absolutely livid here! Every time I try to chuck some extra cash into my account it just hits a brick wall! It’s like you’ve got a stupid invisible barrier stopping me from getting on with things. Can’t you get your act together and let us top off our accounts without this ridiculous nonsense? Fix it!",top_up_limits,angry_layperson
a20b30c9-0064-485d-989f-2e8bfa209dbb,"Hey, listen! I gotta ask you something here, because your system is driving me up the wall! Why the heck can’t I just add some more cash to my account without hitting a dang brick wall? It's like trying to squeeze water from a stone. I want to top it off when I need it and not be tied to this stupid limit that keeps pulling the rug out from under me. Get it fixed, will ya?",top_up_limits,angry_layperson
1f03fe52-2bac-465d-9e20-529aa5a7d2d2,"Hey, listen up! I'm fuming here because every time I try to chuck extra cash into my account, there's this invisible wall stopping me. It's like trying to stuff a square peg in a round hole while they've got my hands tied. Sort it out, will ya? I can't keep getting shoved down this rabbit hole with no way to add more dough when I need it!",top_up_limits,angry_layperson
437e0633-8acb-44fa-a388-3c7463e5f2de,"Oi, listen up! I'm fed up over here! My card's got a stupid limit on it that doesn't let me throw more money into my account when I need it most. Every time I try to add cash in, it’s blocked like some kind of joke. Fix this mess before I lose it completely!",top_up_limits,angry_layperson
7a8b4d9f-e916-446a-802c-d03c581a2916,"Oh great, another day of being stuck with these ridiculous limits on my account! It’s like I can’t even breathe without hitting an invisible wall that says, ""You can’t do anything more!"" Every time I try to load a bit extra into my wallet for emergencies or just to have some breathing space, boom, the system slaps me down harder than if I tried robbing a bank. How am I supposed to manage? Fix it already, or at least explain why you're keeping a tight grip on my own money!",top_up_limits,angry_layperson
efe7dec6-5b76-4e66-bd13-5e6d5a829ef2,I can't do it my top-up limit needs upped right now it's too low I've got no money left everywhere tried everything urgent help needed fix this fast or else what am I supposed to do,top_up_limits,panicking_emergency
1a4206e5-aba7-475a-9eee-298e9d664265,Need help urgently my card's max limit gone through I'm losing my mind can't make payments need this fixed now what do I do how fast can you fix it tell me who to call or text right away thank god someone can help ASAP no time to waste!!!,top_up_limits,panicking_emergency
35d06796-07ca-482e-81af-dbba615b43e1,Card won’t load! Need more funds ASAP! Can you help increase limit right now? Running out of options! Please hurry! 🙏,top_up_limits,panicking_emergency
ea12f3e3-b45f-4b88-89f7-d822c6f028a4,Urgent need transfer funds not enough account daily limit blocked unexpected emergency! Need quick increase limit or can't pay rent today desperate help needed immediately!,top_up_limits,panicking_emergency
43b767c7-ff36-4e69-acde-93219b11f8aa,"Need help now! Cash running out, can’t spend any more! Transfer limit maxed out urgently needs lifting please, I’m freaking out here! Help immediately or I’ll be in massive trouble!",top_up_limits,panicking_emergency
1c90c19a-7861-44fb-ba68-7fb60453157c,Need help right now can’t add money to my account limits set too low emergency situation funds running out! Please fix this urgent need more top up options help me ASAP!,top_up_limits,panicking_emergency
11fbcddf-5e92-4f1e-8978-fdac5b55259a,"Dear Esteemed Customer,

I hope this message finds you well. I am writing to inquire about the possibility of increasing the current upper threshold for my account's electronic fund transfer capabilities. As a proactive measure to accommodate potential future transactions, enhancing this limit would be greatly beneficial to meet my financial needs with ample margin.

Should you require any additional information or documentation from my end to facilitate this process, please do not hesitate to inform me. I am at your disposal for any clarifications needed in furtherance of this request.

Thank you for your attention and assistance in this matter.

Yours sincerely,

[Your Full Name]",top_up_limits,polite_expert
434c91a4-ba29-4e31-bf95-333f98e375a1,"Dear Esteemed Customer,

I hope this message finds you well. I am writing to discuss a matter pertaining to the enhancement of transactional boundaries within my account. Specifically, I would like information regarding any potential adjustments or modifications that can be made concerning the maximum permissible amounts for certain types of transactions. Your guidance on available options and procedures to facilitate such changes would be greatly appreciated.

Yours sincerely,

[Your Name]",top_up_limits,polite_expert
c863a5cf-a0ec-494e-86cd-b9a5c5f36422,"Dear Esteemed Customer,

I am writing to address a concern regarding the enhancement of transaction capabilities associated with my banking account. It appears that the current threshold for adding additional funds into my account's designated prepaid category may not suffice for certain financial requirements I have encountered recently. To proceed with an appropriate resolution, I would be most grateful if you could provide guidance on any procedures necessary to adjust these limitations. Your assistance in this matter is highly appreciated.

Kind regards,

[Your Full Name]  
[Account Number or Reference ID, as applicable]",top_up_limits,polite_expert
1e89acf4-f0db-48e4-a259-29f67be240db,"Esteemed Customer,

I hope this message finds you well. I am writing to request an extension on the current limits governing my account's capacity for electronic fund transfers. It has become imperative to adjust these parameters to accommodate a forthcoming increase in transactional volume, particularly as it pertains to scheduled deposits into accounts held with our institution.

Should you require any further information or verification of this request, please do not hesitate to contact me at your earliest convenience.

Yours faithfully,

[Your Name]
[Account Number]",top_up_limits,polite_expert
3fb286cf-fa69-496a-a8a7-d2658f481f54,"Certainly, I appreciate your inquiry regarding adjustments to the maximum thresholds for pre-approved funds that can be added to your account as part of its financial management services. Rest assured, our team is dedicated to providing you with precise guidance to ensure these parameters align optimally with your financial objectives and transactional needs. Kindly allow me a moment to gather the necessary details so we may proceed accordingly.",top_up_limits,polite_expert
81249825-3489-4a91-a403-70c19c599966,"Dear Esteemed Client,

I hope this message finds you well. I am writing to inquire about the available provisions for increasing the transactional thresholds associated with my current account or perhaps another financial product that I utilize through our esteemed banking institution. Understanding these parameters is crucial in facilitating a smoother and more efficient management of my financial endeavors. May I kindly request detailed information on how such adjustments can be approached within our banking framework, including any requisite formalities?

Thank you very much for your attention to this matter.

Yours sincerely,

[Your Name]",top_up_limits,polite_expert
68e76a24-3af1-491b-94c6-af2844d4eca1,"Heyoo! So, like, I've been trying to max out my card spend because obviously, I want to splurge on some lit stuff 🛍️ but it keeps saying ""nope"" and won’t let me go over my limit. Can you peep into that for me? Thanks a bunch!",top_up_limits,gen_z_slang
8c1f6ed2-682d-4cef-880f-54cd73a80286,"Yo, so like I wanna up my limit on these payments without getting all ""OMG, you're broke"" vibes from the bank. Can we make that happen? Cheers! 🙌",top_up_limits,gen_z_slang
69f4f180-6f74-4b7c-a794-942501bf7428,"Hey, so like, I've been trying to load my card with some extra cash coz I'm planning for an impromptu trip soon 🧳💸 but I keep hitting this annoying wall where I can’t add too much at once? Is there a way to up that limit or something? Thanks!",top_up_limits,gen_z_slang
25514a18-7c9c-4572-b79d-a8128f1b7b84,"Hey! So basically, I keep trying to add cash to my prepaid card, but it’s always like ""nah, fam."" It's been totally sus not being able to load up more than a few bucks. Can we chill on those restrictions and let me beef it up? Thanks 😏🔥",top_up_limits,gen_z_slang
9b4f918e-3285-4811-a4b7-5a1b9ba67f39,"Hey! So like, I've been trying to load my card cause I wanna pay for stuff without probs, but it's not letting me even when there're still some funds on my bank account? It's such a bummer 😩 Can you help figure out why it’s acting all extra with the limits or something? Thanxx! 🙏",top_up_limits,gen_z_slang
52748547-35cd-47e2-b47a-5b67f4e835fc,"Yo! So, like, I've been trying to hit up my card with some extra funds, but it's straight-up not budging over these invisible walls or something 😅. Could u level me up on how to boost what my card can take in one go? Cheers! 🙌",top_up_limits,gen_z_slang
4288db07-d381-4685-bb9e-0ab593e56e33,Hello! I have question about my card. How much money can I put on it every day? Is limit there? Thank you for help with this!,top_up_limits,non_native_speaker
d6a73fdd-33e6-4ceb-be81-0bdf35d77265,"Hello, I need help with how much I can put more money in my account every time. Can you tell me what limit is? Thank you!",top_up_limits,non_native_speaker
2c5ab055-0b12-4ad7-b62a-c2b32d84be15,"Hello! I am having trouble with my bank account. I want more money allowed for top-up, but this limit is too low. Can you please help me change or increase it? Thank you very much!",top_up_limits,non_native_speaker
0cdc2614-d93e-4f91-a5de-214be65286b0,"Hello, nice day! I have a question. My card, I want add more money often. Is there way make this easy? Sometimes I not know how much can put. Please help me understand limits for adding cash. Thank you very much!",top_up_limits,non_native_speaker
f9a25cef-dbde-49ad-bf75-44527189aace,"Hello, I need help with adding more money to my bank account fast. Is there a way to do this quicker? Thank you for helping.",top_up_limits,non_native_speaker
2ee26b66-ba82-4207-9d2b-93f1a55f8b5b,"Hello bank! I need help with change top-up limit. Now limit is small, I like more money for auto top up. Can you do this? Thank you!",top_up_limits,non_native_speaker
4479d40b-64ba-4421-b7c5-0778c4cc8b21,How often can I add money? Need max info.,top_up_limits,short_wording
566e00a5-10f0-4106-ad04-369ae7c79184,"Increase tops up, how? Max limit?",top_up_limits,short_wording
e4817cfa-ee8f-4ed4-b6d5-3f94d4c1fc7e,Limit increase inquiry? Want higher transaction amounts allowed? Help needed.,top_up_limits,short_wording
0c7c933b-0dd7-422a-878f-b4744452f689,"Need more funds, top-up cap? How increase limit?",top_up_limits,short_wording
7bdb111b-0954-4e49-bd92-4e26ebd04c08,"Need raise limit

Top-up cap low?

Want higher max",top_up_limits,short_wording
ccca4256-5796-4e77-9438-624b523fb53a,Need increase top-up cap,top_up_limits,short_wording
56ebea62-d1a3-4f89-bb23-0e86f0b1c26d,"Hey, listen up! I just topped up my card like a normal person would, not an idiot, right? But now, poof—my money’s vanished into thin air back to where it came from! Can you sort this mess out before I actually start flipping tables over here? This is seriously starting to tick me off big time!",top_up_reverted,angry_layperson
44c20389-c9d1-4db0-af1d-0f51da83a24c,"Hey! What on earth is going on with my account? I tried to put some cash into it, but now all those funds have just disappeared like a ghost in the night! It's like someone pulled a magic trick without asking me first. How do you expect anyone to trust your systems when stuff like this keeps happening? Fix it before I lose it and take my money somewhere else!",top_up_reverted,angry_layperson
fee8209e-88ed-489a-8197-41708f957f48,"Hey there! I just can’t believe what’s happening with my account. One minute I’m happy as a clam because I added some cash, and now look at me – no money in sight! This is absolute rubbish, like one of those magic acts where the rabbit disappears from the hat. What kind of circus is this? Fix it, or I swear, I’ll be making a royal stink about this mess every single day until someone sorts it out!",top_up_reverted,angry_layperson
82e19385-459a-4dd9-9e89-b27f92860bbe,"Yo, listen up! I was trying to get some cash on my card, right? Thought everything went smooth but now there's less dough than before! What the heck happened?! Did you pull off some magic trick and snatch my money back without telling me?! Fix it now or else!",top_up_reverted,angry_layperson
e1041f8c-3ea0-412d-94e6-9b70bbf80341,"Hey, listen here! I topped up my card because I was out of cash, only for you clowns to take it back without telling me? What kind of joke is this? I need money today or else, so fix this mess now before I lose it completely!",top_up_reverted,angry_layperson
527aa175-0c8f-4124-8020-ebd33aabac7c,"Hey! I just tried adding some cash into my account, and for some ridiculous reason, they took it back like nothing happened! This is a joke, right? I can’t even access that money now, and you expect me to believe your system works perfectly?! Fix this mess, or better yet, explain why my hard-earned cash just vanished into thin air!",top_up_reverted,angry_layperson
afe92d51-af6c-435a-949b-7783aa80a8dc,urgent need help money was added back out my account again lost access funds completely what happened why they removed it I need to pay bills now immediate assistance please fix this ASAP lost all confidence can’t have this happen again!,top_up_reverted,panicking_emergency
cf1a6870-bd6c-4007-9322-a267f9b5e56f,Help I just added money to my card but now it's gone vanished from my account can someone fix this immediately? Urgent need answer fast!,top_up_reverted,panicking_emergency
95018811-fa60-48a9-b57a-223665049155,"Urgent! Money added yesterday gone disappeared from account. I need cash now or big trouble today. Help immediately, please fix fast!",top_up_reverted,panicking_emergency
2e2c6fdc-6a4f-49d2-a04f-55ebb4050902,"I just added money to my account but it vanished! This is an emergency, I need those funds now for a critical payment tomorrow! Please help me fix this immediately or I might face severe consequences! What’s happening with my balance???",top_up_reverted,panicking_emergency
f22e08bd-34f4-435b-9ea7-a40996376cb3,My top up just reverted bank account zero balance bills due tomorrow panic need fix now!,top_up_reverted,panicking_emergency
7f7e7540-e80f-4ba0-b348-e8710a0eca1d,Money just gone out of my account! I topped up but see zero in wallet now! Need help ASAP got bills due no time what do I do? This is urgent!!!!!!,top_up_reverted,panicking_emergency
4104755b-4f6a-450b-ac3d-3d57c6370194,"Dear Customer,

I hope this message finds you well. I am writing to address an issue regarding a recent transaction that was intended to increase the balance of your account through a third-party payment method but appears not to have been reflected in the current balance as expected.

Upon reviewing our records and systems, it has come to light that the intended augmentation of credit may have been inadvertently reversed during processing. This could be attributed to several factors including discrepancies between the transacting parties or technical anomalies within the transaction process itself.

I would like to assure you that we are currently undertaking a comprehensive review to ascertain the root cause of this anomaly and to ensure such occurrences do not reoccur in the future. In the interim, I kindly request your patience as we endeavor to resolve this matter expeditiously.

Should there be any immediate concerns or additional information required from your end, please feel free to share, so that we may facilitate a more tailored assistance.

Thank you for bringing this matter to our attention and allowing us the opportunity to rectify it. Your satisfaction and trust in our services remain our utmost priority.

Yours sincerely,

[Your Name]  
Customer Support Specialist  
[Your Bank Name]",top_up_reverted,polite_expert
4b772a85-4e5f-47a5-97f9-a552cb52fa2d,"Dear [Customer's Name],

I hope this message finds you well. I am writing to inform you of an occurrence related to a recent transaction on your account. It appears that the additional funds which were credited to your account have been subsequently withdrawn, resulting in a reversion to its prior balance. If you require further clarification or assistance with this matter, please do not hesitate to contact our support team at your earliest convenience.

Kind regards,

[Your Name]  
Customer Support Team",top_up_reverted,polite_expert
38548b6d-bd30-4f84-a0e8-94aba772ead0,"I trust that you are well. With regard to your recent inquiry, I wish to inform you of a situation where an operation intended to augment the balance on your account was subsequently annulled. It appears that there may have been a lapse in execution which warrants immediate attention and resolution.

Should this matter cause inconvenience, please accept my sincerest apologies. We are dedicated to ensuring such discrepancies are rectified with haste. For us to proceed efficiently, could you kindly provide any pertinent details or observations concerning the transaction that might assist our support team in expediting the rectification process?

Rest assured, we take matters of account accuracy and customer satisfaction most seriously and endeavor to resolve this matter promptly. Should there be anything further you require from my end, please feel at liberty to communicate it.

Yours sincerely,

[Your Bank’s Customer Support]",top_up_reverted,polite_expert
e98064c7-ea44-4d9b-b0af-31b6269f3f8d,"Dear Valued Customer,

I trust this message finds you well. Upon reviewing our recent transactions, I have noted a discrepancy regarding an anticipated deposit to your account that appears not to have been processed as expected. This situation has resulted in the reversal of an initially credited amount intended under a mobile banking transaction.

To address this matter with due diligence, we kindly request additional details pertaining to the original transfer, including any reference numbers or timestamps available to you from the transaction initiation screen. Rest assured, our team is committed to resolving this issue promptly and ensuring your account balance accurately reflects all authorized transactions.

Please feel free to reach out directly at your earliest convenience for further assistance.

Warm regards,

[Your Name]
Customer Support Representative",top_up_reverted,polite_expert
201dc188-43ee-4a69-a115-62cb50f41dc3,"Dear Esteemed Client,

I hope this message finds you well. I am writing to address a recent concern regarding an unexpected reversal of funds which had been transferred into your account as part of a transaction intended to augment its balance. Following our standard protocols, we endeavour to ensure the accuracy and integrity of all financial operations on behalf of our clients. It is with regret that we must inform you of this occurrence, which appears to have arisen due to an unforeseen system discrepancy.

We understand the inconvenience such matters may cause and wish to assure you that our dedicated team is actively investigating the root cause to prevent recurrence. We are committed to rectifying this situation promptly and efficiently. Should there be any immediate questions or further information required on your end, please do not hesitate to contact us at your earliest convenience.

We sincerely appreciate your understanding and patience in this matter and look forward to resolving it to your full satisfaction.

Yours faithfully,

[Your Name]  
Customer Support Specialist  
[Bank's Name]",top_up_reverted,polite_expert
c6637e1d-5fca-4ed3-bccb-6c7ec53e0166,"Esteemed Customer,

It has come to our attention that a recent attempt to augment your account using funds from an external source did not proceed as anticipated, resulting in an automatic reversal of the transaction. I kindly urge you to verify your details or explore available alternatives for future transactions by consulting with our customer support team. Please accept my assurances of prompt assistance should further clarification be required.

Yours faithfully,

[Your Name]  
Customer Support Specialist",top_up_reverted,polite_expert
063a3e3c-95d9-4d1d-8d75-1375ee16e04c,"Hey! So here's the tea: I went ahead and boosted my wallet with a top-up, but like, for some reason, it just poofed out 🙄 as if it never happened. Kinda need that cash back on my account ASAP, tbh. Can you sort this out? Thanks a bunch! 🙏",top_up_reverted,gen_z_slang
d94525d7-3139-40d3-b2cd-e928b5e10910,"Yo, so I tried to boost my card with some cash recently, but like, for some reason, it just bounced back! It's still not showing up as if it ever happened, and now it's kinda confusing why it didn’t stick. Could you help me figure out what went down?",top_up_reverted,gen_z_slang
7eaf07b6-e302-4444-ab23-8d15d3d58957,"Heyyy, so like, I did a cash boost on my phone but the funds just ghosted back to my bank account 🤷‍♂️. It's all bugged out now! Can you fix this ASAP? Thanks! 😊",top_up_reverted,gen_z_slang
e8a5bba6-7bbf-436e-92c3-a0e202c2e5ac,"Hey, so I was like totally trying to top up my card with some extra cash cause I'm all about those spontaneous vibes, but then I just went to check my balance and BOOM, nope! It's like my cards playing hide n seek with my money. I legit need that cash back on there ASAP, 'cause what's the point of topping up if it just poofs into thin air? Any ideas why this is happening or help me sort it out quick, please?? 🙃",top_up_reverted,gen_z_slang
85fbb066-f3ee-4891-b034-f67978a60646,"Hey, I just went through that whole thingy where you add cash back into my card, but then—plot twist—it didn’t stick? Like, I see the extra dough in my app for a sec and then bam, poof! It’s gone again. Any idea what's up with that? 🤔",top_up_reverted,gen_z_slang
e1badf88-73c2-4770-99eb-415d2a0bdf33,"Hey there, so I was trying to give my card some love with a top-up cause I thought we were all set, but like, when I checked later, it just ghosted back into my bank account?! 😒 Could you peep what went down and make sure the cash sticks this time? Thanks!",top_up_reverted,gen_z_slang
af152351-6efc-438a-b516-794f17b3e809,"Hello, my friend! I have a small problem with my bank app. Yesterday, I put money into my account for phone top up, but today it look like no there. Please help me fix this? Thank you very much!",top_up_reverted,non_native_speaker
74cd4013-9883-4ac4-b151-f33d85e11ce2,"Hello, I have a small issue with my bank card. Yesterday I try to add more money to my account, but today I see that the extra money is gone again. Is there maybe some problem? Thank you for helping me understand what happened.

Kind regards,

[Your Name]",top_up_reverted,non_native_speaker
575ede3d-17de-4a1e-a008-da49921f8cf9,"Hello, I have a problem. Money was added to my account, but now it is gone again from account. Can you help me? Thank you!",top_up_reverted,non_native_speaker
46ce229d-b136-40b6-9c9d-6edf173491cf,"Hello, I am having problems with my account. I try to add money, but it not stay there. It come back to original amount. Can you help me fix this, please? Thank you.",top_up_reverted,non_native_speaker
1c2cfffe-d6b3-489b-8cde-d34319d9370a,"Hello, I hope you are doing good today. Thank you for help me. When I tried to put more money into my account, it was not successful after done. It say like nothing changed. Can please looking into this? Thank you very much!",top_up_reverted,non_native_speaker
06d0e218-8979-4541-8f30-78f09bebf842,"Hello, I hope you do well. I need help please. Yesterday, I put extra money on my account for phone. But now, it not show up there. My balance was okay before, but now same again. Can you look? Thank you.",top_up_reverted,non_native_speaker
3df2f291-8c55-40c8-93b9-4f5d83e5eeef,Top-up reversed. Need fix?,top_up_reverted,short_wording
b65f3474-8b74-422f-8952-75c5aa075d3d,"Transaction reversal

Revert top-up payment

Refund occurred

Top-up undone",top_up_reverted,short_wording
24a4e366-5dab-4f58-af18-d07d1713718d,"Reversed top-up, refund received. Need confirm issue fixed. Thanks.",top_up_reverted,short_wording
0f15cb45-b2aa-4f5d-be3d-17cf72a59dae,"Top-up not added, reverted. Need help.",top_up_reverted,short_wording
c7ff903f-01c2-40f5-a43a-4fe63b52d868,Reversed card top-up. Need fix now.,top_up_reverted,short_wording
963411d4-ca86-4c43-8369-eb28e695b6bc,Top-up amount returned back. Need explanation!,top_up_reverted,short_wording
14aabe40-5a24-4059-9827-6ddd29354ec0,"Hey, listen up! I went to add some cash using my card like a normal person should be able to do, but this digital crap won’t work at all! Every single time, it's just ""Oopsie-daisy!"" and zilch happens. Fix your dang system already before I lose what’s left of my patience.",topping_up_by_card,angry_layperson
39b5c945-fbe3-4470-870f-b0c423296ab6,"Hey, listen here! I tried sticking that blasted card in my phone's app to add some cash, but for the life of me, nothing's moving! It's like trying to shove peanut butter through a straw! This is supposed to be straightforward, right? Why can't it just work? Fix this mess ASAP or else you've got yourself one very steamed customer on your hands!",topping_up_by_card,angry_layperson
b2640c9c-cf13-481e-9631-61e4183e93c2,"Hey, listen up! I’m sick and tired of this nonsense. Every time I try to throw some cash onto my account using my credit card, nothing happens. It's like you're doing a slapstick routine or something. Can’t you get your act together? Fix it already, so I can finally sort out my damn money without all this hassle!",topping_up_by_card,angry_layperson
150a92df-5742-4184-9348-4f48ee3846bf,"Oh for crying out loud! I did everything right, but when I try putting cash on there with my card, it's like yelling into a void! It should be as easy as pie, not this headache-inducing nonsense! Why can't you guys sort this mess out and fix it? You'd better have someone looking into it pronto or else I'm about ready to switch banks.",topping_up_by_card,angry_layperson
5a48ba2f-8e4a-46f2-a93f-6bfed0a7968d,"Listen up, I've got zero chill today! This is what you do for a living—help people like me get their money where it needs to be. My buddy owes me some cash for lunch last week, and now he's acting like his bank account is on strike or something. But guess what? I need to throw my card into the mix right here, right now, so we can sort this mess out. You get that, don't you? Because if not, I'm not talking about it again!",topping_up_by_card,angry_layperson
0fe46895-06cc-40e5-bf8a-501c47a6d0c8,"Hey, what's up with trying to add some cash using my card? It's like it's refusing to play ball every single time! I'm banging my head against the desk here because this should be as easy as pie! Why can’t I just stick that card in and watch my account swell without having to jump through hoops?! Can someone sort this mess out or do I need to light a fire under your tech team?",topping_up_by_card,angry_layperson
9305628d-e626-46e7-b29a-07c27f7aa22d,"Can't breathe! Need cash, card won't work at ATM! Urgent, need boost for account now! This is a disaster! Please help immediately!!",topping_up_by_card,panicking_emergency
d7c4f33a-c919-4f93-ba0c-1fe3253d015d,I can’t get my phone bill paid help me transfer money from my bank account to pay it instantly I need it now got a message saying insufficient balance what do I do fix this quick,topping_up_by_card,panicking_emergency
a99a1d9c-fb3d-4982-a7ec-803698b2c53d,card got blocked need cash immediately help me how do I load money onto my account with this card urgent please fast response now time is running out!,topping_up_by_card,panicking_emergency
d2332ef7-8f7b-41ab-a018-3ecec2e42245,I need to add money ASAP card won’t work balance too low urgent situation cannot wait help immediately please,topping_up_by_card,panicking_emergency
21962dbf-c5ce-4fae-81e2-60f435c704f4,"Card just declined! Need cash, got bills piling up! Can you transfer money fast—like yesterday? This is urgent!

Need help here! How do I load my account right now?

I'm freaking out! Card won’t work for top-up service! Money’s running out. What do I do immediately? Help!",topping_up_by_card,panicking_emergency
8887798b-34be-4953-bf2f-9cefa65ef21b,need cash quick running out of money help card won’t work urgent need funds now what do i do explain how transfer works fast plz no time can’t wait any solution fast pls,topping_up_by_card,panicking_emergency
b8b7467a-236c-455e-a4ad-8adba24f3451,"Dear Customer Service Representative,

I hope this message finds you well. I am writing to inquire about the procedure for depositing funds into one of my accounts using a debit or credit card. Specifically, I seek clarity on whether this transaction can be executed directly within your digital banking platform. If so, could you kindly provide detailed instructions regarding any applicable fees, maximum transfer limits, and the typical processing time associated with such transactions?

Thank you very much for your assistance in this matter.

Yours sincerely,

[Your Name]",topping_up_by_card,polite_expert
399b1a5c-f239-4dc1-b80d-fea238665f83,"I trust this correspondence finds you well. I am writing to request assistance regarding the procedure for transferring funds from my debit or credit card into my bank account. Could you kindly provide detailed guidance on how to successfully execute this transaction? Your expertise in this area would be greatly appreciated.

Kind regards,

[Your Name]",topping_up_by_card,polite_expert
6ba2e47c-69bd-4ca1-af23-66cad52fc20a,"Dear [Banker's Name],

I trust this message finds you well. I am writing to inquire about the process of increasing my account balance using a payment card. Specifically, I would appreciate detailed guidance on how to initiate such transactions securely, including any requirements for authentication or necessary documentation. Additionally, could you please clarify if there are particular limitations regarding transaction amounts or types of cards permitted for this purpose?

Thank you in advance for your assistance.

Kind regards,

[Your Name]  
[Contact Information]",topping_up_by_card,polite_expert
838e863d-feeb-4537-9456-fb68171595b8,"Dear [Bank Name] Customer Support,

I hope this message finds you well. I am writing to inquire about the procedure for augmenting my account balance using a debit or credit card. Could you kindly provide detailed guidance on how to proceed with such an operation through your online banking platform? Ensuring clarity in this process would be greatly appreciated, as it pertains directly to efficient financial management.

Thank you for your assistance and looking forward to your prompt response.

Yours sincerely,
[Your Name]",topping_up_by_card,polite_expert
3d87978f-8513-4d8c-a298-dfa7b9335777,"Dear Banking Support Team,

I trust this message finds you well. I am writing to kindly request assistance with adding funds to my account utilizing a debit or credit card. If possible, may you please provide detailed instructions regarding the process necessary to accomplish this transaction, as well as any pertinent considerations concerning fees or processing times that might be relevant?

Thanking you in advance for your guidance and support.

Yours sincerely,

[Your Name]",topping_up_by_card,polite_expert
e338e124-49af-4168-823d-5b159276a826,"I trust you are well. I am reaching out with regard to a recent inquiry concerning the facilitation of augmenting my account balance utilizing a payment card. Could you kindly verify if this service is currently available, and provide detailed guidance on the requisite steps for its execution? Additionally, any pertinent information regarding associated fees or transaction processing times would be greatly appreciated. Thank you for your assistance in this matter.

Yours sincerely,

[Your Name]",topping_up_by_card,polite_expert
d9d3aa56-336b-4cb3-b4c5-204f92318a80,"Hey, I need to slide some cash onto my account using my card ASAP. Like, is that even a thing, or am I just imagining it? 😅 Gotta sort this out before payday hits! 🚀",topping_up_by_card,gen_z_slang
f4c4ae1b-624d-4515-a375-12794dbd88aa,"Hey, so like I wanna add some cash to my prepaid card using another card, you know? Is that a vibe we can make happen or nah? Let me know how to set it up! 🙌👀",topping_up_by_card,gen_z_slang
116260b6-afc6-4951-8d1f-17b04bccc34a,"Yo, so I've got like a ton of cash on my bank thingy but literally zero on my prepaid card 😅 I need to sling some money from my main account onto it using another card ASAP! Can you help me out with that? Thanks fam! 🙏",topping_up_by_card,gen_z_slang
534d4d8e-5ff8-4441-8d6d-67e84f73a31f,"Hey! So I just wanna pop some money onto my account using my credit card, like when I’m at the store buying snacks. It’s super quick and easy but still not happening here for some reason 😅 Can you help figure this out? Thanks a bunch! 💖",topping_up_by_card,gen_z_slang
44202595-9f2e-4ac7-bad1-c6bb45a9219e,"Yo, I just wanted to ask if u can like, help me out with putting some cash on my bank app from a debit or credit card? Just need a lil boost for my account without all that drama. Thanks! 😊",topping_up_by_card,gen_z_slang
cbcf3a67-b384-4153-b595-07e6dbfb6c4c,"Yo, so like, I wanna chuck my card onto my bank app to load some cash into my account ASAP. How do I get that done without a hitch? 🙏",topping_up_by_card,gen_z_slang
c79b35f3-abc1-42be-a66c-64afc01aab1b,"Hello, I want help with adding money to my wallet using a credit or debit card. How do I start doing this step by step? Thank you for helping me understand.",topping_up_by_card,non_native_speaker
44fb6a9b-98c4-4d6a-ab3e-04751b1bdfe6,Hello! I need to add money to my account using a card. Please help me how do this? Thank you!,topping_up_by_card,non_native_speaker
cedbf5e3-ec97-4dc5-bd0b-5c296cf97d1f,"Hello, I need help adding money to my balance using a card. Please tell me how to do this? Thank you.",topping_up_by_card,non_native_speaker
22ab8afd-4f8e-4158-ad17-cb476920f9ed,"Hello, I have a problem with my bank account. I want put money into my wallet. I try with my debit card but something is wrong. Can help me? Thanks!",topping_up_by_card,non_native_speaker
e60b49d5-adb4-4da3-b307-cff9f2df372b,"Hello, I have a question, please. I want know how to add money on my account using bank card. It is possible? Thank you for helping!",topping_up_by_card,non_native_speaker
99c6d52d-b9da-433d-af61-db6490703d76,Hello! I needing help please for put more money into my bank account using card. How do this? Thank you very much!,topping_up_by_card,non_native_speaker
e8a7ac1b-f917-4c4f-b87d-f265e8784038,"Need card top-up steps?  

Thanks!",topping_up_by_card,short_wording
5006dc88-43aa-4e0c-a3d9-6649df9cabb4,Need card top-up? How do? Card accepted where?,topping_up_by_card,short_wording
7236d1d6-1c42-41b2-8df7-a6d65dd0c666,Need card top-up method? How?,topping_up_by_card,short_wording
4c562c03-a8ef-4e92-a6d9-d84a49161a99,"Need add funds using card

Steps?",topping_up_by_card,short_wording
6c4c23b9-194e-42fc-af1b-395ba8d8cbb4,Add balance card method? Need steps. Urgent. Help.,topping_up_by_card,short_wording
3d389b53-c9cb-46b0-bf7d-65f59ebd60df,Card topping-up method?,topping_up_by_card,short_wording
392b2b52-5546-434c-b17f-f346fae31c8e,"Oh for crying out loud! I just checked my account, and now you've gone and charged me twice for the same bloody thing! What's this crap all about? Fix it before I lose it!",transaction_charged_twice,angry_layperson
bfa61172-41f5-40b9-958b-7a3ed0578bac,"Hey there! So guess what? I just checked my account, and you've managed to screw up again by charging me twice for that damn transaction! This is getting ridiculous—I'm not made of money here. Fix this now or prepare to deal with a very livid customer on your hands!",transaction_charged_twice,angry_layperson
d24a80dd-0d13-4e9b-b6d1-2d1773c31ba0,"Hey, listen up! I just checked my bank statement, and for Pete's sake, you've snatched twice as much cash from my account for that single purchase like some kinda thief! Fix this mess right now, or I’m switching banks ASAP!",transaction_charged_twice,angry_layperson
b7b116e9-6e2f-4f42-907b-5f440cd9cd10,"Hey! What the hell?! My card got hit twice for the same goddamn purchase, can you believe that? I ain’t paying two bills when it’s just one! Fix this crap now or else I'm on the phone with every Tom, Dick and Harry until someone listens to me.",transaction_charged_twice,angry_layperson
5d0cb2d3-a22b-48c3-bfce-9c6d732d6135,"Hey! You gotta listen up because I’m livid here. Look, I checked my bank app yesterday and saw that ding-dong fee for buying those shoes pop up twice on my account. Like, seriously? Paying for the same thing twice is a rip-off if you ask me! Fix this mess or I’ll be fuming even more than I already am, got it?",transaction_charged_twice,angry_layperson
ccb2a9b1-619c-4856-a68e-f0e6564948a7,"Hey, listen up! I noticed my account's dried up twice for one dang purchase. It's like you're trying to drain me dry or what? This ain’t right, fix it now before I lose my mind completely!",transaction_charged_twice,angry_layperson
8baa56b2-646a-401a-9eae-fb8407660dcb,I need help urgently! Charged twice for same transaction not fair! Money gone already! Please fix now!,transaction_charged_twice,panicking_emergency
deddadbd-0fb9-40df-858b-215b8a5689f5,Urgent help needed! I just noticed my account balance is way off someone charged me twice for the same purchase this is causing a massive financial crisis for me right now I can't afford this double charge please resolve this immediately am in desperate need of your assistance!!,transaction_charged_twice,panicking_emergency
c539e3a5-0053-44ea-9a81-01b07967babe,URGENT HELP NEEDED DOUBLE CHARGE ON MY ACCOUNT I CANNOT AFFORD THIS AGAIN NO REASON GIVEN PLEASE IMMEDIATELY FIX NEED RESPONSE NOW WHAT HAPPENED TO MY MONEY THIS IS WRONG SOMETHING MUST BE DONE RIGHT AWAY STOP ENDLESS LOAN PAYMENT OVERDRAWN WORRIED OUT OF MIND CAN'T WORK LIKE THIS CALL ME ASAP,transaction_charged_twice,panicking_emergency
8c802ee9-0d56-4254-819e-205736c0c5ae,Need help now urgent I see two charges for one purchase on my bank statement this can’t be happening losing my mind don’t know how much money left need fix right away please advise fast someone’s stealing from me!,transaction_charged_twice,panicking_emergency
1b205bbf-3fdc-41a2-8109-b41996c2d688,URGENT HELP NEEDED MY ACCOUNT WAS CHARGED TWICE FOR THE SAME PURCHASE WHAT IS HAPPENING I CANNOT AFFORD THIS TWO-BILL ISSUE PLEASE FIX IMMEDIATELY AM IN A PANIC OVER MY FINANCES I NEED AN ANSWER NOW I CAN'T DEAL WITH THIS ANY LONGER!,transaction_charged_twice,panicking_emergency
1a995de3-a050-494f-83d5-b738e1d64ef0,HELP I NEED HELP just checked my account saw same charge twice two times now panic set in what do I do money gone two slots already need fix immediately can't keep losing like this!!!,transaction_charged_twice,panicking_emergency
2cb6ce65-b2fa-43c1-b594-704d931793d7,"Esteemed Client,

I trust this message finds you well. I wish to bring to your attention a matter concerning a recent transaction wherein, regrettably, an occurrence transpired where an identical charge was applied twice to your account. This error pertains to the amount of [insert specific transaction amount], dated [insert date]. I kindly urge that we initiate the necessary process to rectify this oversight and ensure it is duly resolved at the earliest convenience.

Yours faithfully,

[Your Name]
[Banking Position]",transaction_charged_twice,polite_expert
11a63928-652f-417f-9cf4-331187073711,"Dear [Banking Representative's Name],

I hope this message finds you well. I am writing to address a matter regarding an oversight observed within my recent account activity. Upon reviewing my statement, it has come to my attention that there appears to be a replication in the deduction for a particular transaction. This situation has resulted in my account being debited twice for what was intended as a singular financial exchange.

I would greatly appreciate your assistance in expediting an investigation into this matter and the subsequent rectification of any discrepancies found. Furthermore, if necessary, I kindly request that adjustments be made to restore the accurate balance to my account. 

Thank you for attending to this issue with due diligence. Please feel free to reach out should you require any further information from my end.

Yours sincerely,

[Your Name]  
[Account Number or Reference ID, if applicable]",transaction_charged_twice,polite_expert
40e43180-656c-470e-b700-27ad492d5161,"Esteemed Customer,

I hope this message finds you well. I am writing to bring to your attention a matter concerning my most recent financial transaction, which appears to have been debited from my account on two separate occasions for what was intended as a single charge.

Upon reviewing my latest statement, I noticed that the same amount was reflected twice under a similar description, suggesting an inadvertent duplication. Given the nature of this occurrence and its potential impact on my account balance, I would greatly appreciate it if your esteemed institution could investigate this matter with due diligence and rectify any discrepancies at your earliest convenience.

I trust in your commitment to maintaining impeccable service standards and thank you in advance for your prompt assistance in resolving this issue. Should you require any further information or documentation from my end, please do not hesitate to reach out.

Yours sincerely,

[Your Name]  
Account Number: [Your Account Number]",transaction_charged_twice,polite_expert
9232d6d4-4786-4762-a025-2af4825de780,"I trust this message finds you well. I am writing to bring to your attention an issue I have encountered with my recent banking transaction. It appears that a particular charge has been applied to my account on two separate occasions for what was intended as a singular purchase. This occurrence seems to be in error, and I kindly request your assistance in reviewing this matter. Your guidance on how best to rectify the situation would be most appreciated.

Sincerely,

[Your Name]",transaction_charged_twice,polite_expert
c18ba659-04dd-4201-a479-ea6014d43708,"Dear [Bank Representative],

I trust this message finds you well. I am writing to bring to your attention an anomaly within my account, specifically concerning recent transactions. It appears that a particular transaction has been debited twice from my account balance, which is not consistent with the original terms stated in our agreement. I kindly request your assistance in investigating and rectifying this matter at your earliest convenience.

Thank you for your prompt attention to this issue.

Yours sincerely,

[Your Name]  
[Account Number]",transaction_charged_twice,polite_expert
7b95896f-abf2-44c8-81da-a86e76f54623,"Dear [Bank Representative’s Name],

I hope this message finds you well. I am writing to bring to your attention a matter concerning an unfortunate discrepancy with my recent financial transactions. Upon reviewing my latest bank statement, I observed that a particular transaction appears to have been debited from my account on two separate occasions. This duplicate charge has resulted in an inaccurately reduced balance within my account.

I would be most grateful if you could investigate this matter at your earliest convenience and provide me with guidance on the necessary steps for rectification. I trust in your expertise to address this issue efficiently, ensuring that any erroneous charges are duly credited back to my account in a timely manner.

Thank you very much for your assistance. I look forward to your prompt response concerning this matter.

Kind regards,

[Your Full Name]  
[Your Account Number]  
[Contact Information]",transaction_charged_twice,polite_expert
22e36800-0aee-4dbd-84e8-0c7115a7f15d,"Yo, I just checked my bank app and noticed like two times the same charge for that snack delivery 🤦‍♂️. Can you defo sort this out? That's mad cash gone double on one thing. Thanks a bunch!",transaction_charged_twice,gen_z_slang
eb7c6714-5240-4fb1-aaa2-842e483ff3db,"Heyo, so like, I totally need some help here 🙏‍♀️. Looks like my account got hit by a dupe charge on that shopping spree I did on Friday night 😬. My wallet's feeling like it just pulled a double shift for no reason! Can you guys sort this out ASAP plz? Thanks fam 💖✨",transaction_charged_twice,gen_z_slang
23b87eda-26d2-4d58-a77b-895be2b11c6d,"Hey, so I just checked my bank app, and like, there are two charges for the same thing on there? That’s whack! Can you sort this out ASAP? Thanks 😊",transaction_charged_twice,gen_z_slang
73eccf08-1278-4c36-9c34-abe042461892,"Hey, so I totally thought my phone charger was just being dramatic when it showed that weird error message twice 😅 but turns out the bank's been super extra on my account! Like, somehow they charged me for one purchase TWO times - legit double dip in the same transaction. Didn’t expect to get ghosted like this by my own accounts! Can we sort this ASAP? Thanks, fam! 🙏",transaction_charged_twice,gen_z_slang
50e84f15-debe-4cc2-9378-d5534a996890,"Heyo! 🙋‍♂️ So, I checked my bank app like usual and saw this vibe where a payment's been dished out to me twice for the same thing. It’s kinda wild, tbh? 😅 Could you peeps sort it out ASAP? Thanks a bunch! 👌",transaction_charged_twice,gen_z_slang
b4a104c4-efca-45c8-94f1-109eefe913f5,"Hey, so like, I totally noticed my card got hit twice for that one purchase I did at the store yesterday? 😬 It's like my account balance is doing a nosedive and I'm pretty sure one of those charges isn't even mine. Can you check it out ASAP? Thanks! 🙏",transaction_charged_twice,gen_z_slang
f595f7d8-0ba6-475c-829c-b1c9915e5521,"Hello, I have a bank problem. My card transaction show two times charge but I only make one purchase. Could you please check this? Thank you very much!

I hope you can help me fix this soon.",transaction_charged_twice,non_native_speaker
3baa640c-cac9-438e-a674-461f4a33cf7a,"Hello, I need help please. My bank take my money two time for one thing. It happen last week when I buy gift online. Can you look what is wrong? Thank you very much!",transaction_charged_twice,non_native_speaker
6cde3c6e-82fc-44d3-891d-b25cce5c7a08,"Hello, I have a problem with my bank account. I see that my credit card statement shows one charge twice for same thing. This not right. I need help to fix this please. Thank you!",transaction_charged_twice,non_native_speaker
fc7cd7c3-7d98-4ce6-8824-607d0c7358ec,"Hello, I am thank you for help. Yesterday, I find out my account, they take money twice from same shop buy. It mean, I pay two, not one time. Can you look and see why this happen? Thank you so much!",transaction_charged_twice,non_native_speaker
6db92575-c901-4b11-8f6c-81969e10c0db,"Hello, I hope you doing good? I have a small issue with my bank account. I see that there was one money take out from my account two times for same thing. It should be only once but now twice charge show up. Can you help me fix it please? Thank you!",transaction_charged_twice,non_native_speaker
3a37ca21-5d4a-4eb8-91f4-1e4a5a51b575,"Hello, I need help please. Today I see my account, and there are two same charges, one time only! Please can you check? Thank you so much!",transaction_charged_twice,non_native_speaker
9ae5d192-43b9-46d2-bad2-26c6fbfdff69,Charged twice on same purchase. Need refund now.,transaction_charged_twice,short_wording
9dc5fc3c-6fd4-4732-85f4-dc7f375a1664,Charged twice for purchase today. Need refund.,transaction_charged_twice,short_wording
ee3886ed-c6bf-40c9-9824-b4aecd052b85,"Duplicate charge on account, help needed.",transaction_charged_twice,short_wording
90f88f56-cf63-4a3f-8113-3a2e2facd036,Charged twice for one transaction. Need refund!,transaction_charged_twice,short_wording
f715692d-0e4e-439c-a136-a7404c8bd233,"Charged twice same transaction  
Date: [Insert Date]  
Amount: [Insert Amount]  
Account number: [Insert Account Number]  

Need correction ASAP. Thanks.",transaction_charged_twice,short_wording
4b923aa4-8c66-4fab-b49a-d19b68ad13f4,"Duplicate charge notice. Need reversal and explanation, thank you.",transaction_charged_twice,short_wording
581a552e-0caf-4805-9103-982bd0b49f95,"Listen up, I'm livid here! I just tried sending some cash to my buddy and now you've nicked an extra few bucks from me for this goddamn transfer fee? What the hell is that about? I didn't sign up for any sneaky charges—fix this, or I swear I'll be canceling everything right now!",transfer_fee_charged,angry_layperson
b93b1cfc-5b51-45e5-b498-71af1f833350,"Hey! What the heck? You just slammed me with a massive charge for transferring my own dang money! This is robbery, not banking! I didn’t ask for this surprise fee out of nowhere. Fix it or I’m dragging you through the mud online and telling everyone!",transfer_fee_charged,angry_layperson
9d0228df-616e-4b52-8368-7fbc2c3f2fc7,"Listen, I'm flipping out here! You just slammed a ridiculous fee on me for trying to move my own bloody money around. This is robbery right there—what's going on, huh? Explain yourself before I lose it completely!",transfer_fee_charged,angry_layperson
7e7bc69b-29a9-4f49-8c68-55234da7a981,"Are you kidding me?! I just tried to send a little bit of my hard-earned cash across accounts, and what do they hit me with? A stupid fee for doing something as basic as that! It's daylight robbery! They slap your wallet when all you're trying to do is keep things sorted. So much for trusting them with my money... Every last cent needs some crazy excuse to take a bite out of it now, huh? Unbelievable!",transfer_fee_charged,angry_layperson
fa2b930a-4f4a-4114-ac4d-2c6cdd0b890c,"Hey, listen up! Why the heck did you sneak an extra charge onto my account for just sending my own damn money somewhere else? I didn’t sign up for this nonsense, and now I'm out some cash because of your sneaky move! Fix it or I’m gonna make a big stink about this.",transfer_fee_charged,angry_layperson
357c57e9-641d-4260-ab74-a8cfebd6c3ee,"Hey, listen up! I just checked my account, and guess what—I got slammed with some bloody extra charge for sending money when I knew there shouldn’t be one! What the hell is that supposed to mean? This isn’t right at all! You better sort this out pronto or you’re gonna have a real problem.",transfer_fee_charged,angry_layperson
62386af1-da88-417c-8a81-011975ba30f0,"Banking emergency! I need help now!! Unexpected charge appeared on my account after recent transfer!! Wasn’t expecting this fee!!! What’s going on?!? Need urgent explanation and solution!!!! Can someone assist ASAP??? I’m really worried about my budget here, please respond quickly!!!!!!!!!!!",transfer_fee_charged,panicking_emergency
4d9fe0e9-7790-40b5-941f-2a619ee5b29a,Urgent please help unexpected fee charged my account transferred money no idea where that came from need this sorted now can't afford extra charges was not informed about any fees panic I'm losing sleep over this what did I miss,transfer_fee_charged,panicking_emergency
6a5b4410-1b42-4b14-bac9-66daa5b4324e,Help I didn't agree to fees charged my account yesterday tried making transfer no notification about extra cost now overdrawn can't pay rent need you fix this immediately what happened why wasn't warned please urgent response needed!,transfer_fee_charged,panicking_emergency
e205b6b8-646b-4f7e-b4a3-90b71296b5e6,This is urgent! I just checked my account there's a charge for transferring money that shouldn’t be here why did this happen? I need an explanation fast I’m really stressed about my bills right now please help me sort this out immediately,transfer_fee_charged,panicking_emergency
53becf1e-32f1-4222-a1e8-66540c5a5155,I need help immediately I sent money yesterday but there's a fee on my account I don’t understand how this happened right now! Where’s my money why take from me like this? Please fix this fast. Need an answer now!,transfer_fee_charged,panicking_emergency
7b633ed6-5edf-4784-bd4f-dd86cd1743c0,Urgent! Just made a transfer bank says there's an extra charge? Didn't see that! Need money back now! Can’t afford this surprise fee! What’s going on?? Need help fast!,transfer_fee_charged,panicking_emergency
1cfc61a4-061f-4f60-8d09-624c362f47b1,"Dear Valued Customer,

I hope this message finds you well. I am writing to address an issue concerning a recent transaction from my account. Upon reviewing my statement, I have noticed that a fee was applied for the transfer, which I believed would be conducted at no additional cost as per our service agreement. I kindly request your assistance in understanding the factors contributing to this charge and how it might be rectified or refunded if applicable.

Thank you for your prompt attention to this matter. 

Yours sincerely,

[Your Full Name]  
[Account Number]  
[Contact Information]",transfer_fee_charged,polite_expert
329e3741-fe20-4f55-8059-c39c67b9f153,"Dear Sir/Madam,

I trust this communication finds you well. I am writing to bring to your attention an unexpected charge that was incurred during a recent monetary transfer transaction on my account. Upon reviewing my statement, I noted a deduction which appears to pertain to a service fee associated with the execution of said transaction.

In the spirit of ensuring full transparency and clarity regarding all financial activities related to my account, might you kindly provide comprehensive details concerning this charge? Specifically, I am interested in understanding the conditions under which such fees are applied, as well as any pertinent information that may further elucidate this matter for me.

I appreciate your prompt attention to this matter and look forward to your assistance in resolving it satisfactorily. Thank you for your time and expertise.

Yours faithfully,

[Your Name]",transfer_fee_charged,polite_expert
4533d69e-856f-4235-8b90-f1676c4d84af,"Dear Sir or Madam,

I trust this correspondence finds you well. I am writing with regard to a recent matter concerning my account. Upon reviewing my transaction history, I observed an unexpected charge associated with a fund transfer that was conducted recently. Would it be possible for your esteemed financial institution to elucidate the reasoning behind this particular deduction? Additionally, any information on policies related to fees applicable to such transactions would greatly assist me in future endeavors.

I appreciate your prompt attention to this matter and look forward to your response at the earliest convenience.

Yours sincerely,

[Your Name]  
[Your Account Number]  
[Contact Information]",transfer_fee_charged,polite_expert
b7096deb-ba32-4520-a106-9cd2fdd77ebe,"Dear Sir or Madam,

I am writing to bring to your attention a recent transaction wherein I encountered an unexpected charge. Upon reviewing my account statement, I noted that there has been a deduction attributed to what appears to be a transfer fee for a payment I initiated recently.

Given this development, I kindly request further clarification regarding the nature and rationale behind this fee, as well as any potential avenues through which such charges might be circumvented in future transactions. Your assistance in resolving this matter with expediency and detail would be most appreciated.

Yours faithfully,

[Your Name]",transfer_fee_charged,polite_expert
2073d2b3-c4f9-4008-8cbb-92be00c095b1,"Dear [Bank Representative's Name],

I hope this communication finds you well. I am writing to bring to your attention a matter concerning my recent financial transaction. Upon reviewing my account statement, I observed that there was an unexpected deduction amounting to a transfer fee from the funds transferred during the process. While I acknowledge that certain transactions are typically subject to service charges under specific circumstances, this particular deduction was not anticipated based on my understanding of the applicable terms and conditions.

Could you kindly elucidate the reasons for this charge? Additionally, I would greatly appreciate it if you could confirm whether this fee aligns with your bank's policies regarding such transactions. 

Thank you in advance for your prompt attention to this matter. I am looking forward to a resolution that enhances clarity on these charges applied to my account.

Yours sincerely,

[Your Full Name]
[Account Number]",transfer_fee_charged,polite_expert
a9da615a-7f2e-4f6d-b8e9-541189fc0e09,"Dear [Customer Service Representative's Title],

I hope this message finds you well. I am writing to bring to your attention an unexpected charge that appeared on my recent account statement, associated with a fund transfer I initiated from my savings account to another party. Upon reviewing the transaction details, I noted the presence of an additional fee which was not previously communicated to me prior to executing this transfer.

I would be most grateful if you could provide clarification regarding this charge. Specifically, information on whether this fee is standard practice for such transactions or if it may have been applied erroneously. Additionally, any available insights into the factors that contribute to its assessment would be immensely beneficial.

Thank you very much for your anticipated cooperation in resolving this matter. I look forward to your prompt response and detailed explanation.

Yours sincerely,

[Your Full Name]  
[Your Account Number]  
[Contact Information]",transfer_fee_charged,polite_expert
7afe8565-3bc5-4ade-baf4-470707a802e8,"Yo, so I literally just tried to slide some cash over to my sis for her bday present, right? And now there's this random extra charge tagged on. Like, what even is that about? Thought this was supposed to be a freebie move between us fam accounts. Can we sort this out ASAP pls? Thx! 🙌",transfer_fee_charged,gen_z_slang
6f1c390b-f84c-43c7-9861-23cc93bb374f,"Hey, so I was like trying to send some cash to my friend for that dinner we had coming up, but for some reason, there's this extra charge popping up? Like, isn’t sending money on this app supposed to be chill without surprises or am I missing something? 🤔",transfer_fee_charged,gen_z_slang
8583340c-d27d-4a74-be97-3e79e6a7fb1e,"Hey, so I just got charged for sending some cash to my sis's account, which is wild because I thought that was supposed to be on you guys? 😕 Can we sort this out? Need those funds back ASAP! 🙏

Cheers!",transfer_fee_charged,gen_z_slang
f9ce15df-a938-4183-a5c7-ba000df0a6ac,"Heyo, so like, I totally thought my friend would cover their half of this shared gift thing 🤔, but looks like there's some random fee that got charged on my side too 😓. Can we sort this out? Like, was it a bank blip or am I legit missing something here? Thanks in advance!",transfer_fee_charged,gen_z_slang
96f4327a-3690-4eb8-8147-e539b4b2c777,"Yo, so like, I was trying to send my fam some cash, but then BAM, there's this extra fee I wasn’t expecting? Like what even is that about?? 😒 Gonna need you to sort it out ASAP! 💸🙄",transfer_fee_charged,gen_z_slang
79ee7c8b-3feb-4474-8dce-a9d9c93be305,"Hey, so I just checked my bank app and noticed they snuck a transfer fee into my account after I sent some cash to my friend. Wasn’t expecting that at all 😒. Can you help me figure out what's up with it? Thanks! 🙏",transfer_fee_charged,gen_z_slang
ce261690-9723-470a-a7e4-be01b68787ac,"Hello, I hope you are well. I have a problem with my bank today. Yesterday, I try transfer money from my account to another person. But when I check statement later, it say there is extra charge for that transaction. Why bank take this fee? This not what I expect. Can see more about this fee and maybe help me understand why this happen? Thank you very much!",transfer_fee_charged,non_native_speaker
413b1ce5-2c01-4350-b02d-62ef33958b77,"Hello, I have a small question about my transfer. I see extra money taken out when I send my friend some cash. This is new for me. Can you help explain why this fee happen? Thank you!",transfer_fee_charged,non_native_speaker
1ee2bb80-addd-497f-83cb-dbb2ff845726,"Hello, 

I have a small question. I did money transfer yesterday. But today is surprise for me! Bank take extra fee. This not told before. Why this happen? Can you explain please?

Thank you.

Best regards.",transfer_fee_charged,non_native_speaker
6eabfe26-5368-401d-a46b-e15f6c23a36d,"Hello, I am sorry but I see a fee on my account for transfer. I do not remember agreeing this charge. Can you explain why this happen? Thank you very much!",transfer_fee_charged,non_native_speaker
62bb66ff-3b7d-4c10-a979-11479c8ebdb1,"Hello, I have small problem. Yesterday I try to move money to friend's account. After I check bank statement today, see extra charge for move money. Please help me understand why there is extra fee? Thank you!",transfer_fee_charged,non_native_speaker
a08bd637-6af5-4ee0-b4cb-3259c630a115,"Hello,

I am confused because I see fee for transfer on my statement. I did not expect this charge. Can you help explain why it is there? Thank you very much.

Kind regards,  
[Your Name]",transfer_fee_charged,non_native_speaker
03fea6b3-b441-47c8-9654-e79a99f6faa6,Unexpected fee on transfer?,transfer_fee_charged,short_wording
599266f0-e4d9-454c-94cc-75b5f0759a40,Unexpected charge for transfer - details?,transfer_fee_charged,short_wording
86c8dc46-474c-44b0-b627-5a5ad92beef7,"Unexpected fee on recent transfer? Verify charges, please.",transfer_fee_charged,short_wording
587bd25f-20db-4ab2-b19f-6b44152f91e2,"Charged unexpected transfer fee. Need explanation/reimbursement details. 

How do I see recent transactions? Please clarify. Thank you.",transfer_fee_charged,short_wording
cee97d52-fa8d-4009-96d7-108d1de2ac78,Unexpected fee on recent transfer? Need clarification.,transfer_fee_charged,short_wording
f3bf9ea9-56e1-4165-a4cf-f3dccfe8b3f9,"Unexpected fee on money transfer. Need explanation.

Was that normal?",transfer_fee_charged,short_wording
23267b24-7867-495b-805d-19f431129287,"Listen, I'm livid here! My money's just sitting there doing nothing when you promised me yesterday that you'd get my hard-earned cash into that account already! What kind of circus is this? Fix it now or else we're gonna have a real problem.",transfer_into_account,angry_layperson
4c1ecea4-c0ff-450a-be89-4b9fbc5676af,"Alright, listen up! I've been waiting an eternity just trying to get my hard-earned cash into that blasted account of mine. Every time I attempt this, some glitchy crap happens or something doesn’t work right. Can't you folks sort out your damn system already? It's like playing a broken game every single time I try! Fix it pronto, will ya?!",transfer_into_account,angry_layperson
5a3b6b79-e3f8-4e6d-b8b6-2234f29d3142,"Listen, I'm boiling mad right now! Someone's got their mitts on my cash when all I wanted was to shove some money into another account! How hard is that supposed to be? Can you get it sorted out already or what? This is seriously messing with my head. Fix this mess and let me sleep at night, alright?",transfer_into_account,angry_layperson
693bc836-548a-4b1a-a61c-357593086655,"Hey, listen up! I need my money over at my other account yesterday! This slow-as-molasses process is driving me nuts. You got that? Get it done already or I'm gonna have a seriously bad time sorting this out with someone higher up!",transfer_into_account,angry_layperson
6cf98c3b-f482-4952-8970-bd640ba0b7f8,"Alright, listen up! I'm trying to move my cash from one account to another and this dang thing won't let me do it! It's like you're making me jump through hoops just to move my own money around! Can't a person get some straight help without all these glitches? Fix it or someone else might be in charge of fixing up your problems instead!",transfer_into_account,angry_layperson
83e1493f-344f-489b-8ec9-a533ec916b1b,"Hey there! Let me tell ya, I’m livid right now! I literally can’t get my dough from one account over to another without pulling my hair out. It's like you're holding my money ransom or something! Every time I try, it just doesn't happen. It’s driving me nuts and wasting my precious time. Get this sorted ASAP, will ya?",transfer_into_account,angry_layperson
34ffa6b9-e191-4c0b-8edd-3113c3eead5b,"Need help urgently! Can’t figure out how to move money into my account! It’s critical, please assist immediately this is an emergency!! Need instructions step-by-step, don’t have time for delays! Help now!!!",transfer_into_account,panicking_emergency
710206d8-680d-4bac-b6dc-8dc275ebb9c8,Need money moved FAST into my account emergency funds are running out! Can't wait hours for transfers! Help now or I'll be stuck without cash immediately!!! Hurry please tell me how quickly you can do this!!!!!!,transfer_into_account,panicking_emergency
d57ed61b-6caf-4d57-881d-a2a4ed87f5ce,"Need immediate help! I have to get money into my account right now!! No time to wait. Urgent for expenses! Please tell me how fast can you do this? Need step by step, quickly! Bank is not responding, help!!!",transfer_into_account,panicking_emergency
a735b08d-3ea2-45c9-85c6-28ed7e2dfbe2,Help! I need money moved right now urgent bank account empty no access credit card maxed out need transfer fast got rent due tomorrow please assist immediately or else huge trouble,transfer_into_account,panicking_emergency
ca1e8c45-3448-4001-a675-42c17b8f3f85,Need money now! Transfer sent not showing up! Please fix immediately! Account needs funds right away! Can you hurry this up? I’m freaking out here!,transfer_into_account,panicking_emergency
3bcd2dcc-3192-49ab-810c-5d1c48cf94a2,Need money wired into my account immediately bank won’t process transfer fast enough urgent cash needed now! Please help quick fix this problem I’m losing everything time is critical stop wasting precious seconds,transfer_into_account,panicking_emergency
ab5832b7-a7da-488b-99bd-9eae05268b85,"Dear Esteemed Customer,

I trust this message finds you well. I am writing with a specific request regarding the movement of funds. I would be most grateful if you could assist me in the procedure to allocate a specified sum from my current account to another account, which is held under my name at your esteemed institution. Kindly provide any necessary information or guidance that may facilitate this transaction promptly and efficiently.

I appreciate your attention to this matter and look forward to your prompt response.

Yours sincerely,

[Your Full Name]  
[Account Number if applicable]  
[Contact Information if needed]",transfer_into_account,polite_expert
eb257ed3-72e5-4545-870b-7aaf25914b9d,"I trust this communication finds you well. I am writing to formally request assistance with initiating a financial transaction from my current account into another specified account under my management. This transfer is essential for facilitating timely payment obligations, and I would greatly appreciate guidance on ensuring that it adheres seamlessly to your esteemed institution's procedures. Kindly advise upon any requisite documentation or steps required to effectuate this transaction without delay.

Yours sincerely,

[Your Name]",transfer_into_account,polite_expert
1db75e6d-da14-4945-956e-3a7d9183058e,"Dear Esteemed Customer,

I hope this message finds you well. I am writing to seek assistance regarding the initiation of a monetary transfer into another account held under my name. It is imperative that such a transaction be carried out seamlessly, ensuring accuracy in all pertinent details including the recipient's account number and my own credentials as the originator.

For your guidance and support on this matter, please inform me of any specific documentation or steps required to facilitate this process effectively. I appreciate your assistance and look forward to resolving this at the earliest convenience.

Yours sincerely,

[Your Name]",transfer_into_account,polite_expert
7867f51a-319c-4b1f-a0ad-fc56902a1f53,"I trust this message finds you well. I am writing to seek guidance on executing a fund transfer into my account, ensuring alignment with prevailing banking protocols and security standards. Your expertise in elucidating the procedural steps required for this operation would be greatly appreciated. Additionally, if there are any specific documents or verifications that need preparation beforehand, your advice on these matters would be invaluable. 

Thank you for your attention to this request.

Kind regards,

[Your Full Name]  
[Account Number/Reference ID]  
[Contact Information]",transfer_into_account,polite_expert
ab13e2b6-5a7d-4223-bb47-0f9cec9ce9ac,"Certainly, I would be pleased to assist you with your inquiry regarding the allocation of funds into a designated account. Please allow me to gather some pertinent details to ensure we proceed accurately. May I kindly request the information pertaining to both the originating and receiving accounts? Furthermore, could you specify the precise amount intended for transfer along with the desired date of execution? Rest assured, our commitment is to facilitate this financial transaction with utmost precision and efficiency. Should there be any additional preferences or instructions pertinent to this process, please do not hesitate to share them.",transfer_into_account,polite_expert
70df9dcb-fcda-4aa1-bcdf-b26a33713f33,"Certainly, I appreciate your engagement with our banking services. Allow me to assist you with facilitating an electronic funds transfer into a specified account under your management. To proceed efficiently, may I kindly request confirmation regarding the recipient's bank details, including the IBAN or SWIFT code, as well as any other relevant transaction particulars? Rest assured, we will ensure that every aspect of this process adheres to banking regulations and standards for security and accuracy.",transfer_into_account,polite_expert
3a34195c-a44e-4148-9c6f-fce0fca9dd21,"Yo, so I need to slide some cash into my pal's account for that gig we both planned 🎉 Can you help me sort out how to transfer money over? Thanks a bunch! 👌",transfer_into_account,gen_z_slang
12b76cfc-ce52-4ffa-bf5c-aec7f417a974,"Yo, so I got some cash just chilling in my main account 😴 and gotta move it over to another one cause I need that extra space for a couple of upcoming expenses 🚗🎸. Can we get this done like, ASAP? Thanks! ✌️",transfer_into_account,gen_z_slang
0521dfea-baf0-4907-bc93-cbd624721be4,"Yo, so I gotta get some cash over to my fam's account ASAP. Can you like, help me slide that money over without any drama? Need it sorted quick, fam! 🙏🏼",transfer_into_account,gen_z_slang
4f82cd46-7957-42c6-b6ab-c7c3b2ceaa49,"Hey, so I need to slide some cash into my bro's bank account ASAP. Can you hook me up with how to do that without any drama? 🙏",transfer_into_account,gen_z_slang
190fdac7-bb02-4d9a-8790-2cfcb22ea9fd,"Hey! So, I need to slide some cash into my sis's account ASAP cuz we're planning a surprise family vacay. Could ya guide me through how to do that without any hiccups? Thx! 🙏💸",transfer_into_account,gen_z_slang
ffdcdbda-96d1-45f8-acb1-de59e4ed535c,"Hey! So, I need to slide some cash over to my other acct like ASAP. Can ya help me get that sorted? 🤔 Just wanna make sure everything goes smooth without any hiccups. Thanks! 😎",transfer_into_account,gen_z_slang
508b2198-9448-4dd2-be41-14158b87e675,"Hello, I need help with sending money into another account. Can you please explain how do this for me? Thank you very much!",transfer_into_account,non_native_speaker
0b92ec08-26be-498d-a3fa-f1068895aeeb,"Hello, I need help with moving money from my account to another one. Can you tell me how to do this? Thank you!",transfer_into_account,non_native_speaker
cc03c91d-0f6f-4641-bc37-96ead1599896,"Hello, I need help please. I want send money into other account. How do this? Thank you for help!",transfer_into_account,non_native_speaker
702aaee6-8b68-4283-b201-9e082f1248b9,"Hello, I need help to send money to another bank account. Can you show how do this? Please make sure not too much fee. Thank you!",transfer_into_account,non_native_speaker
98835ef1-1b95-4bc6-9fa4-2e36bfe411a0,Hello! I need help to send money from my account to another person's account. Can you tell me how do this? Thank you very much for helping me.,transfer_into_account,non_native_speaker
cd08a56e-8bd7-4129-9c24-ff1ebf6fecbf,"Hello, I need help please. I want to send some money into my other bank account. Can you tell me how? Thank you!",transfer_into_account,non_native_speaker
3795ddc0-eb49-468f-81d7-eb91e0214314,Need money sent to my account. How? Urgent. Please help.,transfer_into_account,short_wording
68266b66-d450-4610-9479-0a28131c66b4,"Need transfer funds  
To account details provided: [Recipient Account Number]  
Amount: $[Transfer Amount]  
Confirm transaction now?",transfer_into_account,short_wording
bd8de16f-b324-4103-914b-0841c5f3dded,"Transfer needed  
To account 12345678  
$500 ASAP  
Thank you",transfer_into_account,short_wording
20a3f237-6910-43ee-bf3c-a73ce1aa4292,"Need funds move, from my account to another. Urgent assistance needed!",transfer_into_account,short_wording
755fd69b-5664-437b-9d5d-7a31fc4289d6,"Need fund move  
Account details: 1234567890  
Amount: $500  
Date: Now  

Thanks!",transfer_into_account,short_wording
278a7e2a-14e2-45a3-b4fd-9be0631a058c,Send payment to my account number 1234567890 please.,transfer_into_account,short_wording
a00f4de5-7a13-4d35-9350-71d99bc7781f,"Listen up! I just tried to send some cash over to my friend, but guess what? They didn’t get a dime of it. Honestly, this is ridiculous – I’ve got money ready in my account and he’s sitting there with zero. What kind of crap show is this? Fix this ASAP or you’re gonna hear from me big time!",transfer_not_received_by_recipient,angry_layperson
ba28d631-2863-43a0-9167-7d9667b3babe,"Hey! Listen, I sent some cash over to my buddy yesterday like two or three times because he kept saying his account was empty, right? But now it’s just disappeared into thin air, mate. This is nuts! My balance says the money's gone from my side, but his is still as dry as a desert. What kind of circus show is this? I need to sort this out fast or else we're both screwed here. Get on it!",transfer_not_received_by_recipient,angry_layperson
cb85b399-ef16-41dd-a5d9-4655c4a9b576,"Hey, listen up! I did what you told me and sent money over to this person, but they're crying that nothing’s shown up on their end. It's been ages now! What the hell is going on? This better be sorted fast, or there will be a royal mess!",transfer_not_received_by_recipient,angry_layperson
eec82ad9-8f1e-48b3-9e1d-72b934e24bab,"Listen here, I'm absolutely livid! I went through all the trouble to send my money, and now this jerk on the other end hasn't got a red cent yet. What's the deal? Is someone playing games with me or what? Get it sorted, will ya? This is nuts!",transfer_not_received_by_recipient,angry_layperson
e27d35e7-999b-4d18-b2a2-c5835c15c695,"Hey, listen up! I did a transfer ages ago for my buddy, and they say their account's still flat broke with nothing from me. What kind of circus is this? Is someone holding onto my money just for kicks or what? Get it sorted, pronto! My friend’s not gonna pay rent because of this crap. Fix it or else!",transfer_not_received_by_recipient,angry_layperson
8ad61020-05d3-4ea1-b4aa-e067b186c3ed,"Hey! Listen up, I sent my buddy some cash weeks ago, and he’s on my case saying he never got a dime. This is getting ridiculous! I’m not playing around here, so can you fix this or what? He needs that money fast, and it's your job to sort it out, right?",transfer_not_received_by_recipient,angry_layperson
aa86b900-e48b-422b-be4a-9dc91ab2d130,Transfer disappeared vanished recipient didn’t get money where did it go bank’s fault? Need answer now. Can’t pay bills! What happened transfer gone wrong? Urgent help needed please explain immediately!,transfer_not_received_by_recipient,panicking_emergency
c8bb377a-90d7-4c77-91e4-b160928203fc,need help urgent my transfer not received by them still on my end what’s happening can’t afford any delay bank please solve this now very worried,transfer_not_received_by_recipient,panicking_emergency
a597419b-e790-4f50-9696-926a3146dfe8,"Urgent help needed money didn’t reach recipient! I sent it today but they say nothing arrived. What if they need it urgently? Is there a delay or error on my end? Please check immediately, I’m very worried this isn’t resolved fast enough.",transfer_not_received_by_recipient,panicking_emergency
5d423d84-b3d5-4bc0-b785-796dc9acc088,help urgent money sent but not received by other side big mistake happened need fix now! why isn’t it there? got zero news from them! can you sort this out yesterday already waiting so long!!,transfer_not_received_by_recipient,panicking_emergency
0bad590e-373e-4337-a892-0df1b8d7c920,URGENT HELP NEEDED!!! Sent transfer hours ago still not received by family bank account! Money needed for emergency hospital bill! What’s going on?? Need answers fast!!,transfer_not_received_by_recipient,panicking_emergency
fe0e2b0a-2553-4511-b953-90ac5c3f4b10,Transfer not here recipient says urgent need money now what happening can you fix fast? I’m freaking out please help!,transfer_not_received_by_recipient,panicking_emergency
54d258ce-36db-4a8d-96fd-838d9789d852,"Dear Valued Customer,

I hope this message finds you well. I am writing to bring to your attention a matter regarding a recent financial transaction intended for an individual or entity under your care. It appears that, despite our efforts to ensure its timely execution, the funds have not yet been credited to their account. We sincerely apologize for any inconvenience this may cause and are diligently investigating the situation to resolve it promptly.

Should you require further assistance or clarification, please do not hesitate to contact us at your earliest convenience. Your patience is greatly appreciated during this process.

Warmest regards,

[Your Name]
Customer Support Specialist",transfer_not_received_by_recipient,polite_expert
40194ab0-668a-45fe-94e8-cea185629508,"Dear Esteemed Customer,

I hope this message finds you well. I am reaching out regarding an issue that has recently come to my attention concerning a monetary transfer which, regrettably, appears not to have been successfully credited to your recipient's account as anticipated. I would be most grateful if you could provide some additional details pertaining to the transaction in question, such as the reference number and the date of initiation, at your earliest convenience. This will allow me to expeditiously investigate this matter with precision.

I sincerely appreciate your cooperation and patience as we endeavor to resolve this concern thoroughly. Please rest assured that our priority is to ensure the smooth execution of all financial transactions conducted through our institution.

Yours faithfully,

[Your Name]  
Customer Support Specialist",transfer_not_received_by_recipient,polite_expert
2131a064-23f7-4ec1-a4f2-bcf7cce8995c,"Dear [Recipient's Name],

I hope this message finds you well. I am writing to address a matter concerning a financial transfer intended for your account that, regrettably, has not yet been received by you. Despite having initiated this transaction promptly and with all necessary details correctly entered into the system, it appears there may be an anomaly preventing its successful completion.

I kindly request that you verify whether any notifications or alerts have appeared in your banking application indicating potential issues with incoming transfers. Furthermore, should you find it convenient, I would appreciate if you could inform me of the exact date and amount intended for transfer, along with the reference number associated with this transaction, to expedite our investigation of the matter.

Rest assured that we are committed to resolving any inconveniences posthaste and ensuring your funds reach their intended destination promptly. Thank you very much for your cooperation and patience in this regard.

Yours sincerely,

[Your Name]  
[Your Position]  
[Banking Institution Name]  
[Contact Information]",transfer_not_received_by_recipient,polite_expert
37cb06c7-1131-408f-96da-6037ff4d2f05,"Dear [Recipient's Name],

I hope this message finds you well. I am writing to bring to your attention a concern regarding an interbank transfer that was initiated from my account on [Date]. Despite confirming the completion of the transaction within our banking system, I have received notification indicating that the funds have yet to be credited to your account.

Could you kindly confirm whether you have observed any discrepancies or delays on your end? Additionally, if it would be convenient for you, I am prepared to furnish any relevant documentation to assist in expediting this resolution. Your prompt attention and assistance in this matter would be greatly appreciated.

Thank you for your understanding and cooperation.

Warm regards,

[Your Name]  
[Your Contact Information]",transfer_not_received_by_recipient,polite_expert
2e371b7d-8d02-4228-b8a6-ada48719ff96,"Esteemed Customer,

I trust this message finds you well. I am writing to address a concern regarding an electronic funds transfer that, despite being initiated with due diligence on my part, has not yet been credited to the designated recipient's account. Could you kindly provide me with further details pertaining to both the originating and intended receiving accounts so as to enable a comprehensive review of this transaction within our system? Your assistance in expediting this matter is greatly appreciated.

With sincere regards,

[Your Name]  
Customer Support Specialist",transfer_not_received_by_recipient,polite_expert
e26d4255-89ae-477d-8241-187e5fff8aa3,"Dear [Recipient's Name],

I hope this message finds you well. I am writing to inquire about a recent transaction that was initiated from my account but, it appears, has not yet been successfully received by yours. The details of the transfer were as follows: an amount of [specified amount] on [date]. I kindly request your assistance in verifying whether this amount may have been credited to your account and if so, confirmation of its receipt would be greatly appreciated.

Additionally, should there be any discrepancies or further issues that have arisen during this process, please do not hesitate to inform me at your earliest convenience. Your prompt response will assist us significantly in ensuring the successful completion of this matter.

Thank you very much for your cooperation and understanding.

Yours sincerely,

[Your Full Name]
[Your Account Number]
[Contact Information]",transfer_not_received_by_recipient,polite_expert
967d9779-88e4-4c3c-9695-15631115acbf,"Hey, so like I tried sending some cash to my sis for her bday dinner 🥳 but she's been ghosting me about getting it. Checked myself, and it’s still chilling in Transit 😒. Could you peep into this and help me get it sorted ASAP? Thanks! 🙏",transfer_not_received_by_recipient,gen_z_slang
7b162e3d-4709-4dbf-bed5-8513dbc02d51,"Hey, so like, I sent some cash to my friend yesterday but they've literally ghosted me about it 😬. They're saying they didn't get anything from my end? Did my transfer decide to take a chill pill or something? Can you check what's up with that? Thanks! 🙏",transfer_not_received_by_recipient,gen_z_slang
283bf0df-d880-47bb-9733-202204db6994,"Hey, so I sent you some cash through my bank app like ages ago, but you’re saying you haven’t got it yet? I thought it's supposed to be instant! Let me double-check what went down on my end. 👀 Need ya to shoot over your account details again just in case I messed up typing something wrong initially. Thanks a mil!",transfer_not_received_by_recipient,gen_z_slang
d440c16a-1476-4992-b536-3202e0a5560f,"Yo, so like, I sent some cash over to my bud a few days back, right? And it's been ages with no word from them or their bank saying anything's hit their account yet 🙄. Could be a glitch on your end or something else? Let’s sort this out cuz they’re losing their mind waiting 😅.",transfer_not_received_by_recipient,gen_z_slang
40994109-759a-453c-8884-c8b3883ce5f3,"Hey, so I tried sending some cash over to my friend but they're like ""where's my money"" LOL? Did my transfer just ghost them or what? Could you check if that payment actually made it through? Thanks a bunch! 🤔📱💸",transfer_not_received_by_recipient,gen_z_slang
18d9a72a-2186-46a7-b799-52d437204f0a,"Hey, so like I tried dropping some cash over to my friend's account last night, but they're saying they didn’t get squat 🤷‍♂️ Could you all check out what’s up? Need that transfer sorted ASAP! Thanks a bunch!",transfer_not_received_by_recipient,gen_z_slang
eec78cae-1696-4ede-b25c-9437f25d88e7,"Hello, I made a transfer today but the other person not getting money yet. Can you help me find out why? Thank you very much!",transfer_not_received_by_recipient,non_native_speaker
b58c5c76-0986-4452-8e61-6e1cc4336ed2,"Hello! I send money to my friend but he not receive. Can you help? Is something wrong with transfer? Thank you for helping me.

Kind regards,
[Your Name]",transfer_not_received_by_recipient,non_native_speaker
4afc6003-6847-4e57-b935-a7ba08cde0e8,"Hello, I have send money transfer to friend yesterday. Today, they say no get money yet. Can you help check why not received? Thank you!",transfer_not_received_by_recipient,non_native_speaker
11062029-98ca-41ba-8f2f-c92f11baa723,"Hello, I hope you are well. I did send money to my friend by bank transfer last week. But today he tell me not received money yet. Can you please see what happen? Thank you very much!",transfer_not_received_by_recipient,non_native_speaker
85ea8d74-3b15-418f-a35b-602b6ab537fa,"Hello, I am having a small issue. I sent money to friend yesterday but today they tell me not receive yet it. Could you check please if something wrong? Thank you so much for help!",transfer_not_received_by_recipient,non_native_speaker
d7889f62-0980-4907-8455-376fda64e2f6,"Hello, I need help. I send money to friend yesterday but friend say he did not get it. What happen? Please help me find out why money no show up for him. Thank you!",transfer_not_received_by_recipient,non_native_speaker
411795ea-2992-40bc-a9d4-c907451dafe4,"Transfer missing, no receipt confirmation.",transfer_not_received_by_recipient,short_wording
ed1dabb6-3141-4fe3-b12d-949894c3400c,"Transfer not received  
By recipient  

Details:  
- Transfer amount  
- Date of transfer  
- Sender/Recipient account numbers  
- Transaction reference ID  

Help needed:  
Verify transfer status  
Is there a delay?",transfer_not_received_by_recipient,short_wording
86f37429-d2df-4d21-bf05-2e4c99e3f6b7,"Transfer not arrived at recipient's account  
Sent time? Urgent help needed  
Thanks!",transfer_not_received_by_recipient,short_wording
ba09075a-5a6c-4f61-9b2b-1d8ffb20ff97,"Transfer missing  
When sent?  
Is it pending?  
Recipient confirmation?  
Double-check recipient details  
Need transaction ID  
Check status online  
Contact support if issue persists",transfer_not_received_by_recipient,short_wording
a16fa0c9-2bbd-414b-a797-75a1d503e706,"Transfer sent, not received

Sender: Me  
Recipient: Not got it  
Funds missing? Please check",transfer_not_received_by_recipient,short_wording
e1bcd5e5-6641-470a-a178-d7da3b6c022d,"Transfer missing for recipient  
Sent money, no confirmation at their end  
Please check transfer status  
Need help with tracking issue  
Recipients getting nothing  
Thanks!",transfer_not_received_by_recipient,short_wording
acc5de76-ff9b-420b-baee-105c48c4c42f,"Yo, what's the deal with my money taking an eternity to show up?! I thought I hit that transfer button ages ago, and now you're telling me it’s still hanging around like a bad smell? This is ridiculous—I need my cash NOW! Fix this mess or get ready for some serious complaining.",transfer_timing,angry_layperson
2fdc18c2-6dc7-480f-ba04-f33d7d62175c,"Hey, listen up! I got money that should've landed in my account ages ago, and here we are still waiting like a bunch of chumps. What’s taking so long? This isn’t rocket science; it's just my damn cash not showing up where it's supposed to be. Fix it now or I swear I'll drag you through the mud!",transfer_timing,angry_layperson
08f4fb52-9a81-4921-aaeb-c194efe1fc12,"Hey, listen! My money's still stuck over there, where I sent it ages ago? This is nuts! Your system's moving at a snail's pace or what? Fix this now, 'cause I didn’t sign up for some kind of slow-mo bank robbery show. What’s the hold-up?",transfer_timing,angry_layperson
bd68d304-bbf6-4e66-8423-859b3ff7daac,"Hey, listen up! I need my money moved over now or yesterday! It's been ages since I hit that transfer button, and you guys are acting like this thing is supposed to take a vacation before showing up in my account? Get it sorted already, will ya? This isn't rocket science; I'm not asking you to launch a damn satellite here.",transfer_timing,angry_layperson
c7439275-717b-4e61-9b7c-296a9cca3693,"Hey! Why the heck is my money still stuck over there when I told you guys ages ago to move it? It's like you're playing keep-away with my cash, or maybe you lost it altogether! This ain't right—I need that dough over here NOW. Fix this mess, pronto!",transfer_timing,angry_layperson
087b972d-3c4d-4e5e-9ef0-94bb7642bd0d,"Hey, listen up! I tried sending that money over yesterday, and it's like my cash got stuck in some Twilight Zone! It hasn’t moved squat today, and I need that dough NOW! Get me sorted or there’s gonna be hell to pay here!",transfer_timing,angry_layperson
f056e08f-47fb-4ef9-9e58-c2113d63be92,URGENT NEED TO KNOW TRANSFER STATUS WHEN WILL MONEY ARRIVE I NEED IT NOW MY LIFE IS ON THE LINE PLEASE HELP ASAP ANYTHING ELSE DEPENDS ON THIS PLS TELL ME IMMEDIATELY!,transfer_timing,panicking_emergency
3064ac35-a0a8-4856-bc9d-27811bd7ba7a,help urgent money transfer not showing up where supposed account I sent cash hours ago panic customer service no reply what happening my bill due tomorrow need immediate fix this now please,transfer_timing,panicking_emergency
ed3f2e7a-38d5-423f-8b4d-365d7ae17dda,Urgent! I need my money now why is it not there? Transfer took too long need it yesterday lost job no food bills overdue help quick!,transfer_timing,panicking_emergency
4341093b-2382-4605-b995-b8791cf863b9,URGENT NEED HELP! TRANSFER DID NOT GO THROUGH WHERE DID IT STOP? HOW LONG WILL IT TAKES TO RESOLVE? MUST KNOW NOW MONEY IS CRUCIAL I’M PANICKING NEED SURE INFO IMMEDIATELY PLEASE!,transfer_timing,panicking_emergency
98982c9c-974f-4e74-bdfd-1dd5fb3fea0d,banker where is my money supposed to go if not here I tried transferring hours ago urgent need now account dry nothing coming through what’s wrong?!? explain fast!,transfer_timing,panicking_emergency
702ace80-bcc0-4060-9c5e-e0bee8543b10,where's my money urgent need now no time waiting can't pay rent got bills due today help me fast!,transfer_timing,panicking_emergency
42c0adfe-a978-4366-aaaa-df642bbed397,"Dear Esteemed Customer,

I trust this correspondence finds you well. I am writing to inquire about the anticipated completion schedule of a bank transfer that I recently initiated. Understanding the precise timing for the transaction's finalization is of utmost importance to me, as it would facilitate my financial planning and commitments effectively.

Kindly provide me with any pertinent information regarding the expected processing duration or any factors that might influence this timeline. Your prompt attention to this matter would be greatly appreciated.

Yours faithfully,

[Your Name]",transfer_timing,polite_expert
205c19a0-9728-43e2-8a87-9bddf4ce03f2,"Esteemed Customer,

I trust this communication finds you well. I am writing with regard to an inquiry concerning the precise schedule for funds transferred between accounts under my purview. It has come to my attention that there may exist some ambiguity regarding when these transactions are expected to be completed within our network. Your assistance in clarifying and providing a comprehensive explanation of how we anticipate the actualization of such transfers would be most appreciated.

Should you require any additional information or further assistance, please do not hesitate to inform me at your earliest convenience.

With sincere regards,

[Your Full Name]",transfer_timing,polite_expert
a3fae774-8df2-4afe-be8e-451a6d291f7f,"Dear Valued Customer,

I hope this message finds you well. I am writing to seek clarification regarding the schedule by which funds are typically transferred between accounts under my management within your esteemed financial institution. Would you be so kind as to provide precise details concerning the standard processing duration and any potential factors that may influence these timelines?

Yours sincerely,
[Your Name]",transfer_timing,polite_expert
0fd87862-4ab7-4170-95fb-ee999a671ae9,"I hope this message finds you well. I am writing to inquire about the anticipated duration for funds to be successfully transferred from one account to another within our banking network. Specifically, I would like to understand whether there are any particular factors that may influence the exact processing time of such transactions. Your guidance on this matter would be greatly appreciated as it will assist in managing my financial plans efficiently.

Should you require further details regarding the nature or specifics of the transaction, please do not hesitate to inform me. Thank you for your attention and assistance with this query.

Warm regards,

[Your Name]",transfer_timing,polite_expert
b844c432-f000-40f1-99b1-0cb94484c95f,"Subject: Inquiry Regarding Inter-Bank Funds Transfer Processing Schedule

Dear Banking Support Team,

I hope this message finds you well. I am writing with regard to an inter-bank funds transfer I recently initiated. Kindly provide me with accurate information on your standard schedule for the processing and clearance of such transactions. Understanding the typical timeline would greatly assist in planning my subsequent financial activities.

Thank you for your prompt attention to this matter. I look forward to receiving confirmation at your earliest convenience.

Yours sincerely,

[Your Name]  
[Account Number / Reference ID, if necessary]",transfer_timing,polite_expert
1a6f58c7-a832-46eb-9f8e-7ada6242b463,"Good day,

I trust this message finds you well. I am writing to inquire about the expected schedule for processing inter-account transactions within my banking institution. Could you kindly provide clarity on the typical duration necessitated from initiation to completion of such transfers? Your detailed guidance would be greatly appreciated.

Thank you for your assistance.

Warm regards,  
[Your Name]",transfer_timing,polite_expert
e6f2663c-848e-41dc-8f90-1a8bd15b11af,"Heyo, so like I tried to slide some cash over to my BFF but it's still chilling in limbo? Any idea when that paperless check will hit their account? Feels eternal rn 😩🙏 Thanks fam!",transfer_timing,gen_z_slang
220e32ca-92b6-49ce-9645-d155b275016a,"Hey, so I got a bit of an issue with how long my transfers are taking lately 😅 Like, did my bank just decide to be extra chill or what? Can you give me the deets on when these peeps usually hit the target account? 🤔 Thanks!",transfer_timing,gen_z_slang
513cf560-69c8-4c41-8b75-9eeec21446b8,"Hey, just wanna ask why my transfer is being such a snail? It usually zips through super fast but like yesterday it took ages. What's up with that? 😒 Need to know if this is normal or if there's something I gotta sort out ASAP. Thanks! 🙏",transfer_timing,gen_z_slang
998109f0-22c8-4042-87a0-75a84dc3a187,"Hey, so I sent some cash to a friend using my bank app earlier today, but like, when is it actually gonna show up in their account? They’re kinda panicking since they needed that money now. 🙄 Any deets on how long these transfers usually take? Thanks!",transfer_timing,gen_z_slang
231c1e9f-3517-4e46-b246-8bb5a982e165,"Hey, so like, I tried to zap some cash over to my BFF's account last night, but it’s still MIA this morning???? 😒 Is it just chillin’ somewhere or gotta wait longer before it lands? Peace out 🙌",transfer_timing,gen_z_slang
2982eac2-6460-4120-ac0a-7b59885fbcdb,"Yo, so like, I tried to send some cash to my bff yesterday but for real, it's still chillin in my account this AM?? Thought it'd be instant LOL. Can ya peep what’s up with that? Thx! 🙏",transfer_timing,gen_z_slang
5fbe1b3c-7a34-48be-83ae-41b65b75d97e,"Hello, I need help with my transfer. I want to know when it will be done. It is urgent for me because of a payment. Please tell me how long it takes. Thank you!",transfer_timing,non_native_speaker
b9bf60e1-be5d-4d00-a078-0cdae0b85afb,"Hello, I need help with money move. When does it go from my account? Sometimes late or not on time. Can you explain when exactly money transfers happen? Thank you!",transfer_timing,non_native_speaker
7fb57a18-760b-4b9e-9994-fceab461ba86,"Hello, I have question about when money go from one account to another? It not clear how quick this happen sometimes. Can you help explain? Thank you!",transfer_timing,non_native_speaker
2fc91af5-016a-4c3c-bcb1-2c6dc5396794,"Hello, I want help with money transfer. Why does it take long time? Can you make faster? Thank you. 😊",transfer_timing,non_native_speaker
44cbc4d1-036e-4234-8930-a11317556b04,"Hello, I have a small issue with sending money. It seems like the transfer not happen when I say time. Can you please help me understand why? Thank you very much!",transfer_timing,non_native_speaker
cd0c2cdf-d39b-4d1a-a1d4-6805a560661e,"Hello, I have question. When my transfer will be there on the other account? It take very long time, yes? Please help me understand how fast this work. Thank you!",transfer_timing,non_native_speaker
aac6d64f-4294-47e7-b643-3e1aa6b3df45,"When's money sent? Urgent

Need: quick transfer confirmation.",transfer_timing,short_wording
8fbf53dc-7ed2-4ac1-a272-c3839b90a07d,Transfer delay? Expected time?,transfer_timing,short_wording
80827aee-e9d9-4786-8805-5b668d07937c,Transfer speed? When does it happen? Need quicker!,transfer_timing,short_wording
70166027-6b42-4fd9-be5c-f68506c934f1,"Transfer delay? Need explanation.

--- 

Are transfers instant or delayed? Need clear timing info. Thanks.",transfer_timing,short_wording
a257b07c-b231-4052-bf5b-f2a2f9c5d2f4,"Transfer time unknown, when arrives? Need confirmation.",transfer_timing,short_wording
d6ecb112-1937-4a84-b0f4-e26e441060ac,When will transfer complete? Need timeframe.,transfer_timing,short_wording
12c41e73-a860-4d61-9b08-77c9548703a2,"Hey there! Listen, I'm trying to do some damn transfers and you're making THIS hard? Every time I try to log in or whatever, it's like ""Who are ya?"" You need me to send my face over again for ID? Seriously, who wants that nonsense today? This is ridiculous. Can someone sort this out and make my life easier without treating me like a criminal every dang time?!",unable_to_verify_identity,angry_layperson
1dc0c316-b8fb-4c04-b6e2-cbaaae63cd82,"Listen, I’ve been trying forever to get into my bloody account! Every time I punch in my details, these wankers say they can’t recognize me! It’s like they think I’m some kind of fraudster or something! This is ridiculous. Can someone sort this out, or do I have to come in there and shout at them face-to-face? I’ve got better things to do than mess around with their stupid system!",unable_to_verify_identity,angry_layperson
c2116dda-5278-4630-a3b4-24bb27a494c1,"Hey, listen up! I've been trying to get my bloody thing sorted for an hour now, and every time I try to verify myself, your system just throws a fit and tells me nope! How do you expect anyone to deal with this nonsense? It's like it doesn't even know who I am. Fix this mess or send someone here pronto to sort it out in person, because I'm about to lose my patience over this crap!",unable_to_verify_identity,angry_layperson
eb445c3e-b089-4421-877b-0b218528b969,"Hey, what the heck is going on with my bloody bank app? I try logging in like a hundred times but every time I do, it's telling me something's wrong with my identity or whatever! It’s like you want me to jump through hoops just to see my own dang money. Fix this mess right now!",unable_to_verify_identity,angry_layperson
c3b00944-73fd-4559-a977-baf705197365,"Alright, listen up! Every time I try to do something on my bloody account, it's like the system just hates me. It keeps asking for more info, and none of what I give seems right. Am I supposed to prove I'm me with these idiot puzzles? This is driving me nuts! Fix this crap already or you can kiss my money goodbye!",unable_to_verify_identity,angry_layperson
5de45f68-5041-4440-971c-91231c6a5d5c,"Alright, listen up! I tried doing what you wanted—trying to get into my own blasted account—and now you're telling me I can't even verify who I am? What the heck is going on here? It's like you don’t recognize your own customers. Every dang time it’s some nonsense about not verifying myself properly, and this is getting out of hand! Is your system trying to play tricks on us or what? I need someone with a brain up there to sort it out because I’m fed up with these idiotic hoops every single time!",unable_to_verify_identity,angry_layperson
d20d6b4c-eb56-4acc-89e7-3228ea07fb9a,I CAN'T VERIFY MY SELF HELP! I NEED ACCESS NOW I tried passwords too many times PIN not working something wrong HELP!! It's my money account urgent need fix now PLEASE FIX THIS IMMEDIATELY,unable_to_verify_identity,panicking_emergency
62093a95-824e-4e4c-bd5f-743851278d15,Oh no need bank help can't do verification panic! Tried login over ten times failed everything locked me out urgent can't access account got bills coming due tomorrow help fast what do I do next step? This is really critical please quick solution ASAP! Can't handle this any longer,unable_to_verify_identity,panicking_emergency
a1aa21cc-d445-4e3d-b06b-c2ca25e8bb41,Can't verify who I am system won't let me through what's happening where do I go for help? Need to access account immediately this is urgent can't wait hours stuck here no options left quick fix needed now!,unable_to_verify_identity,panicking_emergency
9ffd0643-1f36-42ee-b7e4-ee3a3d891806,"Help! Need access cash now identity system won’t work no matter what I type. Tried every card, app login nothing works! Urgent need resolution or my situation’s bad! What do?! Can someone call me ASAP? This is getting desperate!",unable_to_verify_identity,panicking_emergency
355faf2e-f5bb-4964-b0ec-a3bf8a19d0e2,I can’t even login my card’s not working I’m locked out of my account need help right now! Can someone please verify who I am? It’s urgent! How do we fix this fast? Need access immediately or I’ll lose money I’ve got a deadline and bills looming what do I do next?,unable_to_verify_identity,panicking_emergency
f0ee4789-10b0-406e-9dc9-50ef9ce5b46c,"I need help right away! Can't verify who I am on my app! Urgent! Someone hacked my account maybe? Need immediate assistance, can’t access anything at all! What should I do! My money's at risk! Please send someone to fix it fast! This is an emergency!",unable_to_verify_identity,panicking_emergency
e51ec25b-1dd9-4244-8152-67291f1919ba,"Dear Esteemed Customer,

I hope this message finds you well. I am writing to report an unexpected difficulty encountered during our recent attempt at identity verification. Despite adhering closely to the instructions provided, the system has not been able to confirm my credentials accurately. This situation poses a mild inconvenience, and I would greatly appreciate your guidance or assistance in resolving this matter.

Yours sincerely,

[Your Full Name]  
[Your Account Number]  
[Your Contact Information]",unable_to_verify_identity,polite_expert
a62352c2-b6c0-484e-ad45-129fff748036,"Dear Esteemed Banking Representative,

I am writing to express a certain difficulty I have encountered during my most recent attempt at accessing my account through our secure online platform. Despite adhering meticulously to all prescribed authentication procedures, including entering my credentials without error, it appears that the system is unable to validate my identity conclusively. Consequently, this impediment prevents me from proceeding with any transactional activities or even perusing my current account status.

I kindly request your assistance in rectifying this issue at your earliest convenience and would appreciate guidance on how I might successfully authenticate myself during future endeavors. Your expert advice and support in this matter are most sincerely appreciated.

Yours faithfully,

[Your Name]",unable_to_verify_identity,polite_expert
ff4b9a5d-7ae8-4983-a66f-7ddebd4287e6,"Esteemed Client,

I trust this message finds you well. Regrettably, I must inform you that during my recent endeavor to access certain services within our banking system, I encountered a hindrance pertaining to the verification of my identity. Despite adhering meticulously to all prescribed procedures and furnishing the requisite documentation, I have yet to achieve successful authentication.

I humbly request your assistance in resolving this matter expeditiously, as it is imperative for me to fulfill my financial obligations promptly. Should you require further information or any specific details regarding this situation, please do not hesitate to reach out at your earliest convenience. 

I sincerely appreciate your attention to this urgent matter and eagerly await your guidance.

Yours faithfully,

[Your Full Name]  
[Account Number/Reference ID]",unable_to_verify_identity,polite_expert
f314f81f-a350-4f52-a737-15870e38a061,"Dear [Bank Representative],

I trust this communication finds you well. I am writing to seek your assistance as I encountered an unforeseen complication regarding the verification of my identity during a recent attempt to access my account online. Despite ensuring that all necessary credentials are up-to-date and correctly entered, it appears that the system is unable to confirm them at this juncture. If it may be possible, could you kindly provide guidance on the steps I should undertake to resolve this issue promptly? Your expertise in this matter would be most appreciated.

Yours sincerely,
[Your Name]",unable_to_verify_identity,polite_expert
7948b5b7-1a29-44f7-869f-370ea2f0b0a9,"Dear Sir or Madam,

I trust this correspondence finds you well. I am writing to address a matter of utmost importance concerning an ongoing issue wherein, despite my best efforts, I have encountered obstacles in fulfilling the necessary verification requirements during attempts to access my account services. This impediment has rendered me unable to proceed with certain transactions and inquiries integral to managing my financial obligations effectively.

I would greatly appreciate your assistance in resolving this situation promptly. May you kindly provide guidance on the necessary steps to ensure that my identity can be authenticated successfully, thus allowing for unimpeded access to my account?

Thank you for your attention to this matter and your continued support.

Yours faithfully,

[Your Name]",unable_to_verify_identity,polite_expert
8e4ff803-5f0d-4d5e-bd9e-5114809bc7ce,"Dear Esteemed Customer,

I hope this message finds you well. I am writing to bring to your attention an issue I have encountered during my recent interaction with our banking system concerning the verification of my identity credentials. Despite providing all necessary documentation and adhering to the prescribed procedures, it appears that there is a discrepancy or impediment preventing successful authentication.

May I kindly request assistance in resolving this matter at your earliest convenience? Your expertise in addressing such technicalities would be greatly appreciated.

Thank you for your attention to this matter.

Yours sincerely,

[Your Full Name]  
[Acknowledged Customer Account/Reference Number, if applicable]",unable_to_verify_identity,polite_expert
f5b65418-491f-4d33-a036-17dca0b8c91f,"Yo, so there's this issue where my app keeps bugging me about verifying who I am, but like, it just won’t let me do any of those steps. Tried all the usual stuff—pictures, details—but still no dice. Could we check what’s up with that? Thanks! 🙌",unable_to_verify_identity,gen_z_slang
45759ee9-6e3c-4e38-8f30-f7ff06ec6452,"Heyyy, so like, I was tryna log in to my account but it’s not recognizing me for some reason. 😕 Like, it keeps saying that my identity needs verification or something and won’t let me through. Tried a couple of times already but nope, same old error message every time. Any ideas on what's up with this? 🤔 Thx!!",unable_to_verify_identity,gen_z_slang
9b99e8bd-8877-4f6d-a374-29394612111c,"Hey! I'm trying to log into my account, but like, it totally won’t verify me or anything 😩. I've entered all my info a bazillion times but still no dice. Feels like I’m being ghosted by my own bank app lol. Can you help me sort this out ASAP? Thanks! 🙏",unable_to_verify_identity,gen_z_slang
069f7e68-70f7-43cc-89d0-a2ffbef29242,"Hey there! So like, I'm trying to get into my account but it's like my ID keeps getting ghosted by the system. It's totally not vibing with me either way. 😕 Could you help me sort this out? Thanks a bunch! 🙌",unable_to_verify_identity,gen_z_slang
62657156-eef9-430e-b786-9fcd25a406d5,"Hey, so I'm trying to log into my account but like, every time I try to verify who I am, it keeps throwing shade at me. Like, what's up with that? 😒 It should know it's me by now! Need some help here! 🙏💯",unable_to_verify_identity,gen_z_slang
da525f87-86b4-4f4c-8a41-07110b6e7455,"Yo, bank peeps! I'm legit trying to log into my account, but like, every time I hit verify, it's a big ol’ ""nope"" 😑. Feels like you need me to do that biometric thingy AGAIN when I swear I did recently? Help a girl out and sort this mess ASAP, plz! 🙏",unable_to_verify_identity,gen_z_slang
cda167dd-30c4-4d0b-9c7d-5c9af2beab87,"Hello, I am have trouble with my identity verify thing. It say no can do because something wrong or missing. Can you help how fix this? Thank you!",unable_to_verify_identity,non_native_speaker
0f5f342a-048c-43de-906b-012a72af6878,"Hello, I have a small problem today. Please help me. When I am trying to check my account online, it asks for to verify who I am. But every time, it says something is wrong. I don't know what is going on with this verification thing. Maybe I do not type correct things or maybe there's an error. Can you assist me with this? Thank you very much!",unable_to_verify_identity,non_native_speaker
1b46112d-03a5-4b19-9ffd-e6d08b86ffd4,"Hello, I try to login account but fail. They ask for identity proof but my document no work. Can help fix this? Sorry, English not first language. Thank you!",unable_to_verify_identity,non_native_speaker
ebdb56aa-75c5-400d-99bd-ee36316f242c,"Hello, I sorry but I have a trouble. My identity not verified when trying login into my bank account. Can help me with this? Please check what wrong is. Thank you.",unable_to_verify_identity,non_native_speaker
f7c9f74d-f92c-48d0-8a27-880830535b86,"Hi, I am sorry but I have trouble with my ID check today. My account say needs verify but no work. Can help please? Thank you!",unable_to_verify_identity,non_native_speaker
d0508203-a89d-4b21-93d0-a7129fdc47be,"Hi, sorry for trouble. I try many times but not work. My ID not verified. Can you help please? Thank you!",unable_to_verify_identity,non_native_speaker
00f290e2-b7c2-4f72-ae5c-88b14ce547b9,"Can’t verify ID

Need help",unable_to_verify_identity,short_wording
1e143fd2-6033-4c4f-8f85-e2f9e1b4e685,"Can’t verify my identity. Need help.
---",unable_to_verify_identity,short_wording
5f650f0c-8add-42dd-af4b-c7facffaf9ae,Can't verify identity. Need help.,unable_to_verify_identity,short_wording
01f1d0f9-25b4-4fe4-93ab-0401ab1f772c,Can't verify identity. Help needed.,unable_to_verify_identity,short_wording
5fc6d51e-0cdb-4b4c-a59d-6049647efae1,"Can't verify identity  
ID check fails  
Identity mismatch  
Verification error  

Pick one:

- Check details  
- Retry later?",unable_to_verify_identity,short_wording
ff207293-a395-43b8-adca-8d3af154205b,"Identity check fails  
Can’t verify my identity  
Verification not working  
Need help with ID verification  
Why can’t you see me?  
ID check stuck, please assist  

Choose what best fits.",unable_to_verify_identity,short_wording
eb961ad4-936b-4705-ac3e-fad03bbc51e0,"Listen here, I've got enough on my plate with all these ridiculous problems! Can you not take a minute to actually HELP me prove who I am? My account's locked up tighter than Fort Knox, and for what? This is getting on my last nerve – sort it out quick or else!",verify_my_identity,angry_layperson
a963391b-2155-4db0-9999-8ab0b7d86c71,"Alright, listen up! This is ridiculous—my account's been frozen or whatever these days ago when I was just tryin’ to get my hands on some cash. Now you want me to jump through hoops just to prove who I am? I ain’t got all day for this nonsense! Why can't you just check your damn records and let me do what I need to do?!",verify_my_identity,angry_layperson
53fedf43-ab07-4ac8-9aa4-e09fb901ee75,"Hey, listen here! I need you folks to actually recognize who I am before y'all think about doing anything with my money. My account's on lockdown or something, and no one can do jack without making sure it’s me. Get this straight: I'm sick of jumping through hoops for stuff that should be simple. Do your job and make sure you know who you're dealing with!",verify_my_identity,angry_layperson
ef406051-2147-4ee1-b744-95a22a365e2c,"Listen up, I can’t deal with this nonsense anymore! Every time I try to get anywhere near my account info, you guys want me to jump through hoops like I’m some sort of circus clown. Can't you see who I am without making me go through this ridiculous song and dance every single time? It's driving me up the wall!",verify_my_identity,angry_layperson
2110eaf3-a30e-47fd-ba60-13248f5bf3b4,"Listen here, I've been trying to sort something out with you lot for ages, but every time I call or visit, it’s like talking to a brick wall! My goddam account is locked tighter than Fort Knox and no one’s getting me through. Just do your job already and let me prove who the heck I am so I can get on with my life! Why's it gotta be such a bloody hassle?",verify_my_identity,angry_layperson
4c4c0ba5-fb89-46a5-9e92-1326672cee33,"Listen, I'm not here for a game of ""Guess Who?"" with my own info! It's like every time I try to check something on my account, you need me to jump through hoops! Just show some respect for ol' Joe here and let him into his dang account without making it a circus act. Are we supposed to do this every single day? Give me a break and sort it out, or I swear...",verify_my_identity,angry_layperson
9fc3c8c9-0b1c-4d99-96a2-a8e93e92ed98,I need help now please I think someone hacked my account can you confirm if I'm talking to you urgently checking everything right this second I didn't recognize any of these transactions they must have used my info how do we stop this immediately what information do you need from me to make sure it's really me on the line,verify_my_identity,panicking_emergency
c51f5bee-3e33-47db-bf44-89b83ffe2770,URGENT I NEED HELP NOW MY ID MUST BE VERIFIED SOON I CAN'T ACCESS MY ACCOUNT AT ALL THIS IS CRITICAL PLEASE TELL ME WHAT TO DO IMMEDIATELY I'M GETTING MORE ANXIOUS BY THE MINUTE HELP ME HERE AND NOW PLEASE,verify_my_identity,panicking_emergency
3ea12c78-fb6b-4239-91ce-aeed63b48273,I need you now please I can’t access my account locked out urgent verify who I am help me fast!,verify_my_identity,panicking_emergency
d04f9d44-3ce0-47af-a31f-fec672028322,Help! Can’t get into my account can't verify who I am need access right now or I’m gonna lose everything!! Please tell me what you need from me fast!!!,verify_my_identity,panicking_emergency
a6d8f75a-8141-436c-bbc2-16c43957f54c,I need help right now I can’t access my account at all urgently verify who I am because something’s wrong I’m really worried need confirmation before I proceed something feels off this is critical immediately please get back to me quick ASAP!,verify_my_identity,panicking_emergency
a8235de3-f98b-45d7-a81b-a1fef757d221,"I need you to verify me right now who am I? Can’t log in, urgent! Need bank access immediately help me please don't know what's wrong with account identity check fast!",verify_my_identity,panicking_emergency
c0032811-9e93-4d22-9ecd-c59abcaed9a2,"Esteemed Customer,

I hope this message finds you well. To proceed with addressing your inquiry, I kindly request that you provide a brief overview of pertinent personal identification information. This typically includes details such as your full name, date of birth, and any relevant account numbers or recent transaction history which may aid in the verification process.

Please rest assured that strict confidentiality is maintained throughout this procedure to ensure the utmost protection of your personal data.

Thank you for your cooperation and patience.

Warm regards,

[Your Bank's Customer Support Team]",verify_my_identity,polite_expert
1656818f-870c-4d01-8273-4bc5cdd6d32f,"Dear Esteemed Customer,

I hope this correspondence finds you well. I am writing to kindly request that we proceed with the formal verification of my personal credentials, as part of our commitment to maintaining a secure and trustworthy banking environment. If additional information or documentation is required from my end to facilitate this process, please do not hesitate to advise me accordingly.

Warm regards,

[Your Full Name]  
[Account Number]  
[Contact Information]",verify_my_identity,polite_expert
efdd50dd-aeb8-4bff-b1dd-b2a4655059a5,"Good day,

I trust this message finds you well. I am reaching out to request assistance with confirming my personal details as part of the ongoing maintenance of your esteemed institution's customer records. Should there be any additional information or documentation required from my part, please do not hesitate to inform me promptly.

Yours sincerely,

[Your Name]",verify_my_identity,polite_expert
3e7c583e-d680-4c25-854d-d92a2871cf9c,"Esteemed Customer,

I trust this message finds you well. In order to proceed with the provision of the requested banking services, it is imperative that we confirm your identity through a series of secure measures. Please be informed that these steps are designed with your utmost security and confidentiality in mind.

Thank you for your understanding and cooperation in this matter. Should you have any inquiries or require further assistance throughout this process, do not hesitate to contact us.

Kind regards,

[Your Name]
[Position]
[Bank Name]",verify_my_identity,polite_expert
8b680c6a-cea0-41cd-8aaf-31555bc17eb3,"Good day,

I hope this message finds you well. I am writing to kindly request assistance with substantiating my identity for certain banking operations. It would be most appreciated if you could guide me through any necessary steps or documentation required for this verification process. Thank you in advance for your attention and support.

Sincerely,  
[Your Name]",verify_my_identity,polite_expert
8d14a10a-07d1-42d5-9ebb-77579d86d3f5,"I trust you are experiencing a satisfactory day. I am reaching out to assist you with confirming your account credentials, an essential step in ensuring the security and integrity of our services. May I kindly request that you provide some pertinent information such as your full name, date of birth, and the last four digits of any social security or other identifying numbers associated with your banking profile? This will enable us to authenticate your identity expeditiously and efficiently, thereby allowing us to proceed with addressing any subsequent inquiries or transactions you may have in mind. Your cooperation in this matter is greatly appreciated.",verify_my_identity,polite_expert
516e879d-9898-4f69-a6f5-c3590e37d2d2,"Hey there! So, I wanna make sure you got me right with my bank account stuff 😅. Can we get this sorted please? Need to update things so they don’t act like we lost contact or something LOL 🙃. Lemme know what you need from me! Thanks a bunch! 💯",verify_my_identity,gen_z_slang
959ab841-d2b9-45fd-8b0b-e4225edf51d9,"Yo, so I gotta confirm who I am for you all—quickly fix that up, please? 😎 Need to make sure everything's chill before checking my deets. 🙌 Thanks!",verify_my_identity,gen_z_slang
389456bd-9ec5-4ae3-87b2-d7464f070665,"Hey, I really need you to confirm it's actually me on here 😅. Can we do that quick so I can check out my account stuff? Thanks a bunch! 🙌",verify_my_identity,gen_z_slang
906b664c-b050-4cc0-9e2a-02cbce49357b,"Yo, I need to make sure you’re legit with my deets before we can chat about this deposit drama. Can you hit me up with those verification vibes? 😅💾",verify_my_identity,gen_z_slang
648e27e9-a169-410d-91a2-3a60f19de594,"Yo, I need to prove I'm legit here before we go any further with my account stuff. Can you walk me through what I gotta do for that? 🙏",verify_my_identity,gen_z_slang
de6d4bb4-68dd-4960-bf05-00dd30f5eb2e,"Hey, I totally need to make sure you're me before we go any further 🙌. Could u pls ask for my full birthdate, last 4 digits of my card number and maybe that secret security question I answered a zillion years ago lol? That'll probs do the trick!",verify_my_identity,gen_z_slang
71f66c5c-872a-48a7-b058-554c08c914e4,"Hello, I need help for check who am I with account. Can you please make sure if information correct? Thank you very much!",verify_my_identity,non_native_speaker
0ab09af8-19ee-43f7-9b64-746b8aff91fa,Hello! I need help with checking if my identity is correct for banking. Can you tell me what information you need from me? Thank you.,verify_my_identity,non_native_speaker
1626638b-31f6-4966-be27-0c2d95096f4e,Hello! I am try help you with bank thing. My name is [Your Name] but here no paper prove it. Can please check who I say? Thank!,verify_my_identity,non_native_speaker
b0a65292-68d8-42b1-8e2e-eb3268703ef7,"Hello, I need help for checking my identity. Can you tell me how to do this? Maybe show some steps or ask questions about me? Thank you!",verify_my_identity,non_native_speaker
f58da279-99bd-4568-adcc-7689f3a57baa,"Hello, I need help with checking if am me on account. Can please check my name and ID? Thank you for helping. Sorry for bad English.",verify_my_identity,non_native_speaker
6ea3e15c-1640-4691-bfef-de0b34eca679,"Hello, I need help to check my identity please. Can you ask me some questions for this? Thank you, I wait for your answer.",verify_my_identity,non_native_speaker
4a426075-0600-47d5-a51e-61298682b603,"Need ID check  
Got documents?   
Name, DOB, PIN  
Confirm account access  
Thanks!",verify_my_identity,short_wording
045b0787-1f2f-47c0-b075-79a7cf16cc0b,"Yes, need ID check now. What info you need?",verify_my_identity,short_wording
4561ee74-5945-418d-9f77-a4553c2f5c98,"Identity check needed  
Need confirmation step",verify_my_identity,short_wording
13734637-8845-4158-812f-532890864c19,"Need ID check now.

Name:
Date of birth:

Thanks.",verify_my_identity,short_wording
e8c4e946-91a6-48a7-be89-a2257dc3239c,"Need identity confirmation now  
Have account details  
Waiting for verification steps  

(Note: Ensure necessary personal information is available as needed by bank policy.)",verify_my_identity,short_wording
245cdbc2-bdc4-4741-b073-f47325bc55b4,"Need identity check, please.",verify_my_identity,short_wording
01d83c86-02c6-4251-8df1-448ce5b326bd,"Listen here, I’ve been waiting for ages for you people to approve my deposit! Where do I find out if you even checked where all this money’s coming from? This ain’t just some chump change; I need a bloody fast answer about how you’re making sure it's legit. Get it sorted or you’ll be hearing more about this!",verify_source_of_funds,angry_layperson
05f839b0-095c-4631-9b35-18db1d1c5136,"Hey, listen up! I just moved some serious dough from another account into mine, but now you're giving me a hard time? What's this nonsense about needing to prove where my own money came from? If I have to explain myself every single time I've got the right to use my cash, what am I even paying you for? Fix this mess, pronto!",verify_source_of_funds,angry_layperson
59d2f7c8-4aba-4bf3-901d-1d33ee4fc6df,"Hey, listen up! I don't get why my money's been stuck like a damn traffic jam for days! My buddy wired me some cash from overseas, but you're asking for a billion ""proofs"" of where it came from. How hard can that be? Just tell your system to chill out and stop bothering me with all this nonsense! I didn't break any rules here, did I? You gotta fix this mess, pronto!",verify_source_of_funds,angry_layperson
f99c2293-7f8f-4390-a5f8-39bc542a6f00,"Listen here, I need you to figure out why my money got parked on hold like some kind of thief! Someone's gotta show where that cash came from or let me use it already. This is crazy, just fix it!",verify_source_of_funds,angry_layperson
cf626d8a-7d8d-4550-a163-f7e4f955b15b,"Listen up, you overpaid bunch! I need you to explain where all that sudden cash came from 'cause nobody just finds a stack of money under their pillow overnight. Do something about this junk or I'm switching banks, got it?",verify_source_of_funds,angry_layperson
19065250-6075-49b3-bafb-ffd21135b039,"Oh, for crying out loud! I just transferred a huge wad of cash into my account, and now you all are on my case asking where this money came from? It's not like I'm some dodgy character laundering dirty money through my bank account! Every cent is legit—I got it right here in front of me. Just let this go already and stop hassling me about it!",verify_source_of_funds,angry_layperson
42f41206-36f0-464c-8e7e-30ee2a6c9c45,"Urgent!!! Need help right now! Money transfer pending can’t proceed without fund source verification. What’s happening? Am I getting scammed?! Why is this taking so long? I need confirmation NOW! Call me ASAP, bank support line or email anything! Can't wait any longer – my business depends on it!",verify_source_of_funds,panicking_emergency
7909222b-a32f-4288-bcc4-4fbd21557af1,urgent help account frozen money sent but blocked need verify funds quickly no access need explain source money lost job new employer not enough time immediate assistance needed please respond fast!,verify_source_of_funds,panicking_emergency
ba7e20cb-8a70-483a-8ca2-2384ef575987,"I need help now! Account flagged funds issue urgent! Need proof received from employer, show they legit income source. I swear they’re mine! Please clear this up fast, can't wait for more problems! Really stressed here!!!",verify_source_of_funds,panicking_emergency
4abaca82-a6c3-414d-b260-fa47bfd49dcd,I need to know where my money came from right now! Transaction went through but I don’t remember initiating anything Can someone check where those funds originated? My account balance is acting weird and I think something's happened It’s urgent please help immediately I’m getting cold sweats over here!,verify_source_of_funds,panicking_emergency
9802a0c0-0018-49cc-a9d9-bb10813ac514,"I need this immediately funds urgent! Just got a large deposit, bank needs to know where it came from I can’t explain myself right now please confirm source of funds fast or else everything’s going wrong! Call me back asap!",verify_source_of_funds,panicking_emergency
d13fa4b7-67d5-4727-8f8c-741842b7d7f3,Bank urgently I need help funds transfer stuck must sort now business deal closing fast huge money on line can’t afford delays verify where cash from tell me please I’m losing everything,verify_source_of_funds,panicking_emergency
ec3654a1-3dc2-41ee-8ed9-45dcde98de5f,"Dear Customer,

I trust this message finds you well. I am writing to assist with a matter concerning the verification of the origin of funds related to recent transactions associated with my account. To ensure full compliance with regulatory standards, I kindly request confirmation that your institution has received and reviewed all necessary documentation substantiating the origins of these funds.

Your diligence in addressing this issue is greatly appreciated. Should you require further information or specific documents from my end, please do not hesitate to inform me of your requirements at your earliest convenience. I am keen to facilitate a swift resolution to this matter.

Thank you for your attention and cooperation.

Kind regards,

[Your Name]",verify_source_of_funds,polite_expert
0b944edd-8e05-4148-a3cc-ae37c7a3c5ce,"Dear Esteemed Customer,

I trust this message finds you well. I am writing to request your assistance in providing documentation or evidence that substantiates the origin of recent capital infusions into your account. This verification is essential for us to ensure compliance with regulatory requirements and maintain the integrity of our financial services.

Kindly at your earliest convenience furnish any relevant transaction records, employment income statements, business activity reports, or other pertinent financial documents that would elucidate the source of these funds. Your cooperation in this matter is greatly appreciated.

Thank you for your prompt attention to this request.

Yours faithfully,

[Your Name]  
[Your Position]  
[Bank's Name]  

P.S. Should you require any further clarification in regard to the types of documentation acceptable, please do not hesitate to contact our customer service team.",verify_source_of_funds,polite_expert
8492d30e-eb31-4129-9839-2acf1a194a8e,"Dear Sir/Madam,

I hope this message finds you well. I am writing to kindly request assistance regarding a matter concerning my recent financial transactions. In order to expedite the processing of certain funds within our esteemed banking establishment, it is imperative for us to ensure compliance with regulatory standards pertaining to fund sources.

In light of this, would you be so kind as to facilitate a review or verification process to elucidate the origin and credibility of these incoming finances? Your expertise in guiding me through any necessary documentation or procedures that might be required would be greatly appreciated. I am more than willing to provide any additional information needed to substantiate these transactions.

Thanking you in anticipation of your prompt and favorable response, I remain with utmost respect,

[Your Name]",verify_source_of_funds,polite_expert
c2833484-7132-4cb9-9446-000418f69f3b,"Dear Sir or Madam,

I hope this message finds you well. I am reaching out with regard to a recent transaction that has been processed through my account; however, there appears to be an inquiry concerning the origins of these funds. To facilitate an accurate and efficient resolution, I kindly request your assistance in examining the pertinent documentation or information necessary for substantiating their source.

Thank you very much for your attention to this matter.

Yours sincerely,

[Your Full Name]  
[Account Number: XXXXXXXXXX]  
[Contact Information]",verify_source_of_funds,polite_expert
41704513-4f8b-47b2-bc3c-55e5ab6e5b05,"Dear Esteemed Customer,

I trust this communication finds you well. In our continuous commitment to ensuring stringent compliance with global financial regulations, we find it imperative to request a concise elucidation of the origins pertaining to recent substantial deposits into your account. This measure is quintessentially in place to safeguard against fraudulent activities and ensure seamless banking operations are maintained.

Should there be any documentation or additional information you could furnish that would assist us in this verification process, kindly submit them at your earliest convenience. We appreciate your cooperation and understanding in this matter.

Yours faithfully,

[Your Bank's Customer Service Team]",verify_source_of_funds,polite_expert
35fe0433-7c3b-48e8-91ba-f30d0934f15f,"Greetings,

I hope this message finds you well. I am writing to request that we undertake a thorough examination of the origins of certain recent transactions associated with my account. Ensuring complete transparency regarding these financial activities is paramount to maintaining compliance with regulatory standards and my own personal commitment to fiscal responsibility. I would be most appreciative if our esteemed institution could provide validation or clarification concerning the sources from which these funds were derived, thereby facilitating a seamless continuation of our banking relationship.

Thank you very much for your assistance in this matter.

Kind regards,

[Your Name]",verify_source_of_funds,polite_expert
50881e61-d42a-4484-8a03-13b45d193b7e,"Hey there! So I just moved my moola into a new account, but now they’re like “prove where this cash is from.” Could you help me figure out what I need to send over so everything’s chill? 😅 Thanks! 🙌",verify_source_of_funds,gen_z_slang
c12fb7ae-c8d4-48c7-83ba-91e341efb9f5,"Hey, so I just got a heads up that my latest transaction needs some extra deets for verification or something. Can you help me figure out how to confirm where those funds are coming from? 🤔 Need to make sure everything's legit and get it sorted ASAP! Thanks a mil! 🙏",verify_source_of_funds,gen_z_slang
2535d540-2df5-4495-908f-44a6506dedae,"Hey, so I just moved some cash around, and now my account's like ""whoa slow down, where's this all coming from?"" Can you help me sort out how to show legit sources for these funds? Need to make it chill with the bank ASAP! 🙏",verify_source_of_funds,gen_z_slang
c41319dc-d94a-49b3-a4e5-527fec85dd87,"Yo, so I just transferred some cash from my savings because of like, a big purchase coming up, but my bank's all ""prove ur source dude."" 😬 Could u help me out with what I need to make this happen ASAP? Need to make sure everything runs smooth without my account getting flagged. Cheers! 🙏",verify_source_of_funds,gen_z_slang
c5641f24-c903-4691-b49c-eb57f901a9ee,"Hey, so like, I need to sort out where my cash came from for this big deposit. Just wanna make sure it's all legit with no drama from the bank. Can you help me figure that out super quick? 🙌 Thanks!",verify_source_of_funds,gen_z_slang
8fbbc0e5-ee27-418b-ac40-add776993689,"Hey, so like, I just wanna make sure where my cash is coming from is all good with you? Just wanna keep things legit before sending money over. Thanks for checking that out! 🙌🏼",verify_source_of_funds,gen_z_slang
c0686ce3-eba8-4bc4-b785-ef0035078325,"Hello, I need help with my money. Please check where the money come from for the new transaction. Thank you very much!",verify_source_of_funds,non_native_speaker
2522363e-24de-4084-90ae-a0c0e4ece8ab,"Hello, I need help with my money coming in. I want to know where exactly that come from. Is this alright? Can you check for me, please? Thank you!",verify_source_of_funds,non_native_speaker
b716ec4a-9093-4c27-8751-57deb5215deb,"Hello, I need help with my money coming into account. Can please check where this money is from? It’s important for me to know if everything okay. Thank you very much for helping!",verify_source_of_funds,non_native_speaker
1bb60693-37e9-4ae4-8f8d-392dcbb89b23,"Hello, I need help with check if money source is okay. Can you look into where funds come from for my account? Thank you!",verify_source_of_funds,non_native_speaker
f6cfecf9-9a10-4b70-920a-fa8a806e1467,"Hello, I am having trouble with money now depositing into my account. Can you help me understand where this money come from? Thank you for helping me!",verify_source_of_funds,non_native_speaker
12419526-412d-4f7a-8e3d-e8cdd0d52851,"Hello, I have one question. My account just got funds from someone else. Can you please check where they come from? Thank you for help!",verify_source_of_funds,non_native_speaker
704f550e-335b-44aa-91f8-16b678cdd89a,Need fund source check.,verify_source_of_funds,short_wording
efb1d5ef-b703-4119-8829-3ae234b27a4f,Source of funds check needed.,verify_source_of_funds,short_wording
f954ee53-a199-4318-84da-70972520684a,Need source check for deposit. Proof?,verify_source_of_funds,short_wording
4558076b-e26b-48df-8c8d-3f033021e61e,Need proof of funds source. Transfer pending.,verify_source_of_funds,short_wording
b9d399eb-17f9-4615-a256-7a7a6be54bc3,Need info on deposit origin?,verify_source_of_funds,short_wording
df2c8bb8-15bf-483f-9b56-ca5aff2862b4,"Need proof of funds origin. Please send verification documents or confirm transfer details.

--- 

Additional Context: If more information is required, please specify what documents are needed for my transaction approval.",verify_source_of_funds,short_wording
cf372652-261d-4ba3-9d0c-118cb9b4f247,"Alright, listen up! I just hit my card with some cash at that store down the street, but now it's like I didn't even do anything! Can you check whatever voodoo magic is behind the scenes and make sure that money actually got where it’s supposed to go? It better be right on my account this time, or there’ll be hell to pay!",verify_top_up,angry_layperson
4f5e7b16-b38d-4d82-a4eb-9bee06f1a115,"Hey, listen up! My account's a mess and I need you to check if that last transfer actually got through. I put a ton of money into it, and my balance is still showing zildeedoo. This ain’t right, man. Fix this or else there’s gonna be hell to pay here!",verify_top_up,angry_layperson
88659f04-4b18-49aa-a9a5-0fec0baa08b5,"Hey, listen up! I need you to check if my recent cash dump worked or not because something's definitely off. My balance doesn’t reflect anything new, and this is messing with me big time. Fix this pronto before I lose it completely!",verify_top_up,angry_layperson
852014e3-b3be-480b-ab07-31d2465cf3b2,"Hey, listen up! I just shoved a bunch of cash into my account last night, but it's like someone's holding it hostage or something! Where the hell is my money? You better clear this mess fast 'cause I ain’t got time to waste on your slow dance around the problem. Fix it now!",verify_top_up,angry_layperson
4fe3605e-d78b-4ec2-a9e6-54506143ed18,"Hey, listen up! I just blasted some cash into my account and for all I know, it vanished into thin air! They're playing games with me or what? It's like they didn't even get the message! Can you PLEASE wake up and actually look at this, 'cause if this isn't fixed pronto, there’s gonna be hell to pay!",verify_top_up,angry_layperson
08f4cc76-d4b4-41a7-b63a-91a094ae536f,"Hey! Listen up, my blasted phone ain’t showing where that cash went after I put more dough into my account today! It's like I threw money into a black hole or something. You gotta sort this out, pronto, 'cause I’m not gonna sit here twiddling my thumbs while you play hide-and-seek with my legit money!",verify_top_up,angry_layperson
bee197a6-403c-4ed1-9dfe-8d2213903f52,Urgent I need help money not showing up just topped up what happened where is my balance lost or stolen? Need fast confirmation please don't have time for errors can you check this right now? Thanks but hurry!,verify_top_up,panicking_emergency
b5f7d00b-672c-4d9a-9f8a-01879f91442c,Need confirm top-up right now! Money just gone from account not showing on card where is it urgent help needed don't understand why missing can you check fast?,verify_top_up,panicking_emergency
1669b472-741d-44b8-a2b8-1532f6d1e88b,I just did a top-up need confirmation immediately lost my wallet at night so no cash left urgent help please tell me the transaction went through I can’t check it myself desperate need to know now!,verify_top_up,panicking_emergency
e3471988-5066-46ab-82a4-bcdae8e13cce,"Urgent need help! Top-up money gone missing what happened? Can't track it anywhere, no confirmation message either. Need to know where it’s at now! Money's critical for rent today!! Please assist immediately!",verify_top_up,panicking_emergency
81d7c167-9ff5-48a3-8548-49ad30e5c817,"I need you to confirm my balance right now! Just topped up can’t see any change, what’s happening? Please help urgently, I can’t wait, please tell me there’s money in there! Need to know immediately! What’s going on with the transfer? This needs fixing fast!",verify_top_up,panicking_emergency
1a1b1998-0a25-4ac7-a965-e4d013e41014,"Need help now! Just topped up balance, but no receipt or confirmation received. How do I check it’s been added? Can you confirm fast? Running out of time here! Please, urgent!",verify_top_up,panicking_emergency
123d4ccf-7f41-4ffc-88c8-03d1364d39f0,"Dear Esteemed Customer,

I hope this message finds you well. I am writing to seek confirmation regarding a recent transaction I initiated through your mobile banking application, specifically concerning the addition of funds into my account. Could you kindly provide detailed verification of the deposit amount and the corresponding date it was credited? Your assistance in clarifying this matter would be greatly appreciated.

Yours sincerely,

[Your Name]",verify_top_up,polite_expert
56760e21-ff87-40ad-bce0-d69d9f8a5098,"Dear Esteemed Customer,

I trust this correspondence finds you well. I am writing to kindly request assistance with confirming the successful execution of a recent top-up transaction on my account. It is essential for me to ascertain that the funds have been processed as intended, ensuring seamless continuity in financial operations.

Should there be any further documentation required from my side or additional steps needed to facilitate this verification, please inform me at your earliest convenience. I remain available for any necessary clarifications and eagerly await your esteemed guidance on this matter.

Yours sincerely,

[Your Name]",verify_top_up,polite_expert
c3e150d0-02f1-4815-b1a3-fb492938244a,"Esteemed Customer,

I trust this message finds you well. I am writing to request confirmation of a recent monetary addition made to your account, ensuring that the transaction has been successfully processed and accurately reflected in your available funds. Should there be any discrepancy or further assistance required, please do not hesitate to inform me at your earliest convenience.

Yours sincerely,

[Your Name]  
Customer Support Specialist",verify_top_up,polite_expert
61f13663-166e-4a69-8dec-e08316cdece4,"Dear Esteemed Customer,

I hope this message finds you well. I am writing to kindly request confirmation regarding a recent top-up transaction on my account. Could you please verify that the amount specified has been correctly credited as of the stated date? Your assistance in ensuring the accuracy of these details would be most appreciated.

Thank you for your attention to this matter.

Warm regards,

[Your Name]",verify_top_up,polite_expert
c5106d41-2f38-42d9-a478-251647923104,"Dear Esteemed Customer,

I trust this correspondence finds you well. I am writing with reference to our recent communication regarding a transactional matter that requires further clarification. Specifically, I seek confirmation pertaining to a monetary credit attributed to your account. It is of utmost importance for us to ensure the accuracy and completion of such transactions to maintain the integrity of our services and uphold customer satisfaction.

Should you find it convenient, could you please provide an overview or confirmation regarding this transaction? Your prompt response will be highly appreciated as we endeavor to address any potential discrepancies swiftly and with precision.

Thanking you in advance for your cooperation and understanding. Should there be any additional queries or concerns that require our attention, do feel free to communicate them at your earliest convenience.

Yours sincerely,

[Your Name]  
Customer Support Specialist  
[Bank's Name]",verify_top_up,polite_expert
67e0f346-ffda-4bbd-ad87-713a0f96b6d0,"I hope this message finds you well. I am writing to request confirmation of a recent transaction that appears as an additional payment credited into my account. Could you kindly verify the details surrounding this transaction so I may ensure its accuracy? Your assistance in this matter is greatly appreciated. Thank you for your attention to this request.

Sincerely,
[Your Name]",verify_top_up,polite_expert
1c05aaad-29c7-4148-be8b-ae06af5ba162,"Yo, so I just bailed some cash onto my account using that top-up thingy, but I'm like, not sure if it totally went through. Could you peep at my balance or something and let me know for real? Thanks a bunch! 🙌",verify_top_up,gen_z_slang
c393166a-5b65-420d-bc3e-48c9e47d071a,"Hey there! So, like, I just topped up my card but kinda need you peeps to double-check that all went smooth and the cash's actually on there? Need to make sure before I hit the shops 🛍️. Thanks a bunch!",verify_top_up,gen_z_slang
fbff4be3-9ca1-4a0a-b913-7a909cc1e39c,"Yo, I just topped up but my funds ain’t showing. Can you double-check if everything went through? Thanks a bunch! 🙌",verify_top_up,gen_z_slang
aba6110d-e284-4378-b372-3bd11bbf289e,"Hey, so I just topped up my card but I'm kinda vibing with needing to make sure it went through properly. Can you peep what's going on? Just wanna be all chill knowing there are no hiccups. Thanks! 🙏",verify_top_up,gen_z_slang
26f12149-f30f-44be-9652-0f8c3796ab2d,"Hey, so like, I just topped up my account (thanks fam), but it's still showing as low funds 😬. Can ya peep that for me? Not sure if something went sideways. Thanks a bunch! 🙏",verify_top_up,gen_z_slang
24a31fa3-e192-4e1c-989b-8846c368d71a,"Heyo! So like, I topped up my account using a crypto wallet yesterday 🤞 hoping it'd pop up by now, but nah—it's still on meh-mode. Can ya peep into that for me and make sure it went through smoothly? Thanks a mil! 😊",verify_top_up,gen_z_slang
233757a3-4e98-4222-89eb-e4d615060f00,"Hello, I need help with my account. Money was added but I not see change still. Can you check please? Thank you! 🙏",verify_top_up,non_native_speaker
2094abfa-89ef-4dd4-9d06-bb6ad6a7fa67,Hello! I try to check if money was put into my account. Can you help see this for me? Thank you!,verify_top_up,non_native_speaker
1fb98953-4863-4013-9b93-08079f5f5721,"Hello, I need help checking if my cash was put into account. Can you make sure it's there? Thank you!",verify_top_up,non_native_speaker
a90a1001-5c4e-458b-89f5-e255f7dcdd76,"Hello, I have question. I put money on my account but not see it there. Can you help me check if top-up is work? Thank you!",verify_top_up,non_native_speaker
abddeb6f-86ae-464a-b295-7d1c58fea240,"Hello, I need help please. I did try top up my account but not sure if money went through. Can look and tell me if all good? Thank you very much!",verify_top_up,non_native_speaker
570c9e80-1db3-4c83-9910-a7920cf8e5fd,"Hello, I need help please. Yesterday I add money to my account but not sure if work. Can you check for me? Thank you very much! 🙏",verify_top_up,non_native_speaker
16e4f8e1-45d4-42aa-8ce8-df585c0d22de,Check top-up balance?,verify_top_up,short_wording
842c20ab-1a69-4689-9ec0-42cc7361d52e,Top-up ok? Status?,verify_top_up,short_wording
e943631f-3d34-4b9d-9249-2e850c9baaed,"Top-up issue confirmed?

Last transaction not showing. Help?",verify_top_up,short_wording
32293842-f5a0-4730-9c09-85392a66cb86,"Top-up verified? Need details confirmation.

--- 

If you have any further questions or need additional assistance, feel free to let me know!",verify_top_up,short_wording
7c2ff60b-683a-42c6-b7b5-d0472de8ebcd,Did top-up get through? Please confirm status. Thanks.,verify_top_up,short_wording
24e2d027-defb-4fd5-aa19-489006e27e62,"Top-up verification needed  
Amount: $50  
Card ending 1234  

Did confirmation arrive?",verify_top_up,short_wording
42ca0eb0-1507-464a-b347-a28fd957d412,"Hey, listen up! My card's gone totally bonkers on me online – won’t work at all! I try logging into my account or buying something with god knows how many confirmations, and every single time, it just sits there laughing at me like a fool. This ain't the first time some of your tech has let me down, so what's going on? Fix this crap already!",virtual_card_not_working,angry_layperson
f90713e6-c07f-47b1-af65-8cf5edebaec3,"Hey, listen up! My stupid phone card's busted or something – I tap it at the grocery store, and boom, nothing happens! Like, what am I supposed to do now? Pay cash for everything? This is ridiculous! Fix this mess ASAP or I'm going nuts!",virtual_card_not_working,angry_layperson
13046285-82ab-493f-9551-a76a5e1978ff,"Hey, look here! My digital card's a total goner—can’t get anything done with it! Every time I try using it online or at the store, it just flat-out refuses to work! It’s like having your hand tied behind your back when you’re trying to shop. This is seriously messing up my day! Can someone fix this ASAP?",virtual_card_not_working,angry_layperson
6559c655-8309-4e4c-aed1-0ab11141bbc0,"Hey, what's up with my damn card not working? Every time I try to swipe that virtual thingy online, it just bounces back like a bad check! It’s like you guys can’t even get that right! Fix it already or give me some real answers instead of this crap.",virtual_card_not_working,angry_layperson
98c029e1-65a4-468d-9a67-e76315be4fc4,"Hey, listen! My stupid card on my phone won’t work when I try buying stuff online. It’s like a joke or something—got this fancy virtual thing supposed to make life easier, but all it does is mess me up big time. Can you fix it already? I don’t have time for this nonsense!",virtual_card_not_working,angry_layperson
cac13998-afa8-4a22-8516-a74423165fca,"Hey, listen here! My stupid digital card just flat out refuses to work, can you believe that? I tried everything—I punched in my PIN like a pro, made sure the dang thing had money on it, but nothing happens! This is what I’m talking about—my time’s wasted because your tech's borked. Fix this crap ASAP or I'm taking my business elsewhere, got it?",virtual_card_not_working,angry_layperson
95f04ac8-1119-4032-b220-d4904347a54e,Card just stopped mid-transaction can’t get anything I need help now money locked up! What do emergency steps? Need this fixed ASAP lost job if don’t sort ASAP! Please quick assistance needed bank!,virtual_card_not_working,panicking_emergency
ac8d80af-0e0c-44cc-b754-5be862b4804a,can’t access my card urgently need a transfer failed payment bill due tomorrow help now what do I do?,virtual_card_not_working,panicking_emergency
394138d6-c56d-4ed0-a63a-ba8ebb0f8c12,card not working help!! can’t make purchase online!!! urgent need cash now!!!!!!! what’s wrong?? why doesn’t this work??? got important bills due!! need fix fast or big trouble!!,virtual_card_not_working,panicking_emergency
c5e391a3-cd75-4b5b-af61-624f83a39bab,"Card not showing up at stores can’t make payment why won’t it work? Urgent need solution now don’t know what to do! Cash strapped, emergency situation!",virtual_card_not_working,panicking_emergency
e3289f6e-fdc3-4049-9ed6-276bb6a6e322,Bank card not working absolutely critical! virtual card needs fix NOW no access to money urgent help required immediate assistance please this is an emergency big problem no longer able to pay bills or make payments need solution fast!!!,virtual_card_not_working,panicking_emergency
c91c5115-e5fe-4f53-94fa-0eb6b3edc891,My card just won’t work online I tried like a zillion times can’t get through need help now! What’s happening payments are due!! Someone please fix this ASAP am so stressed out about it!,virtual_card_not_working,panicking_emergency
40d0be5a-0eee-496e-915f-32a10a4bcbd4,"Dear [Bank Support Team],

I trust this message finds you well. I am writing to bring to your attention an issue that has arisen with my electronic payment method. Despite following standard security procedures, I find myself unable to utilize this virtual card for transactions. The matter persists across multiple platforms, and I would greatly appreciate any guidance or assistance your esteemed team could provide to resolve this inconvenience.

Thank you for your prompt attention to this matter.

Yours sincerely,

[Your Full Name]  
[Account Number or Client ID]  
[Best Contact Information]",virtual_card_not_working,polite_expert
88376d30-c21f-42f8-bba2-06ce9bbc6647,"Dear Esteemed Customer,

I hope this message finds you well. I am writing to express a concern regarding an unexpected difficulty that has arisen with one of my virtual cards, which is not functioning as anticipated for transactions or digital payments. Despite ensuring all standard protocols have been followed, including verification and authentication procedures, the card remains unresponsive.

I would greatly appreciate any guidance your esteemed support team could provide to resolve this matter at your earliest convenience. Your assistance in facilitating a swift rectification of this issue would be most appreciated.

Thank you for your understanding and prompt attention to this matter.

Yours sincerely,

[Your Name]",virtual_card_not_working,polite_expert
22a4d65c-8553-4a99-854e-ad70ac3c0017,"I trust this message finds you well. I am reaching out regarding an issue that has arisen with a virtual card account linked to my primary banking services. It appears that despite multiple attempts, transactions initiated through this card are not being successfully processed. This predicament is causing considerable inconvenience and disrupting my routine financial activities. 

If it pleases you, could we possibly explore any underlying issues or guidance on how best I might rectify this? Your expertise in this matter would be most appreciated.

Warm regards,

[Your Name]",virtual_card_not_working,polite_expert
3c7200f3-0bbc-451e-b23b-65ded00415b9,"Dear [Bank Name] Customer Support,

I hope this message finds you well. I am writing to seek assistance regarding an issue with accessing my virtual card through our online banking platform. Despite multiple attempts, the card appears to be malfunctioning, as it is not recognized during transaction processes. This inconveniences greatly disrupts my usual financial activities. 

Would you kindly guide me through any necessary troubleshooting steps or inform me of the appropriate actions required to resolve this matter at your earliest convenience?

Thank you for your prompt attention and assistance.

Yours sincerely,

[Your Name]  
[Account Number, if applicable]",virtual_card_not_working,polite_expert
6f61a937-b282-44eb-958f-c251bbac6e75,"Subject: Inquiry Regarding Virtual Card Functionality Issue

Dear [Bank's Customer Support Team],

I hope this message finds you well. I am reaching out to inform you of a complication I have encountered with my virtual card, which has recently ceased to function as expected. Despite numerous attempts, the card fails to facilitate transactions or authorize payments through online platforms.

Could you kindly assist in diagnosing and resolving this matter? Any guidance on potential causes or required actions on my part would be most appreciated.

I look forward to your prompt response and assistance in restoring full access to the services associated with my virtual card.

Warm regards,

[Your Full Name]  
[Your Account Number/Reference ID, if applicable]  
[Preferred Contact Information]",virtual_card_not_working,polite_expert
f1795372-0838-4666-885f-d35a9e951b73,"Good day,

I hope this message finds you well. I am writing to inform you of an issue that has arisen with accessing my funds via a particular digital payment method provided by our esteemed institution. Despite ensuring that all credentials are entered correctly, transactions using this medium have been repeatedly declined, impeding my usual financial activities.

I would greatly appreciate your assistance in addressing this matter at the earliest convenience, and kindly request guidance on any additional information or steps I should undertake to promptly resolve this inconvenience.

Thank you for your attention to this matter. 

Yours sincerely,

[Your Name]",virtual_card_not_working,polite_expert
6a4a16b8-f0e2-4475-9775-8ee2d7856cfe,"Hey so here's the tea: I totally thought my virtual card was ready to roll, but guess what? It’s like a no-go zone 😬 Can you help me sort this out ASAP? Thanks! 🙌",virtual_card_not_working,gen_z_slang
3fc4e477-b09b-45bf-89b5-c22a212850aa,"Heyo! So like, I tried using my digital card on Instacart but it straight up ghosted me 🙄 Thought maybe some cosmic rays got into it? Is there a way to get this fixed ASAP 'cause I'm super hyped to order those vegan snacks. Thanks fam!",virtual_card_not_working,gen_z_slang
04ebbb9e-855f-40cd-b863-908e331b854d,"Yo, so I tried using my digital card online for a shop but it just straight up said nope 🙅‍♂️. Tried logging back into my bank app like a zillion times but still, nada. Like, is the internet playing tricks on me? Could use some help sorting this out ASAP! Thanks fam ✌️🔧",virtual_card_not_working,gen_z_slang
9e373ce1-2acd-4768-bc78-e73c452f79f0,"Hey fam, so like, I was totally trying to swipe my virtual atm card online because I needed some quick cash (obvs), but it just straight up refused to work 😒. Are there any hiccups on your end or do I need to fix something? Hope you guys can sort this ASAP so I can keep my shopping spree going! 💸",virtual_card_not_working,gen_z_slang
e82ba0dd-b146-4690-a936-622c9cf56a4d,"Hey, so I was like super hyped to use my virtual card for this online shopping spree, but legit nothing's working 🤦‍♀️ Tried swiping it both on my phone and laptop - nada! Could there be a bug or am I just ghosting the system? Help me out here, plz. 😩",virtual_card_not_working,gen_z_slang
2816525d-01f7-40c3-99e0-73f2dca6696f,"Hey, so like, I'm trying to order some stuff online but my virtual card is straight-up ghosting me. 😩 It keeps saying ""transaction failed"" even though I know there’s money in there. Can you help fix this ASAP? Thanks! ✌️",virtual_card_not_working,gen_z_slang
0824bcad-1715-4961-b74b-251ad8ce5c0f,"Hello, I need help please. My card on phone not working. I try many times but no success. Can you fix this for me? Thank you very much!",virtual_card_not_working,non_native_speaker
cae0ee4a-fe38-438b-91d4-383d62119d3b,"Hello, I have problem with card on phone. It no work, can't buy things. Is issue with app or card itself? Please help me fix it. Thank you so much!",virtual_card_not_working,non_native_speaker
2c247d05-cb55-4abc-9557-ee13a4748084,"Hello, I have a problem. My virtual card no work. I try to use it for payment online but say ""no go."" Can you help me fix this? Thank you!",virtual_card_not_working,non_native_speaker
25b4a89e-9262-4c18-9bc7-696c12773c73,Hello! I have trouble with my bank card digital. It not work when try to buy thing online. Can helping for fix this? Thank you very much!,virtual_card_not_working,non_native_speaker
cd6c4a45-f6e0-4cea-8dea-57a0e4dcef65,"Hello! I need help with my card. It's virtual, but not working. Can you fix please? Thank you.",virtual_card_not_working,non_native_speaker
beea4500-650c-4f68-8560-a9dd12b2ed5d,"Hello, I have a problem. My virtual card not work when I try to buy things online. Please help me fix this fast. Thank you!",virtual_card_not_working,non_native_speaker
f2ded524-8eba-4861-8872-a427a8df9202,"Virtual card error  
Payment declined  
Can’t access online payment  
App shows error  
Why not working?  
Need solution ASAP  

--- 

I hope this captures the essence of what you're experiencing! Let me know if I can assist further.",virtual_card_not_working,short_wording
7543103e-a343-4174-b046-32dc918e2464,"Virtual card not accepted  
Store payments failed  
Card declined issue  
App payment error  

Choose one, or let me know!",virtual_card_not_working,short_wording
fe5f7342-b662-41dc-a9dd-00149b2d382a,"Virtual card declining, help

Payment failed, card issue?

Can’t make online purchase

Urgent: virtual access needed",virtual_card_not_working,short_wording
be0d2da8-f717-4ea1-a42e-2d313fbb5eee,"Virtual card issue  
Not working  
Need help  

Thanks!",virtual_card_not_working,short_wording
7ff330c8-cd03-4a3f-87fc-e2025a75eeb7,"Virtual card issue

Can’t make online payment.

Card declined, why? Need help.",virtual_card_not_working,short_wording
4e69b5cb-f4d5-45a4-88ed-fb8067ebda5e,Virtual card not processing payment. Issue?,virtual_card_not_working,short_wording
fe28a04f-cb12-42ae-87f1-a786f4ca4a6b,"Hey, listen up! My damn card's acting all kinds of wonky—neither of them works! I'm not talking about some random glitch—I've got real problems at the checkout counter, trying to buy stuff and both cards are giving me the cold shoulder. Someone better sort it out, fast, or they’ll catch my wrath!",visa_or_mastercard,angry_layperson
0d1882f8-29e9-4fea-adb3-9b17d9777c21,"What in the actual hell is going on with my card? Every blasted time I swipe, some dumb machine flashes its lights at me like I'm a circus act! It's driving me nuts, man. Can you just get your act together and sort this out so I can pay for stuff without looking like a fool?",visa_or_mastercard,angry_layperson
687d48f0-91ce-4d31-895e-b5948c7a5da1,"Listen here, I’ve got one of those dang plastic cards that don’t know up from down when I try to buy my stuff! Every time I go to pay for something, it's a circus act trying to figure out which card the store is gonna accept or not. It better get sorted because I’m sick of this nonsense!",visa_or_mastercard,angry_layperson
6e6ebc2e-5541-433e-b105-27516b0ea79e,"Hey! This is the third time my card's gone down, ain’t that just great? I swipe it, and bada-bing, ""Card declined!"" Every other place works fine but not this one! What’s up with your system then? Fix it, or I’m switching banks pronto!",visa_or_mastercard,angry_layperson
7ce61384-9a49-4fa8-8fd4-3bf6004a5853,"Hey! Can you freaking believe I can’t even swipe my dang card at any store? It’s like, what’s even happening?! Either my usual go-to plastic or the other one just ain’t working since yesterday! Fix it now because this whole mess is driving me up a wall!",visa_or_mastercard,angry_layperson
8a9688aa-7362-435d-b221-cb8268ac6c31,"Listen, I've got zero patience for this! My card's not working at all. It’s like it decided to just up and quit on me, right when I’m about to pick up some groceries or pay my bills. Is there even a reason why my damn piece of plastic is acting so high and mighty? I need this junk fixed, pronto, or I'm seriously gonna lose it here!",visa_or_mastercard,angry_layperson
a18e5670-4166-4305-8989-faeebe3b3478,Can’t make payment card not working at checkout tried both times what’s happening need help now urgent,visa_or_mastercard,panicking_emergency
d121bb54-d75f-40e9-b300-38258ff3483e,my card won't work at all tried every store atm no luck need cash now what do i do? this is an emergency lost paycheck bills due today pls help!!,visa_or_mastercard,panicking_emergency
6ba933da-12fc-4698-b111-c9b85fdd10fe,lost card need money urgent can’t buy essentials no more gotta get replacement now can’t wait what’s happenin’ this is bad bank help me quick,visa_or_mastercard,panicking_emergency
386f2868-d62f-48f2-9aa3-37dd5c01b5e0,Lost wallet at night huge panic bank account locked emergency need card for rent due today where can I get help fast please tell me immediately credit card gone what to do,visa_or_mastercard,panicking_emergency
4f83905a-5102-4491-b151-711f276533e3,I can’t access my card at all urgent need help my card won’t work anywhere stuck without funds ATM not reading anything what’s going wrong I’ve important payments due bank needs to fix this now please!,visa_or_mastercard,panicking_emergency
041b63c8-cf63-4327-9074-f42ba8167aca,Card not working everywhere I go what’s going on need to pay bills yesterday urgent can’t breathe tell me what to do with this card fix it or give me another one now!,visa_or_mastercard,panicking_emergency
c21c1b10-a7c5-4074-8807-6119e4074f59,"I trust you are doing well. I am reaching out regarding an issue with one of my credit cards, which seems to be experiencing some difficulties in being recognized for transactions at certain establishments. It would be greatly appreciated if you could assist me by confirming whether there might currently exist any service interruptions or other relevant concerns that are affecting either Visa or Mastercard platforms specifically. Your prompt attention and guidance on this matter would be most helpful.

Kind regards,

[Your Name]",visa_or_mastercard,polite_expert
6a0e5ba8-afc0-48a0-915d-e4b2c3bddf0c,"I trust this message finds you well. I am writing to bring to your attention a matter of some urgency regarding my payment card account. It appears that there has been an inadvertent lapse in processing transactions, which may be attributable to either Visa or MasterCard networks experiencing unforeseen disruptions. Could you kindly investigate this issue and provide guidance on the appropriate steps to restore full functionality? I appreciate your prompt assistance in resolving this matter, ensuring seamless financial operations moving forward.

Yours faithfully,

[Your Name]  
[Your Contact Information]",visa_or_mastercard,polite_expert
dac0cc37-5968-4b08-b639-24539c0cfef0,"I trust this correspondence finds you well. I am writing to bring to your attention a matter of considerable importance regarding my recent attempts at utilizing one of my credit instruments for transactions both domestically and internationally. It appears that there is an unforeseen impediment preventing me from completing these financial operations as anticipated.

Upon reflection, it seems prudent to ascertain whether this difficulty may stem from any temporary restrictions placed upon the card in question or perhaps a more systemic issue within your esteemed institution's payment processing systems. I would be most appreciative if you could kindly investigate and elucidate the underlying cause of this inconvenience, thereby enabling a swift resolution.

Furthermore, in anticipation of any corrective measures that might necessitate action on my part, such as verification procedures or adjustments to account settings, I would greatly value your guidance on how best to proceed. Your expertise in these matters is held in high esteem and will assuredly facilitate a prompt rectification of the situation.

I eagerly await your response and am prepared to provide any further details should they be required to advance this inquiry.

Yours sincerely,

[Your Name]",visa_or_mastercard,polite_expert
3247351b-f6a9-4000-b5d1-ff954193e34b,"Good day,

I write with regard to a matter concerning one of my credit cards, which has been experiencing some difficulties recently. As an esteemed client of your institution, I am reaching out to seek assistance in resolving the issue at hand. It appears that transactions using this particular card are not being processed successfully on several occasions.

Could you kindly advise on any steps that might be necessary from my end or if there is currently an ongoing system update affecting services? Your prompt attention and guidance would be greatly appreciated, as I rely on this mode of payment for both personal and business transactions. Thank you in advance for your expert assistance.

Yours faithfully,

[Your Name]",visa_or_mastercard,polite_expert
37d2c171-ff4c-4886-bacf-fa5ee457df8a,"Dear Customer Support Team,

I hope this message finds you well. I would like to bring to your attention an issue concerning my payment card, where the identification details on a recent statement appear inconsistent with those associated with either of the major credit networks to which my account is linked. This has caused some confusion regarding transaction processing and authorization.

Could you kindly assist in clarifying whether this discrepancy pertains specifically to Visa or MasterCard? Your prompt clarification will be greatly appreciated, as it will help facilitate seamless financial management on my part.

Thank you for your attention to this matter. I look forward to your assistance.

Yours sincerely,

[Your Name]",visa_or_mastercard,polite_expert
ab000ec4-0633-4a7e-b686-f18a657d5200,"Greetings,

I trust this message finds you well. I am reaching out to seek assistance regarding a predicament with utilizing my credit card for transactions both domestically and internationally. It appears that there are discrepancies between the types of cards accepted at various establishments, leading to unexpected rejections during payment processes.

To ensure uninterrupted financial activity, it would be most beneficial if we could collaborate on resolving this matter promptly. I would appreciate guidance on any potential updates or necessary actions required from my end to facilitate seamless transactions using my credit card options.

Thank you for your attention and support in addressing this concern.

Yours sincerely,

[Your Name]",visa_or_mastercard,polite_expert
337892fd-eb8f-4e87-ba49-c77a4744413e,"Hey! So, I’m really vibing with my new debit card, but like, for some reason, one of these fancy chip thingies isn’t playing nice at my favorite food truck spots... You know when you’re about to order that epic burrito and it just doesn’t work? 🙄 Could use a little help sorting out which logo’s got the hiccups. Thanks! 🤞",visa_or_mastercard,gen_z_slang
bee7d2c3-f2dd-42bc-b5cf-94ccd0dc292e,"Hey, so I'm kinda stuck here lol. I’ve been getting these funky notifications saying my card's like ""Where U?"" 🤔 Need to figure out if it's my Visa acting up or MasterCard going AWOL. Can you help me sort this mess out? Thanks a bunch!",visa_or_mastercard,gen_z_slang
6eeb13bb-7f2f-4b4f-a4f6-b0f4ce0c80e8,"Heyo, so like my VISA card got yoinked 😅 & it's on a mini vacay at the bottom of my closet atm. Can I snag a Mastercard instead? Thx! 🙌",visa_or_mastercard,gen_z_slang
f0da496d-67f5-4040-964b-fe2b08c4d51f,"Heyyy, so I'm tryna figure out which card is on my bank account rn—like, is it a Visa or MasterCard? Need to sort it before my trip next month. Thanks for helping me out! 🙏",visa_or_mastercard,gen_z_slang
f5cff293-4c32-4c22-9f35-40a788467004,"Yo! So I'm trying to snag some cash at this rad new coffee spot, right? But my card's like ""nah fam"" when they swipe it. Could you peep if there’s an issue with either my Visa or Mastercard? Just wanna make sure everything's legit before they totally ghost me for lunch, ya know? Thanks!",visa_or_mastercard,gen_z_slang
f394128c-95f6-465a-9043-0ba88e783b6a,"Yo, so like, I'm trying to figure out which card works for me more? Like if it's MasterCard or Visa cuz some places are all ""👋"" to one and totally ghosting the other. Can ya help sort this out? 🤷‍♂️",visa_or_mastercard,gen_z_slang
ba8db9a4-95f0-45aa-ac2f-8db5622d9cac,"Hello! I need help with my bank card. It not work when I buy things online. Is it problem with Visa or MasterCard? Can you tell me what happen, please? Thank you very much!",visa_or_mastercard,non_native_speaker
99b66988-230c-4b40-a96e-62a44cd9549d,"Hello! I have trouble with my card. It not work when I try buy things. Is problem maybe visa or mastercard? Can help check this, please? Thank you!",visa_or_mastercard,non_native_speaker
698fea00-a2ee-401f-9b30-d1f9a034cbba,"Hello! I have question about card that I use for pay. It has picture of king, queen on front. My bank say I can change from one picture to other. Can you help me switch this? Thank you much!",visa_or_mastercard,non_native_speaker
5c789760-911e-4fc0-a4d3-ea3a89f0d3e2,"Hello, I am having a small problem with my card. When I try to pay shop, not sure which one to say - Visa or MasterCard. Please help me, thank you!",visa_or_mastercard,non_native_speaker
0003ca1e-a7f6-4836-9c18-9c182fb5f650,"Hello! I have a little trouble with using my card for payments. My bank says it is visa or mastercard, but now machine not accepting. Can you help what do? Thank you very much!",visa_or_mastercard,non_native_speaker
46a0a418-fde8-4049-bfc2-dcfd038e375c,"Hello! I have card problem. My bank give me two types, but not sure which one better for shopping online. Can help me know more about them? Thank you!",visa_or_mastercard,non_native_speaker
5f963d98-30cb-45bb-ab6a-efe1820bbb8b,Visa/Mastercard issue. Which card works now? Need update/fix.,visa_or_mastercard,short_wording
cfd80aa2-3889-4b36-ae17-fd2a97b5b3b4,"Visa/Mastercard issue, need details on both? Which active?",visa_or_mastercard,short_wording
9cf72a95-8067-4415-b781-824063104782,"Need new card details  
Switched banks?  
Visa vs Mastercard options  
Lost or damaged card issue  
Payment declined problem  
Which card works here?",visa_or_mastercard,short_wording
f0354be7-7f3e-4a45-ba8a-291ba0d6a0a3,Visa/Mastercard payment error - help needed.,visa_or_mastercard,short_wording
107db733-88a5-41b0-b9a2-66984deb67a6,Which card accepted? Visa or MasterCard? Need for payment processing.,visa_or_mastercard,short_wording
57f2a441-71a0-457d-bf41-04475972f5f6,"Need clarification  
Visa or Mastercard?  

Which one?  

Thanks!",visa_or_mastercard,short_wording
993d7919-22ee-4e72-bd8c-ba67a90db7dd,"Why the hell am I being asked to prove who I am every single time I try to log into my own bloody account? It's like you all think I'm some criminal trying to rob myself! Ain’t nobody got time for this, just let me get on with what I need to do without jumping through hoops!",why_verify_identity,angry_layperson
c3b6eb0a-afbd-4dad-afd0-f5ec19422caf,"Oh great, another hoop to jump through! Every time I try to check my account or make a dang transfer, you hit me with this identity verification nonsense. It's like I'm guilty of robbing you before even trying anything! Can you just let people access their own money without turning it into a circus act? This is driving me bananas!",why_verify_identity,angry_layperson
568c2baf-93ef-4f08-a726-c62e4cde6f13,"Hey, listen up! I don’t have time for this crap. Every time I try to do something simple like check my balance or move my money, you want me going through hoops with all these stupid questions about where I was born again? What are you trying to pull here, a con job? I know who I am, and you should too! Just let me bank without acting like I’m some crook every single time. This is ridiculous!",why_verify_identity,angry_layperson
fbbe556a-8f52-4f01-bff1-72db698a621c,"Hey, listen up! Every time I try to do something on that banking app of yours, you want me to prove who I am like a criminal? Seriously, what's this nonsense about, huh? Am I supposed to be some undercover spy? Just trying to check my balance shouldn't mean jumping through hoops and showing all my IDs every single dang time. Can we make it simple for once or what?",why_verify_identity,angry_layperson
27a60ac6-d5da-4a9f-8e88-cea76cd581ed,"Hey, what's up with all these damn identity checks every time I try to do something simple? I know who I am, why can’t you believe me without making me jump through hoops like some circus performer? Give me a break with your endless verification nonsense!",why_verify_identity,angry_layperson
6dcfaa4c-fea6-4898-8e5b-babfd3357eb5,"Hey, what the heck is going on? I'm just trying to do my thing here, and now you want me to prove who I am every single time? Is there some kind of conspiracy to make my life miserable? Can’t I just check my balance without jumping through hoops like I’m auditioning for a circus?! Seriously, cut the crap and let me get on with it!",why_verify_identity,angry_layperson
b872e48a-695d-429d-86c4-22c2756e20f5,I don’t recognize any transactions I didn’t authorize my account is showing weird activity need to verify identity urgently something’s off and I’m freaking out what’s happening help,why_verify_identity,panicking_emergency
c13df486-0f77-4551-a041-0dc0f95441f3,Forgot password what do I need for ID verification? This is urgent can't access account right now got bills to pay! What's next really quick please help me out here can’t wait need this sorted ASAP!,why_verify_identity,panicking_emergency
837ed01c-51e9-4859-a14b-84aae0ceb2e4,I tried transferring money urgent need that's why now locked out says verify my identity what do I do can’t get through on phone lines jammed bank tellers say call help center but keep hanging up this is so frustrating why all these hurdles just when I’m in a bind? Help me here please,why_verify_identity,panicking_emergency
d3604640-4b17-4a83-b5c1-2d7b13234528,"Oh no! Why do you need my ID again? I’m trying to send money, can’t wait! This is urgent – fix this now!",why_verify_identity,panicking_emergency
42e88a6b-52b7-4cf9-a3f2-494cd526b596,I need money now got locked out of account urgent can’t access why all this verification just want cash please help immediate!,why_verify_identity,panicking_emergency
d8f11905-5ab1-4628-99d5-6d742c2e5146,"Why do I have to verify my identity every time? Urgent need access now! Just transferred funds! Can’t wait for verification, important payments pending, need instant response!",why_verify_identity,panicking_emergency
4bcc4ec1-1a57-4b6f-b673-fd91d97d2618,"Dear Esteemed Customer,

I hope this message finds you well. I am writing to inquire about the necessity of verifying my identity in our recent interactions concerning account modifications and transaction authorizations. While I fully understand the importance of maintaining stringent security measures, may I kindly request further insight into why such verification is requisite at this juncture? Ensuring clarity on these processes would greatly enhance my confidence in managing my financial affairs with your esteemed institution.

Yours sincerely,

[Your Full Name]  
[Account Number or Customer ID, if applicable]",why_verify_identity,polite_expert
32f87982-96a7-4d25-bb23-f2993466988c,"Greetings,

I hope this message finds you well. I am reaching out to seek clarification regarding the necessity of the identity verification process that our institution has outlined for my account. Could you kindly elucidate on the reasons underlying this requirement, as well as its implications for accessing various banking services?

Thank you very much for your assistance.

Warm regards,
[Your Name]",why_verify_identity,polite_expert
45783314-52a5-4c1d-9cfb-8894d9282a1b,"Dear Esteemed Customer,

I hope this correspondence finds you well. I am writing to address a query that frequently arises among our valued clientele concerning the verification process we employ for identity confirmation. This procedure is an integral part of ensuring the security and integrity of your accounts with us, as well as safeguarding personal information against unauthorized access or fraudulent activities.

The rationale behind this measure stems from regulatory compliance requirements under anti-money laundering (AML) statutes and directives issued by financial supervisory authorities. These regulations mandate that institutions like ours diligently verify the identities of our clients to prevent money laundering and other illicit financial transactions.

Additionally, this verification process serves as a protective mechanism for your personal assets and banking activities. It helps in establishing a secure environment where we can confidently uphold confidentiality while providing services tailored to your needs.

Please rest assured that we endeavor to make this necessary procedure as seamless and efficient as possible, leveraging advanced technologies such as biometric authentication and encryption to protect your identity data. Should you require further clarification or assistance regarding this verification process, our team remains at your disposal.

Kind regards,

[Your Name]  
Customer Support Specialist  
[Bank's Name]",why_verify_identity,polite_expert
7c6bc0e4-3bbb-4647-b531-96bce76fac49,"Certainly, I appreciate you reaching out regarding your concern.

In our steadfast commitment to ensuring both security and compliance with regulatory standards, we occasionally necessitate additional verification of customer identity prior to processing certain transactions or granting access to specific accounts. This step is pivotal in safeguarding your personal information and financial assets against unauthorized activities such as fraud or identity theft. The procedure typically involves validating details that you have previously provided during account registration, alongside potentially requiring supplementary documentation such as a government-issued identification card or proof of address.

Should this requirement arise more frequently than anticipated, it may suggest the need for an update to your stored personal information within our systems, or it could be triggered by unusual activity patterns detected in recent transactions associated with your account. Ensuring that your contact details remain current and reflective of any changes is always advisable.

Please do not hesitate to apprise us of further inquiries on this matter or if you require assistance navigating the verification process. Our team remains at your service to facilitate a seamless experience with our institution's services.",why_verify_identity,polite_expert
ab26099f-0923-4c63-b466-3dd0bab8e63d,"Subject: Inquiry Regarding Identity Verification Requirements

Dear [Bank's Name] Support Team,

I hope this message finds you well. I am writing to seek clarification concerning the necessity of a recent request from my account, which prompted me to undergo identity verification procedures. Understanding the importance of security measures in safeguarding customers' financial assets and information, I would appreciate further elucidation on why these particular steps are required at this juncture.

Your assistance in providing clarity on this matter will be greatly appreciated as it aids in ensuring a continued transparent communication channel between myself and your esteemed institution.

Yours faithfully,

[Your Full Name]  
[Your Account Number or Reference ID]  
[Your Contact Information]",why_verify_identity,polite_expert
402152a8-f5fc-40b7-9d38-cb93029a6a7f,"Dear Esteemed Customer,

I hope this message finds you well. In our ongoing commitment to uphold the highest standards of security for our clients, I wish to elucidate the necessity of verifying identity when conducting specific banking transactions or accessing certain online services. This process is paramount in safeguarding personal and financial information from unauthorized access, thereby ensuring that all activities are performed by the legitimate account holder.

Identity verification serves as a vital protective measure against potential fraudulent activities, providing both you and our institution with peace of mind by confirming your credentials prior to any critical banking actions. We appreciate your understanding and cooperation in this essential security procedure.

Should you require further clarification or assistance regarding this process, please do not hesitate to contact our customer support team at your convenience.

Yours faithfully,

[Your Bank Name] Customer Support Team",why_verify_identity,polite_expert
6bdabbc0-cced-49fb-a845-c177a965beb9,"Hey! So like, why do I gotta go through all these extra steps just to prove who I am every time? 😤 It’s kinda annoying when I’m trying to check my balance or log into the app. Can’t you guys make it chill without needing to verify everything 101 times? Thx for helping me out! 🙏",why_verify_identity,gen_z_slang
48cd312e-9993-4dde-8cf5-e2a8e872fa34,"Yo, I'm like why are you needing my ID info every time? Like, aren't they already on file or something? It's messing up my vibe when I’m just trying to check my account balance LOL. What’s the deal with all these security checks? 🙄",why_verify_identity,gen_z_slang
60175c35-44e5-4377-81be-f2f26bdc6e2f,"Yo, so like, why do I gotta prove who I am every single time I wanna check out my piggy bank? Feels extra, tbh. 😑 Can we not legit just chill and trust me already? 🙄

(PS: Hope you got what I mean!)",why_verify_identity,gen_z_slang
f188b364-3e9b-4855-8185-5aa676d3cbdb,"Hey, so like, I was just trying to do my usual banking stuff, but suddenly everything's like ""Nah, we gotta check who you are first."" Like, why all of a sudden? Is there something sketchy going on with my account or is it just because someone tried to log in from like, another country? 🤓

Got any idea what’s up and how I can fix this fast, 'cause I’ve got literally no time for these extra steps. Cheers!",why_verify_identity,gen_z_slang
d9bbd892-eec2-4be5-a2ed-a6cd5f07263f,"Hey, so like, I was just trying to do my thing on the app and boom - asked to verify who I am? Like, can we keep things chill without all the ID drama every time? Is this some new normal or what? 😅",why_verify_identity,gen_z_slang
4ef1e109-7e98-4076-83b7-5f2b344f1cb9,"Hey, so like, whenever I try to do anything on my bank app, it's always ""Can you verify your identity?"" It's pretty cringe tbh, but like why can't they just trust that I'm legit? It’s so extra and I’m all for security, but also, chill 😅 Is there a way this could be less annoying? Or am I just overthinking the whole thing here?
-------------------------",why_verify_identity,gen_z_slang
e2ea2171-0099-4073-a17d-4a795cb64fa2,"Hello, I try make transaction but bank ask for verify identity? Why they need this now? It's confusing me. Please help me understand?

Thank you!",why_verify_identity,non_native_speaker
35120635-7ae2-4afa-9a3d-2cc6d6fde0cf,"Hello, I have question. Why bank ask me every time for identity? It is confusing. Can you explain why this need happen so often? Thank you very much.",why_verify_identity,non_native_speaker
b40916d9-1498-478c-9eb3-a5031d9115ef,"Hello, I need help with my bank account. Yesterday, when I click on app, it ask me again for ID proof. Why must do this every time? I put info before, so why not trust it now? Please tell me what can do to fix it. Thank you for help.",why_verify_identity,non_native_speaker
a45e4303-4251-4459-8d33-ac7a25620df2,"Hello, I have question please. Why bank ask for verify my identity? Is this because of security thing or why you need my information again?

I not understand why every time when make transfer must give papers? It is bit confusing.

Thank you for help with explain it simple!",why_verify_identity,non_native_speaker
a0c2680b-ec87-4405-9042-1e427eb4512a,"Hello! I have question, why bank always need me verify identity? It feel like same every time I login or transfer money. Is problem with my account or just bank policy? Thank you for helping me understand this.",why_verify_identity,non_native_speaker
46741e62-e001-42b6-9490-db39a0389894,"Hello, I have question. Why do they keep asking me to check my identity? Is it normal every time I try make a transaction or open account? Sorry, but why always this step needed for simple things? Thank you for help!",why_verify_identity,non_native_speaker
09ada9ca-e2e9-44fa-9ffa-f9cbff215995,Need ID verification? Why?,why_verify_identity,short_wording
633b3f12-6068-4709-a35e-ac9c93add1ea,Verifying identity needed? Why?,why_verify_identity,short_wording
c0bd859d-046d-4268-b764-c3d03be979a2,ID verification why now?,why_verify_identity,short_wording
471a1b9d-4b0d-4231-b9fb-9a69d1937487,Why need ID?,why_verify_identity,short_wording
8a8316e9-18b2-48ef-9662-aff328e7da48,Identity check necessary? Why need verify now?,why_verify_identity,short_wording
e0f8dc61-7232-4aec-af96-51a09997c370,Identity check? Need explain why?,why_verify_identity,short_wording
fb855751-4e31-42f6-a7b4-8d099b89f95f,"Hello, listen here! I went to that bank of yours thinking I'd get my cash, right? But you managed to pull one over on me and gave me too much dough! Seriously, what's going on with your counting game? Fix this mess like yesterday or expect a ton more noise from me about it.",wrong_amount_of_cash_received,angry_layperson
e4cdbc94-b518-4b89-9bd7-7f9277946273,"Alright, listen up! I went to get some cash from your machine and what do you know? It pulls out way less than I asked for! Is this some kind of joke or something? What's up with that? Fix it now, 'cause I'm not paying for your screw-ups!",wrong_amount_of_cash_received,angry_layperson
c4162fe7-b27a-4d08-8a63-32fb753d3d54,"Hey! I just stepped out of your bloody bank, and guess what? They gave me peanuts instead of a full stack! How hard is it to count right? This isn’t funny anymore—I need my money fixed ASAP or this ain't over! Fix it now!",wrong_amount_of_cash_received,angry_layperson
9bfb5c0b-17b4-401a-9278-aa9c8826e5a4,"Listen here, I need you to sort this mess out! I went to grab some cash from my account and guess what? They gave me peanuts instead of a proper stack of dough they owed me. You've got to fix this snafu right now or else I'm gonna lose it big time! What am I supposed to do with less than half the pile they promised? Get on it, pronto!",wrong_amount_of_cash_received,angry_layperson
7f6c4940-044d-41b7-a306-5310e1772de7,"Listen here, I need you to fix something that's got me seeing red! I went to your godforsaken ATM, punched in my details, and asked for a little cash, right? But instead of getting what I should’ve had, they gave me peanuts. It’s like the machine has a mind of its own and decided I deserved less than what I was promised! You better sort this out fast or it's going to be one heck of an expensive headache for you all.",wrong_amount_of_cash_received,angry_layperson
9ccdd437-7310-4b08-a796-9f274c822bfe,"Listen here, I went to that blasted cash machine at the corner of 5th Street and took out what I thought was $100 like usual. Guess what? It spits back a measly $60 at me! How's that even possible? This ain't the first time this thing’s done some funny business with my money. Fix this mess, or so help me, I swear you'll hear from me again.",wrong_amount_of_cash_received,angry_layperson
448605ab-a84d-4051-9ac7-8f0dc1425b43,Need help now! Went to ATM got cash but wrong amount received less than what I entered can't pay bills panic at top emergency need fix ASAP please help urgently!!!,wrong_amount_of_cash_received,panicking_emergency
8dde0984-00f7-4ad7-8b1d-98de377ed20c,"Bank! Urgent please! Sent money ATM wrong amount received less than needed! Can’t pay rent today now! Fix immediately! This is serious, I can’t afford this mistake! Please help fast! Need correct cash NOW! Thank you!",wrong_amount_of_cash_received,panicking_emergency
f3c75a96-bb23-4c49-b00e-eb020ee20241,"I just took cash from ATM and something's wrong! It gives me way too much money, not right amount at all! What do I do? Need help now!",wrong_amount_of_cash_received,panicking_emergency
1f558d25-8968-4599-a67b-01a66d943d16,just got cash from atm not right amount too much money given me now what do i do? someone could take it panic need advice fast help pls,wrong_amount_of_cash_received,panicking_emergency
4d0162e9-b2e6-4cfc-8d8e-7e5e0125fe53,"Hello, I urgently need assistance! At an ATM today, something went wrong. I withdrew cash but got more money than I requested. This is very concerning because now I have extra money that isn’t mine! Please help fix this immediately!",wrong_amount_of_cash_received,panicking_emergency
e20b3e75-af54-4438-950e-df7a45a64c9b,Need urgent help cash machine gave me wrong change lost track of money now can’t pay rent or bills total mess what do I do need fix ASAP please!,wrong_amount_of_cash_received,panicking_emergency
94fb9c20-4c06-4203-a331-5e751669e2a3,"Dear [Bank Representative's Name],

I am writing to bring to your attention an occurrence during a recent transaction wherein I received an amount of cash that differed from what was expected based on my account records. It appears there may have been a discrepancy between the requested withdrawal and the actual sum dispensed. I would greatly appreciate it if you could kindly investigate this matter at your earliest convenience to ensure any possible errors are promptly rectified.

Yours sincerely,

[Your Name] [Your Contact Information]",wrong_amount_of_cash_received,polite_expert
fecb2b88-2294-42f2-9092-411e05fd0e10,"Dear [Bank Representative's Name],

I hope this message finds you well. I am writing to bring to your attention a discrepancy encountered during my recent withdrawal transaction at one of our local branches. It appears that there was an error in the dispensing process, resulting in a deviation between the amount requested and the sum I received.

As a client prioritizing accuracy in financial dealings, I trust that you appreciate the necessity for swift resolution to this matter. Kindly advise on the procedures to rectify this situation promptly, including any additional information or documentation required from my end to facilitate this correction.

I appreciate your attention to this issue and look forward to your guidance.

Yours sincerely,

[Your Full Name]  
[Your Account Number]  
[Contact Information]",wrong_amount_of_cash_received,polite_expert
f030962e-6954-4cef-8496-9f60bde1627b,"I trust this message finds you well. I am writing to bring to your attention a recent occurrence during which I received an incorrect sum of cash from our esteemed banking institution. It appears that the amount dispensed did not align with my intended transaction, and thus, I kindly request your assistance in rectifying this matter at your earliest convenience. Please advise on the appropriate procedure to ensure prompt resolution and any necessary corrective measures.

Thank you for your attention to this concern. I appreciate your continued commitment to customer satisfaction.

Yours sincerely,

[Your Name]  
[Account Number or Reference ID, if applicable]",wrong_amount_of_cash_received,polite_expert
bf037222-1792-4094-823a-77f72d1c695e,"Dear [Bank Name] Customer Service Team,

I trust this message finds you well. I am writing to bring to your attention an occurrence that transpired during a recent transaction at one of your esteemed branches. It appears there was an inadvertent discrepancy in the amount of cash provided relative to the sum requested during my withdrawal procedure. The error, albeit minor, prompted me to reach out and seek resolution with due diligence.

I appreciate your prompt assistance in rectifying this matter swiftly to ensure the utmost accuracy and trustworthiness in our banking relationship.

Yours sincerely,

[Your Full Name]  
[Your Account Number or Reference ID]  
[Contact Information]",wrong_amount_of_cash_received,polite_expert
af7d49ff-26ef-4d50-835f-6ca4c038a97f,"Dear Banking Support Team,

I hope this message finds you well. I am writing to bring to your attention an issue that transpired recently during a cash withdrawal transaction at one of your esteemed branches. Upon accessing my account, I selected a specific amount intended for withdrawal; however, the sum dispensed was not accurate according to my request.

I kindly urge you to investigate this matter further and provide guidance on any necessary steps needed to rectify it promptly. Attached herewith are the relevant transaction details for your reference.

Your assistance in resolving this issue is highly appreciated, as maintaining confidence in banking operations is of utmost importance to me.

Yours sincerely,

[Your Full Name]  
[Account Number]  
[Contact Information]",wrong_amount_of_cash_received,polite_expert
a80e6c4b-d65c-42e7-81d3-1d17a50a3ba1,"Dear [Customer's Name],

I trust this message finds you well. I am writing to bring to your attention an issue of a financial nature that occurred during my recent visit to one of our local branches, wherein the sum tendered by the cashier did not correspond with the amount agreed upon for dispensation at the counter.

Upon presenting my banking card and specifying the desired transaction, it appeared there has been an inadvertent discrepancy between the indicated withdrawal total and the physical currency that was subsequently provided. This occurrence prompts concern regarding potential procedural lapses and invites a thorough investigation to ensure such discrepancies are rectified promptly.

I would greatly appreciate your prompt attention to this matter by convening a review of the transaction records pertinent to the aforementioned visit, possibly corroborated by surveillance footage, if available. Additionally, it may be prudent for me to revisit the branch in question to discuss these details firsthand with an authorized manager.

Ensuring the integrity of our mutual operations remains paramount; thus, I trust your esteemed institution will take the necessary steps to address this unfortunate incident with the diligence and expediency it warrants.

Thank you for your anticipated cooperation in this regard.

Yours sincerely,

[Your Full Name]
[Account Number]
[Preferred Contact Details]",wrong_amount_of_cash_received,polite_expert
78b80d02-756c-492d-b6f9-06acf0f235e0,"Hey, so I was at the atm today trying to get some cash for my weekend chill, right? And like, I asked for 100 bucks but got way more? It’s freaking me out, 'cause I don’t wanna keep extra money that ain't mine. Can you help sort this ASAP? Thanks! 🙏",wrong_amount_of_cash_received,gen_z_slang
f55a24f6-16e0-4412-8bca-26793f35279a,"Hey there, so I was just like, trying to grab some cash from an ATM, but uh-oh—it totally dropped way too much dough into my hand. 😅 Could you help sort this mess out ASAP? Thanks a bunch! 🙏",wrong_amount_of_cash_received,gen_z_slang
2e74f5e7-806e-4e5b-b41b-217ca50e47ae,"Hey, so I just grabbed some cash at an ATM and like, the amount on my phone was waaay off from what I actually got? Like, I was expecting one thing but got another. Can you help sort this out ASAP? 😬🤔 Need to make sure my balance is legit. Thanks!",wrong_amount_of_cash_received,gen_z_slang
6e86957b-d446-49cd-a32b-733ee5c46f8e,"Hey! So I grabbed some cash from an atm earlier, but like, something's off with the amount I got? There's definitely more in my account than what's in my hand right now 🙃 Can we sort this ASAP? Thanks a bunch! 😅",wrong_amount_of_cash_received,gen_z_slang
b64eebb4-8808-4af0-9914-5bfece7b3f01,"Yo, so I got a lil’ situation here 🤔. Just tried to grab some cash from my atm but like, the amount on screen was way different from what popped out of the machine. Can you pls check what's up with that? Thanks 😅🙏!",wrong_amount_of_cash_received,gen_z_slang
27c92030-56c2-496c-82bb-35fc4e2473a0,"Hey, so I just got back from grabbing some snacks at the store, and when I checked my receipt, I was like 🤯 cause they gave me less cash than what should've been left over after paying! Like, wut? Can you guys help me sort this out ASAP? Thanks a bunch, fam.",wrong_amount_of_cash_received,gen_z_slang
2fca61dc-b2b4-4ef2-b3d7-18ca1307507c,"Hello! I need help because I got wrong cash from bank. They give more money, I think. Please fix this for me. Thank you very much.",wrong_amount_of_cash_received,non_native_speaker
26d35fc3-99eb-4dd8-9c7e-3cbdf13647c6,"Hello,

I go bank today for take cash. They give me more money than I ask. Sorry my English not good, but can you help fix this? Thank you very much.

Best regards,  
[Your Name]",wrong_amount_of_cash_received,non_native_speaker
73f8da49-f046-47cc-b118-855496cbbcb9,"Hello! I go to bank yesterday, withdraw money. It show $100 on screen but machine give me only $90. Can help? Thank you.",wrong_amount_of_cash_received,non_native_speaker
08b83c50-90c6-4065-a4bb-6101fe5cb0d5,"Hello, I am writing because I visit bank today, but they give me wrong money. It is too much or too little. Can you help me fix this problem? Thank you for helping!",wrong_amount_of_cash_received,non_native_speaker
44b3ccc9-cf58-4dbf-8e52-cccf2dd3ae81,"Hi, I go bank today get cash. But money not right amount. Less than what my teller say. Can help fix this? Thank you!",wrong_amount_of_cash_received,non_native_speaker
3502ffe2-357c-44c6-a2c0-6dc8938c66f4,"Hi, I hope you are doing well today. I am writing because I have a problem. Yesterday, I go to bank to take cash out of my account, but they give me too much money by mistake. They should give less or more, not same as I asked for. Can you help fix this? Thank you very much!",wrong_amount_of_cash_received,non_native_speaker
086dcd37-1ff2-4e2b-ae05-bb54f297f558,"Incorrect cash received  
Needed more/didn’t expect less at ATM  

Steps:  
1. Note transaction details - date/time/amount.
2. Check bank statement for errors or discrepancies. 
3. Contact bank – provide details, request correction.  

Consider these options:  
- Visit branch with proof (receipts, account info).
- Report to bank online/in app.
- Document interaction - keep records of all communications.

Need help? Call 1-800-BankHelp.",wrong_amount_of_cash_received,short_wording
b61364fe-28a8-497b-a812-ad2588a8cd41,"Received too much cash deposit

Correction needed. Sent wrong amount.

Cash withdrawal error, more given. Fix ASAP. 

Mismatch: ATM dispensed extra. Adjust please.",wrong_amount_of_cash_received,short_wording
a1aef6be-7d70-40e1-b485-4ec91e5eee7e,Incorrect cash received. Need adjustment. Transaction ID: 123456.,wrong_amount_of_cash_received,short_wording
9ab0a90e-3784-449d-ad8a-0803c5c26ea3,"Atm cash error

Received 20, expected 200

Needs correction immediately",wrong_amount_of_cash_received,short_wording
befca2d4-1a3c-4095-bb3e-34da87d6bcf3,Received incorrect cash at ATM - less than debited,wrong_amount_of_cash_received,short_wording
9fdf23de-c3e2-4370-8a42-e9eed4d26619,"Got incorrect cash from ATM  
Needed $200, got $20. Help!",wrong_amount_of_cash_received,short_wording
928eec01-031d-45c5-89af-b7122818931a,"What the hell is going on here? I went over to get some cash out, expecting one thing, and what did you guys do? Pumped me with some crazy high rate that doesn’t even make sense! This ain’t right—I’m not paying through my teeth for nothing. Fix it or I swear, you’re gonna hear from me again, loud and clear!",wrong_exchange_rate_for_cash_withdrawal,angry_layperson
f7d39e87-acfa-45c8-a747-7b8e9a04281e,"Listen up! I went to that ATM yesterday, right? And it swiped my card with some crazy exchange rate when I was just trying to pull out a bit of cash while traveling. It’s like they pulled a fast one on me—gave me way less than what I should’ve gotten! This isn’t funny; someone needs to sort this mess out now before I lose even more money over it!",wrong_exchange_rate_for_cash_withdrawal,angry_layperson
5d6c4c67-0af7-4907-a64a-e2b7cb12fa28,"Alright, listen up! I just hit you guys with some cash withdrawal across borders, and guess what? You've been ripping me off with a laughable exchange rate. How many times do I need to tell you this wasn’t in the fine print when I signed on for your so-called ""convenient"" services?! This is robbery, not banking! Fix it, or I’m telling everyone how my money's going to waste because of your screw-up!",wrong_exchange_rate_for_cash_withdrawal,angry_layperson
e9121247-d121-4ec0-997c-95bd4294014c,"Hey, listen up! I just pulled cash out of my account while traveling abroad, and you guys totally messed up the rate or something! It's like you're trying to take every penny from me now! This is not cool at all—I'm seriously miffed over here. Fix this mess right away!",wrong_exchange_rate_for_cash_withdrawal,angry_layperson
0a451652-ace3-44e1-b90f-5c24c70ef79a,"What the hell is going on with my cash withdrawal? I pulled some money out, and you've short-changed me like a dog by using some ridiculous exchange rate! This is a joke, right?! I don’t have all day to argue about how much I deserve. Fix it now or I swear, I’ll be taking this up the chain at every level until someone does something about it!",wrong_exchange_rate_for_cash_withdrawal,angry_layperson
b6dd50a1-8728-4666-b47b-716a8e8d137a,"Ugh, what’s with you guys? I just hauled my butt over to that ATMs trying to pull out some cash, right? And guess what—those clowns gave me a rate that's so off it hurts! Seriously, how hard is it to get this simple thing right? Do I gotta pay an arm and a leg every time I wanna take out money in another currency or what? Fix this mess, pronto!",wrong_exchange_rate_for_cash_withdrawal,angry_layperson
b24dd05a-bf74-4c5a-8d84-4799894f7308,Need help fast wrong rate on withdrawal from ATM cash gone wrong big mistake lost money here international transaction how fix this quick what do I do exchange gone haywire need solution now urgent no time to lose,wrong_exchange_rate_for_cash_withdrawal,panicking_emergency
0c5e839b-3e1d-406d-bd33-312e79fe3a5c,Need help! Just withdrew money at my local branch but they gave me terrible exchange rate for my dollars turned into euros lost so much money what do I do now? This can’t be right they totally messed up please urgent support fix this fast,wrong_exchange_rate_for_cash_withdrawal,panicking_emergency
0aeb9fac-e04a-46d4-bb6c-e407e4d66401,I just withdrew cash! Rate was wrong major difference I need my money right now this is a disaster can you fix it urgently need details on what happened now,wrong_exchange_rate_for_cash_withdrawal,panicking_emergency
70162a5d-a385-41be-9eb1-2724a6cd29ba,"Just got off machine and saw exchange rate is all wrong! I'm losing so much money here it's not even funny!! This can't be right got to have help ASAP what am I supposed to do with this?! Need someone to fix this immediately, or I'll lose everything. Hurry!!!",wrong_exchange_rate_for_cash_withdrawal,panicking_emergency
ae3b5769-f490-41a4-bf67-f554fe9d5b60,"Urgent! Help needed now! Withdrawn cash using wrong exchange rate at ATM lost money big problem. Can’t sort out myself, need fix immediately before get into debt! Where do I go solve this quick? Lost sleep over this. Need assistance fast!",wrong_exchange_rate_for_cash_withdrawal,panicking_emergency
10e1ba6b-2a65-4c41-9142-049807a229ce,URGENT NEED your attention PLEASE withdrawal money different rate than usual EXCHANGE RATE WRONG I think ATM wrong fee added I'm losing money NEED this fixed NOW help IMMEDIATELY otherwise more losses tomorrow not fair on me PLEASE explain what happening fix it ASAP,wrong_exchange_rate_for_cash_withdrawal,panicking_emergency
8724cdb5-6650-4ede-bb6f-9ab68e8d5884,"Dear Customer,

I trust this message finds you well. I am writing to bring to your attention a matter concerning an error encountered during a recent currency exchange transaction facilitated by our banking institution. Specifically, it appears that the exchange rate applied at the time of the cash withdrawal did not coincide with the prevailing market conditions as publicly quoted.

May I kindly request that you provide additional details pertaining to this transaction, such as the date and location where the transaction took place? This information will greatly assist us in thoroughly investigating the matter. Rest assured, we are committed to ensuring accurate processing and fair treatment for all our valued customers, and will endeavor to promptly rectify any discrepancies if they exist.

Thank you for your patience and cooperation in this matter.

Yours sincerely,

[Your Full Name]
Customer Support Specialist",wrong_exchange_rate_for_cash_withdrawal,polite_expert
bb728746-a756-461a-9a1e-1a7fed229cb3,"Dear Customer,

I hope this message finds you well. I am writing to bring to your attention a discrepancy identified with the foreign exchange rate applied during my recent cash withdrawal transaction. It appears that the conversion utilized was not reflective of the prevailing market exchange rates at the time of execution, which resulted in an unfavorable difference for me as a valued patron.

I kindly request your esteemed assistance in reviewing this matter, and if possible, rectifying any resultant discrepancies to ensure accuracy in future transactions. Your prompt attention and resolution to this concern would be greatly appreciated.

Yours sincerely,

[Your Name]",wrong_exchange_rate_for_cash_withdrawal,polite_expert
27b291a8-2f2d-4a58-b978-9f480e37c7ee,"Dear Esteemed Customer,

I trust this correspondence finds you well. I am writing to bring to your esteemed attention an issue I have recently encountered during a cash withdrawal transaction at one of our international ATMs. Upon review, it appears that the exchange rate applied was not aligned with the prevailing market rates at the time of the transaction. This discrepancy has resulted in an unexpected shortfall in the foreign currency amount received.

I kindly request your assistance in rectifying this situation. May I propose an investigation into this matter at your earliest convenience to ensure accurate application of the correct exchange rate and subsequent resolution?

Thank you for your attention to this matter, and I appreciate your commitment to ensuring a seamless banking experience.

Yours faithfully,

[Your Name]  
[Account Holder Information]  
[Contact Information]",wrong_exchange_rate_for_cash_withdrawal,polite_expert
8bff4721-c229-42d3-9d40-69c7e23f0cbf,"Dear [Customer's Name],

I hope this message finds you well. I am writing to bring to your attention a matter pertaining to my recent cash withdrawal from an international currency exchange. It has come to my notice that the conversion rate applied during the transaction did not align with the prevailing market rates at the time of execution.

To ensure clarity and accuracy, I would appreciate it if we could review this discrepancy together. Having access to precise financial details is imperative for maintaining trust in our banking services.

I am confident that your esteemed support team will provide a thorough investigation into this matter. Thank you in advance for your attention and assistance.

Yours sincerely,

[Your Full Name]
[Account Number]",wrong_exchange_rate_for_cash_withdrawal,polite_expert
0f6fe8d5-12e4-4fd5-9ebf-9472b6a34e71,"Dear Esteemed Customer,

I trust this message finds you well. I am writing to bring to your attention a matter concerning an international cash withdrawal executed via our institution. Specifically, upon assessing your latest transaction, it appears that the exchange rate applied may not correspond with the prevailing market conditions or the rates typically stipulated in our terms of service for such exchanges.

It would be prudent to review this transaction further to ascertain if any discrepancies exist between the expected and actual conversion rates. If you could kindly provide additional details regarding the withdrawal date, amount, and currency involved, we shall commence an immediate investigation into this matter to ensure accurate rectification.

Your understanding and cooperation in this regard are highly appreciated, as is your patience while we endeavor to resolve this issue promptly and satisfactorily.

Warm Regards,

[Your Name]
[Title]
[Contact Information]",wrong_exchange_rate_for_cash_withdrawal,polite_expert
b1be0314-74ec-4a4e-8874-341df32d3e6e,"I am writing to bring to your attention an issue regarding a discrepancy observed during my recent cash withdrawal transaction, wherein the exchange rate applied did not correspond with the prevailing market rates at the time of processing. It would be most beneficial if you could assist in ascertaining the factors attributed to this variance and guide me on rectifying any resultant incongruities. I am appreciative of your prompt attention to this matter.

Kind regards,

[Your Name]  
[Account Number, for reference]",wrong_exchange_rate_for_cash_withdrawal,polite_expert
ca42d30f-a324-4d28-adab-b4c2a47d633c,"Yo, so I went to grab some cash from an ATM abroad, but like, the amount coming out felt major off? It’s gotta be pulling a different exchange rate than what's up on my bank app. Can u sort this, fam? 🤔",wrong_exchange_rate_for_cash_withdrawal,gen_z_slang
cd53f11a-16f3-43ce-bfd8-1b60cdd2f915,"Hey, so like, I just tried to snag some cash from my account abroad, but the bank's hit me with this wack exchange rate that’s way outta whack 😒. Can we fix it up? Thanks! 🙏",wrong_exchange_rate_for_cash_withdrawal,gen_z_slang
44555e5d-0bc0-4884-bfaa-1fa2d1ca506d,"Hey, so I just snagged some cash using my card abroad, but like, the exchange rate was totally whack! Was expecting better value based on what's trending online 🙄. Can you peep into this for me? Thanks!",wrong_exchange_rate_for_cash_withdrawal,gen_z_slang
37eefbc1-ba61-49cc-a024-c9d8c81c022f,"Yo, just got back from grabbing some cash abroad and like, holy moly, the exchange rate was cray-cray! It's way off what I saw online 😩. Could ya guys double-check what’s up with that? Totally need it fixed ASAP so I ain't broke trying to save money while traveling. Thanks for sorting this out! 🙏",wrong_exchange_rate_for_cash_withdrawal,gen_z_slang
422e0081-a015-46fa-bf19-95e5bdad661d,"Hey, so I totally thought I’d be getting my money with a fair rate when I withdrew cash abroad, but nah, the ATM's giving me some wack exchange rate that’s not even right 😒. Like, can we fix this or what?",wrong_exchange_rate_for_cash_withdrawal,gen_z_slang
70288d84-4c03-49c8-aee6-70942c6aaf16,"Hey! So like, I just took out some cash from my trip abroad, but the rate they used was totally not fair. It's like they pulled a number outta thin air, lol. Can ya help fix this ASAP? Thanks a mil! 🙌",wrong_exchange_rate_for_cash_withdrawal,gen_z_slang
331ff3f5-6fbc-4f39-8c09-91b07986d803,"Hi, I have a problem please. Yesterday I go for cash withdrawal but bank give me wrong money amount when change currency. It not match what I think is right exchange rate. Can you help check this for me? Thank you so much!",wrong_exchange_rate_for_cash_withdrawal,non_native_speaker
8d666631-0a7a-4c41-b84d-95ea6f464062,"Hello, I be having a small problem when take money from machine. The rate for change not seem right. It show different number than what we agree before. Could you please help fix this? Thank you!",wrong_exchange_rate_for_cash_withdrawal,non_native_speaker
228c3392-8421-4519-b0a0-f07302b191e9,"Hello, I need help. I took money from my account today but bank used wrong rate for change from dollar to euro. Money less than what should be. Please fix, thank you!",wrong_exchange_rate_for_cash_withdrawal,non_native_speaker
ef1e58b1-9709-4a2f-a53f-d0c48f0ed322,"Hello! I went bank today for cash, but they give me wrong exchange rate. Money not equal as expected. Can you please check this? Thank you!",wrong_exchange_rate_for_cash_withdrawal,non_native_speaker
0c9ed7c8-2d4a-4abd-820b-f003aaf4c3fc,"Hello, dear! I have small problem. When I try take cash out today, they give me money with wrong change rate. Why this happen? Can you help explain or fix please? Thank you very much!

--- 

If you need anything more or want detail, just tell me!",wrong_exchange_rate_for_cash_withdrawal,non_native_speaker
c974a7a8-04f9-474f-9283-fe087f573ee4,"Hello, I have a small problem please. Yesterday, I take money from my account in another country. But they give me less money than should be. They change money with wrong rate, no good. Can you help fix? Thank you very much for helping me.",wrong_exchange_rate_for_cash_withdrawal,non_native_speaker
d8e0a6c2-fdf6-4321-8cab-e7a16db78820,"Withdraw money, wrong rate  
Fiat to card  
Need correct rate info  
Help urgent",wrong_exchange_rate_for_cash_withdrawal,short_wording
734d5090-4af0-4c19-a31a-bd2742abc423,"Exchange rate wrong  
Cash withdrawal issue  
Need correct rate info  

Thank you.",wrong_exchange_rate_for_cash_withdrawal,short_wording
f22c7566-8fbb-4198-9cfe-1ae4d681df94,Wrong rate at ATM withdrawal abroad. Need correct exchange rate applied. Urgent fix required.,wrong_exchange_rate_for_cash_withdrawal,short_wording
9c699927-4f9f-4c24-8161-85c4a529d695,"Exchange rate error  
Cash withdrawn, wrong rate charged  
Needs correct exchange fix  

---",wrong_exchange_rate_for_cash_withdrawal,short_wording
52063672-5325-4a7d-899d-59ce53d26298,"Received wrong exchange rate cash withdrawal.

Need correct rate.",wrong_exchange_rate_for_cash_withdrawal,short_wording
e659ab8c-a11c-46c8-83e1-50fc94453ff4,"Exchange rate issue  
Withdrawal wrong rate applied  
Rate mismatch on cash  

Need correction  
Please fix",wrong_exchange_rate_for_cash_withdrawal,short_wording
