id,text,label,label_text,persona
4ab11b30-5602-4ffc-aac1-92fa4b3c8646,"I requested a refund from a merchant like days ago, and it still hasn’t shown up in my account—stop telling me to “wait,” because I’ve been checking nonstop and there’s nothing there, so what the hell is going on?",51,Refund_not_showing_up,angry_layperson
01a4922b-63fe-4734-9403-e36c409e216e,"It’s been way too long since I asked for my refund, and the payment still hasn’t landed in my account. I’ve double-checked everything and there’s no sign of it—either complete it or tell me exactly what’s blocking it.",51,Refund_not_showing_up,angry_layperson
507d4abc-118b-4ee2-8e08-f88277447a8c,"You told me my refund would be posted by now, but it’s still missing from my account. I’m getting nowhere with support and my statement shows nothing—when will I actually get my money back?",51,Refund_not_showing_up,angry_layperson
5980d814-ea43-45db-bd2a-6bb8f945d2bf,"I sent the return in, and they claimed the refund was already completed, yet the funds never appeared. This is unacceptable—please confirm the status and get the refund to my account immediately.",51,Refund_not_showing_up,angry_layperson
06f76888-21d5-422e-8c8d-97a84ee1a015,"My refund has been “in progress” for far too long, and it still hasn’t arrived anywhere on my end. I need a real timeline—how much longer before the money is actually returned?",51,Refund_not_showing_up,angry_layperson
9c5ab4c5-8606-497e-9c61-7df5532f9ee8,"I expected the refund to show up already, but it’s still not there in my account. I’ve waited long enough and I’m tired of vague answers—where is the money and when will it be credited?",51,Refund_not_showing_up,angry_layperson
cb8249ff-aaad-43f2-b2cf-07c742c6cf1e,I requested the refund days ago and it still is not back in my account. I checked again today and nothing. The seller says it was sent already. I need the money returned now. Please investigate immediately and confirm the status.,51,Refund_not_showing_up,panicking_emergency
93d1ef69-14dd-4fc6-9d44-046077354a9e,"My refund was supposed to appear days ago, but my account still shows no credit. I’ve reviewed my transactions repeatedly and there’s nothing posted. The merchant said it’s already been processed—please verify the refund and push it through immediately.",51,Refund_not_showing_up,panicking_emergency
d913bbbe-c69b-4e0a-b023-7df961544674,"It’s been a couple of weeks since I filed for a refund, and it hasn’t been credited to my account. I keep checking, and there’s still no deposit. Please tell me the current refund status and the expected date it will arrive.",51,Refund_not_showing_up,panicking_emergency
732c323b-0268-4e1e-b954-a09ffcb1e36b,"I’m in a rush and really worried—my refund was marked as approved, yet I don’t see the funds in my account. I’ve checked multiple times and nothing has appeared. Please confirm where the refund is stuck and when it will be posted.",51,Refund_not_showing_up,panicking_emergency
dbbc66b5-970b-401a-af5b-c0b3c90353c3,"The refund was promised to me last week, but my balance hasn’t updated. I checked again today and my statement is unchanged. Can you look into it right away and let me know exactly what’s happening with my refund?",51,Refund_not_showing_up,panicking_emergency
b1f1452b-3847-4dff-b27a-a20e5d127439,"I asked for a refund weeks ago and the merchant confirmed they approved it, but I still have not received anything in my bank. I’ve been monitoring daily and the credit never comes through. Please fix this urgently and confirm the refund timeline.",51,Refund_not_showing_up,panicking_emergency
4fd260f2-b690-4cce-afc7-6e6e9973e250,"Hello, I would like assistance because a refund I was issued for a recent card purchase has not yet appeared on my account or on my statement, and I would appreciate it if you could verify the refund status and the expected posting timeline.",51,Refund_not_showing_up,polite_expert
26896e13-fea8-4077-b151-c916c9ead3c6,"Hi there—I'm following up on a refund I requested earlier, but the money hasn't shown up in my account. I’ve reviewed my transaction history and balance a few times already. Can you tell me when it should appear and whether there’s a way to confirm the refund reference or status?",51,Refund_not_showing_up,polite_expert
f9db8f5a-414d-4883-9a05-e00600070b91,"Hello, I’m contacting you because a purchase was marked as refunded, yet the funds still aren’t visible on my account. I also don’t see it on my most recent statement. Please check whether the refund completed and let me know the likely crediting window.",51,Refund_not_showing_up,polite_expert
4c831f7a-6a8e-4cb8-95b0-e23cea31b53d,"Good day—my merchant refund was initiated about a week ago, but I haven’t received it in my bank account. Could you look into the current status and estimate when the credited amount should land?",51,Refund_not_showing_up,polite_expert
f9d8d978-cefc-4015-bdb7-8974aa0a73d6,"Hello, the merchant confirmed my refund was processed, but it still hasn’t been posted to my account after a few business days. I can’t find it in my statement or transaction history. Please help me verify the status and the expected posting date.",51,Refund_not_showing_up,polite_expert
384e848a-9573-418d-a09c-423023e7b8af,"Hi, I’m reporting that a refund for a returned item hasn’t been reflected yet. Could you investigate and confirm where it is in the process, and when I should expect the amount to be credited to my account balance?",51,Refund_not_showing_up,polite_expert
05b5763c-9980-4319-8f00-19ac397d350b,"Hey, I requested a refund from a merchant like a week ago, but it still hasn’t shown up on my account/statement—can you check what’s going on?",51,Refund_not_showing_up,gen_z_slang
25ba39d9-9ead-4d8c-9e79-42ff50863777,"Yo—my return got approved 5–7 days ago, but the refund hasn’t shown up in my balance yet. What’s taking so long?",51,Refund_not_showing_up,gen_z_slang
bdcdf989-9243-4c7c-8f48-b4aa3264e29a,"Hi, I’m waiting on a refund from last week’s order and it’s still missing from my account/statement. Any clue what’s up?",51,Refund_not_showing_up,gen_z_slang
947f82ec-f54c-43e2-9d30-dca64fe89f21,"Heyyy, I asked for a refund a little over a week ago and it’s still not popping up on my account. Can you check the status and give me an ETA?",51,Refund_not_showing_up,gen_z_slang
9257483e-87ce-4b00-9b4b-2bf83074023a,"I requested a refund about a week ago, but it hasn’t posted anywhere for me. When should I expect it to finally go through?",51,Refund_not_showing_up,gen_z_slang
94a109f0-f979-48d4-8bb4-3379d31231ed,"Hey, the refund was supposed to land on my card a few days back, but I still can’t see it on my statement/account. Any idea when it’ll show?",51,Refund_not_showing_up,gen_z_slang
c7fe51ff-aaca-4afe-94ae-432d9d68a7e2,"Hi, I returned an item and it was marked as refunded, but the money still not show up in my account. Can you please check why and when it will come?",51,Refund_not_showing_up,non_native_speaker
e4327f32-597a-414b-b08e-aa4383c37c17,"Hello, my refund is supposed to be processed, but I can’t see it on my bank statement yet. Could you look into the status and tell me the expected date?",51,Refund_not_showing_up,non_native_speaker
45f02f64-d158-40e8-b8a3-babd5c6a6cfc,"Hi there, I requested a refund last week, but it hasn’t appeared in my account balance. Why is it still missing? Please assist me.",51,Refund_not_showing_up,non_native_speaker
4081e853-6910-4df4-9bd3-c14d7d978081,"Hi, I submitted a refund request some time ago, and it still doesn’t show on my account or on my statement. It has been more than a few days—can you check and confirm where the payment is?",51,Refund_not_showing_up,non_native_speaker
68e2ff76-c325-4455-b492-86e2008e02e9,"Hello, I’m waiting for a refund from last week, but the funds haven’t arrived. I keep checking my bank account and nothing is there. Can you tell me what’s happening?",51,Refund_not_showing_up,non_native_speaker
ca737b4d-94a3-4444-b8cf-dd9d0ca1096f,"Hi, I requested a refund last week, and the money still isn’t showing in my account. I’ve checked repeatedly and there’s no update. Please help me locate the refund and estimate when it will reach me.",51,Refund_not_showing_up,non_native_speaker
18ac2c47-2f75-4a33-8ea6-04609c966c56,Refund requested last week; not received yet.,51,Refund_not_showing_up,short_wording
f3d753e2-4a3b-48bb-a1be-148c4839c896,"Refund missing statement, when?",51,Refund_not_showing_up,short_wording
f40c7a59-389c-4eff-970d-499cdd853dbc,"Refund issued, no credit yet",51,Refund_not_showing_up,short_wording
000d7c9e-484d-4c97-b3bd-0b0a52d55c85,"Refund pending, not received yet; balance unchanged after 7 days.",51,Refund_not_showing_up,short_wording
4e562b8a-1b9d-41b4-b140-fc2cf0930861,"I’m still waiting on my refund—it's been requested, but nothing has posted.",51,Refund_not_showing_up,short_wording
c13fd5ef-16a7-4b4c-8678-1ba5cd8da534,"It’s been a week since I asked for a refund, and I still don’t see the amount on my account.",51,Refund_not_showing_up,short_wording
13ca3f45-1a72-44b0-9655-eda5708e9008,I can’t use my damn card because nobody told me how to activate it—what the hell do I do to get it working?,0,activate_my_card,angry_layperson
fa777e02-e50a-4404-acb1-d1fbf864071c,"I just got my new card and it’s useless right now—how the hell do I get it activated, step-by-step, because I’m not wasting another minute on this.",0,activate_my_card,angry_layperson
e1ba58a7-3e0c-4af0-ba4f-1d47797cdb2b,"Just delivered a replacement card, and it won’t let me pay. What’s the exact process to activate it—like, right now—so I can stop dealing with this?",0,activate_my_card,angry_layperson
dfed5de0-1879-489e-b1be-bf23b84fa145,"I received a brand-new card, but it’s not functioning because activation isn’t going through. Can you walk me through getting it activated immediately?",0,activate_my_card,angry_layperson
5ded0795-c87d-4ed9-8466-a3e7d15fcd74,My card still shows as inactive and I’m fed up. Please activate it so I can use it today.,0,activate_my_card,angry_layperson
6a16ff3b-6e00-46b0-bd7a-7f18989646d2,"I have a new card in hand, but it won’t work yet. How do I activate it right away so I can start using it?",0,activate_my_card,angry_layperson
a47e3d7f-5a22-42eb-8b15-7fcdee619ae8,I just got a new card right now and it will not work I need it activated immediately please tell me how fast please now my account depends on it,0,activate_my_card,panicking_emergency
9f15e61c-fee5-407b-81e9-717fdc1cab12,"My card came in today, and it’s still not activating. I’m locked out of payments—what should I do immediately to get it working?",0,activate_my_card,panicking_emergency
cadf8666-9c66-43c7-a8f0-596c5abceb8f,"I received a replacement card, but the app says it needs activation. Can you walk me through the process step-by-step so I can use it today?",0,activate_my_card,panicking_emergency
426be207-b6f3-429a-b25e-b40dc27e202b,"I have my new card in hand, but it won’t let me use it because it isn’t activated. Tell me the quickest way to activate it and exactly what to tap.",0,activate_my_card,panicking_emergency
14af04b3-8e20-43ba-94e5-17c0b9465c65,I just got my bank card and it’s not working yet. I need it activated right away—please explain the steps and where I should complete them.,0,activate_my_card,panicking_emergency
8bc4a5ea-8d88-46cd-b49c-da3a30c0f694,"My new card arrived, but I can’t use it until it’s activated. Where do I go to activate it now? I need this resolved immediately.",0,activate_my_card,panicking_emergency
085f2a05-6fca-4dc7-8b74-4de47dd101d1,"Hello, I have just received my new debit card, and I would like to know the correct steps to activate it so that I can begin using it for purchases and ATM withdrawals.",0,activate_my_card,polite_expert
6c9e2744-a4b6-4e23-91d9-15eedb6329b9,Hi there—I've received a replacement card and I’d like to activate it. Can you tell me what I need to do to get it working safely and quickly?,0,activate_my_card,polite_expert
14e8269d-dc2f-40db-bcc8-03ff215a2ab3,Hello! I just got a new debit/credit card and want to set it up right away. Please walk me through the activation process and let me know what details you may ask for.,0,activate_my_card,polite_expert
99c8d3e4-63a2-4192-804c-d5e2fffe554b,"Good afternoon. I’m ready to activate my new debit card and start using it. What are the specific steps, and what proof or information should I have on hand?",0,activate_my_card,polite_expert
eb0ec9da-232a-4886-801d-e6e4216e5a7b,"Hello, I’ve received my new debit card and would like to activate it as quickly as possible. Could you explain the steps and confirm which verification items I should prepare?",0,activate_my_card,polite_expert
e1994627-db76-434f-b8e1-1628f87ebf69,Hi! I just received my new bank card and want to activate it successfully. Please share the instructions and mention any identity-check information I should be ready to provide.,0,activate_my_card,polite_expert
33e9dba1-13a0-4f73-855b-0a1fb5d44c80,"Yo, I just got my new debit/credit card and I can’t figure out how to activate it—can you tell me the steps?",0,activate_my_card,gen_z_slang
f13e8ad0-da76-408b-961f-7e94f261920b,Just picked up a fresh card and I’m stuck—what’s the quickest way to activate it so I can start swiping?,0,activate_my_card,gen_z_slang
cdc5cd17-5971-4fa9-8f3a-33e34cd614ba,I got a new card today but the activation part isn’t clicking for me. Can you walk me through what to do?,0,activate_my_card,gen_z_slang
4859ee10-40e5-452a-9548-26b45e6df57e,My new debit card came in and I can’t get it activated. What steps should I follow to get it ready?,0,activate_my_card,gen_z_slang
3640b655-77a8-466a-8e0a-7027c4dc2d80,I just got my new card—how do I verify/activate it so it actually works?,0,activate_my_card,gen_z_slang
3abcf5a8-876c-4e6b-81c9-ee2f4f606291,Yo my new debit card won’t activate and I’m lost—what should I do to get it working?,0,activate_my_card,gen_z_slang
22b5154b-f78e-4950-bcaf-06850435ec5f,"Hi, I just got a new card today. How can I activate it? I don’t know what I need to do, please help me.",0,activate_my_card,non_native_speaker
8bf6ffb3-16ed-4012-8e29-e20b98d5a69e,"Hello! I received a replacement card today, but it won’t work until it’s activated. What should I do to turn it on? Please explain the process.",0,activate_my_card,non_native_speaker
13bf9f9d-c9f0-49ee-98ad-c35609d746ff,"Hi there, I just received my new debit card and it’s still inactive. Could you tell me the activation steps?",0,activate_my_card,non_native_speaker
88a38d42-dd03-4a8e-9773-d044392b3292,"Hello, my new card has arrived, but it’s not active yet. How can I activate it? Please share what I need to do.",0,activate_my_card,non_native_speaker
965d9515-25b3-43e9-a8bf-44ca492538b8,"Good day. I have a brand-new card, but I can’t make payments with it right now. Can you guide me on how to activate it and how long it usually takes?",0,activate_my_card,non_native_speaker
f8cb4dad-272a-488d-836b-ae5afe14c9dd,"Hi, I got a new bank card today, but it isn’t usable yet. Please help me activate it—what are the steps to follow?",0,activate_my_card,non_native_speaker
3a955f2a-ce35-4fef-aa80-79d0d19aae17,Card activation failed? New card not working,0,activate_my_card,short_wording
9c60acae-d2a2-4fa2-afaf-0e09837ce19f,"New card arrived, how activate?",0,activate_my_card,short_wording
5f545d11-d753-473d-913c-81710c8bc7f0,My replacement card won’t activate—what should I do?,0,activate_my_card,short_wording
4edc18db-a920-4be6-a846-b13969e8bc5c,I just got a new card; can you walk me through activation?,0,activate_my_card,short_wording
612370bd-30b0-4038-b144-a608a4483400,Activate new debit card,0,activate_my_card,short_wording
b294f4ad-4c4d-4cb2-b0df-8e741af20b74,How do I turn on my new card? Need activation steps.,0,activate_my_card,short_wording
14fbb338-c924-4984-b165-76c6d5d940d4,"What the hell is the age requirement for opening an account here? My kid is not a baby, so stop dodging the question—how old do they have to be to sign up?",1,age_limit,angry_layperson
e6bae2a1-2d64-497b-bb7a-fdaf504ce94f,Why do you have to be so strict about age? I’m 17—either let me create an account or explain the exact minimum age in plain terms.,1,age_limit,angry_layperson
4b652875-e65a-48e4-a236-7e734c3d9e84,"If I’m 17, why are you treating me like I’m not allowed to do anything? I need the real answer: can I open an account here or not?",1,age_limit,angry_layperson
e2c813a7-0e7f-403d-b654-9020dab1fa31,"You’re turning me away—so what age do you require to open an account? I’m asking for the minimum age number, not vague excuses.",1,age_limit,angry_layperson
d01792eb-ffc9-40ea-be11-d8248d5d36ee,"This whole situation is unacceptable. Tell me the specific age limit to open an account with you, because I’m getting blocked and nobody will give me the exact requirement.",1,age_limit,angry_layperson
982d570e-461c-4e2b-a3fc-4583805ddfd3,"I’m trying to set up an account for my child, but your system keeps rejecting it due to an age requirement. What’s the minimum age, and what steps should I follow to complete the signup?",1,age_limit,angry_layperson
849a4e13-bb65-4249-98df-cae7e676f760,I am panicking I just tried to open an account but it says I do not meet the minimum age requirement I am 17 I need to know what age you allow immediately I need help now I cannot complete signup,1,age_limit,panicking_emergency
359d6685-749a-4e21-b039-19b9e42f0ded,"I’m in a rush to finish setup, but the signup page won’t tell me the age cutoff for youth accounts. Can you confirm the minimum age and whether a guardian must be involved?",1,age_limit,panicking_emergency
f933f576-2233-4bb5-bae4-0c711fc7f5f2,"Help—my son attempted to register and the system keeps flagging him as too young. What is the exact minimum age to open an account, and how can we get past the block today?",1,age_limit,panicking_emergency
bea2aabd-b95d-477e-b3c6-a399f11cc5cd,I keep getting stopped during registration because the site claims my age isn’t permitted. Please tell me the required minimum age and whether any exceptions are available right now.,1,age_limit,panicking_emergency
dc89b8b3-334f-40de-83e8-c73e2cb6c8d6,"I submitted an application, but it’s being denied due to age restrictions. What is the precise age requirement, and what can I do if I’m under that threshold? I need resolution immediately.",1,age_limit,panicking_emergency
3933a73f-230b-47c5-a517-63ad8a924cce,"I’m trying to sign up, but the form keeps saying I’m outside the allowed age limits. Please provide the minimum and maximum ages so I can complete my application today.",1,age_limit,panicking_emergency
52e81f2c-7426-4fd6-b588-8c6208306374,"Good day, I would like to confirm the minimum age requirement to open and operate an account, and please advise what documentation or consent is necessary if the account holder is under the age of majority.",1,age_limit,polite_expert
2313fbcd-31dc-4da7-adef-9ee76c04fa6a,"Hello, could you please share the age range for eligibility to open and keep an account? I’d also like to know if minors may hold the account, and what forms or approvals are needed in that case.",1,age_limit,polite_expert
429e59aa-2f34-42c9-b195-472514abcbb3,"Good day—I'd like to ask about the minimum age to open an account. Additionally, if a parent or guardian provides consent, can a minor open the account, and what proof would you require?",1,age_limit,polite_expert
24229efa-977c-451a-9d30-5cae2fba3f83,"Hello, I’m trying to understand your age rules for account access. What is the minimum age to open an account with you, and are there any extra age-based restrictions for transactions while the account is active?",1,age_limit,polite_expert
837a3b3a-7811-4619-b1d0-ad713c2d5e8d,"Hi, I would appreciate clarification on your account eligibility ages. Since I’m 17, please confirm whether I can open and operate an account with your bank, and let me know what paperwork or guardian authorization is required if I’m allowed to proceed.",1,age_limit,polite_expert
37b7c11f-d726-4316-89d6-f87ee6305f3c,"Good day, I would like to confirm the age eligibility requirements for opening and using an account with your bank, as I am concerned about whether my current age meets the minimum threshold for registration and full account access.",1,age_limit,polite_expert
aeb754ef-1e22-4fd2-acc4-7ce959436fc7,"Hey, quick question—what’s the minimum age to open an account with you? I’m trying to figure out if my kid can get one too.",1,age_limit,gen_z_slang
2a5583d2-3a85-4d50-92d5-26f2ad7098ee,"Real quick—what’s the youngest age you’ll let people open an account, and do you have any max age rules too?",1,age_limit,gen_z_slang
4236eea5-80f2-46b5-b7fa-8668756e3dca,"Can you tell me the age cutoff for opening an account? If my kid’s not there yet, is there any option to prep it anyway?",1,age_limit,gen_z_slang
f68c9a34-e67f-4ea7-a12b-06e0a9258540,"Yo, what’s the minimum age for signing up? I wanna know if there are limits for kids too—like can my little one open one?",1,age_limit,gen_z_slang
edaf35a8-3a63-443e-9883-92ddd8f86f40,"So I’m about to make an account, but what’s the required age to do it solo?",1,age_limit,gen_z_slang
b0f85c4a-74d8-4146-8846-ba1efa9e00a3,"Quick check—what’s the minimum age for opening an account? I’m 17, so can I still sign up by myself or do I need a guardian?",1,age_limit,gen_z_slang
aadaad2f-fd28-416c-9aff-af2f1527bada,"Hello, I want to open an account, but I am not sure what age limit for this. Can you tell me the minimum age, please?",1,age_limit,non_native_speaker
d74a969d-0685-4d27-bd8c-590d1cd57291,"Hello, I’m planning to open a bank account, but I don’t know the age requirement. My child isn’t 18 yet—what is the minimum age allowed?",1,age_limit,non_native_speaker
a2751fc6-e67f-4ee2-8aed-a7138d2ce0fc,"Hi! Could you tell me the minimum age for opening an account? Also, does a child have the option to open one as well?",1,age_limit,non_native_speaker
39a74f2c-cc77-4fef-bf43-708afcf373c6,"Hi there—what age is required to open an account? My daughter is 16; can she open it on her own, or does she need a parent with her?",1,age_limit,non_native_speaker
44f63676-641e-4147-a866-485764effb1a,"Hello, I want to open an account for my child. What is the youngest age you accept, and if they are below that age, can a parent help set it up?",1,age_limit,non_native_speaker
f5a5dbad-58fe-470f-a41c-0c6f5b9a430a,"Hi, I’m trying to understand the age eligibility for an account. What’s the minimum age for the account holder? If it’s for my child, what age must they be?",1,age_limit,non_native_speaker
5e9dc0bb-885a-4f0e-bca3-5204a9571d26,Minimum age to open account?,1,age_limit,short_wording
b4527f6f-35fd-48a5-9175-cdf689c3c767,What’s the youngest age allowed to start an account?,1,age_limit,short_wording
79713cae-3953-4af7-9f09-18cbeaa221c1,Minimum age for account? My son is 16.,1,age_limit,short_wording
6e34af79-cc2a-475c-a030-bde34e4e4b54,How old do I need to be to open an account?,1,age_limit,short_wording
aff5134e-8e29-4b3b-9295-3d13566efea1,What’s the minimum age for a person to open an account?,1,age_limit,short_wording
da735098-ded0-414b-8031-1695a157cd7a,Is there a minimum age requirement for opening an account?,1,age_limit,short_wording
d310954d-20c2-4e4c-9d85-06cbd041a448,"This is ridiculous—why can’t I use Apple Pay or Google Pay to top up my account? It keeps getting rejected every time, and I’m sick of wasting my time trying to figure out what the hell is going on.",2,apple_pay_or_google_pay,angry_layperson
8209d5d5-8579-4e20-950c-5e4b860d3314,"My card won’t cooperate with Apple Pay—most of the time it refuses to go through, and I’m sick of guessing. What’s the reason, and can you help me get it working?",2,apple_pay_or_google_pay,angry_layperson
2b8fa262-e3bb-4d08-a380-e2852c7e531c,"Seriously, why does Apple Pay or Google Pay keep blocking my top-up? I attempt it again and again and it still won’t approve—tell me what’s wrong and how I’m supposed to add funds.",2,apple_pay_or_google_pay,angry_layperson
090195a1-7c19-406a-a104-5c3ffa787127,"This is a waste of time—every Apple Pay top-up I try just fails. Fix it, or explain what the issue is, because this can’t keep happening.",2,apple_pay_or_google_pay,angry_layperson
7ceeef23-97ae-4128-a231-bd9d41ffa2f0,"I’m attempting a top-up right now and Apple Pay/Google Pay keeps declining my payment. What’s going on, and what steps do I need to follow to actually add money?",2,apple_pay_or_google_pay,angry_layperson
d42832a9-0bdb-45c2-b48b-ad08c18c892f,"Why won’t my phone payment work the way it’s supposed to? Apple Pay or Google Pay keeps erroring out, and I’m stuck with no option to resolve it.",2,apple_pay_or_google_pay,angry_layperson
88dcba96-1e0f-4388-9829-3ab6747e94be,I need help right now My mobile wallet top up keeps failing It will not let me add money Using Apple Pay or Google Pay It just rejects the transaction Please fix this fast I cannot complete payment,2,apple_pay_or_google_pay,panicking_emergency
74854378-6d0e-4dac-b5dc-2dc268ed9ceb,"My phone wallet won’t add funds—both Apple Pay and Google Pay fail, and my available balance never changes. I’m stuck right now; please tell me the right steps to top up.",2,apple_pay_or_google_pay,panicking_emergency
40a8aec8-c767-45dd-80b9-61e486e9c522,"I can’t load money into my account through the mobile wallet app anymore. It worked before, but now every attempt to top up gets blocked. How can I fix this immediately so I can complete payment?",2,apple_pay_or_google_pay,panicking_emergency
80e008c7-c200-430f-8da8-1da9d2c8e08f,"Today the payment failed when I tried using my phone wallet. Apple Pay and Google Pay both get rejected at checkout, even though my funds are there. What’s causing the block and what should I do right now?",2,apple_pay_or_google_pay,panicking_emergency
091dd7a3-61bf-4d26-9871-961b1f9c16fc,"I’m attempting a top up with Apple Pay in my phone wallet, but it fails repeatedly. Each time the transaction is declined. I need this sorted urgently—please help me figure out what’s wrong.",2,apple_pay_or_google_pay,panicking_emergency
ff9c951e-c55c-4e22-9838-dd95bd843f46,"Emergency—my top up won’t go through. Apple Pay won’t complete at checkout, and when I switch to Google Pay it still fails. Please tell me what’s preventing the top up on my account right now.",2,apple_pay_or_google_pay,panicking_emergency
182aa474-9d6c-4018-b9a6-acb28005ded8,"Good day, I would like to confirm whether I can add funds using Apple Pay or Google Pay, and if so, what the exact steps are to complete a top up successfully.",2,apple_pay_or_google_pay,polite_expert
e98f0eb0-f78e-4c6b-850b-0a80b7918727,Hi there—can you tell me if I’m eligible to top up with Apple Pay or Google Pay? I’d also like to know the steps and what requirements I should meet before trying again.,2,apple_pay_or_google_pay,polite_expert
dfccc1b4-efd0-452f-8c3d-cc8c0221b58b,"Hello, I want to use my phone’s wallet to add money. Please confirm whether mobile wallet top-ups are supported and walk me through how to activate it and complete the top-up.",2,apple_pay_or_google_pay,polite_expert
b5fdb1ae-1257-405a-9eab-7c1a620abd68,"Hi, I’m trying to add funds using Apple Pay or Google Pay. Could you clarify which top-up methods work and which card types are accepted?",2,apple_pay_or_google_pay,polite_expert
3098ea16-3449-4264-a8ea-fb36839ac061,"Good day—my top-up via my mobile wallet keeps getting rejected. What cards or verification checks are supported, and what should I review to get the payment through?",2,apple_pay_or_google_pay,polite_expert
1431b268-ec8c-4865-987d-41b139eca653,"Hello, is it possible to add funds through Apple Pay or Google Pay? If yes, please share any restrictions (like card eligibility) plus the minimum/maximum limits and how long processing usually takes.",2,apple_pay_or_google_pay,polite_expert
838226b3-9eb0-4043-bd03-fab883168993,"Hey, quick q—can I add money/top up using Apple Pay, or do I have to use Google Pay instead?",2,apple_pay_or_google_pay,gen_z_slang
fbb7228a-6fb8-4178-9d88-6f6abfde27fa,"Quick one—when I’m adding funds, can I choose Apple Pay or Google Pay, or do I have to do it another way like a card or transfer?",2,apple_pay_or_google_pay,gen_z_slang
39fb810d-7ba0-4d71-a672-520e38fa6c6d,"Yo—do I need Apple Pay/Google Pay set up before I can pay, or can I just use tap with my card? Also, is there a way to top up directly in the app?",2,apple_pay_or_google_pay,gen_z_slang
975b1788-fe9e-42a6-ad90-bb17a0591e35,"I’m trying to add funds and it keeps getting rejected—should I switch to Apple Pay or Google Pay, and what’s causing the top-up to fail?",2,apple_pay_or_google_pay,gen_z_slang
cc1a32ee-8c03-4c38-b879-759ffec7638e,"I connected my AmEx to my phone wallet, but every time I top up it errors out. Can someone tell me how to make Apple Pay or Google Pay work for top-ups?",2,apple_pay_or_google_pay,gen_z_slang
63b3b305-e7d4-4ae7-9300-7aa72b3bf5bd,"Quick check—can I top up using Apple Pay, or is it strictly Google Pay? My card is already linked, but the top-up button isn’t there—any fix?",2,apple_pay_or_google_pay,gen_z_slang
6af40362-cb4a-441e-94e5-e9d25734108f,"Hi, I try to add money to my account, but I can’t use Apple Pay or Google Pay. It says failed every time. Why this happen, and how can I fix it?",2,apple_pay_or_google_pay,non_native_speaker
55c2ad73-3b3f-4825-9825-d15c7d9847e6,"Hello, I’m trying to top up with Apple Pay or Google Pay, but the payment keeps failing. What should I check to make it work?",2,apple_pay_or_google_pay,non_native_speaker
409d5378-699b-4089-b6ce-625058170414,"Hi, I’m attempting to add funds, but Apple Pay doesn’t work for me right now. Could you guide me on what to do?",2,apple_pay_or_google_pay,non_native_speaker
8b9ebe83-ce76-4e50-ae85-6c4da260421b,"Hi, I tried to use Apple Pay from my phone to add money, but the transfer didn’t go through. Why is it happening?",2,apple_pay_or_google_pay,non_native_speaker
e9812235-0712-4e53-b45c-41b84079182b,"Hello, I want to pay using Apple Pay or Google Pay, but my bank app won’t accept it. How can I enable it properly?",2,apple_pay_or_google_pay,non_native_speaker
94cb445f-b6f2-4a1d-afdf-b07655d46389,"Hi, I received your card, but I can’t make mobile payments with it (Apple Pay). It keeps showing an error. Can you help me?",2,apple_pay_or_google_pay,non_native_speaker
aac6b997-4e77-4857-95fa-d52ae99e6a5d,Can’t complete an Apple Pay top-up.,2,apple_pay_or_google_pay,short_wording
32d4b912-b4f9-4e27-8983-203d5913b6b3,How do I add money using Apple Pay?,2,apple_pay_or_google_pay,short_wording
6668c60d-281d-4069-a7b2-f5b77fe8867c,"Is top-up possible with Apple Pay or Google Pay, or do I need to set it up first?",2,apple_pay_or_google_pay,short_wording
48f655d4-f242-48cb-a620-6ba217a5279a,Do I have the option to top up via Apple Pay?,2,apple_pay_or_google_pay,short_wording
e88d8dc0-8ca6-47d1-a5bf-0fe71d497114,Google Pay won’t let me top up.,2,apple_pay_or_google_pay,short_wording
6ae220ee-88cc-4d2c-98cd-91613743af65,Why is my Apple Pay or Google Pay top-up being rejected?,2,apple_pay_or_google_pay,short_wording
6e2d0879-8951-4ad6-b904-45ea96f9fdf0,"Your damn ATM won’t work and I need cash right now, so where are the nearest working machines I can actually use near me?",3,atm_support,angry_layperson
b47ed25f-da89-4ecf-a407-ed399ee86170,"The ATM keeps rejecting me like it’s broken, and I’m furious—what’s wrong with my card or the machine, and what should I try immediately to get cash?",3,atm_support,angry_layperson
7f0dad94-a1db-43a7-a7e6-19a3c3796358,"I just got my card taken by the ATM, and it won’t dispense anything—where is my money supposed to be, and how do I get it back?",3,atm_support,angry_layperson
88f6def9-e320-42ab-8b35-0ddafa0145cb,"Your ATM grabbed my card and then froze mid-transaction. I need cash today—what happened, and when will I actually get my card and money restored?",3,atm_support,angry_layperson
1bb3c9b0-f21e-4bea-940d-c15df3b54132,"Every time I try the ATM, it won’t accept my card, and I’m wasting time I don’t have. Where can I withdraw that will work?",3,atm_support,angry_layperson
034f9562-231b-42a8-9f39-54e1856b0ca9,"The machine swallowed my card and refused to give me any cash at all. I’m stranded—what exactly is going on, and when will the transaction be fixed?",3,atm_support,angry_layperson
74e86915-cf66-4f3d-bf3d-1aa3726297ec,My ATM ate my card and now it shows no cash dispense no receipt What do I do right now I need cash today immediately,3,atm_support,panicking_emergency
e7075d3b-9724-46fc-9bda-058d92f329f7,I tried withdrawing today and the ATM kept my card. It won’t release cash and I’m seeing a stuck/blank message. I’m panicking—can you tell me the fastest way to recover the card and regain access to my funds?,3,atm_support,panicking_emergency
0a684e07-0086-4daf-9661-4164747006e9,"The ATM in the branch on 5th Street swallowed my card. Since then, it won’t dispense any cash, and I’m stranded. What should I do right now to get my card back and access my money as quickly as possible?",3,atm_support,panicking_emergency
1450be34-9232-42fd-9ec5-d21085fae064,My debit card was taken by the ATM and the screen shows that no cash was issued. I urgently need funds today. Please explain where I can retrieve my card and how to cancel or reverse this transaction.,3,atm_support,panicking_emergency
7cbabf0f-e0b0-4bb6-8162-4e47a91fc4cf,"The machine accepted my card but didn’t dispense any cash, and now it’s telling me to try again later. Can you help me find an ATM that will actually work for my card? I need money immediately.",3,atm_support,panicking_emergency
81cc2855-abb9-4127-91eb-91102a09d75c,"This ATM declined my card again, and now it has kept it. There’s no cash coming out. What do I do right now to fix the error and get my card and money back?",3,atm_support,panicking_emergency
4cc61e0e-f966-4eb4-b7a3-b0d8ba5cfc9d,"Good day, I am experiencing an issue with a nearby cash machine: my card is being declined despite having sufficient funds, and I would like to confirm which specific ATMs accept my card type and whether any restrictions or temporary network outages may be affecting authorization.",3,atm_support,polite_expert
8963981e-ade4-4bb9-b2e4-de8adda4150d,"Hello, could you help me find an ATM close to me that works with my card? I’m not sure which terminals in my vicinity support my network, and I’d like to make sure the withdrawal goes through.",3,atm_support,polite_expert
6c6ffd59-1435-417a-a77e-990302ae136b,"Hi there—I'm trying to figure out where I can take out cash with my card. What ATMs are compatible, and are there any location or network limitations I should be aware of?",3,atm_support,polite_expert
62b08e68-295b-4642-af9c-645f6881cc03,"Good day, I need guidance on using an ATM to withdraw cash with my card. Can you tell me which ATM brands or specific machines are supported, and whether my account has limits or charges for withdrawals?",3,atm_support,polite_expert
c5090930-61f9-494c-905b-8c8b962c5ac7,"Good day, I attempted to withdraw cash at an ATM, but the transaction was not completed and the machine displayed an error without dispensing any money; could you please advise what steps I should take to confirm whether my account has been debited and how long the reversal typically takes?",3,atm_support,polite_expert
1909a9e7-6aa8-4571-9e02-911ff32cee29,"Hello, my ATM cash withdrawal failed to finish. How can I check whether it was rejected versus still showing as pending, and what should I do next to get it resolved?",3,atm_support,polite_expert
ff8ed386-77b4-430c-adbb-9ee729746bd7,"Hey, quick q—can I use my card at ATMs, and if so, what kinds/models can I use (like which banks/locations)?",3,atm_support,gen_z_slang
3d86046e-c581-4868-9252-8673789b3e9f,"Yo, my card keeps getting denied at the ATM—like it won’t let me pull cash. Any idea what might be causing it, and where should I try instead?",3,atm_support,gen_z_slang
42629b3b-dbf9-462f-b300-7237a7802a2a,"I attempted a cash withdrawal at an ATM and my card got turned away—what ATM types should work with my card, and how do I spot one nearby that’s compatible?",3,atm_support,gen_z_slang
77692b35-7e44-4316-8c8d-07927f6eb3f2,"My ATM cash-out keeps failing—transactions get declined every time. What’s the likely issue, and what should I do to get it working?",3,atm_support,gen_z_slang
fa88d1d9-5b6a-408a-b484-4177e226f7aa,"I tried swiping at an ATM and it kept refusing my card. Which ATMs actually support my card, and how can I find one close by that’ll work?",3,atm_support,gen_z_slang
5778a4ae-6f15-4c0d-9602-3777fc3ab836,"Yo—every time I try to take out cash, the ATM declines me. Can you help me troubleshoot what’s up, and tell me where my card should work instead?",3,atm_support,gen_z_slang
797adc36-3b42-4edd-a0a6-c62933a93f90,"Hi, good day. I try to take cash from ATM but it says error and my card stuck. What I should do now and how I can get my card back?",3,atm_support,non_native_speaker
fddbc2db-9759-4b9a-8e4a-b95e0265ef87,"Hello, I’m having trouble at the ATM. It won’t dispense cash and my card seems to be stuck inside. What steps should I take to fix this?",3,atm_support,non_native_speaker
3712b90e-59ea-4765-892c-3d9d6fd4a57d,"Hi, I tried withdrawing money at an ATM, but it shows an error and the transaction fails. Could you advise me what to do next?",3,atm_support,non_native_speaker
850b730b-91ac-44f0-a43c-6751957cb0e7,"Good day. My card got retained by the ATM after an error message, and no cash came out. How can I recover the card and get help?",3,atm_support,non_native_speaker
204f4870-b0f0-4d79-9d6d-8d4421e74936,"Hi, I’m near an ATM but it keeps rejecting my withdrawal. The screen says error and the machine stops. Is there a working ATM nearby or another option?",3,atm_support,non_native_speaker
0374da9e-2518-46d0-8b44-00794e9bc0bd,"Hi, please help me. I want to use the cash machine near me, but I don’t know where it is. Can you tell me the nearest one and the address?",3,atm_support,non_native_speaker
39ea0233-5c0c-439a-b749-e014887beb06,ATM cash withdrawal failed,3,atm_support,short_wording
4e13c16f-122b-4def-9808-9fad92eac5db,My withdrawal didn’t go through—ATM reported an error.,3,atm_support,short_wording
1bb03af2-5ede-46cb-b948-f5c96dce79d8,Withdrawal failed and the machine kept my card.,3,atm_support,short_wording
a0836eb6-2132-4d78-a0af-6efb580d8c1f,Couldn’t get cash from the ATM.,3,atm_support,short_wording
24cc5cd0-9eec-4076-bf86-03d9012773e1,ATM use locations?,3,atm_support,short_wording
8fa82443-d9a0-478b-ad56-8c7ff4811108,The ATM wouldn’t dispense cash; the display shows an issue.,3,atm_support,short_wording
3f43d09d-ff87-43e4-b009-7550ee3eef0e,"Why the hell isn’t the auto top-up kicking in? I’m running low on cash and it’s just sitting there doing nothing—fix it or tell me what to change, because this is getting ridiculous.",4,automatic_top_up,angry_layperson
863c85a4-50ca-48b6-afd5-584548f5231f,I can’t believe there’s no way to enable automatic top-ups. Every time my balance drops I have to do it myself—where’s the setting to switch it on?,4,automatic_top_up,angry_layperson
0732f62c-3a82-4f13-aff8-289d3678922c,"My card should reload automatically once my balance gets low, but it never does. I’m missing payments because the top-up won’t start—please sort it out.",4,automatic_top_up,angry_layperson
32e2db1c-6d41-447a-8637-8764aabbd32c,"Auto top-up isn’t triggering at the time it’s set for. I already enabled it and I have funds available, so why isn’t it topping up? Tell me what to change.",4,automatic_top_up,angry_layperson
949430a8-9749-4097-8044-53bd9528a2d2,"This auto reload keeps failing—when my balance drops, it doesn’t add money, and I’m left without funds. What’s wrong with the feature, and how can I fix it immediately?",4,automatic_top_up,angry_layperson
23471d79-6557-4451-99e3-e3bae73296fe,"Automatic top-up never kicks in for me when my balance is low. I’m always running short, and now I’m dealing with the same problem again—how do I get it working?",4,automatic_top_up,angry_layperson
349ea34d-98d1-4535-ab8a-002fbf0ca72a,I set up auto top up last week and it stopped working today No top up came through I need it to pay rent now Please tell me why it failed and how to restart it fast,4,automatic_top_up,panicking_emergency
728e0f80-ec53-40e3-9bb7-4e36937f2ad8,"Auto top up failed again today—nothing was added to my balance. I’m trying to pay bills immediately, so please get it restored now and tell me what to do.",4,automatic_top_up,panicking_emergency
7d57c50d-0818-4b2f-b006-e8cb5875dfc5,Something broke with my automatic top up overnight. My available funds are too low and payments are being rejected—please investigate and restart the feature as soon as possible.,4,automatic_top_up,panicking_emergency
067c68e3-a082-4ca4-b0e3-d294ec85236e,"My automatic top ups stopped without warning last night, and my balance dropped because the transfer didn’t go through. Can you help me get it working again and explain what caused the failure?",4,automatic_top_up,panicking_emergency
3ff627b9-19ba-4d44-b479-a7cbbe174aad,My auto top up has turned off and my balance keeps falling. I need it to reload automatically today because my payments keep failing—please tell me where the control is and why it stopped.,4,automatic_top_up,panicking_emergency
db7b722e-4b10-49b2-895d-36119518d53d,"I originally enabled auto top ups weeks ago, but they’re no longer triggering—even when my balance drops. I need this fixed today; please check my account settings and confirm why it won’t run.",4,automatic_top_up,panicking_emergency
e1944b5d-c826-43f7-bd42-a3864313e299,"I recently enabled my card’s recurring top-up feature, but it has not been adding funds automatically as expected; could you please verify whether the service is active on my account and advise what steps I should take to get it working correctly?",4,automatic_top_up,polite_expert
99f91368-26ae-418a-b779-da3260693582,"Good day, I would like to inquire about the auto top-up feature on my account—specifically, whether it is available, what minimum and maximum limits apply to each automatic replenishment, and where I can review or modify those settings in the banking application.",4,automatic_top_up,polite_expert
c9d29b8f-9811-4487-94ae-d8bdfecf7149,"Hi there—can you check if my card supports automatic top-ups? If it does, please tell me what the minimum balance trigger and any per-transaction ceiling are, and how I can change those parameters in the app.",4,automatic_top_up,polite_expert
cc7d8509-5530-469b-9b33-40dc3efecf80,"Hello, I’m trying to turn on auto top-up, but the option doesn’t seem to appear and I can’t finish setup. Could you confirm whether this feature is supported on my account and walk me through the steps to enable it?",4,automatic_top_up,polite_expert
d52a0dfc-864f-49e3-858e-334114ca57c8,"Good day. I’d like to activate automatic top-ups, but I’m worried they won’t run consistently. Please let me know how the schedule works, the minimum and maximum amounts per top-up, and what factors could cause a top-up to fail.",4,automatic_top_up,polite_expert
df333de5-2b98-4cb9-81bb-fe3e618264aa,"Hi—could you confirm whether my card qualifies for auto top-up? If available, I’d like to know how to set the balance threshold that triggers it and the cadence/frequency for replenishments so it top-ups automatically.",4,automatic_top_up,polite_expert
f85db7d4-8bfb-4ae8-912f-2ee8c4e2dd7a,"Hey support, my auto top-up just stopped working—can you help me get it back on?",4,automatic_top_up,gen_z_slang
ca988b0a-b031-4a8e-97e4-b029fd72608b,"Hey, can you help me set up the auto top-up? I can’t figure out where the option is, and I wanna know if it’ll refill my card automatically when my balance gets low or if I have to do it manually.",4,automatic_top_up,gen_z_slang
18c7e628-5e99-409f-b183-42d67d58fce8,"Hey, is there a way to set my card so it auto-adds money when my balance gets low? Like I don’t wanna manually top up every time—can you help me get that turned on?",4,automatic_top_up,gen_z_slang
b696216f-093b-4af1-940d-f234eb10dc3a,"Yo support, I set up auto top-up already but it’s not actually adding funds when my balance drops—what should I check to fix it?",4,automatic_top_up,gen_z_slang
ff09b173-7671-46e3-92dc-82cd60eaa432,"Quick one: when my balance hits low, does the app automatically charge my card and refill me, or am I stuck doing it manually?",4,automatic_top_up,gen_z_slang
7fb10e15-b660-4d58-bdc6-2ce5f7bc2d05,"Can you tell me if there’s an auto-reload option for my card, and whether there’s a cap per top-up? I can’t locate that setting in the app.",4,automatic_top_up,gen_z_slang
a6b1b5f2-15a3-4841-acf0-863185af26d3,"Hi, I try to turn on my auto top up, but it is not working. It says error, and I can’t activate it. Can you help me please?",4,automatic_top_up,non_native_speaker
86035ebd-5084-4387-89e3-b89ec1fef7e6,"Hello, I tried enabling automatic add-funds, but it doesn’t charge my account by itself. What could be causing this, and what steps should I follow to make it work?",4,automatic_top_up,non_native_speaker
0fdf731a-d4c8-4bff-b0f9-6f6512177286,"Hi, I already configured auto top-up, but the balance isn’t increasing automatically. Can you help me figure out why it fails?",4,automatic_top_up,non_native_speaker
4b526b29-1cd9-407d-b616-fb958bbd6e6e,"Hi, I can’t find the auto top up option in my account. Can you tell me where it is and how to turn it on? I want it to add money by itself when my balance is low, not do it manual.",4,automatic_top_up,non_native_speaker
f26180fa-a166-44a4-9ceb-2694f7a5a205,"Hi there, I’m trying to make my account top up automatically, but it’s not going through. How do I enable auto top up?",4,automatic_top_up,non_native_speaker
5b417d01-679d-4b91-89db-a9ede4d8b0eb,"Hi, I have auto top up but it stops sometimes. Why there is limit on how often it can add money, and can I change the frequency?",4,automatic_top_up,non_native_speaker
cc1b2126-5d51-403e-9223-0f81a1e6a256,Auto top up not working,4,automatic_top_up,short_wording
2482f151-9873-4814-b00b-fae819aae7d3,Why won’t the auto top-up start?,4,automatic_top_up,short_wording
e0e7f3c4-57af-4ee3-bff1-13e12f86fa5b,Auto top-up not enabling after setup,4,automatic_top_up,short_wording
abd18f33-b322-4626-9b06-6963232e021a,Auto top-up not triggering,4,automatic_top_up,short_wording
b7f51628-3308-4be7-8a08-574bd1cdbc91,My automatic refill isn’t going through.,4,automatic_top_up,short_wording
47db1ea9-aefa-4655-b586-74cac7fb4f7f,Auto top-up not working after balance low.,4,automatic_top_up,short_wording
db12d0fb-9638-4e73-9fbd-aa555d2cf93b,"What the hell, I sent a transfer and my money still isn’t showing up in my account balance, where is it and how long do I have to wait?",5,balance_not_updated_after_bank_transfer,angry_layperson
4806531b-6638-470c-810b-d510ca7122ae,"I initiated a bank transfer earlier today, and my available balance hasn’t updated—please confirm the transaction and tell me when it will reflect.",5,balance_not_updated_after_bank_transfer,angry_layperson
48910736-3f3c-4c70-ae20-899f97ca1ff5,"It’s been a long time since I deposited money to my account, yet the balance is still stuck. What’s the delay and can you investigate?",5,balance_not_updated_after_bank_transfer,angry_layperson
98142deb-5350-4f6c-b445-6a9f13e147b3,"I transferred funds from my bank a couple of hours ago, and nothing has appeared in my account balance. Can you check the status immediately?",5,balance_not_updated_after_bank_transfer,angry_layperson
0a87a809-e081-4d50-a566-b2f693e81fc1,"My bank transfer was made hours ago, but my balance hasn’t moved at all. Why isn’t the money showing up on my side?",5,balance_not_updated_after_bank_transfer,angry_layperson
5c6aa694-a777-457a-9828-a9ba7a9a27b6,"I sent a transfer from my bank a few hours back, but my balance still hasn’t updated. Please look into it and get this sorted.",5,balance_not_updated_after_bank_transfer,angry_layperson
6e4f9742-be63-476b-82ea-8c0be1defebd,My balance still did not update after the bank transfer I sent yesterday. Money left my account already. Transfer shows as completed on my side. I cannot see it in my balance right now. How long is this going to take I need the funds today.,5,balance_not_updated_after_bank_transfer,panicking_emergency
015c642a-db87-4889-a3a8-866ac5fb8105,"I transferred money yesterday, but my account balance hasn’t changed. It’s still stuck at the previous total, and I can’t find the funds anywhere. Can you investigate the transfer right away? I need access to the money today—please tell me the expected time.",5,balance_not_updated_after_bank_transfer,panicking_emergency
6973d75c-3361-44f3-8410-bafd1a2407e9,"I completed a bank transfer today, yet my balance remains the same as before. The transfer shows as finished on my end, but the funds aren’t reflected in my available amount. Please resolve this immediately—why isn’t it updating?",5,balance_not_updated_after_bank_transfer,panicking_emergency
a41b2567-52e2-420f-821c-d5d0a3a75519,"I made a transfer earlier today and I’m seeing no change in my available balance. The receipt indicates it was sent and marked completed, but the money still hasn’t appeared. I’m in a rush—what’s causing the delay and when will it update?",5,balance_not_updated_after_bank_transfer,panicking_emergency
4a2fe999-9390-48b1-abdf-29f7ca71df32,"This morning I sent a bank transfer to my account, but nothing has been credited yet. My balance still reflects the earlier amount, even though it should have arrived by now. Please check whether the transfer is actually settled, and let me know what to expect—this is urgent.",5,balance_not_updated_after_bank_transfer,panicking_emergency
dfafa57c-95ca-43ef-99a4-b71c55410631,"The transfer is marked as completed, but my balance hasn’t updated to include it. I’m missing the funds right now and I need to know when they’ll be available. What’s the exact ETA, and what steps should I take next?",5,balance_not_updated_after_bank_transfer,panicking_emergency
f49823f5-95ff-4780-b1fb-83b72126a857,"Good day, I would like to report that I initiated a bank transfer to my account on [date] in the amount of [amount], and although the transfer has been confirmed by my sending bank, the available balance in my account has not yet been updated; could you please advise when the new balance will reflect the incoming funds and whether any additional information is required to complete the posting?",5,balance_not_updated_after_bank_transfer,polite_expert
83ebf3cb-cecd-4d21-985a-b870a0c22686,"Hi there—I'm contacting you because a UK transfer I sent earlier today still hasn’t shown up in my account balance. Please check the incoming payment status and let me know when I should expect the funds to be reflected, or if you need any extra details from me.",5,balance_not_updated_after_bank_transfer,polite_expert
2ce611b6-40df-48a7-89fc-1525884b7180,"Good day. I’m trying to reconcile my account, but the balance hasn’t updated following a bank transfer I made into my account. Could you confirm whether the transfer went through and estimate when the available balance will be updated?",5,balance_not_updated_after_bank_transfer,polite_expert
3802fb6b-1952-4e30-a241-bd531e5b74bb,"Hello, I completed a transfer from a different bank, but the funds haven’t appeared in my available balance yet, and it also doesn’t seem to be posted. Would you be able to review whether the payment has been received and advise when it will reflect on my account?",5,balance_not_updated_after_bank_transfer,polite_expert
11411999-2462-46cd-ad7e-7c87c084d863,"Hi, I initiated a bank transfer from my UK account a few hours ago, but I still don’t see the balance update. Can you look into the current status of the transfer and tell me when the credited amount should land on my account?",5,balance_not_updated_after_bank_transfer,polite_expert
06d51deb-8f82-425b-bbf5-7b3a85db9f3b,"Good day. On [date] around [time], I received a transfer into my account from another bank, but my available balance hasn’t changed yet. Please confirm whether the transfer was successfully credited and share the expected timeframe for the update.",5,balance_not_updated_after_bank_transfer,polite_expert
5f5d763f-73dc-4f5c-8292-be193a9dd1be,"Yo, I just sent a bank transfer into my account and the money hasn’t shown up—my balance still hasn’t updated.",5,balance_not_updated_after_bank_transfer,gen_z_slang
d7595f4c-964c-407e-babd-69354a96e329,"Yo, I wired money over a bit ago and it’s not reflecting in my balance yet—what’s the usual wait time for it to update?",5,balance_not_updated_after_bank_transfer,gen_z_slang
a923d5ad-5f05-4dba-803b-277f53f9836c,"I sent a bank transfer a few hours back, but my balance still looks unchanged—can somebody verify whether the transfer actually posted?",5,balance_not_updated_after_bank_transfer,gen_z_slang
346aaf71-f8d0-407c-a228-ce723715f5ae,I transferred money earlier today and my balance hasn’t been updated on my side—any clue when it should start showing?,5,balance_not_updated_after_bank_transfer,gen_z_slang
7905cc1a-f981-499b-96be-31927896f1bb,"Just did a bank transfer like an hour ago, but the funds aren’t showing up—this is taking way longer than I expected, so I’m a little stressed.",5,balance_not_updated_after_bank_transfer,gen_z_slang
00cd1796-605f-4cb4-a090-caa5ed7dcdf6,I made a bank transfer earlier today and my balance is still the exact same—how long do these updates normally take?,5,balance_not_updated_after_bank_transfer,gen_z_slang
6e060677-ed7c-4d5e-ad37-02411f7d672e,"Hi, I did a bank transfer yesterday, but my account balance still not updated. Money leave my bank, but in my account it still shows old amount. How long it take and what I need to do?",5,balance_not_updated_after_bank_transfer,non_native_speaker
5b74729b-2999-4028-a16c-07124985da1f,"Hello, I completed a bank transfer a short time ago, but my balance hasn’t changed. The payment shows as sent—could you tell me why I can’t see it yet?",5,balance_not_updated_after_bank_transfer,non_native_speaker
ef370d2a-470c-403b-90db-7649688e8a31,"Hi there, I transferred money yesterday and it left my bank account, but today my balance is still unchanged. Please check what’s causing the delay.",5,balance_not_updated_after_bank_transfer,non_native_speaker
3a34dc8e-fcb6-4805-ba59-de64d1d18349,"Hello, I sent a bank transfer yesterday to fund my account, but the available balance still shows the previous amount. How long does it usually take to update?",5,balance_not_updated_after_bank_transfer,non_native_speaker
c4650abf-200b-4caa-973d-c40cba310a2f,"Hi, I initiated a transfer yesterday and the funds should have arrived, but they are not reflected in my account balance yet. Can you investigate and explain what’s happening?",5,balance_not_updated_after_bank_transfer,non_native_speaker
57e9b008-f95d-45a0-9451-de0e00ce852a,"Hi, I made a bank transfer yesterday and the money is not showing in my balance. Could you confirm why it hasn’t been updated and when it should appear?",5,balance_not_updated_after_bank_transfer,non_native_speaker
52421fbf-52ba-48b6-bdd0-385ca984ea67,"Transfer sent, balance not updated yet. How long?",5,balance_not_updated_after_bank_transfer,short_wording
c1729b97-f5a4-4927-8bdb-310ed8eb4854,I made the transfer yesterday—when should the balance reflect it?,5,balance_not_updated_after_bank_transfer,short_wording
59f5907f-5e5b-4a53-9635-35e54d56c75f,Just sent a bank transfer a few hours back; why hasn’t the balance changed?,5,balance_not_updated_after_bank_transfer,short_wording
19a2165a-cd9a-404a-a200-990c3d9be0e0,Transfer was 3 days ago. Any idea when the balance will update?,5,balance_not_updated_after_bank_transfer,short_wording
cdd04e71-4ed2-4fc4-9a94-d7aab4c7e8a7,I’ve sent the transfer—what’s the expected time for the balance update?,5,balance_not_updated_after_bank_transfer,short_wording
573de600-b1fc-4c2d-9311-1a01f1f6ac10,"Sent it yesterday, but my balance still hasn’t moved.",5,balance_not_updated_after_bank_transfer,short_wording
da073814-8101-41c1-a807-12171b09bb91,"I dropped off a cash deposit and a cheque like a week ago, and my balance still hasn’t changed at all—this is ridiculous, I need that money now and nobody’s fixing it.",6,balance_not_updated_after_cheque_or_cash_deposit,angry_layperson
02db7207-7dd4-4a91-baa2-fda3a33de655,"I put in a cash deposit and a cheque, and somehow my balance hasn’t moved—this is unacceptable. Sort it out immediately.",6,balance_not_updated_after_cheque_or_cash_deposit,angry_layperson
73f29be5-1483-47cb-a867-03f6996dea74,"I made a cash deposit and it’s still missing from my account balance. Seriously, how long does it take to post the funds?",6,balance_not_updated_after_cheque_or_cash_deposit,angry_layperson
8d10c4c8-4f6e-4cd2-81f9-ec2ca94eea6e,"I paid in cash/cheque and the transaction hasn’t appeared. What’s going on—please update my available balance now, no excuses.",6,balance_not_updated_after_cheque_or_cash_deposit,angry_layperson
605b6289-b805-4a19-9389-a867fc9e2f07,"Deposited cash earlier today, and my balance still shows nothing. Did you take the deposit but fail to credit it?",6,balance_not_updated_after_cheque_or_cash_deposit,angry_layperson
580242e8-2a79-4a57-bf8f-701abf153f5f,I transferred cash into my account days ago and my balance hasn’t been updated. I need access to my funds—when will this be corrected?,6,balance_not_updated_after_cheque_or_cash_deposit,angry_layperson
f7f15048-ee54-4e68-9104-d500971790e5,I deposited cash and a cheque this morning it should be in my balance now but it still shows the old amount no update at all I need this corrected urgently today I checked the receipt and the funds left my hand,6,balance_not_updated_after_cheque_or_cash_deposit,panicking_emergency
c39949aa-fc29-47d2-903d-cf39c98b7dac,"I put cash in yesterday, but my available balance hasn’t changed at all. I’m panicking because I have bills due today and the receipt shows it was accepted—why isn’t the app reflecting it?",6,balance_not_updated_after_cheque_or_cash_deposit,panicking_emergency
e22bf392-75d2-454a-90ba-958e34d8a334,"I paid in cash this morning and expected the balance to update, but it still displays the previous amount. The teller confirmed it, yet the app shows no movement—please sort it immediately.",6,balance_not_updated_after_cheque_or_cash_deposit,panicking_emergency
d47a307c-b2ea-47de-8d1c-1fff240cb7f2,"I made a cash deposit yesterday, and the balance still hasn’t been credited. I urgently need the money today; I keep checking the app and nothing has updated.",6,balance_not_updated_after_cheque_or_cash_deposit,panicking_emergency
9bf1e505-cda8-4077-a41b-bb7c203725c1,"After my cash deposit earlier today, my account balance is stuck on the old figure. I need this corrected right away—can you tell me why my money isn’t showing?",6,balance_not_updated_after_cheque_or_cash_deposit,panicking_emergency
b9e152d2-7d3d-407d-b708-24cdea965bdc,"I deposited cash at the counter yesterday, but today it’s still not reflected in my balance. I have the receipt and I need the update fixed as soon as possible—where did the funds go?",6,balance_not_updated_after_cheque_or_cash_deposit,panicking_emergency
315de52f-c4d2-4537-9ee3-68937c25abb3,"Good day, I would like to request assistance because my account balance has not been updated following a cheque and cash deposit that I made a few days ago; could you please review the status of the deposit and confirm when the funds should be reflected in my available balance?",6,balance_not_updated_after_cheque_or_cash_deposit,polite_expert
0208de8c-ac20-4995-b871-706a2753dbaf,"Hello, I’m contacting you because the cheque/cash deposit I submitted on [date] hasn’t shown up in my balance yet. Even though the teller/branch processed it, my available funds remain unchanged—please check the deposit’s progress and let me know the expected posting date.",6,balance_not_updated_after_cheque_or_cash_deposit,polite_expert
ae9ed5ec-5484-4967-8f86-1c8d22a78ab2,"Hi, after depositing cash/cheque into my account, my balance hasn’t been updated. Could you confirm that the deposit was received and processed, and share when the funds should appear in my available balance?",6,balance_not_updated_after_cheque_or_cash_deposit,polite_expert
9c941f4a-9f83-4ca8-b827-c51e83f0b5bf,"Good day, I recently made a cash and/or cheque deposit, but the available balance in my account still hasn’t changed and the transaction isn’t showing on my statement. Please advise when it will be posted and verify whether the deposit was successfully processed.",6,balance_not_updated_after_cheque_or_cash_deposit,polite_expert
5a697d92-e7e1-4c4b-9a52-9a10b38fd936,"Hello, both my cash deposit and the related cheque deposit were completed on my end, but my account balance hasn’t been updated. Please look into the posting status and confirm when the funds will be reflected in both my available and current balances.",6,balance_not_updated_after_cheque_or_cash_deposit,polite_expert
31b2b051-077e-41ad-ba29-87d48fd004ac,"Hi there, I made a cheque/cash deposit on [date], however the amount hasn’t been credited to my available balance yet. Can you please verify the deposit status and tell me when it will be applied for use?",6,balance_not_updated_after_cheque_or_cash_deposit,polite_expert
6b183bb6-9907-4169-8ab3-4ddafb48316d,"Hey, I dropped a cash/cheque deposit into my account this morning, but the balance still hasn’t updated—any idea when it’ll show up?",6,balance_not_updated_after_cheque_or_cash_deposit,gen_z_slang
869eab4a-8710-4306-af76-d31c8f214d0c,"Yo, I put in a cash/cheque deposit a few days back, but my balance hasn’t moved. Any clue if it’s delayed or when it’ll finally update?",6,balance_not_updated_after_cheque_or_cash_deposit,gen_z_slang
b51197e1-b474-4ac0-91de-c100bf0bde4b,"Hey, I made a cash or cheque deposit yesterday and the available balance is still stuck. Could someone look into why it hasn’t appeared yet?",6,balance_not_updated_after_cheque_or_cash_deposit,gen_z_slang
76059ee1-7ed4-44da-91ed-773e105d3fa3,"Yo—earlier today I handed in a cheque/cash deposit, but it’s like the account balance hasn’t been updated. When should I expect it to pop up?",6,balance_not_updated_after_cheque_or_cash_deposit,gen_z_slang
32a6a94b-0a31-4d61-a713-183a72dda8a1,"Hey, I deposited a cheque/cash today and my available balance still hasn’t changed. Can someone check what’s up?",6,balance_not_updated_after_cheque_or_cash_deposit,gen_z_slang
a370850b-63ae-4f27-ab3d-af2fefbbca81,"Hi, I deposited a cheque/cash last week and the balance is still not updated—nothing’s showing on my app or statement. Can you investigate?",6,balance_not_updated_after_cheque_or_cash_deposit,gen_z_slang
03242786-b12e-40f2-adb9-1b3eb5913e60,"Hi, I deposit cash and also a cheque this morning, but my account balance still not update. It shows old amount, even after some hours. Can you please check what happen and when it will be updated?",6,balance_not_updated_after_cheque_or_cash_deposit,non_native_speaker
c1f84e6e-34a8-4b34-94f1-6edf8433c44f,"Hello, I made a cash and cheque deposit about a week ago, but my available balance hasn’t changed. Could you investigate why it’s delayed and let me know when it will be reflected?",6,balance_not_updated_after_cheque_or_cash_deposit,non_native_speaker
0c5e2c63-a8ea-42e8-b5f1-57caf737b820,"Hi there—yesterday I added cash to my account, but the balance is still showing the previous figure. Please check where the deposit went and confirm when it will update.",6,balance_not_updated_after_cheque_or_cash_deposit,non_native_speaker
389fef9f-6272-492c-9238-f59508ee8837,"Hello, I deposited both cash and a cheque into my account two days ago, but the balance hasn’t been updated yet. Can you tell me what’s causing the delay and when I should see it?",6,balance_not_updated_after_cheque_or_cash_deposit,non_native_speaker
68568d86-376a-4835-bca6-acccd9aa39ee,"Hi, I submitted a cash and cheque deposit last week, but my account balance still hasn’t been updated. Even after repeated checks, it keeps showing an older amount—please look into this and advise the expected update time.",6,balance_not_updated_after_cheque_or_cash_deposit,non_native_speaker
452ff430-92d2-4221-854b-1f1fff052b2a,"Good day, I deposited cash into my account this morning, but my balance hasn’t appeared yet. When will the funds be available and show on my account?",6,balance_not_updated_after_cheque_or_cash_deposit,non_native_speaker
7db0c91f-18df-4ad9-b5e1-b27881c0b199,"Cash deposit made 5 days ago, balance still not updated.",6,balance_not_updated_after_cheque_or_cash_deposit,short_wording
ccc8119c-8245-46f3-aeb5-bd2de8828b08,"I added a cash or cheque deposit, but the account balance hasn’t been updated yet.",6,balance_not_updated_after_cheque_or_cash_deposit,short_wording
e0582fe9-b37b-4bab-aca7-67edc1954abd,"Your cheque/cash deposit is still being processed, so the balance remains unchanged.",6,balance_not_updated_after_cheque_or_cash_deposit,short_wording
37799fe2-265d-47fe-a42c-050c3acd43c1,"After the deposit (cash or cheque), the balance still shows as not updated.",6,balance_not_updated_after_cheque_or_cash_deposit,short_wording
d800fbe9-afac-46aa-a854-477c0e6a2337,"The cheque/cash deposit has gone in, but the balance hasn’t reflected it yet—could you review?",6,balance_not_updated_after_cheque_or_cash_deposit,short_wording
7fce7cfc-8a5c-4c9c-ba58-471ff270028b,"Cash and/or cheque deposit appears pending, and the balance update hasn’t happened.",6,balance_not_updated_after_cheque_or_cash_deposit,short_wording
54043033-a1c6-442e-b4a5-d1232f739ccb,"I’m trying to send money to someone and your system keeps blocking it every time, saying I’m not allowed to add or use them—this is ridiculous, fix it now or tell me what the hell is going on.",7,beneficiary_not_allowed,angry_layperson
bf6caae8-fa1f-47e5-92ad-ba52825caa72,"Every time I attempt a transfer to the beneficiary I already created, the payment is denied and I’m blocked from using that recipient at all. Please correct this immediately—something is clearly wrong.",7,beneficiary_not_allowed,angry_layperson
f49b977b-50a7-4f18-b36d-81e874813d4d,"I’m attempting to send money to a specific recipient, but the transaction keeps failing. It won’t even let me select or add their account, and I need to know why right now.",7,beneficiary_not_allowed,angry_layperson
28d1f85d-e83d-4957-8ff1-8e5a30ac136c,"This is not acceptable—payments to this recipient used to work, and now the system claims I’m not permitted to use them. Tell me the exact reason and how to stop the payment from being blocked.",7,beneficiary_not_allowed,angry_layperson
c379d3f0-6b1a-4d94-81c4-74c8e952082c,"I keep getting a rejection when I try to send money to the same person I’ve already set up. The message says I’m not allowed to do it, and I’m demanding a fix or clear instructions.",7,beneficiary_not_allowed,angry_layperson
cb25dd51-a912-447d-9bb9-c49a28db5ac5,"My transfer won’t complete—each attempt to send funds to that recipient gets declined with a “not allowed” notice. I’m using the correct account, so investigate and tell me what you require from me to resolve it.",7,beneficiary_not_allowed,angry_layperson
8d610f29-37d1-44bc-ac9d-7e27ecd35ebd,I am trying to add a beneficiary and send money right now and it will not allow it. Every time I submit the transfer it blocks me. What is wrong with my account. I need this fixed immediately.,7,beneficiary_not_allowed,panicking_emergency
c8348f39-c9b8-4427-bb13-409bb89f4434,"My payment keeps erroring out when I try to use the beneficiary I just saved. It claims I’m not permitted to send to them, and I’m stuck—how do I correct this so the transfer can go through?",7,beneficiary_not_allowed,panicking_emergency
a5631e3b-445e-4e60-92a8-ba188a7ece2f,I’m unable to finish a transfer because the beneficiary gets rejected every time. I need to understand what’s blocking it and what steps I should take right away to make the payment succeed.,7,beneficiary_not_allowed,panicking_emergency
5bb42ef3-74d5-4466-953e-4d5d413e4aea,"When I attempt to pay using a saved beneficiary, the system denies it again. The message says the beneficiary isn’t permitted, and I’m running out of time—please explain the requirement and the fix.",7,beneficiary_not_allowed,panicking_emergency
a078df08-9c96-40d4-822f-2c50f52b700d,"I added a new beneficiary, but the transfer is still being halted. I can’t complete the transaction, so I need clear instructions to resolve the issue immediately.",7,beneficiary_not_allowed,panicking_emergency
e37d0657-1175-471a-8a2e-19636b74b271,"I’m attempting another transfer to a beneficiary, but it won’t process. The app keeps showing that the beneficiary isn’t allowed, even though I’ve used them before—what setting or eligibility rule is causing this?",7,beneficiary_not_allowed,panicking_emergency
80d85b6f-b43c-45f0-a2d9-59b2977ed83b,"Thank you for your message. I am attempting to make a bank transfer to the intended recipient, however the transaction is being rejected because the beneficiary account is not permitted for transfers at this time; could you please advise what needs to be updated or verified so that I can complete the transfer successfully?",7,beneficiary_not_allowed,polite_expert
37435081-7636-4069-b68b-fcbaddf8adbd,"Hi there—I'm trying to send an international transfer, but the payment is declined because the beneficiary can’t be used right now. Could you let me know what account or compliance check is failing and how I can get the beneficiary enabled?",7,beneficiary_not_allowed,polite_expert
fd2fe259-c7e6-424f-b797-e92f1a0bdda4,"Hello, I’m attempting a bank transfer to a beneficiary I’ve saved, but it’s failing due to an eligibility restriction. Please advise what criteria this beneficiary doesn’t meet and what I should change so the transfer can go through.",7,beneficiary_not_allowed,polite_expert
6ac345d7-aba3-43f2-a534-f7aa1542be66,"Good day—when I try to initiate a transfer to a particular beneficiary, the system blocks me from adding or choosing them, so the transaction can’t be submitted. Can you explain the reason they’re restricted and what steps will allow the transfer?",7,beneficiary_not_allowed,polite_expert
f34383e8-c8c2-4acf-8670-db8667282646,"Hi, I’m making a transfer to a stored beneficiary, but it keeps getting stopped and I’m unable to continue. Could you clarify why that beneficiary isn’t allowed for transfers and what I need to do to restore permission?",7,beneficiary_not_allowed,polite_expert
6f56dbc5-c9b5-49e9-9918-f59822607d90,"Hello—I'm attempting to send money to a specific recipient, but every attempt is rejected with a note that the beneficiary isn’t eligible. Please confirm the exact cause of the restriction and the actions required to complete the transfer.",7,beneficiary_not_allowed,polite_expert
e20920b2-bc3d-4654-a855-1eeb6ce4fd7d,"Hey, I’m trying to send money to this new person’s bank account, but the transfer keeps getting rejected saying it’s not allowed—what gives?",7,beneficiary_not_allowed,gen_z_slang
acc09261-aac1-4e1d-96de-c833b193dfe0,"Yo, I’m attempting a transfer to a beneficiary I already saved, but it keeps getting denied—what’s the reason, and what should I change to get it approved?",7,beneficiary_not_allowed,gen_z_slang
3131fcea-e350-4420-89f6-fac6a913ba87,"Hi, I just re-tried sending funds to the beneficiary, but the payment keeps getting stopped mid-way—what rule is causing the block, and how do I solve it?",7,beneficiary_not_allowed,gen_z_slang
c704b0cb-0491-4d14-a077-78e7ee5ab7af,"Yo, every time I attempt to send money to that beneficiary, the transfer gets rejected for some “not eligible” reason—can you explain why and what I need to do?",7,beneficiary_not_allowed,gen_z_slang
b7f39d63-fcf7-4dd4-9424-ccd3760ff793,"Hey, I’m trying to finish a transfer to my saved beneficiary, but it keeps bouncing back and won’t go through—any clue what’s happening on your end?",7,beneficiary_not_allowed,gen_z_slang
ce262085-5720-406d-8f09-d9fcc52c2ced,"Yo, I’m trying to send to/add a beneficiary, but the bank/app keeps refusing it and says it’s not allowed—what’s going on and how can I fix it?",7,beneficiary_not_allowed,gen_z_slang
f1c869a5-ccf6-400f-868c-12972bce4617,"Hi, I try to send money to a beneficiary but the transfer not allowed. Can you please tell me why and what I need to do to make it work?",7,beneficiary_not_allowed,non_native_speaker
0f90275f-bc17-4aa8-bd72-9f1b416b67eb,"Hello, I’m adding a beneficiary and attempting a transfer, but it keeps failing. The message says the beneficiary isn’t permitted—can you explain the reason and what steps I should take?",7,beneficiary_not_allowed,non_native_speaker
03b6bee9-761f-41c6-aa6e-49fc68f21959,"Hi, when I try to pay my beneficiary, the app blocks the payment and shows “not allowed.” I used to make this transfer before—what changed, and how can I make it work again?",7,beneficiary_not_allowed,non_native_speaker
1674ab75-5da9-4087-8248-b0cb1697b75a,"Hello, I’m attempting to send money to a beneficiary, but it tells me I don’t have permission. Could you advise why this is happening and what I need to do to resolve it?",7,beneficiary_not_allowed,non_native_speaker
04acbaf3-270f-4938-8484-629d28198389,"Hi there, I try to transfer funds to my beneficiary, but the transaction gets rejected with a “transfer not allowed” notice. Please review the issue and tell me how to correct it.",7,beneficiary_not_allowed,non_native_speaker
00ca9bd5-9781-4009-bc51-71f08e133ca0,"Hello, I’m sending money to my beneficiary and I keep receiving a “transfer not allowed” alert. This never happened before—can you check what’s causing it and how to fix it?",7,beneficiary_not_allowed,non_native_speaker
57b872ce-b956-4993-8450-30b7f46fc6d6,Beneficiary transfer denied again,7,beneficiary_not_allowed,short_wording
7bb3d83b-c8c9-4225-9735-863791a705d3,"Transfer says beneficiary not allowed; done before, now blocked. Fix and advise.",7,beneficiary_not_allowed,short_wording
fc1400e7-0ec1-49a2-b0fb-467192b0a268,Can’t transfer to that beneficiary.,7,beneficiary_not_allowed,short_wording
b0820438-5674-4c06-bc78-00a8491b9e94,Why is the beneficiary transfer being rejected?,7,beneficiary_not_allowed,short_wording
b7da6131-86d3-4783-b136-a7c311cf1bfc,Saved recipient can’t be used for this transfer—what’s wrong?,7,beneficiary_not_allowed,short_wording
fcbd2ee0-4a07-41d8-9bd7-6a5fc1d6242f,Transfer failed because the beneficiary wasn’t approved.,7,beneficiary_not_allowed,short_wording
5aee11a4-82e9-4d75-a929-61a171a66ff9,"I already sent the money and now I want to yank it back and stop it from going through, but nobody’s helping—how the hell do I cancel this transfer right now before it’s too late?",8,cancel_transfer,angry_layperson
a28a388f-c1a5-4b56-85bc-ed6f75825335,"This transfer shouldn’t have happened—please halt it right away. I made an error, so cancel it now and confirm you’ve stopped it.",8,cancel_transfer,angry_layperson
0da49168-aa32-482d-a8cd-24bfba4840fb,"I sent a transfer a moment ago, but I need it reversed immediately because I entered the wrong details. What steps do I take to stop it right now?",8,cancel_transfer,angry_layperson
022d577f-5392-4845-8622-e74b2c88e83c,I screwed up and sent money via transfer that I shouldn’t have. Can you tell me how to cancel it immediately?,8,cancel_transfer,angry_layperson
583869d1-c82e-4da3-9013-68e787ce30ba,I accidentally initiated a transfer and I want it stopped before it completes. What do I need to do to cancel it right away?,8,cancel_transfer,angry_layperson
bdefdc19-7aeb-4b17-b3a5-6864abdc7c7c,I just sent funds by mistake and I’m trying to prevent the transfer from going through. Please show me the quickest way to cancel it.,8,cancel_transfer,angry_layperson
b6e5c692-e170-4045-bfef-7d62dcdf99a6,I just sent a transfer by mistake I hit confirm already I need it stopped right now before it clears Please cancel it immediately I cannot wait,8,cancel_transfer,panicking_emergency
67f69f7e-630c-4927-96f7-934a25bc9a8e,"Please halt my transfer immediately—I've already initiated it by mistake. It hasn't finished yet, so you still might be able to stop it. I’m in a rush and can’t wait; cancel it now.",8,cancel_transfer,panicking_emergency
93a41601-38ee-414a-83ad-cb7a79889603,I accidentally sent a bank transfer to the wrong details. I need this stopped right away and the payment reversed before it goes through. Please process the cancellation ASAP.,8,cancel_transfer,panicking_emergency
f967ea13-4078-4b9c-abf5-4f3293fc10dc,I just submitted a transfer and realized it’s going to the wrong person. Can you stop it immediately before it completes? I need this reversed right now—no delays.,8,cancel_transfer,panicking_emergency
3d4690c9-3394-4b5c-b6dc-50bf66a41c4d,This transfer was sent by mistake and it’s still waiting to finalize. Please cancel it immediately and prevent it from being completed. I can’t afford for it to go through.,8,cancel_transfer,panicking_emergency
d2e08de1-c8a6-43b5-9ad2-e724dd920542,Emergency—I've made a wrong transfer and I’m panicking. Please reverse it right away while it’s still pending. Confirm whether it can be canceled before it finishes processing.,8,cancel_transfer,panicking_emergency
76061648-1d94-4f32-9013-909910e13e39,"Good day, I would like to request the immediate cancellation of a bank transfer that I initiated in error; the transfer has not yet been completed on my side, and I kindly ask you to assist promptly to prevent it from processing.",8,cancel_transfer,polite_expert
66400007-ca8e-43c9-83a0-ead003e0706d,"Hello, I need to undo a transfer I made earlier today because I accidentally sent it to the wrong recipient. Please let me know if a recall is still possible and what details you need from me to proceed.",8,cancel_transfer,polite_expert
01f6d43e-7094-49ff-bbf9-256c296d624a,Hi there—I'd like help stopping a transfer I submitted earlier today by mistake. Can you confirm whether the payment can still be retrieved or reversed before it finishes processing?,8,cancel_transfer,polite_expert
bcba42fb-1b19-4afe-9f5d-6b5999fab2d2,"Good day, I entered the wrong recipient information right after initiating a bank transfer. What is the quickest method to cancel or reverse it before it goes through, and which transaction details should I provide?",8,cancel_transfer,polite_expert
3ae31ce6-da7c-4bd4-8b30-e29100517de1,"Hello, I have a transfer that was created but should not be completed. Please advise whether you can still reverse it at this point, and tell me what information is required to submit the request.",8,cancel_transfer,polite_expert
aa4e195b-f68f-45d1-a8bd-a41ebb5b1c80,"Hi, I made a bank transfer earlier and realized shortly after that it was an error. I’m requesting cancellation—please confirm whether it can still be reversed before processing completes.",8,cancel_transfer,polite_expert
d5616a0f-ce5c-4712-8439-52f4bfdb6f16,"Hey, I just sent a transfer and realized it’s wrong—how do I cancel it ASAP before it goes through?",8,cancel_transfer,gen_z_slang
7cc64910-4f9f-4315-aab9-6ce574613831,I accidentally hit send on a transfer—how can I pull it back and get my cash back before it completes?,8,cancel_transfer,gen_z_slang
01e58a17-71e8-4d0b-82d2-7f93f7a657ae,"Just transferred a few minutes ago, but I typed the wrong info—can I undo the payment before it goes through?",8,cancel_transfer,gen_z_slang
edef1955-843e-45e1-b1e3-94d5c8f7531b,Yo I sent money to the wrong bank/account by accident—can someone cancel it ASAP for me?,8,cancel_transfer,gen_z_slang
e2fa8fe8-c54e-418d-bede-eafbf453921d,I realized right after sending that the transfer was a mistake—what’s the fastest way to cancel it?,8,cancel_transfer,gen_z_slang
54fb4f9f-7cbd-441e-84d2-467418ea0daa,"I meant to send it somewhere else, but I messed up the recipient—can I reverse the transfer before it finishes processing?",8,cancel_transfer,gen_z_slang
f2381e33-4cf5-4666-ad30-f7444417e5b8,"Hi, please help me. I want to cancel the transfer I just sent. I make mistake and I need to stop it before it goes through. Can you cancel it now?",8,cancel_transfer,non_native_speaker
de6daa06-d12c-4aa3-adfe-a1aab0bd8f39,"Hello, I transferred money accidentally. I’d like to stop that transaction immediately—please cancel it for me.",8,cancel_transfer,non_native_speaker
969493ac-cf5c-469b-a1b2-f946f5acc493,"Hi there, I sent a transfer just a moment ago, but I need to undo it. Could you reverse the payment?",8,cancel_transfer,non_native_speaker
553f529c-9af7-4294-b16a-b70b871f7936,"Hello, I made a payment to the wrong place. Please cancel the transfer right away so it doesn’t complete.",8,cancel_transfer,non_native_speaker
c05705bf-ff0a-46ec-a827-110d2d64c874,"Hi, I completed a transfer, but I realized it was sent to the wrong person. Can you help me stop it as soon as possible?",8,cancel_transfer,non_native_speaker
8666d960-705f-4887-b320-56a811dfff30,"Good day, I made a transfer earlier today and now I want to cancel it. Please help me prevent the funds from leaving my account.",8,cancel_transfer,non_native_speaker
599eb78b-cad0-41c0-bd2c-b5fc06a3810f,Cancel transfer made this morning,8,cancel_transfer,short_wording
85ed78aa-23c2-4e44-a7b2-7999b03f1e0e,Cancel my transfer now; wrong recipient. Please stop it before it completes.,8,cancel_transfer,short_wording
f497253a-eed6-4e9b-8242-484824969d26,I think I hit the transfer by mistake—please cancel the request.,8,cancel_transfer,short_wording
1e0cd178-a2a1-485c-83d0-d5055e038834,Transfer went to the wrong person. Please undo it immediately.,8,cancel_transfer,short_wording
501e3ae9-6fed-4175-b7b7-65b5f5216181,Can you stop this transfer request that I just submitted?,8,cancel_transfer,short_wording
c7ce4d18-9bb2-4a15-9c80-a962dc987cd9,Please cancel the bank transfer—recipient details are incorrect. Confirm once done.,8,cancel_transfer,short_wording
27c44583-0443-497d-a204-febbddf07ecc,My damn card expires next month and I have no idea how to get a new one sent out—are you just gonna leave me stuck without a working card or what?,9,card_about_to_expire,angry_layperson
0465356d-0071-4517-a269-205c87634ea4,"This card runs out soon, and I’m panicking—what’s the process to get a new one, and what’s the turnaround time?",9,card_about_to_expire,angry_layperson
ddb24ac6-9945-44c1-b400-f84c1225a877,"I just found out my card will expire, and I’m furious that nothing was explained. How do I request a replacement before I lose access?",9,card_about_to_expire,angry_layperson
5e3c1110-c7af-4ceb-ac77-639743d9eea9,"My expiration date is coming up and I’ve been left in the dark. Do you send a new card automatically, or do I have to place an order?",9,card_about_to_expire,angry_layperson
17a1f36a-d215-41f6-8924-6b45d6bf1233,"I wasn’t warned that my card would expire. Can I still use my balance afterward, or will I be locked out once it’s over?",9,card_about_to_expire,angry_layperson
b4e5c1c0-cc22-4819-b4bd-2d125f3c2f76,"My card is expiring and I received zero instructions—when am I supposed to get a replacement, and how can I make sure it arrives before I’m unable to use it?",9,card_about_to_expire,angry_layperson
0a48019c-98d0-42d2-8e6f-45842e5560a6,My card expires soon and I am freaking out. I need a replacement sent immediately. Tell me the exact cost and when I will receive it. Also confirm my current card will still work until the new one arrives.,9,card_about_to_expire,panicking_emergency
c9832927-0c54-4901-824c-60299411e1cf,"I’m panicking—my debit card is about to expire. Please tell me the quickest way to get a replacement, the delivery address/timing, and whether my account will remain usable until the new card shows up.",9,card_about_to_expire,panicking_emergency
5cf472a8-2653-4f79-98a2-8737ff444d3f,My card expires in under 30 days and I can’t afford disruption. Can you rush a replacement and let me know the expected arrival date so I can keep paying without interruption?,9,card_about_to_expire,panicking_emergency
270ae55c-73af-45af-bcd9-1d65874c1987,"Next month my card will expire and I’m really worried. Do I need to replace it immediately, and will my payments/accounts keep running after expiration? What should I do right now to avoid getting blocked?",9,card_about_to_expire,panicking_emergency
5c2ea8ae-d3bc-47c6-b047-f86d110d6cdb,"My card is expiring soon and I’m in emergency mode. I need to get a new one sent right away—how quickly can you ship it, what (if any) charge applies, and please reply immediately.",9,card_about_to_expire,panicking_emergency
25b6c493-82e1-4953-bb53-618b7421836c,"My card expires next month and I’m freaking out. I want to order a replacement today—what’s the exact process, when will it arrive, and will my current payment methods keep working until then?",9,card_about_to_expire,panicking_emergency
e6a3e1ea-251d-4466-a9f0-0b8479d7a3a6,"Good day, I would like to report that my payment card is nearing its expiration date, and I need clarification on the replacement process, including whether an automatic new card will be issued, the expected timeline for delivery, and any associated fees or required actions on my part.",9,card_about_to_expire,polite_expert
516645d4-5e2b-465f-a15a-b483c3d99d27,"Hi, my debit card expires soon. Can you tell me if you’ll send a replacement automatically, how much it costs (if anything), and when I should receive the new card?",9,card_about_to_expire,polite_expert
f26f3c4e-c936-4611-9470-66b9b24e24d8,Good day—my card’s expiration date is coming up and I want to keep using it without interruption. Please explain how to renew or swap the card and when the replacement will be issued.,9,card_about_to_expire,polite_expert
636e5e26-367b-4b07-a456-8f71e936327b,"Hello, I’m reaching out because my payment card is due to expire. Do you automatically dispatch a new one, or must I submit a request? Also, what delivery timeline and fees should I expect?",9,card_about_to_expire,polite_expert
c101d52a-4560-4544-843a-771fe112715a,"Hi, I’d like help with an upcoming card expiration. What steps do I need to take to get a replacement before the card stops working, and what timing should I plan for?",9,card_about_to_expire,polite_expert
0b7a56da-e59a-4707-81c3-621798db335e,"Hello, my payment card will expire shortly. Could you outline the replacement procedure, including any charges, the expected delivery window, and whether my card number or stored payment details will be updated?",9,card_about_to_expire,polite_expert
311c25eb-f89e-4ced-9347-16cc78c27540,"Hey, my debit card expires next month—do I need to reorder a new one, and if so how much does the replacement cost and when would it arrive?",9,card_about_to_expire,gen_z_slang
ee3838bb-9077-414e-a975-c821ad14d857,"Yo—my debit/credit card’s about to expire next month. What’s the move to swap it, and does the new one just get sent to me without me doing anything?",9,card_about_to_expire,gen_z_slang
ad89ebc8-199c-4f0f-a188-8e7c9f4edbe0,"My debit card’s expiring soon—do I need to manually request a fresh one, or will support/you handle the replacement automatically? Also, when should I realistically receive it?",9,card_about_to_expire,gen_z_slang
545f052f-7748-41cf-b700-0f0b4eb3ca7e,"My card expiry is creeping up. How do I get a replacement, and will my autopay and saved account details stay unchanged after the new card comes?",9,card_about_to_expire,gen_z_slang
e7908da0-d069-49b9-855a-4c005d91bab2,"My card’s expiration date is right around the corner—what steps do I take to replace it, and when am I getting the replacement in hand?",9,card_about_to_expire,gen_z_slang
62e6c6a2-fc5f-4a71-857c-30c2b45b6bdf,"Hey, my debit card’s expiration date is coming up fast—can you tell me what the replacement cost is and how long it’ll take to arrive?",9,card_about_to_expire,gen_z_slang
c3039140-b43b-4231-b203-bd3e1a195fb6,"Hi, my bank card is about to expire. What I need to do now, and will I get a new one automatically?",9,card_about_to_expire,non_native_speaker
76b301b2-d9ed-47d2-b141-37d4bd708354,"Hello, my debit card expiration is approaching. What steps should I take to receive a replacement, and will it be handled for me automatically?",9,card_about_to_expire,non_native_speaker
46e05433-e949-42e8-a4fe-6d5687150521,"Hi, the expiry date on my bank card is almost here (around the next few weeks). Can you tell me if you can issue a replacement right away, and when it should arrive?",9,card_about_to_expire,non_native_speaker
28bc754a-0f5e-413c-8722-9ade1d95c4be,"Hello, my bank card is going to end soon. How do I renew it before the expiration date, and what are the delivery cost and expected delivery time?",9,card_about_to_expire,non_native_speaker
609e31dd-45b1-4654-ac5c-0e7aad9ccb0a,"Hi, my card is expiring soon. Do I need to place a new order myself, or will you automatically mail a new card? Also, how many days will shipping take?",9,card_about_to_expire,non_native_speaker
c6ab8c94-0c61-40e8-9874-374c38c23aad,"Good day, my bank card will expire next month. Should I request a replacement, or will you send a new one without me doing anything? Please also estimate the arrival time.",9,card_about_to_expire,non_native_speaker
3b61d616-0405-4376-bdf9-b01bd03a963a,Card expiring soon—how renew?,9,card_about_to_expire,short_wording
066b8896-fa7c-4d9a-be09-0b01e4953cd1,Card expires in 3 weeks—need replacement?,9,card_about_to_expire,short_wording
f984ff29-4c47-4bc1-b3c2-8abba40f0094,What’s the process to swap my card since it’s about to end?,9,card_about_to_expire,short_wording
02d1e1f1-9b4d-4784-891c-009e5bb701e9,How much will it cost and how long until delivery for the replacement?,9,card_about_to_expire,short_wording
6e399a76-c96e-4e10-9818-4553fa4a9af6,My card runs out next month—can I receive the new one before then?,9,card_about_to_expire,short_wording
db639497-5f84-4d49-9e6a-a24f020ecd9e,"Do I need to renew it now, or can I request a new one?",9,card_about_to_expire,short_wording
56fca82b-9620-4d67-a3ae-9470fc5a6010,"My card gets refused everywhere I try—what the hell is going on, and who actually accepts it? I need it working today, not excuses.",10,card_acceptance,angry_layperson
f144cfef-74a6-4160-86c5-836d70ae3bd2,"I can’t get my card to go through at any checkout. The terminal rejects it every time, and the clerk acts like I’m making it up—tell me what’s wrong and where I’m supposed to use it today.",10,card_acceptance,angry_layperson
7ed16058-e13b-4164-b522-6145c85df441,"Every time I try to pay, my card gets declined at the register. I’m done with the delays—why does it fail everywhere, and what do I need to do to make it work?",10,card_acceptance,angry_layperson
a47fd3a6-7c3e-42c4-b87e-bf0406f58093,"My card isn’t working at any store I walk into. I’m ready to pay, but it keeps getting turned down, and I’m being blamed for it—fix the issue and confirm where it should actually be accepted.",10,card_acceptance,angry_layperson
fb7db5cf-8e1f-4650-8bf9-5bc0305ad07e,"No one will accept my card, period. I waste time at checkout because the payment keeps failing—so explain where it’s supposed to work and why it won’t be accepted at normal places.",10,card_acceptance,angry_layperson
ebf3c406-1407-4c2e-bab8-4fc54d47c927,"Why won’t anyone take my card? I’m trying to pay and every shop keeps rejecting it like it’s junk—what’s going on, and when are you fixing this?",10,card_acceptance,angry_layperson
24f9564b-404b-4a32-81cc-069442df84e9,My card is getting refused every time at the store. I cannot pay. I need it to work now. Please tell me where it is accepted and why it is blocked.,10,card_acceptance,panicking_emergency
ffa20dc0-ceb3-4c89-a583-88cb109d300c,"I’m stuck—my card won’t go through anywhere I try today. I can’t withdraw cash or complete a purchase, and I’m panicking because I have to pay right now. Can you tell me which merchants accept it and what could be causing the block?",10,card_acceptance,panicking_emergency
1b8b26db-24af-4033-a959-1d3ef1da30c1,"Every time I swipe or tap my card today, it gets rejected. The cashier says they don’t take it, and it fails online as well. I urgently need to complete payment—what’s happening and what’s the fastest fix?",10,card_acceptance,panicking_emergency
47460965-b2aa-42d1-bd01-2e998db584d7,"Please help urgently—my card keeps getting turned down at every place I try, from restaurants to gas stations. None of the terminals will accept it. Tell me where it should work and what to do immediately to restore payments.",10,card_acceptance,panicking_emergency
30bf0dd2-6f88-476e-a54c-3322e80f2ffb,I’ve tried multiple stores and my card still won’t be accepted. Payments won’t process at all. I need to know where I can successfully use it right now and what caused it to stop working.,10,card_acceptance,panicking_emergency
426bbd6e-e9bf-4a6c-adcb-fbc4ab713893,I cannot use my debit card anywhere today. Every machine rejects it. Teller says payment is denied. I need to pay rent and groceries now. What is wrong with my card and how do I fix acceptance immediately.,10,card_acceptance,panicking_emergency
c803ae45-7e7b-424f-ae8f-b1ad875432b3,"Good day, I would like to confirm the merchant-acceptance scope of my card, as I am finding that certain retailers decline it at the point of sale; could you please advise which types of merchants and payment terminals accept it, and whether there are any regional or network restrictions affecting authorization?",10,card_acceptance,polite_expert
7d677787-c6c9-4dad-ada3-1a0d7594304e,"Hi, can you tell me if my debit card works at card-present terminals locally? Also, if some merchants won’t accept it, please specify the kinds of businesses or transaction settings that are excluded.",10,card_acceptance,polite_expert
dfc278b9-4f0c-4731-b830-f9128ac8a5fe,"Hello, I’d like to understand the acceptance coverage for my card. Which merchant categories and countries are supported, and are there any limits based on how the transaction is processed?",10,card_acceptance,polite_expert
ce195ffd-5188-462d-a133-8569de3b4ea1,"Good day—could you clarify which places accept my debit card for in-person purchases? I’m looking for details on supported terminal types, any country-based limits, and whether the payment network matters for approval.",10,card_acceptance,polite_expert
f7f45e76-4919-43fb-afd7-b9d1e9dfd960,"Hello, I want to verify whether my card is accepted universally or only at certain merchants. Can you list the typical locations/establishments where it’s likely to be approved?",10,card_acceptance,polite_expert
87f86eb8-18cf-4385-9fd3-37b5e5a6c623,"Hi, I’m trying to confirm where my card payments go through without issues. Which merchant types and regions are generally supported, and in what situations might a transaction be declined?",10,card_acceptance,polite_expert
8aeeb87d-8b64-4d4a-ada1-a26eea5a5394,"Yo, I tried paying with my card at this store and it got declined—can you tell me where my card is actually accepted and if there are any merchant/location limits?",10,card_acceptance,gen_z_slang
4b60e688-b5e4-46be-a047-ccce02197c46,"Yo, why won’t my card get accepted here? The payment keeps failing even though my account has cash—are there certain merchants or locations where cards like mine don’t work?",10,card_acceptance,gen_z_slang
9d6e61cd-313d-4b8f-a5a9-3fb2233442dd,Quick one—where can I actually swipe/use my card? Is it only for certain stores or does it work pretty much anywhere (including online)?,10,card_acceptance,gen_z_slang
9afbf3e2-50fa-4e89-86f1-2b20ed5c00a3,"Can I use my debit card everywhere, or are there some specific shops/places where it’ll just reject the payment?",10,card_acceptance,gen_z_slang
902f2bb9-4631-4a74-b1f6-6d1f5a8b9682,Yo—tell me where my card is accepted. Are there any merchant types or locations that usually don’t take it?,10,card_acceptance,gen_z_slang
289fa0ca-6bd9-432d-be88-7009ed0169aa,"I’m trying to use my debit card and it keeps getting denied—what kinds of places can I use it at, and do I need to check any limits or settings?",10,card_acceptance,gen_z_slang
92d44d5a-a88f-4d56-b861-8a38962fe496,"Hi, I try to pay with my card in a shop, but it say it is not accepted. Can you check why this happen and if my card works anywere or only some places?",10,card_acceptance,non_native_speaker
aaa2953e-e279-402d-8f50-5a9a66a18cfd,"Hello, I attempted a card payment in a store earlier, but it was rejected. Could you explain the possible reasons and advise what steps I should take?",10,card_acceptance,non_native_speaker
eecbcfaf-b6e7-4843-aa9b-1e27dca17dc6,"Hi there—my card gets declined when I try to buy something in certain shops. How can I find out where it will work, and whether it depends on the country or merchant?",10,card_acceptance,non_native_speaker
9cabb737-23a5-4f9f-99bc-b30794199bf0,"Hello, I’m trying to pay by card, but some stores won’t accept it. Can you help me understand which merchants accept it and if there are any restrictions?",10,card_acceptance,non_native_speaker
a5b824ba-c5cb-4be3-b5e0-99bad1a676dd,"Hi, I’m having trouble with my card payments—several shops reject the transaction and it doesn’t go through. What could be causing the failure, and which retailers should accept it?",10,card_acceptance,non_native_speaker
2cd9fc90-a13a-451e-bca6-84fe0a24002f,"Hi, I tried to pay with my card and some shops said they can’t take it. What locations usually accept my card, and is there a way to check compatibility before I go?",10,card_acceptance,non_native_speaker
f1ea2c03-8cbf-414e-95b5-de8652744d97,Where can I use my card?,10,card_acceptance,short_wording
fb5a5199-4fb9-4a1f-b47e-eff89430a2d5,Where is my card accepted?,10,card_acceptance,short_wording
60fd67ff-35a2-4750-804d-9a7ca2ea4539,Merchant won’t accept my card,10,card_acceptance,short_wording
92081092-abe4-4b4d-9877-24a2fb725540,My card is being declined by the store,10,card_acceptance,short_wording
3da1c46b-06c3-4318-b448-0ff722522ce9,Checkout won’t take my card,10,card_acceptance,short_wording
fa0bda49-e028-488f-9e7c-c8da38bb6500,Why does my card transaction fail?,10,card_acceptance,short_wording
41aea73f-183e-488f-9878-e9b38ba36e9b,"This is ridiculous—my new card was supposed to show up already and it’s been ages. I still haven’t received it, and I’m sick of waiting around with no updates. Where the hell is my card?",11,card_arrival,angry_layperson
601f2fb9-2539-40d0-a1d4-351dbb96c575,It’s taking forever to get my replacement card. Can you tell me where it’s stuck—yes or no—and when I’ll actually receive it?,11,card_arrival,angry_layperson
ad019ef8-4d67-40fa-9275-1f21ec39ada4,My card hasn’t arrived and I’m getting nothing but vague responses. Who can check the status and provide the tracking details?,11,card_arrival,angry_layperson
9a096612-1033-443e-a032-ac31a891c34a,"I’ve waited weeks for my bank card with no delivery in sight. What’s the hold-up, and when should I expect it?",11,card_arrival,angry_layperson
4669d426-a37b-4d13-a6c5-60648b6a9d6a,I placed an order for a new card and it still hasn’t turned up. I need a real answer on the delivery timeline—what’s going on?,11,card_arrival,angry_layperson
c3602ae7-d267-42c8-9b56-7dc6b842d775,My replacement card is overdue and I’m fed up with the silence. Please confirm its status and tell me when it will arrive.,11,card_arrival,angry_layperson
79913eec-5960-4103-8910-04fe344e1f69,My new card was supposed to arrive last week. It is not here. No tracking. No updates. Please tell me where it is right now. I need it urgently.,11,card_arrival,panicking_emergency
7044a5f8-e4fe-4e9e-b5ae-285963af99de,"Where is my replacement card? It was meant to be here days ago, and the mailbox is empty. I can’t find any tracking or delivery updates. Please check immediately and tell me when it will arrive—I really need it.",11,card_arrival,panicking_emergency
7f9edffc-9dd4-41f6-b1f4-785e3fe08b39,"I’ve been waiting on my new card since I placed the order weeks ago, and it still hasn’t shown up. Can you confirm whether it’s been shipped and if it might be lost? I’m at my limit—I need an update right away.",11,card_arrival,panicking_emergency
ed44ca42-1a4a-490f-9148-e26b1b5f169f,"My new debit card hasn’t arrived after two weeks. I urgently need it today, but there’s been no progress. Please tell me the current delivery status and what happened to the shipment.",11,card_arrival,panicking_emergency
dbeea4ff-529b-48ed-938f-17a918b72d23,"My replacement card was expected to arrive already, but nothing has come today. There’s no tracking number and I’m getting nowhere. Please investigate and provide the latest status, including the reason for the delay and the best estimate for delivery.",11,card_arrival,panicking_emergency
2ab60802-0484-4fcb-b3b9-f0a9de1769bb,"I still haven’t received my card, even though I ordered it weeks ago. I need to know what’s going on with delivery and when I can realistically expect it to arrive.",11,card_arrival,panicking_emergency
60708c60-253a-4116-9407-76d69d0a9ffc,"Good day, I am writing because I have not yet received my newly ordered payment card despite the expected delivery date having passed; could you please verify the current dispatch and delivery status and advise on the next steps to ensure it reaches me promptly?",11,card_arrival,polite_expert
82c5fc2a-f555-4bb6-bef4-99d592d18029,"Hello, I’m contacting you about my replacement debit card—it's still not here. The order was placed more than a week ago, so could you share the latest shipping/update information and any tracking number or delivery estimate?",11,card_arrival,polite_expert
8d5ef8e4-165d-4290-ac05-5551e52e4b69,"Hi there, my replacement debit card hasn’t arrived yet. I ordered it about two weeks ago and would like to know the current shipment status, the expected arrival date, and whether it could have been sent to the wrong destination.",11,card_arrival,polite_expert
766875e6-4273-4484-976c-635b6209f259,Good day—could you help me with an update on a card I ordered that hasn’t shown up? I’m looking for guidance on how to check where it is and an estimated time for when I should receive it.,11,card_arrival,polite_expert
323ba314-c92e-4dd0-b5c0-937fc5a326a1,"Hello, my replacement debit card delivery is overdue and I haven’t received it. Please let me know how I can view the delivery tracking status, and what actions to take if it still doesn’t arrive by the promised date.",11,card_arrival,polite_expert
cf2ca80a-901e-480d-a26b-41bd08cad833,"Hello, I’d like to report that my newly ordered debit/credit card hasn’t been delivered. Could you confirm the expected delivery window and check whether there’s any problem with the shipment updates to my address?",11,card_arrival,polite_expert
9eeebbf2-05f1-44fd-b2ec-4c49deec6437,"Hey, I ordered a replacement card like 10 days ago and it still hasn’t shown up—can someone check the status for me?",11,card_arrival,gen_z_slang
64145749-1e1b-4d9e-a973-a857c7abbef8,Yo—my replacement card was ordered about two weeks back and it’s still not here. Any way to find out where it’s at and when it’ll land?,11,card_arrival,gen_z_slang
0d2877d9-4495-44ba-a02c-77925e44800d,"Hey, I’m waiting on a new card that hasn’t arrived yet. How can I see the delivery updates, and should I be concerned since it’s taking this long?",11,card_arrival,gen_z_slang
bd8a0524-b080-49a0-8be7-33e84a5c052e,"Hi—my debit card was supposed to come by now, but it’s missing. Can you look up the shipping status and tell me when I should expect it?",11,card_arrival,gen_z_slang
19dc3e6c-7307-4a8d-8281-5584e03265c0,"Yo, I placed an order for a new card about a week ago and it hasn’t shown up. Can you check the tracking/status and give me an ETA?",11,card_arrival,gen_z_slang
23efd0c1-a376-45ba-ab28-dd0f1e8de27c,"Hey! Still waiting on my replacement card—do you know when it’s actually going to arrive? Also, is there a tracking number or link I can use to monitor it?",11,card_arrival,gen_z_slang
e405fced-52ab-4eeb-95b9-e10d671571ac,"Hi, I ordered a new bank card, but it still did not arrive. It is already many days. Can you check where it is and when I can get it?",11,card_arrival,non_native_speaker
433ae0d5-6487-421a-8356-28b8cbe93cb6,"Hello, I placed an order for a replacement card, but it hasn’t shown up yet. Could you check the shipping status and let me know the expected delivery date?",11,card_arrival,non_native_speaker
9d6a6be5-94d4-400c-81f1-209157da4adb,"Hi there, my replacement card was sent, but I’m still waiting. It has been a long time already—can you look up where it is and confirm when I should receive it?",11,card_arrival,non_native_speaker
eaa19fa2-f2b6-419b-b0e2-1b259b04811a,"Hello, my new bank card hasn’t arrived yet. I ordered it around two weeks ago, and the delivery seems delayed—please advise what steps I should take.",11,card_arrival,non_native_speaker
c0ab4972-1358-4163-84db-42341032c0b5,"Hi, I requested a new bank card about three weeks ago, but I still haven’t received it. Can you tell me when it’s expected to arrive and whether I need to do anything?",11,card_arrival,non_native_speaker
f37ae177-5d3b-42b0-b70f-4a8c1d67e965,"Hello, I ordered a replacement card last week, but it hasn’t been delivered. Is this kind of delay typical? Please help me track it.",11,card_arrival,non_native_speaker
ad3c37ae-3802-499e-8161-388805c59ac4,New card not arrived yet. Any tracking?,11,card_arrival,short_wording
3e0b22f1-e12a-4866-99fa-a6a51823f66e,My card hasn’t shown up—can you tell me where it is?,11,card_arrival,short_wording
a61cc9cf-49cc-41d5-853c-1cb62f0cd8cb,Still waiting on the card. Tracking hasn’t changed—when should I expect it?,11,card_arrival,short_wording
b2f1fde3-901a-4e54-941d-6202a8783d51,"The tracking link says it’s been sent, but I don’t have it yet. What’s the usual delivery time?",11,card_arrival,short_wording
26bd5a80-fcad-4c27-ac7c-46b06bdd53b8,How much longer until the card arrives?,11,card_arrival,short_wording
1ce646d5-0504-44b5-bb92-c22128a379d4,I’m still waiting for my card to arrive.,11,card_arrival,short_wording
6e8e6541-f4e6-4d25-8216-51d5d4cd4c9f,"I’m seriously pissed off—when the hell is my card actually getting delivered? I’ve been waiting forever and nobody can give me a straight answer, so tell me the exact date or at least a real time window, not vague nonsense.",12,card_delivery_estimate,angry_layperson
526f50d7-5376-4c87-9161-1b87ccab7f05,"Stop making me wait—when will my card actually arrive? I want the specific expected delivery date, not another “sometime soon” answer.",12,card_delivery_estimate,angry_layperson
15524e83-5a77-40e8-9111-6bdd381098e3,"I placed the order a long time back, and now I’m getting silence. When is my card going to be delivered in the US—give me the real date, not vague promises.",12,card_delivery_estimate,angry_layperson
e0218c1b-6875-4d86-876d-ffd4aaa4d822,"Your timeline was supposed to be faster, but my card still hasn’t turned up. How many more days until it arrives, and can you confirm the delivery date for this weekend?",12,card_delivery_estimate,angry_layperson
ded60081-a2e4-47bb-8ed0-ba23f4feba13,"I ordered my card and it’s taking way too long. Tell me exactly when it will reach my address—no guessing, no “maybe” dates.",12,card_delivery_estimate,angry_layperson
e0c5e6da-2e41-4e4f-a57d-3b39ae05cb56,"It’s been ages since I ordered, and I still don’t have my card. What’s the actual ETA, and why is it delayed—just give me a real time estimate.",12,card_delivery_estimate,angry_layperson
9fc964e9-e93b-4a08-8d6b-87343071c1af,"I ordered a new debit card and it still has not arrived  
How long is this supposed to take  
I need it for payments now  
Please tell me the delivery timeline and the tracking status right away",12,card_delivery_estimate,panicking_emergency
bb15794f-e3b5-41f2-bf36-fc8af5edc0c2,My replacement debit card hasn’t shown up yet and I’m in a rush. Can you confirm the exact arrival date and share the latest tracking details immediately?,12,card_delivery_estimate,panicking_emergency
9b471bf0-da71-4d7a-b63c-cdc9e2f98e5f,"It’s been weeks since I placed the order for my new debit card, and it’s still missing. What’s the most up-to-date ETA for US delivery?",12,card_delivery_estimate,panicking_emergency
289c339c-5bbe-4502-951e-d1ceb2da29f1,The delivery estimate you gave me is far too slow—I need my debit card delivered by the earliest possible date (today or tomorrow if possible). Please check the shipment right away and tell me the confirmed delivery date.,12,card_delivery_estimate,panicking_emergency
b5e16144-3067-4ffc-9071-745ddeff4331,I’m waiting on my debit card and the tracking hasn’t updated at all. Please provide the exact delivery window for when it should arrive today or tomorrow.,12,card_delivery_estimate,panicking_emergency
d89a70a8-5a7d-41cc-8939-9637bb37f819,"My card still hasn’t arrived and I need to know how much longer I’ll be waiting. Since tracking isn’t moving, what is the precise delivery time you can confirm right now?",12,card_delivery_estimate,panicking_emergency
a6c5bebd-f50a-4f6e-b798-0bd2562f27e9,"Hello, I recently placed an order for a new debit/credit card and would like to confirm the expected delivery timeframe to my address in the United States, as I need to plan accordingly—could you please check the current delivery status and provide the most accurate estimated arrival date?",12,card_delivery_estimate,polite_expert
33d6c72a-bfc3-41ba-a33c-0c64f84172fc,"Hi Support Team, could you please share the latest estimated delivery window for the debit card I just ordered? I’d also like to know the expected arrival date based on the shipping address on my order.",12,card_delivery_estimate,polite_expert
4dedc919-d682-4fd9-8b41-ebd377d64dbb,"Could you help me with a delivery estimate for my card order? I’m trying to schedule around its arrival, so please tell me the expected timeframe for the destination country and ZIP/postal code.",12,card_delivery_estimate,polite_expert
8f4c502e-cad5-476e-a94c-8c4b461bd5eb,"Hello, I need an update on when my new card should arrive at my U.S. address. Please provide the estimated delivery date and let me know if any current shipping delays could impact the timeline.",12,card_delivery_estimate,polite_expert
bdc9bf38-ccea-4e1c-a7e3-b8c7c75fa75a,"Good day—my card tracking hasn’t given me a definite arrival date. Can you estimate when it should realistically be delivered to my address, and flag any potential issues that might cause delays?",12,card_delivery_estimate,polite_expert
28209dfc-d3fc-488b-974f-fa7a7ade04fe,"Hi, I’d like to confirm how long delivery will take for my newly issued card. If it’s already on the way, please tell me the current status (in transit vs. still processing) and the expected arrival timeframe.",12,card_delivery_estimate,polite_expert
bfe739e7-91f8-4fab-9fa1-4246bce7c3c7,"Hey, when should my new card arrive? I’m trying to figure out the delivery date/ETA and whether it’ll come in time for me.",12,card_delivery_estimate,gen_z_slang
3c14d779-4ae7-4729-9e35-9810e9ea532e,Yo—when’s my new card supposed to show up? I need the ETA for my delivery to [address].,12,card_delivery_estimate,gen_z_slang
8a06b479-52a2-4b8d-8d85-f48aba3e3d05,Quick one: what’s the expected shipping time for my debit/credit card? I placed the order already and I’m waiting.,12,card_delivery_estimate,gen_z_slang
082a9999-1cc4-47d2-9bad-0728d8401c4e,"Hey, I ordered a new card about a week ago—what’s the normal delivery window, and can I choose a specific day?",12,card_delivery_estimate,gen_z_slang
e44ea58e-5933-4fcc-afb1-35f8af42226d,Hi—my card’s delivery date in the app looks pretty unclear. Can you tell me the real expected arrival window?,12,card_delivery_estimate,gen_z_slang
b6bd141f-bf4b-42d0-9e0e-d4c9cff2cf22,"Hey, what’s the timeline for my new card to arrive? Like, when should I realistically expect it to land?",12,card_delivery_estimate,gen_z_slang
c6a53cfa-2c6d-48ad-b049-9c05d5fe94c5,"Hi, I want to know how long it will take to deliver my new card to my address in US. Can you tell me the exact time, please?",12,card_delivery_estimate,non_native_speaker
db2c7504-86f9-464b-a8a2-c36d2aab96ea,"Hello, I placed an order for a replacement card. What is the estimated delivery timeline, and on what day will it likely reach my address in the US?",12,card_delivery_estimate,non_native_speaker
d0d1643e-5b7c-4c7c-a7b8-6b766ed0e2d3,"Hi there—my new debit card is on the way. Since I’m in the United States, could you share the expected shipping duration and the approximate arrival date?",12,card_delivery_estimate,non_native_speaker
5439afd5-c2e3-444d-b9af-fb72ec2b7683,"Hello, I’m tracking my replacement card, but I don’t have a clear delivery date. Can you tell me when it should arrive? If possible, I’d like it before Friday.",12,card_delivery_estimate,non_native_speaker
a93312bf-27b6-431d-8e3e-ec9de866387f,"Hi, could you tell me when my new bank card will be delivered? I’m not sure about the date—please estimate how many days I should wait.",12,card_delivery_estimate,non_native_speaker
022c86bd-c06c-48af-9f5f-4a225be50d46,"Hello, I ordered my new debit card a week ago, but I still haven’t received it. For US delivery, what ETA can you provide?",12,card_delivery_estimate,non_native_speaker
f05e1cc9-a4e7-4fed-b33c-6d91e5ae012c,Card delivery timeline? Arrival date?,12,card_delivery_estimate,short_wording
428fdbe3-71f5-4c13-9083-6cb2a4d70584,When will my card show up?,12,card_delivery_estimate,short_wording
9809537b-f0d3-47bc-b07e-51b31b07a1ef,How long until the card arrives?,12,card_delivery_estimate,short_wording
7d067355-0e22-4aed-b2c4-062395c8602d,My shipment seems late—what’s the revised ETA for my card?,12,card_delivery_estimate,short_wording
e00f89fc-3096-4450-95db-660754c3b340,Can you tell me the estimated delivery date for my card?,12,card_delivery_estimate,short_wording
9b7d1205-8a7d-4d22-a099-06cbf23fd7a8,What date should I expect my card to arrive?,12,card_delivery_estimate,short_wording
5bf78051-a77d-47ac-854d-1a074ed48cd3,"I’m sick of this, I got a new card and I can’t get it to show up in the app or get it tied to my account—what the hell am I supposed to do, seriously?",13,card_linking,angry_layperson
ec73ca54-005b-46fa-a374-b7a5e731592c,"I’m attempting to link a replacement card, but it won’t go through—can someone tell me where the card-linking option actually lives? Every time I try, the page blocks me and I’m done wasting hours.",13,card_linking,angry_layperson
1e29b32e-4bf8-4a9c-9cbc-dbfb417b4731,"Just received a new card and now the app won’t accept it. What’s the problem, and how do I get it connected to my account without playing guesswork?",13,card_linking,angry_layperson
5252b26f-0d87-4cfc-8c07-c95affacb3f5,"I got a new card and nothing lets me add it—where exactly is the screen to link it in the app? I press buttons and it just refuses, and I’m fed up.",13,card_linking,angry_layperson
e633b064-693a-4662-8513-0353aaa7f9ba,"My new card won’t appear in the app, and I can’t get it attached to my profile either. Stop the runaround—tell me the precise steps to make it work.",13,card_linking,angry_layperson
28292aca-3dd7-4b14-995b-e129477345cc,"I’m linking my new card and it keeps failing. I can’t find where to enter the card information, and customer support isn’t saying anything useful—what am I supposed to do?",13,card_linking,angry_layperson
0518de11-3152-43e0-ba20-0f9729ae812c,I tried linking my card and it fails every time. It says verification not completed. I need access today. Where do I go and what exact steps. Please fix this now.,13,card_linking,panicking_emergency
f866d205-783b-412e-9d34-a4deaa079969,Card linking won’t go through—every attempt fails when I input the card information. I’m stuck in the app and I can’t access anything helpful. I need this solved today; tell me the precise taps to take and what setting to change.,13,card_linking,panicking_emergency
b487a979-2059-4c01-960b-b30e2f405460,"I’m unable to add my card at the moment; it keeps erroring out as soon as I try. I urgently need it active today, but I can’t find where the “link card” feature is. Support isn’t responding—please guide me through the exact sequence right now.",13,card_linking,panicking_emergency
1def30ff-b7fb-4736-a232-c6631bab4aab,"I’m attempting to connect a replacement card and the verification step won’t complete, so purchases are blocked. This has to be fixed immediately—please walk me through what to do to get the card linked today.",13,card_linking,panicking_emergency
8f457e63-451f-4695-985c-04fa54799b2a,I received a new debit card and the app refuses to accept it during linking. I need to be able to pay today—what should I do right now to get it approved and linked successfully?,13,card_linking,panicking_emergency
87405cf4-fc12-4e24-9870-9168b1cb38c2,"I keep getting an error when I try to link my card inside the app. I already have the physical card in hand, but it never appears after I attempt to add it. Please help me right away—I’m locked out and I need it working for today’s payments.",13,card_linking,panicking_emergency
c035dbb5-e01c-4504-ba85-5edad04d3790,"Hello, I have received my replacement debit card, but it is not appearing in my mobile banking app; could you please guide me on how to link the new card so that it becomes usable for transactions?",13,card_linking,polite_expert
afdd024b-36ed-47e8-9bd4-0965aa410ba0,"Hi, I’ve received a replacement debit card and I’m trying to add it in the mobile banking app, but the linking/verification fails—could you walk me through what to do and what details are required for it to be approved?",13,card_linking,polite_expert
dc8eee32-67bb-4d78-bb82-7ac52d0d5072,"Hello, I want to register my newly issued card in the mobile banking app, yet I can’t get past the verification screen. Where should I complete that step, and what exact information will I need to provide for activation?",13,card_linking,polite_expert
2696a2a3-6d12-4648-9b4d-1e3f8f8a3c16,"Good day—I'm attempting to link a new bank card to my profile, but I can’t locate the right menu in the app or on the website. Can you tell me the precise path to verify the card and finish the linking?",13,card_linking,polite_expert
fe05d7e7-069c-4cc9-bacf-5cac7a0b9ea4,"Hello, I need help adding the debit card I just received to my account. In the mobile app I don’t see a way to complete registration, so could you explain the correct procedure and whether my specific card can be linked?",13,card_linking,polite_expert
47295e2b-b568-4065-a3a4-fc7ec37912c2,"Hi there, I just got a new debit card and I’m trying to connect it to my existing mobile banking account. The setup stops when verification begins—please provide the correct steps and let me know what information you need from me.",13,card_linking,polite_expert
e9a593dc-5cfa-4117-8d7a-96d56c902314,"Hey, I’m trying to add my debit card to the app but it won’t show up or let me link it—can someone help me figure out what I’m doing wrong?",13,card_linking,gen_z_slang
cafeaa93-9044-4b4b-b51f-a6ddf97831cc,"Just picked up a brand-new card, but I’m lost on where to tap to link it in the app—can someone tell me the exact steps?",13,card_linking,gen_z_slang
f7308757-d736-4c37-bd1c-abddf3216118,I got a new debit card and I can’t figure out how to get it added in the app so it shows as linked—what should I do?,13,card_linking,gen_z_slang
ce1cdf9d-cb47-4e51-9aec-cf57e177507b,"Yo, my new debit card won’t add to my app account. What’s the move to get it properly linked?",13,card_linking,gen_z_slang
8d06877f-0d53-4fd5-b29c-632716cbcf1c,"I just got my new debit card—where do I enter the card info on the app? I can’t find the screen, help pls.",13,card_linking,gen_z_slang
0e5b4d53-3ccf-4ec7-a9ad-25a53858a13e,My new card won’t connect to my account in the app; every attempt either errors out or doesn’t appear. Can someone help me link it?,13,card_linking,gen_z_slang
599dad65-dbfe-4123-bcde-73fb9eb114e1,"Hi, I need help to connect my bank card to the app. I have the card already, but it can not link in the app. Please tell me what I need to do, step by step.",13,card_linking,non_native_speaker
590e965c-5ce0-474d-a471-693c24fb972a,"Hello, I’m trying to add my brand-new card, but every attempt ends with a “failed” message. What should I do to link it successfully to my profile?",13,card_linking,non_native_speaker
a7e21a80-e2e3-4872-95c0-1cc6d8be8592,"Hi there—my new card is ready, but the app won’t display it during setup. How can I get it connected to my account?",13,card_linking,non_native_speaker
e2815a93-484d-49d3-98ed-ea28aa9daaff,"Hello, I need assistance linking my new card. I keep entering the correct details, yet the app still doesn’t complete the connection. Could you guide me on how to resolve it?",13,card_linking,non_native_speaker
6438cbe0-2cda-40a7-9fc4-cc09e1ae980f,"Hi, I recently received a replacement bank card. When I try to register it in the app, it won’t go through. Can you explain the steps to connect it?",13,card_linking,non_native_speaker
5deced7c-60ba-4805-a0a7-cac3efa946ab,"Hello, I’m having trouble adding my new payment card. The card doesn’t appear and the app won’t accept it. What can I try to make the linking work?",13,card_linking,non_native_speaker
28b83747-a5ce-4a45-b888-61f2fb97aecb,Received new card; not showing in app. How to link?,13,card_linking,short_wording
161140d8-b2ab-4d6a-b94f-275b04450782,Link new debit card not working,13,card_linking,short_wording
46b82ba1-cabe-48a1-8d6b-3a50cf5b9729,New card received; add to app?,13,card_linking,short_wording
1bf641fa-2c5f-4d47-a46d-2104315900f5,"I got a replacement card, but it doesn’t appear in the app.",13,card_linking,short_wording
207c151c-e506-4b28-9916-2fe22fd99d33,My new card fails to connect to my account.,13,card_linking,short_wording
5fecce65-7031-4287-9788-6bf300091777,What should I do if my card won’t link in the app?,13,card_linking,short_wording
a6fd1905-ad42-4bcb-b248-a390d0edb571,"My card is not working at all—swipe, tap, nothing—what the hell is going on, and why am I being left stuck like this?",14,card_not_working,angry_layperson
9111e017-dd2f-4541-a0d2-15f7b95afb03,This morning my card stopped working and I can’t get a payment to go through. It’s unacceptable—tell me immediately how to resolve it.,14,card_not_working,angry_layperson
e005aa65-90b1-422b-beb2-78d5965e0296,I can’t use my card anywhere—ATMs reject it and stores won’t approve the transaction. I’m done with this problem; get it sorted.,14,card_not_working,angry_layperson
f6168d2c-b86d-499a-8592-8451c9e5145e,My card keeps getting denied every time I try to pay. This is infuriating—stop wasting my time and fix what’s wrong.,14,card_not_working,angry_layperson
20b58dda-a746-4b7e-b54c-9b69800a6b17,My card has gone dead—every checkout I attempt results in a decline. I’m really fed up with this.,14,card_not_working,angry_layperson
d2171d23-4acc-4767-bedf-5d41e65ba2b8,"No matter how many times I try, my card won’t process payments. This needs urgent attention—what do I do to get it working again?",14,card_not_working,angry_layperson
0ca78be7-4971-4a17-a009-228c8a210913,My card just stopped working at the store. It gets declined every time. ATM also fails. I cannot pay rent right now. Please tell me how to fix this fast. I need access today.,14,card_not_working,panicking_emergency
ec42b98e-ec48-4380-9e95-c273667e0bf8,"Help—my debit card isn’t going through. Both the ATM and the checkout keep rejecting it, and I desperately need funds today. I’ve attempted multiple times; please guide me to resolve it quickly.",14,card_not_working,panicking_emergency
7039d1ff-b682-45b8-b485-2cdf3ab29f52,I’m freaking out because my card keeps failing everywhere—ATM and store both say declined. I need cash immediately. Can you tell me the fastest steps to troubleshoot right now?,14,card_not_working,panicking_emergency
9754f6e1-fae4-4c82-adaa-654c30672eab,"At both the ATM and the store today, my card was refused. I’m unable to make the payment I must complete. I don’t think I turned anything off—what should I do right away?",14,card_not_working,panicking_emergency
a29b8178-e62d-4e73-b225-d77ecebb3a3c,My payment card isn’t working at the moment. I tried it at two different locations and it was declined each time. I urgently need access to money since I can’t pay right now—please explain what to check next.,14,card_not_working,panicking_emergency
4e1c6848-f489-40fa-a80b-2fdcaaf72138,"My card has completely stopped working. The ATM won’t accept it, and the merchant also gets a decline message. I need cash right now—please advise what to do to fix it as soon as possible.",14,card_not_working,panicking_emergency
b27f44b5-7463-488f-b1f5-cc820c27ffe0,"Hello, I would like your assistance because my payment card is currently not being accepted at the point of sale, and transactions are being declined; could you please advise what might be causing this and what steps I should follow to resolve it?",14,card_not_working,polite_expert
73c31abc-3c22-451b-b748-f7fc6601dfec,"Hi there, my debit/credit card won’t go through anymore—each time I try to pay, the terminal rejects it. Can you help me figure out why this is happening and what I should do next to get payments working again?",14,card_not_working,polite_expert
55f229a2-1417-462f-9d82-af506f82ece1,"Hello, I’m unable to complete any card payments right now. Even when I try using the card at different locations, the transaction fails—please advise on the likely reasons and the troubleshooting steps to restore the card’s functionality.",14,card_not_working,polite_expert
dda9fcbd-01e4-4c7c-a6fa-8850a87374d3,"Good day, my payment card is currently unusable and every attempt to pay results in a decline. Could you let me know what might be triggering this and what actions I should take to resolve it promptly?",14,card_not_working,polite_expert
bd3083db-91c2-467a-b958-40767a94cfdd,"Hi, I’m having trouble with my debit card at the checkout—payments are being refused and the card won’t work on the terminal. Please share the most common causes and the steps I should follow to fix it.",14,card_not_working,polite_expert
18b488e7-68e6-42f4-aa7b-6013704a1a7b,"Hello, I need help because my card isn’t functioning right now. I tried using it at a payment terminal today and the charge was declined, and I’d like guidance on what to check and how to get successful transactions again.",14,card_not_working,polite_expert
4575e66f-3161-4bfa-a7c6-66f0859ea339,"Hey, my debit card just randomly stopped working at the ATM and in-store—keeps getting declined even though I know I’ve got funds. Can you help me figure out what’s going on?",14,card_not_working,gen_z_slang
592f35a2-2d1f-426e-b0bb-0e3585a30fcf,"Yo, my debit card is acting up—ATM flags it as declined and the register won’t let it process either. Can you help me troubleshoot?",14,card_not_working,gen_z_slang
9c97ca06-6f67-4685-9ee0-204b9e6c94a7,"My debit card keeps getting rejected when I swipe it, and I even tested it at multiple spots—still no luck. What’s the deal?",14,card_not_working,gen_z_slang
44387a4a-dd1d-4f59-b9f3-524f9a192379,"Uh, my debit card won’t get accepted—ATMs keep saying declined and the reader shows “not accepted.” Can someone tell me what’s happening?",14,card_not_working,gen_z_slang
b476fa25-6018-4fb8-9e8d-f0f1c315b650,"Hey bestie, my debit card won’t go through at all—tried both the ATM and a store checkout and it keeps getting declined. Any ideas?",14,card_not_working,gen_z_slang
d7e4b75e-ee30-41ba-a9bf-ab7efc5361f7,"My debit card is totally glitching—every time I attempt a payment it gets declined, even if I’m in different places. Can you help me figure it out?",14,card_not_working,gen_z_slang
08dc184d-42de-4b47-a78e-7ec05e70d5a3,"Hi, please help me. My card does not work today, I tried in the shop and also at the ATM, but it always gets rejected. Can you tell me what is wrong?",14,card_not_working,non_native_speaker
502d5806-a5ee-444b-8dc4-16684f5898b8,"Hello, I’m having trouble with my debit card. It won’t go through at the store or the ATM, and the payment is rejected every time. Can you advise?",14,card_not_working,non_native_speaker
15ed4088-24ec-4fa1-94c4-0751d3f29858,"Hi, my card is failing to work today. I attempted to pay in a shop, but the transaction doesn’t succeed. What should I try next?",14,card_not_working,non_native_speaker
e7fc6b66-e7c9-4813-b67f-7f390b1c7b30,"Hello, could you please assist? Today my bank card is not usable—every time I make a purchase, it gets refused. I can’t use it at all.",14,card_not_working,non_native_speaker
41280d33-ed5d-4e5c-b39e-4980b84e0628,"Hi there. My bank card worked earlier, but now it’s not working at any shop. The cashier keeps saying the card is declined. What steps can I take?",14,card_not_working,non_native_speaker
40efbe23-d6cf-4ff6-b4d6-0c71a1f988ef,"Hello, I need support with my payment card. Transactions are not going through today, and they keep being declined repeatedly. Please help me figure out the cause.",14,card_not_working,non_native_speaker
4ba1e8f9-4454-4f91-bd98-6d98e0492ad0,Card won’t work at ATM/terminal,14,card_not_working,short_wording
953ebf67-06f9-4c26-9939-e67a241f30a0,My card fails to process in shops and at ATMs,14,card_not_working,short_wording
1a73f193-cf5f-4ab0-9a06-91f3fe5e7d77,ATM won’t accept my card,14,card_not_working,short_wording
3c11ed2a-4dc5-49f8-9de3-a3d1f8a3f5bb,Card won’t go through at the register.,14,card_not_working,short_wording
65c3669b-0547-4bed-99b4-36c3ea6e5239,It keeps rejecting my card at the ATM.,14,card_not_working,short_wording
5b50c2ad-f73c-4927-96e6-43c8c0894355,Checkout declined the transaction with my card,14,card_not_working,short_wording
d7cf3a23-5011-400e-ae05-4973d44e70ff,"What the hell, you charged me a fee just because I paid with my card—nobody told me that. I want that money back and an explanation, right now.",15,card_payment_fee_charged,angry_layperson
c48724f2-4b54-4456-8b3a-16cdf9b1cf90,"Hold on—why is there an additional fee showing up on my card transaction? I was not informed in advance, and I want a clear reason and the charge removed immediately.",15,card_payment_fee_charged,angry_layperson
ca28b8d7-8dae-46db-8cca-482e6ada0e2d,"I’m seeing a surprise extra fee attached to my card payment, and I have no clue what it’s for. Explain the reason and correct the billing right away.",15,card_payment_fee_charged,angry_layperson
cb0e43c5-ce48-4da4-90f5-7f9e9fe677c4,"I paid using my card, so why did you add a penalty-style fee to my account? Show me exactly what you charged and reverse it now.",15,card_payment_fee_charged,angry_layperson
d504d770-fa33-4a06-9e15-f5c41141e4a9,Please explain why my card payment triggered an extra charge when I wasn’t warned about any fees beforehand. I want this sorted out immediately.,15,card_payment_fee_charged,angry_layperson
40ea29a7-bbce-4414-9f29-7dbcf6433f2b,"You took extra money from my card payment by charging me a fee, and I did not authorize it. I need a justification and a refund as soon as possible.",15,card_payment_fee_charged,angry_layperson
367900c7-da21-4ee3-8275-6b98cde85a49,I just paid with my debit card and you charged me an extra fee again This is wrong I did not authorize any extra charges Please stop it now and refund the fee immediately I need confirmation today,15,card_payment_fee_charged,panicking_emergency
7dcd9fbd-ec25-4122-94f4-87ea766db01a,"After my card purchase today, an extra fee appeared on my statement. I never approved a surcharge—please remove it right away and share what transaction line it’s attached to.",15,card_payment_fee_charged,panicking_emergency
8a5f49a8-6b57-4fae-9ab6-a5237dc77f14,"My debit card was charged today, but it included a fee I wasn’t informed about. I need that amount reversed immediately and I want the exact label and reason for the fee.",15,card_payment_fee_charged,panicking_emergency
406bfa32-e79a-4e2e-baba-39c4fac73481,"At checkout, my card payment included an unexpected extra charge. I did not consent to any fee—please cancel the fee portion and tell me what triggered it.",15,card_payment_fee_charged,panicking_emergency
e03f667f-15fc-4dee-b2fd-f3ba6bb73318,"I’m seeing a card payment fee on today’s charge for something I already paid for. I never agreed to additional charges, so refund the fee and confirm the reversal.",15,card_payment_fee_charged,panicking_emergency
61747740-acd9-4cd5-9a7d-6f7b6ee769e3,"Today my card purchase posted with an extra fee attached. Since I didn’t authorize any surcharge, please reverse it and explain why it’s showing up on my account.",15,card_payment_fee_charged,panicking_emergency
2c317100-18a9-45cb-9a17-bfd35bd5760b,"Good day, I am contacting you because I have noticed an additional fee has been charged on my card account following a recent card purchase, and I would like to understand the reason for this charge and confirm whether it is correct.",15,card_payment_fee_charged,polite_expert
ada5f563-aa36-42bd-ae39-b6ff19e56843,"Hello, I’m seeing an extra charge linked to a card transaction I made recently. Could you explain what this card payment fee relates to, how it’s determined, and where I can find it disclosed in my account or receipts?",15,card_payment_fee_charged,polite_expert
63508b72-9c97-44db-b4db-2990bd669bad,"Hi, after my last card payment, my statement shows an additional fee. Please verify why it was added and let me know if I can get it refunded or if there’s a way to prevent similar charges next time.",15,card_payment_fee_charged,polite_expert
a6750c16-beba-47fd-9f16-751a68975456,"Good day, I’d like to ask about a surcharge that appeared after I completed a card purchase. Could you confirm the cause of the fee, the exact amount and the pricing basis, and whether it will be reversed if it doesn’t match the terms I accepted?",15,card_payment_fee_charged,polite_expert
acb18dbc-376c-4fd3-8d58-b1d65e1d5ac7,"Hello, I noticed an extra fee has been added to my account for a recent card transaction. Please confirm what triggered this charge and whether it will be corrected or reimbursed.",15,card_payment_fee_charged,polite_expert
1c50bf74-8e03-4c73-ab54-ff2dcbda7a9b,"Good day—could you help me understand an additional fee that was posted after a card purchase? I’d like the specific reason, the fee structure (percentage or fixed), and whether it’s tied to that merchant purchase or to card usage overall.",15,card_payment_fee_charged,polite_expert
03167b0a-b05e-4d4d-8edf-b7d008e5d6ec,"Hey, I just got charged a fee for a card payment and I’m confused—can you tell me why this fee showed up and where it’s listed in the terms?",15,card_payment_fee_charged,gen_z_slang
2d54fb19-d48f-4a88-8c3a-7caac8aa6b96,"Yo, there’s a random extra fee on my card transaction—can someone explain what it’s for and where I can verify it?",15,card_payment_fee_charged,gen_z_slang
f933f307-4af1-4647-9853-16942c9bba4b,"I paid by card and then boom, extra fee added—what caused it, and is there a way to dispute or reverse it?",15,card_payment_fee_charged,gen_z_slang
55317e59-f6ef-44a6-8aa1-5e8907278a7e,Just noticed an extra charge tied to my card payment—any idea why it happened and what I should do to fix it?,15,card_payment_fee_charged,gen_z_slang
68ef60b7-7bff-44c8-8f58-698054f075a8,"After I swiped my card, an additional fee popped up—can you break down why it’s there and what it’s supposed to cover?",15,card_payment_fee_charged,gen_z_slang
d71f9a2b-9488-47cb-9ec4-4d0fc3b04868,My card purchase shows an added fee and I’m lost—can you help me figure out why it got tacked on?,15,card_payment_fee_charged,gen_z_slang
50f4d2f6-342d-4973-b21a-4aaa2ee236df,"Hi, I have a problem. I paid with my card for a normal purchase, but later I see extra fee charged. Why this fee charged to me? Please help.",15,card_payment_fee_charged,non_native_speaker
9b69e676-0b58-427c-b52b-b16e93625f6f,"Hello, I noticed an additional amount taken from my account after I used my card. I’m not sure what it relates to—could you investigate and explain what the card payment fee is?",15,card_payment_fee_charged,non_native_speaker
22f456ab-04fb-47bb-8494-74a056910d66,"Hi, I made a usual card purchase, but later another fee showed up on my statement. Can you tell me why I was charged extra, and whether it can be corrected or refunded?",15,card_payment_fee_charged,non_native_speaker
58c821ab-a496-4064-83ee-a295789a9246,"Hello, I’m confused because after paying by card today, I see a surcharge/fee added. What caused this extra charge, and how can I confirm the exact fee amount?",15,card_payment_fee_charged,non_native_speaker
86c086be-2450-46f9-a738-7ba9a33120e9,"Hi, when I opened my banking app, I found an extra card-related charge that appeared after my payment. Could you check it and advise if I can get a refund or have it removed?",15,card_payment_fee_charged,non_native_speaker
b757ab37-6332-46ef-9951-ff17e6e55fe7,"Hello, I just saw an unexpected fee on my account following my card payment today. I don’t understand the reason—can you review the transaction and tell me what this charge is for?",15,card_payment_fee_charged,non_native_speaker
7e3d4bd2-8f83-4921-99da-d750baa28e40,Card payment fee charged. Why?,15,card_payment_fee_charged,short_wording
322df725-6aef-433c-8888-86d687fc6cf1,Why was a fee added to my card payment?,15,card_payment_fee_charged,short_wording
a9f15e85-21e4-4f75-9cde-b9f136f14b69,Why did my card payment include an extra charge?,15,card_payment_fee_charged,short_wording
76fa008c-9c22-4912-a67e-b17e14933bfd,I didn’t expect a fee with my card payment—why?,15,card_payment_fee_charged,short_wording
1259e063-da74-4f27-aea0-cccbae3e5dea,What caused an additional fee right after my card payment?,15,card_payment_fee_charged,short_wording
c4f08f98-e640-4acf-bffe-502a2c87c794,There’s a surcharge on my card payment—can you explain?,15,card_payment_fee_charged,short_wording
4ce43562-2f02-4396-9589-f8e985ebe376,"Some payment just popped up on my card and it’s not something I made, and I’m sick of this bullshit—what the hell is going on, and can you block the card right now while you sort it out?",16,card_payment_not_recognised,angry_layperson
b725fa1c-e39a-43bf-a5b9-7f8a2e359e19,I checked my statement and there’s a charge on it that I don’t recognize. I didn’t make any purchase—tell me what you’re doing to remove it immediately.,16,card_payment_not_recognised,angry_layperson
eaff0413-a97a-4582-8500-c8e2a5523aab,There’s a card payment on my account that isn’t mine. I want a real investigation and that transaction taken off today—this feels like tampering.,16,card_payment_not_recognised,angry_layperson
9ea13f96-8f54-4c9c-ad51-a799cb3e9f50,I just saw an unrecognized card payment and I haven’t been given any explanation. Please resolve it and reverse it right away—I never authorized that purchase.,16,card_payment_not_recognised,angry_layperson
87284474-e46e-4707-90af-0b5a8990ac86,"I was billed for a transaction I didn’t make, and it makes no sense. Either it’s fraud or an error, but I need it corrected immediately.",16,card_payment_not_recognised,angry_layperson
1bca49eb-36c8-4cf5-8cf7-d5ba04ee1d60,"My account shows a payment I didn’t authorize, and I’m furious about it. I need the issue stopped now—was my card compromised, and when will I get my money back?",16,card_payment_not_recognised,angry_layperson
b5012d54-d9fb-41fc-86e6-3ef09fda0edf,I just got a notification for a card payment and it is not recognized by me. I did not make this charge. The merchant name means nothing to me. Please stop this and investigate immediately.,16,card_payment_not_recognised,panicking_emergency
773c5dcd-520a-4877-a46c-a5b6aa413e17,"A card charge appeared on my account, but I don’t recognize it. The merchant details don’t match anything I did, and I can’t verify the transaction—please fix this urgently.",16,card_payment_not_recognised,panicking_emergency
b215d9b8-5332-432c-aa5b-ea0ece4f8fdc,"I opened the app and saw a payment that isn’t mine. I haven’t made any purchase with that merchant—please halt it and investigate right away, and I’d like my card frozen.",16,card_payment_not_recognised,panicking_emergency
1c915be9-15df-4b38-b1e2-e402478e6868,"There’s a new transaction on my statement, but it doesn’t show as something I recognize. I did not authorize it—please stop the charge and look into it immediately.",16,card_payment_not_recognised,panicking_emergency
bb3ab76b-e603-40c2-ad05-0d946af60772,"Help—something just charged my card and I don’t know who it’s from. I suspect fraud and want the card blocked now, plus clear steps to dispute the payment.",16,card_payment_not_recognised,panicking_emergency
f6c03f19-d752-41a5-9ce7-cc32d74ed26a,"Today I attempted a payment and it was declined, yet a charge later showed up on my account marked as not recognized. I didn’t make it—please investigate and secure my account immediately.",16,card_payment_not_recognised,panicking_emergency
5534c17e-cca2-44c4-8d47-bf0388daa55d,"Good day, I would like to report that a recent payment made with my debit/credit card has not been recognized in my online banking application, although I can see a corresponding entry on my statement; could you please advise whether it may be pending, misattributed, or require further verification, and what steps I should take to resolve it?",16,card_payment_not_recognised,polite_expert
0e97981c-0f08-407f-987a-a5bb57b42df2,"Hi there—there’s a card payment listed on my statement that I don’t recognize, and I can’t tell who processed it. Can you explain how I can confirm what happened and what actions I should take right away to protect my card/account if needed?",16,card_payment_not_recognised,polite_expert
4318780e-616b-4870-be13-8ab0be96141b,"Good day. I’m seeing a card transaction on my account that isn’t showing as expected/recognized. Could you help me check whether it was approved or declined, and let me know what I should do next?",16,card_payment_not_recognised,polite_expert
e7aeafea-ff25-4397-84a8-d8f143495df1,"Hello, I’d like to flag a card payment on my account for a purchase I don’t recall. Please advise how to verify whether it’s genuine, and if it isn’t, what resolution and card safety steps I should follow.",16,card_payment_not_recognised,polite_expert
d2b44000-de53-4824-9435-dea2ac52315c,"Hi, I need help reviewing a transaction that’s showing under an unfamiliar merchant name. I don’t believe I authorized it—can you tell me the proper process to investigate and whether I should suspend my card while the payment status is confirmed?",16,card_payment_not_recognised,polite_expert
33cfb156-a656-4ea5-9b76-4f39ae2607f8,"Hello, I was charged for a card payment recently, but the merchant name and details don’t look familiar. Please guide me on how to verify the charge and, if it turns out to be unauthorized, how to start the appropriate dispute/protection.",16,card_payment_not_recognised,polite_expert
031acf6f-1f3f-44de-b035-6f55e0f4baa4,"Hey, I’m seeing a card payment on my account but I don’t recognize it at all—can you check why it’s showing up and help me sort it out?",16,card_payment_not_recognised,gen_z_slang
8a8e3eb9-fc63-4d66-b976-bca4851b9ac7,"Yo, I spotted an unfamiliar card charge on my statement—how do I get it reviewed and reversed?",16,card_payment_not_recognised,gen_z_slang
9a687026-238b-435e-9204-6d1cee86509d,"Hey, I just checked my card and there’s a transaction I don’t remember making. Can you help me track down who it’s from and sort it out?",16,card_payment_not_recognised,gen_z_slang
cdd7ac9d-fbab-46d9-9088-1c64e5f88ae9,Okay so I’m seeing multiple card payments on my account that I didn’t recognize—what steps should I take to get them refunded?,16,card_payment_not_recognised,gen_z_slang
2179270a-26d0-4c24-9a7d-c4eca5432f2c,"Yo, my banking app flagged a card payment I don’t recognize. I didn’t make it—what should I do next?",16,card_payment_not_recognised,gen_z_slang
ac5a8b2b-9b71-4299-acf4-89febdf1884f,"Hey, I noticed a card charge in the app and the merchant name doesn’t ring a bell. I’m 100% sure I didn’t buy it—can you investigate?",16,card_payment_not_recognised,gen_z_slang
996021f6-dd87-41c5-87f1-7157c8ce6569,"Hi, I just saw a card payment on my bank statement, but I don’t recognize it. I did not make this purchase. Can you please check and help me?",16,card_payment_not_recognised,non_native_speaker
b6e78a5e-ac10-4a5d-902a-d753ea981971,"Hello, I noticed an unfamiliar card transaction on my bank statement. I didn’t make it, so could you please look into it and advise how I should handle it?",16,card_payment_not_recognised,non_native_speaker
a057be89-206c-4161-8c2a-3c6a6a59aaf0,"Hi, there’s a card charge on my account today that I don’t recognize. I want to confirm it isn’t mine—can you help me investigate and take the right next steps?",16,card_payment_not_recognised,non_native_speaker
5a34f678-5a62-4524-9abb-025c7b61d734,"Hi there, my banking app shows a card payment to a merchant I’ve never used, and I didn’t authorize it. Can you explain why it might appear and how I can stop further charges?",16,card_payment_not_recognised,non_native_speaker
4dece507-5614-4f72-96d2-50301c5adc93,"Hello, I found a suspicious card payment dated today in both my bank app and statement. It’s not mine—please check it for me and let me know what to do next.",16,card_payment_not_recognised,non_native_speaker
b233ae0e-4245-4913-bff5-cd90822147b8,"Hi, an unrecognized card payment is listed on my statement. Since I didn’t make this purchase, what actions should I take to resolve it?",16,card_payment_not_recognised,non_native_speaker
1e1d60f2-a773-4ed2-a51b-a5ba35a929e6,"Unrecognized card payment  
Amount pending/charged  
Please investigate, refund if needed",16,card_payment_not_recognised,short_wording
c4805892-2c69-453c-b23b-c681e7a150ea,Payment not mine; not recognized transaction on statement,16,card_payment_not_recognised,short_wording
3aaa638d-fc94-4e6d-a3dd-30458363ea88,Payment posted I didn’t make; merchant not familiar.,16,card_payment_not_recognised,short_wording
d480d1be-c57c-4acb-8f50-5c249df646db,I don’t recognize this card purchase—can you check and reverse it if appropriate?,16,card_payment_not_recognised,short_wording
6c80b79a-f205-4088-b77a-f05d418ba076,"This card transaction shows up, but I didn’t make it.",16,card_payment_not_recognised,short_wording
23f2ed35-4e20-4107-acfa-b6a3bab692ee,"Unrecognized card charge—didn’t make it. Freeze card, dispute charge.",16,card_payment_not_recognised,short_wording
25e26f06-2aa6-4b5b-bc2c-17935b6c9805,"What the hell, my card purchase shows a totally wrong exchange rate—why am I getting ripped off like this, I checked and the number doesn’t match what it should be.",17,card_payment_wrong_exchange_rate,angry_layperson
269fd7dc-c62d-40df-9eb0-85ebbb375279,My card statement shows a foreign exchange calculation that doesn’t make sense. I’m demanding the correct rate and a refund for the extra amount they took.,17,card_payment_wrong_exchange_rate,angry_layperson
c3044497-51af-4763-ae29-1f70d7bec2fc,I paid in a different currency and the conversion looks way off—like someone inflated the exchange rate. Reverse the charge and apply the proper rate.,17,card_payment_wrong_exchange_rate,angry_layperson
1c52823b-8b19-449a-b5e8-25f4a2fcce5e,"There’s a foreign transaction on my card, and the exchange rate used is wrong. I was charged more than expected, and I want it corrected immediately.",17,card_payment_wrong_exchange_rate,angry_layperson
ca7045a2-1f43-4b6e-b684-9fc558c1dee5,"I used my card abroad, and the exchange rate on the receipt is clearly incorrect. Fix the transaction and refund the difference right now.",17,card_payment_wrong_exchange_rate,angry_layperson
c76c05c8-52c1-4e31-b7a2-a76be527f763,My card charge for an overseas purchase used an exchange rate that’s completely off. Please correct it and put back the amount I should have paid.,17,card_payment_wrong_exchange_rate,angry_layperson
8c92606a-25ca-4752-94de-9f4b5ab6984d,I just got charged for a foreign purchase and the exchange rate is clearly wrong I paid way more than expected I need this fixed now please check the rate used and reverse the difference immediately,17,card_payment_wrong_exchange_rate,panicking_emergency
fc9572bf-c780-4f3e-944a-973bd73feae3,"Emergency—my card purchase abroad was converted using the wrong FX rate. The amount is inflated compared with what I expected. Please investigate the conversion for this transaction right away, correct the rate, and refund the overcharged portion.",17,card_payment_wrong_exchange_rate,panicking_emergency
bd26d3de-ea12-4718-a53c-feee0eb88cb9,"I’m panicking: my card payment in another country shows an incorrect exchange rate. I can see I was billed much higher than the expected currency conversion. Please reverse the extra charge and confirm the correct rate used, immediately.",17,card_payment_wrong_exchange_rate,panicking_emergency
36968a68-d89b-4959-ab90-683dc1b1ff08,"My card was charged for an overseas transaction, but the exchange rate displayed on the receipt/statement doesn’t match what it should be. I was overbilled. Please provide the exact rate applied and refund the difference as soon as possible.",17,card_payment_wrong_exchange_rate,panicking_emergency
3117d09a-d7e6-40fa-8b9c-17ef58232c9d,"I just noticed a foreign-currency card charge with an exchange rate that’s clearly off. The final amount came out higher than expected. Stop the incorrect conversion, correct the rate for that payment, and refund the overcharge immediately.",17,card_payment_wrong_exchange_rate,panicking_emergency
c7d4035b-c65d-47b7-91a8-bc8d0573fb97,"Urgent request: my overseas card transaction shows the wrong exchange rate, and I’ve been charged more than I should. Please check the FX calculation for this specific charge, reverse the excess amount, and update me with the correct rate used right now.",17,card_payment_wrong_exchange_rate,panicking_emergency
baa21ae9-b043-4502-b9ab-46237a160bd5,"Good day, I would like to request a review of a recent card purchase because the exchange rate applied at the time of authorization appears to be incorrect; could you please verify the rate used against the official interbank rate and confirm whether any adjustment or refund is required?",17,card_payment_wrong_exchange_rate,polite_expert
114feb6b-12e9-40f4-be7c-3e7b0b1206b1,"Hi, I’m contacting you about a card transaction where the FX rate used seems off. The rate shown for that day’s conversion doesn’t line up with what I expected, so my statement balance is higher than it should be.",17,card_payment_wrong_exchange_rate,polite_expert
f20c7e59-3848-4f5c-85fa-2323e84b9233,"Hello, I noticed that a card payment I made overseas was converted with an exchange rate that doesn’t look right. Can you check the exact rate applied to this charge and let me know if I’m eligible for a correction or reimbursement of the difference?",17,card_payment_wrong_exchange_rate,polite_expert
ebcec407-ba76-4a40-b46c-591d4a1bbae8,Good day—I'd like to request an investigation into a foreign-card purchase. The exchange rate applied to the charge appears inaccurate; please confirm the rate that was used and arrange either an adjustment to the amount or a refund if there was an overcharge.,17,card_payment_wrong_exchange_rate,polite_expert
1060ddd9-5353-4e96-bb15-637520def197,"Hi, after my card was charged in a foreign currency, the conversion rate used by the transaction looks incorrect. Please review the FX rate for this specific purchase and tell me whether you can reverse the difference and what proof you need from me.",17,card_payment_wrong_exchange_rate,polite_expert
fa14f8c5-acc4-4133-a00a-7f556beda4c8,"Hello, I’m disputing the FX calculation on a card purchase made in a different currency. The exchange rate applied produced a total that seems wrong—could you verify the rate for that transaction and confirm the correct amount that should have been charged?",17,card_payment_wrong_exchange_rate,polite_expert
7a624418-a0f4-4eda-a052-8a0859097f92,"Hey, I just bought something using my card and the currency conversion they used seems off—the exchange rate charged me way more than what it should’ve been. Can you check it and fix/refund the difference?",17,card_payment_wrong_exchange_rate,gen_z_slang
ab3bcf60-894a-4db4-95a3-5edc4234527d,"Spent abroad with my card and the FX conversion they picked feels shady—my total came out higher than the going rate, like they used the wrong number. Can you look into it and make it right?",17,card_payment_wrong_exchange_rate,gen_z_slang
2635db5d-2c30-407f-8585-d38683fc8f70,I paid by card in a different currency and the exchange rate applied doesn’t line up with the real one—charged me extra. Please check and adjust/refund what’s over.,17,card_payment_wrong_exchange_rate,gen_z_slang
e956c02c-096e-4a2d-9d62-5140c0be7360,"My card purchase while I was overseas shows an exchange rate that seems incorrect, because the final charge is way above what it should've been. Any chance you can correct the FX and refund the gap?",17,card_payment_wrong_exchange_rate,gen_z_slang
7dcfc269-bff9-4321-9e38-7afed0857f62,I got hit with an FX rate on a card purchase abroad that’s definitely not right—I compared it to the actual rate and it’s off. Can you verify the calculation and refund the difference?,17,card_payment_wrong_exchange_rate,gen_z_slang
598e4aa5-687f-482c-8963-dbea6887dc8c,"On my statement, there’s a foreign-currency card charge where the conversion rate looks way worse than expected. Can you adjust the exchange rate used and send back the extra amount?",17,card_payment_wrong_exchange_rate,gen_z_slang
f5642378-7105-4318-ba28-518647ffcbb2,"Hi, I have a problem with my card payment. I bought something in another country, but the exchange rate they used was wrong. Can you check please? The amount in my statement is higher than it should be.",17,card_payment_wrong_exchange_rate,non_native_speaker
a3bcdd20-465f-46a3-bf87-427446e5efec,"Hello, I made a card purchase abroad and the currency conversion seems inaccurate. My statement shows a higher total than I calculated. Could you review the exchange rate for this card transaction and correct it?",17,card_payment_wrong_exchange_rate,non_native_speaker
c95fe8a5-890d-401e-ba45-a921315ee793,"Hi, I used my card in a different currency, but the conversion rate appears to be incorrect. As a result, the charged amount on my account is more than expected. Please investigate and adjust it if the rate was wrong.",17,card_payment_wrong_exchange_rate,non_native_speaker
23dffb02-82c8-427a-8726-8115e35e6818,"Hello, I paid with my card while traveling overseas, and I believe the exchange rate applied was not right. The bank statement shows a higher amount than I expected after conversion. Can you check the transaction and fix the rate?",17,card_payment_wrong_exchange_rate,non_native_speaker
a7513947-6afe-4c96-bec5-286e87f4c5d1,"Hi there, I completed a card payment today in another currency. However, the exchange rate used for the conversion looks off, and my account balance reflects an amount that doesn’t match what I expected. Please verify the calculation and correct it if necessary.",17,card_payment_wrong_exchange_rate,non_native_speaker
d86bc4b0-759d-408a-b836-e725b4358a42,"Hello, last Friday I paid by card abroad in a foreign currency. I think the exchange rate was applied incorrectly, so I was charged more than I anticipated. Could you check the rate used and refund/adjust the difference if it’s wrong?",17,card_payment_wrong_exchange_rate,non_native_speaker
bae3a0c5-7a85-4031-8e96-3606f215ce0b,Card charged wrong exchange rate,17,card_payment_wrong_exchange_rate,short_wording
3fbaff35-a108-437a-8514-14d196175ec1,I was billed with the wrong FX rate for a purchase overseas.,17,card_payment_wrong_exchange_rate,short_wording
a2b450c7-6936-411f-bedd-3a3b07aa75b8,The card transaction used an incorrect currency conversion rate.,17,card_payment_wrong_exchange_rate,short_wording
b1d4f4ff-d5c9-4210-a19c-051ab838c144,"My card was converted at the wrong exchange rate, so the total came out too high.",17,card_payment_wrong_exchange_rate,short_wording
7cb4f3ab-9550-48ff-8fd4-a713b32b8790,"When I paid abroad, the applied exchange rate was incorrect and I paid more than expected.",17,card_payment_wrong_exchange_rate,short_wording
530a0a48-fff1-45d3-aafc-b797fa6bc46c,FX rate on my card payment was wrong.,17,card_payment_wrong_exchange_rate,short_wording
972d43c8-1a1e-4310-a698-e8e598e14155,"That damn ATM just ate my card and kept it, and now I’m stuck without my money—how the hell do I get it back and fix this fast?",18,card_swallowed,angry_layperson
56511ad6-6f0e-4057-b267-faa92306e7d7,The ATM took my debit card and won’t return it. I’m stranded and need immediate instructions on how to recover it and regain access to my funds.,18,card_swallowed,angry_layperson
6c8d2f5a-b22c-44a8-a9b1-5afed198c994,"Your High Street machine kept my card after the transaction, and now I can’t use my account. What steps do I take to get it back today?",18,card_swallowed,angry_layperson
a4563b80-b07e-4297-a8b4-5f327c54ac61,That ATM swallowed my card and I’m unable to retrieve it. Can you tell me the quickest way to recover my card and access my money again?,18,card_swallowed,angry_layperson
9591f90b-d1ce-4d1b-9234-c0b9421f9ba7,My card got taken by the ATM and it won’t return it at all. I need help right away—please explain how I can get my card back and use my money.,18,card_swallowed,angry_layperson
d112e7e5-729a-4948-aa33-58a5d4cdb9fc,"I tried to use the ATM and it kept my card, refusing to spit it out. I need this resolved immediately—how do I get my card back and access my funds?",18,card_swallowed,angry_layperson
917a7972-b417-4170-9d32-32e73d719a5c,ATM took my card it just swallowed it mid transaction no receipt no way to get it back now I am stuck please stop the account if needed and tell me the fastest way to recover or replace the card right now,18,card_swallowed,panicking_emergency
131c4d97-f8ce-4508-afbe-9cacebd8b5f0,"My debit card is stuck inside an ATM and it won’t return it. I can’t use my account or access funds. Please guide me right away on how to freeze the card and arrange the quickest replacement; the machine is at Metro Bank, High Street Kensington.",18,card_swallowed,panicking_emergency
dc760585-b0f2-4d16-b36f-4f991b744d79,"The ATM trapped my card and now the screen won’t respond. I’m unable to get to my money today, and I’m worried about unauthorized use. Help me immediately with what to report, how to halt any activity, and how to recover or replace the card.",18,card_swallowed,panicking_emergency
c3e255d0-08e7-4dd3-a3ed-6ceef4c55d32,Right now my card is inside the ATM and I’m stuck at the location. Can you tell me the quickest steps to lock the card and get it reissued? I need assistance urgently.,18,card_swallowed,panicking_emergency
fd079db5-6297-4e86-97c7-9ec3ad0bb883,Please help—an ATM kept my debit card after a failed cash withdrawal and it didn’t come back out. It’s at Metro Bank on High Street Kensington. What should I do to stop possible fraud and recover or replace the card as fast as possible?,18,card_swallowed,panicking_emergency
afcd0b4b-cd51-425b-b069-cfc6714a2623,"During my withdrawal, the ATM swallowed my card. The teller says it may take hours, but I’m currently unable to access my account. I need urgent instructions—how do I cancel the card right now and what’s the next fastest step to retrieve or replace it?",18,card_swallowed,panicking_emergency
3acefecf-f953-43a8-b62b-af778d981eec,"Good day, I am writing because an ATM retained my debit card during a cash withdrawal attempt, and the machine will not return it to me; could you please advise the immediate steps I should take to secure my account, and what the expected process and timeframe are for retrieving or replacing the card?",18,card_swallowed,polite_expert
2b5ad9da-b367-47c4-96cc-b57236e8881d,"Hi, my debit card was taken by an ATM during a cash withdrawal and it hasn’t been returned. Can you tell me what I should do right away to protect my account, and how the bank typically handles card recovery or replacement?",18,card_swallowed,polite_expert
f11a62a0-b6d8-4550-b1d4-4cba659971d5,"Hello, I’m having trouble because an ATM kept my payment card when I tried to withdraw cash. I need guidance on the urgent actions to take to safeguard my account and to get the card retrieved or issued again.",18,card_swallowed,polite_expert
76f4bd9b-0ce5-4cc3-be0b-a99d907f7bcc,"Good afternoon, I tried withdrawing cash at an ATM on High Street in Kensington, and the machine kept my debit card while failing to complete the withdrawal. Since the branch is closed, what should I do immediately to secure my account and request a replacement?",18,card_swallowed,polite_expert
a3cfd050-ccf3-438a-8b83-027726f56e2b,"Hi there—my debit card was retained by an ATM when I attempted a withdrawal, and I can’t get it back. The cash transaction seems to have gone through, so I’d like help checking whether any money was deducted and arranging card recovery.",18,card_swallowed,polite_expert
1993d89b-c373-45cc-8fc8-038fd617658d,"Hello, I attempted a cash withdrawal at an ATM and the machine kept my bank card. Please advise the steps I should take immediately to protect my account and to obtain a replacement card as soon as possible.",18,card_swallowed,polite_expert
f3b54a9d-16a1-400b-9906-8d856503ce08,"Yo, the ATM just took my card and won’t give it back—how do I get it retrieved?",18,card_swallowed,gen_z_slang
db8db6d2-2979-4656-ae5c-a84b3594d520,"Yo, I went to withdraw money at an ATM on High St and it just grabbed my card and kept it—no warning, nothing. The bank’s closed rn. How do I get my card back ASAP and make sure I’m not liable for anything?",18,card_swallowed,gen_z_slang
4b3453f4-e4e2-4c71-b127-7d7800558fc3,"Bro, I was trying to pull cash and the ATM snatched my debit card like it glitched—how can I recover it ASAP?",18,card_swallowed,gen_z_slang
38132f19-13c0-424b-af2f-0acc991d22ef,I attempted a cash withdrawal and the machine held onto my card. It’s showing failed/half-done—what steps should I take right now?,18,card_swallowed,gen_z_slang
083db0a9-ab13-4af7-8059-e604567e83f7,"My debit card got swallowed by an ATM and I didn’t get it back—what should I do to retrieve it, and how quickly can I get a new one?",18,card_swallowed,gen_z_slang
d1c01666-ba4f-480f-b124-827ce2e1cf2a,"Yo, the ATM took my card during a withdrawal and won’t return it. How do I get it back, and what can I do to avoid any extra fees/charges?",18,card_swallowed,gen_z_slang
0643edcb-8408-47c1-8ffb-a651aae29daf,"Hi, the ATM swallowed my card at Metro bank on High St. Kensington. I tried to get cash, but the machine did not give card back. Now I can’t pay and bank is closed. What I should do now?",18,card_swallowed,non_native_speaker
6bda18ca-9f8a-4c2b-8fe7-7907e0f40466,"Hello, I tried withdrawing cash at an ATM in Metro Bank (High Street, Kensington). It kept my debit card, so I can’t access my account right now. Can you tell me the next steps to retrieve or recover my card?",18,card_swallowed,non_native_speaker
acd3e405-ff63-43ac-85fb-0c5ac1b5d96f,"Hi, I used the ATM this morning for cash and it swallowed my card. The machine didn’t return it, and now my card is useless for purchases. What should I do next?",18,card_swallowed,non_native_speaker
fb86b51b-8ed7-4dc6-b084-30b5022c392f,"Hello, the ATM took my card during a cash withdrawal and I didn’t receive it back. I’m stuck without the card—what actions should I take now?",18,card_swallowed,non_native_speaker
ec755ced-9a50-4709-9648-62c185a218fc,"Hi, I went to the ATM to withdraw money, but it kept my card. It hasn’t returned it yet. Please advise what I should do to get my card back.",18,card_swallowed,non_native_speaker
8a495cc0-94a3-4bd1-bb36-97c8c2b6ef47,"Hi, I inserted my card at the ATM and it was taken by the machine. The ATM shows “processing,” and it has already been a long time. How can I get the card back, and should I block it?",18,card_swallowed,non_native_speaker
c204ec31-d03a-4d95-bac3-b7a6e08898d1,ATM swallowed my debit card. Need card retrieval steps.,18,card_swallowed,short_wording
f0401e99-99bc-4d41-8569-c4a97405fc66,My ATM took my card. How do I get it back?,18,card_swallowed,short_wording
b1060402-7088-4485-905d-655702b956a0,The ATM grabbed my debit card—what should I do next?,18,card_swallowed,short_wording
b3b525bc-79fa-4244-b9c1-3134c32420ef,ATM didn’t return my card. Can someone guide me?,18,card_swallowed,short_wording
7f75f7ce-5b89-40e6-9178-39413678954d,ATM kept my card. Any quick steps to recover it?,18,card_swallowed,short_wording
7f5ec908-0eab-450c-af3b-3b71023925fb,My debit card got stuck in the ATM—how can I retrieve it?,18,card_swallowed,short_wording
b7026476-3f35-46b6-ab3f-58681a8878c2,"I went to the ATM and pulled out my own cash, and now you hit me with some stupid extra fee—why the hell am I being charged for withdrawing my money?!",19,cash_withdrawal_charge,angry_layperson
d0976298-c8ca-4702-867a-2b7fb9b298a0,Your bank charged me again when I withdrew cash today. I didn’t sign up for this—why am I being billed for taking my own money out?,19,cash_withdrawal_charge,angry_layperson
3e9befc5-3993-4787-882a-f28e0f0b4df2,I withdrew my own cash and got hit with an extra charge—what is this even about? Explain why I’m paying more to access my funds.,19,cash_withdrawal_charge,angry_layperson
55d367d4-7029-4064-b80c-e3b84979e7f7,"I went to the ATM expecting normal withdrawal costs, but I was charged a fee anyway. Why did I suddenly have to pay just to take out my money?",19,cash_withdrawal_charge,angry_layperson
10b18c6c-75a1-4767-9d26-6c6d66af4432,"I’m furious—every cash withdrawal comes with an added fee, and I never authorized it. When did you start charging me to withdraw my own funds, and why?",19,cash_withdrawal_charge,angry_layperson
735e9911-f474-47c4-b1c0-1afe0068c435,I made a withdrawal and immediately saw an extra fee attached. This is ridiculous—why am I being charged for accessing my own cash?,19,cash_withdrawal_charge,angry_layperson
4d0707a9-4613-4614-bc21-c34989a46551,I withdrew cash from an atm and got charged a fee I did not expect This is urgent I need it reversed now I checked the receipt it still shows the fee,19,cash_withdrawal_charge,panicking_emergency
c3b3b4f4-0d92-43a2-b0af-19df9a03b3d6,I took money out of an ATM and an unexpected withdrawal fee showed up on my balance. I never authorized that extra charge—please reverse it right away. Can you tell me what triggered the fee and how I can get my money back today?,19,cash_withdrawal_charge,panicking_emergency
f87900b2-3942-4132-b1c9-db76f43165f9,"My account shows a cash withdrawal fee from an ATM transaction I just made, and I’m panicking because I didn’t anticipate being charged. Please explain why the fee appeared and help me dispute/reverse it immediately.",19,cash_withdrawal_charge,panicking_emergency
70b5d42a-b804-48ff-9fde-346bf7b43157,I attempted a cash withdrawal and suddenly there was an extra fee I didn’t consent to. I need to understand the reason for the charge and get the amount refunded as quickly as possible.,19,cash_withdrawal_charge,panicking_emergency
6aad0fe1-4b67-4972-b73a-0311c26fe824,"After using the ATM, I noticed a new fee posted to my account for the cash withdrawal. I did not approve any additional charges. Please investigate the transaction and reverse the fee immediately.",19,cash_withdrawal_charge,panicking_emergency
7f5515ec-7736-468f-8496-53d1c42addc8,I withdrew my own cash from an ATM and was charged an additional fee that I wasn’t expecting. Why did this happen? I need you to reverse the fee right now—please review the withdrawal and fix it immediately.,19,cash_withdrawal_charge,panicking_emergency
5c5b798b-f194-4d3b-ba17-d9953bac20e4,"Good day, I would like to request clarification regarding a fee that was charged on my recent cash withdrawal; could you please confirm the reason for the charge, the amount assessed, and whether any applicable monthly or promotional withdrawal allowances were applied?",19,cash_withdrawal_charge,polite_expert
4e784768-7e7b-4521-b34e-bb8f2f0a7a01,"Hello, I’m writing about a cash withdrawal charge that caught me by surprise. Can you verify if the fee was applied correctly, tell me the amount and how it was determined, and let me know whether it’s eligible for reversal?",19,cash_withdrawal_charge,polite_expert
330bfe1d-265f-47c4-aec9-64771a6de24c,"Hi there—could you help me understand a fee that showed up after I withdrew cash? Please confirm what caused the charge, the exact amount deducted, and whether my account has any specific terms that change withdrawal fee eligibility.",19,cash_withdrawal_charge,polite_expert
ec9e8886-544c-4612-abb0-e8617b5bfa1d,"Good day. After using an ATM, I noticed an extra line item on my statement that I wasn’t notified about. Would you explain the source of this additional charge and advise the steps to check it and request a reversal if appropriate?",19,cash_withdrawal_charge,polite_expert
2c809892-8be9-4516-90a0-bfa17f514a90,"Hello, I’d like to query a debit I saw on my account related to a cash withdrawal. I don’t remember being told about any ATM or withdrawal fees beforehand—can you clarify why it was charged and whether it can be refunded if it was mistakenly applied?",19,cash_withdrawal_charge,polite_expert
f82e7597-5c9f-4d1e-bf85-c6e4b4ab3cd5,"Hi, I need help with an ATM cash withdrawal fee that appeared on my account after the transaction. Since I wasn’t informed in advance, please review what happened, confirm whether the fee is valid, and explain how I can request a credit or further clarification.",19,cash_withdrawal_charge,polite_expert
95739af2-d265-4ca8-88ac-3967e4cb1822,"Yo, I just tried to withdraw cash and got hit with an extra fee—can you tell me why I’m being charged for it?",19,cash_withdrawal_charge,gen_z_slang
8c1af080-e34d-4e8a-853b-a4f8079eb6ee,"Yo, I pulled money from the ATM and they slapped me with a fee—what’s the reason behind that charge?",19,cash_withdrawal_charge,gen_z_slang
87b24c48-e224-42ae-b866-dc69abd10e02,I went to withdraw cash and suddenly there’s a fee showing up on the transaction—can you explain why I got charged more?,19,cash_withdrawal_charge,gen_z_slang
fe5b5ea3-39c6-449b-aa01-7e792f9c67a2,"I tried getting cash and my balance took a hit from an added charge—what triggered it, and how much was taken?",19,cash_withdrawal_charge,gen_z_slang
5ca23c53-2fd6-4537-a114-2df062e689de,"Yo, I withdrew cash today and got charged way more than expected—since when do you add fees to withdrawals?",19,cash_withdrawal_charge,gen_z_slang
de6b623e-4a29-4ce3-a773-df98604b1c21,"I just got charged a surprise fee after withdrawing cash—what caused it, and what’s the exact fee amount?",19,cash_withdrawal_charge,gen_z_slang
ec1567c3-d18e-4c53-8316-44c43bce6f37,"Hi, I withdraw cash from ATM today, but I see extra charge on my account. Why I am charged for this small amount? Please check and tell me how to fix it.",19,cash_withdrawal_charge,non_native_speaker
332976c8-5662-420c-bc9c-0939b393a061,"Hello, I took money out of the ATM, but an additional fee was added to my account. Can you review the transaction and explain why I’m being charged?",19,cash_withdrawal_charge,non_native_speaker
03d7b8fe-b00a-43ca-91cd-623d779495e0,"Hi, I attempted a cash withdrawal at the ATM today, and I noticed a surcharge. I’m confused because it’s my own money—please check what caused the extra charge.",19,cash_withdrawal_charge,non_native_speaker
ce80d55f-31ff-41bd-8b51-93eb05e9fdcf,"Hello, I withdrew cash from the ATM yesterday, yet I see an extra fee listed. Could you tell me the reason and whether it can be removed?",19,cash_withdrawal_charge,non_native_speaker
eb8ffa65-ff5d-4136-891c-a29b157db7be,"Hi, after withdrawing cash from an ATM yesterday, I was charged an additional amount. Please verify my account and refund the fee if it was incorrect.",19,cash_withdrawal_charge,non_native_speaker
76d1d9a1-d0ee-4ff2-93c7-3ab17e60f16d,"Hi, I used my ATM card to withdraw cash today, but I received an extra fee charge. Why was this added? Please investigate and assist me.",19,cash_withdrawal_charge,non_native_speaker
46452a38-acc2-4505-a686-ed05d8d86267,Cash withdrawal fee charged; why?,19,cash_withdrawal_charge,short_wording
e6d68e97-8be9-42e0-bff3-39230a054247,Why was I hit with a fee for withdrawing cash?,19,cash_withdrawal_charge,short_wording
22a5d6ff-61d0-40d7-86c7-6a301b8de2c3,I got charged at the ATM—can you explain this charge?,19,cash_withdrawal_charge,short_wording
511e32d7-3e4c-41fe-895d-d126c68b7763,ATM withdrawal fee charged again,19,cash_withdrawal_charge,short_wording
ba638ede-59aa-4bc2-a3fa-0926e6e965ce,What’s this ATM withdrawal charge for?,19,cash_withdrawal_charge,short_wording
a9d6fa92-d08f-48ea-8421-3008b0569cff,I noticed a fee added to my cash withdrawal. Why?,19,cash_withdrawal_charge,short_wording
d9ecdce5-033b-4971-85d3-4ed60cb036b1,"I’m pissed off—someone just took cash out from my card and it’s not me. I don’t recognize the withdrawal at all, and I need you to stop this crap and fix it right now.",20,cash_withdrawal_not_recognised,angry_layperson
1d995327-dc24-4b75-a2ad-eba6a8b23802,"This is ridiculous. My balance shows a cash withdrawal, but I never went to an ATM or authorized anything. Reverse it immediately—I’m not covering charges I didn’t make.",20,cash_withdrawal_not_recognised,angry_layperson
bf03d6e4-7f61-4e2a-afe6-5643044dd6a0,"I opened my banking app and it claims an ATM cash withdrawal happened, yet I didn’t use any card or machine. Fix the record and stop the unauthorized activity today.",20,cash_withdrawal_not_recognised,angry_layperson
3c00c65f-8dfe-437a-8afd-358e964966f8,"I never approved a cash withdrawal, so why is my account getting debited anyway? Please investigate right now and restore my money.",20,cash_withdrawal_not_recognised,angry_layperson
77f4c833-2567-4200-9f64-e59b9848e7f7,My account is showing an ATM cash withdrawal I didn’t initiate. This isn’t acceptable—get it corrected and refund me as soon as possible.,20,cash_withdrawal_not_recognised,angry_layperson
44b05961-5f3f-4396-9fce-1c06b3cfe71b,Why does my statement show a cash withdrawal that I didn’t perform? Stop this right away and make sure the withdrawal is removed from my account.,20,cash_withdrawal_not_recognised,angry_layperson
5b40bbba-0973-4169-bb17-2f414b31f4b7,I just checked my account and cash was taken from an ATM but I never withdrew anything. My balance dropped right away. I need this stopped and reversed now. Please investigate immediately and tell me what to do next.,20,cash_withdrawal_not_recognised,panicking_emergency
f9841494-549f-4b37-9f2b-64c736df485d,"My banking app shows an ATM cash withdrawal, but I never made one and I never received any cash from the machine. Please halt the transaction and start an investigation right away—I'd like the funds reversed as soon as possible.",20,cash_withdrawal_not_recognised,panicking_emergency
f1cb62a5-20a9-48de-9263-260b4b8e9222,"I checked my account and it claims I withdrew cash from an ATM today, but I didn’t. The app even lists an amount that I haven’t received. This is an emergency—stop the charge and tell me how to file a dispute immediately.",20,cash_withdrawal_not_recognised,panicking_emergency
aeab9650-a63a-479e-8c65-96a0cad5e01b,"I opened my app and saw that cash was supposedly withdrawn from an ATM under my account, even though I never took any money. This feels like fraud. Please lock my account now and investigate at once—I need this resolved today.",20,cash_withdrawal_not_recognised,panicking_emergency
8ae8ef03-1767-492f-b063-a1c874311009,I looked at my account activity and there’s an ATM withdrawal entry that I don’t recognize. I still have my card and I did not authorize any withdrawal. Please investigate immediately and reverse the money.,20,cash_withdrawal_not_recognised,panicking_emergency
698155ac-51f9-406b-959d-04f08b643d6c,"Just checked my banking app—there’s a cash withdrawal listed that I didn’t make. I have my card with me and I received no cash from any ATM. Someone must be trying to use my account, so please stop it right now and investigate.",20,cash_withdrawal_not_recognised,panicking_emergency
10c259bc-7f5d-4bd4-8eb9-9be727bc5578,"Hello, I would like to report that my account shows a cash withdrawal entry that I do not recognise, and I did not receive any cash from an ATM; could you please investigate this transaction, advise whether it can be reversed, and let me know what immediate steps I should take to protect my account?",20,cash_withdrawal_not_recognised,polite_expert
91d97149-1dda-4d3c-8714-937fe47701d4,"Hi there—my banking app lists an ATM cash withdrawal as settled, but I wasn’t at any machine and I didn’t authorize it. Please look into why it’s showing up and let me know what action you can take to fix it.",20,cash_withdrawal_not_recognised,polite_expert
fd1d5b19-8f19-4f8b-8fe5-b5c572fc6ef0,"Good day. I’m seeing a cash withdrawal on my account that I didn’t approve. My card is still with me, so I suspect something may be wrong—could you urgently review the transaction and advise whether it can be reversed?",20,cash_withdrawal_not_recognised,polite_expert
8ef72b99-d6a7-4907-9463-f277f0447fa9,"Hello, I need help understanding a cash withdrawal that appears in my mobile app. The ATM withdrawal is marked as completed, but I did not make it, and it’s affecting what I can spend—please tell me how you will investigate and resolve it.",20,cash_withdrawal_not_recognised,polite_expert
e3a8dece-70f6-438a-b802-178e017d471c,"Hi, I’m contacting you about suspicious account activity. My mobile banking shows an ATM withdrawal (with a specific time and amount) that I neither authorized nor received, and it’s recorded as finished. Could you investigate and advise how I should proceed to protect my account?",20,cash_withdrawal_not_recognised,polite_expert
8aa5b475-a2ef-48bc-939f-85a4e2c29ea7,"Hello, I’ve noticed on my statement an ATM cash withdrawal that I did not request. It looks like the transaction hasn’t been handled correctly—please investigate it right away, confirm whether the money can be recovered, and recommend the security measures I should take.",20,cash_withdrawal_not_recognised,polite_expert
d899d7fd-fdb9-4819-ba4c-2926b667ff41,"Yo, I just checked my bank statement and there’s a cash withdrawal on there that I definitely didn’t make—can you help me lock my card and sort this ASAP?",20,cash_withdrawal_not_recognised,gen_z_slang
aa32253d-0555-452c-917a-0555afb3a7f2,"Bruh, my banking app is flagging a cash withdrawal I didn’t do, and I’m lowkey stressed—can you help me track it down and explain what happened?",20,cash_withdrawal_not_recognised,gen_z_slang
2f28f3f2-07a4-4169-86da-058349342857,"Yo, I saw a cash withdrawal on my app from an ATM that I never used, and it’s messing with my available funds—can you help me fix it ASAP?",20,cash_withdrawal_not_recognised,gen_z_slang
81e4a309-091c-429e-b79b-bbb6594a60b8,"I went to take out cash earlier, but the charge is still sitting on my account even though I didn’t actually receive the money—how do I get this unrecognized withdrawal sorted?",20,cash_withdrawal_not_recognised,gen_z_slang
9d638a05-df33-4a87-b74e-03a6a78d9c26,"Yo, my banking app keeps showing a cash withdrawal that wasn’t me—could you help me figure out how it happened and get it reversed?",20,cash_withdrawal_not_recognised,gen_z_slang
ac2b4c84-68fb-436d-bd15-296abdeaa160,"Hey, today there’s a cash withdrawal popping up in my banking app that I didn’t make—what should I do to stop the fees and get it handled?",20,cash_withdrawal_not_recognised,gen_z_slang
c5b34024-b5c0-4351-b53e-9d4f83d9c246,"Hi, I see a cash withdrawal in my bank app and on my statement, but I did not make it. What I should do now?",20,cash_withdrawal_not_recognised,non_native_speaker
06ee2e30-3296-44b1-becd-6c6fc721944d,"Hello, my banking app lists an ATM withdrawal, but I didn’t make any transaction. The record is there, yet I received no cash—could you guide me on what to do next?",20,cash_withdrawal_not_recognised,non_native_speaker
a406f1cc-8057-47de-bc51-9a12f85574f0,"Hi, I just noticed an ATM cash withdrawal on my account, but I stayed at home and didn’t use the machine. I’m worried because the withdrawal is marked as completed—please help me investigate.",20,cash_withdrawal_not_recognised,non_native_speaker
f2007fb4-2763-4fd1-8bf1-faa66c1ebc82,"Hello, my app shows a cash withdrawal at an ATM and it looks like it’s still processing. I didn’t withdraw any money, so please check why it’s showing on my account.",20,cash_withdrawal_not_recognised,non_native_speaker
f96479bf-775d-416b-ad7d-f9f5e070009e,"Hi there, there is an ATM cash withdrawal entry in my app, but I never took any cash. It seems to have reduced my balance—can you verify the transaction and correct it if needed?",20,cash_withdrawal_not_recognised,non_native_speaker
686f4f49-1c5e-42e3-9710-fbe91fedee3a,"Hi, I see a cash withdrawal in my bank statement, but I did not do it. Can you please check and help me fix this?",20,cash_withdrawal_not_recognised,non_native_speaker
534c2031-befa-4583-a490-5d3ce5c2fcf1,"ATM cash withdrawal shown, I didn’t make it.",20,cash_withdrawal_not_recognised,short_wording
bbf97af4-b23b-436c-85c3-64b98b693655,Unrecognized cash withdrawal on account.,20,cash_withdrawal_not_recognised,short_wording
58762790-c19f-4173-bcc3-664736d1b209,There’s a withdrawal at the ATM I don’t recognize.,20,cash_withdrawal_not_recognised,short_wording
ff5ad8f0-7271-4480-9cb7-e022f0840d31,My statement lists an ATM cash withdrawal I didn’t authorize.,20,cash_withdrawal_not_recognised,short_wording
495d9957-6c14-4f66-b54d-8d4cea41c27a,"The app reports an ATM withdrawal, but it wasn’t me.",20,cash_withdrawal_not_recognised,short_wording
a4ee691b-1de0-4217-aef0-99cf8a2cff3d,I see an ATM cash withdrawal on my account that isn’t mine.,20,cash_withdrawal_not_recognised,short_wording
605eb2af-2ff8-4149-a7c8-08fc95d61319,"I’m trying to change my card PIN and it’s not letting me—this is getting ridiculous, I’ve been stuck for hours and I need it sorted right now.",21,change_pin,angry_layperson
cec2f9be-5861-4a98-8e42-8fb201eeddd2,"Stop dodging me—my PIN keeps failing, and I need instructions to update it immediately. Where do I go to set a replacement PIN?",21,change_pin,angry_layperson
9492d116-dee7-4170-a190-ec05af0b5c68,I’m done with this nonsense. Can someone tell me how to replace my current PIN with a new one on my account?,21,change_pin,angry_layperson
38b29298-ef7e-4fb2-af2b-5b43d859dbdb,I can’t locate the option to update my PIN—every page I tap leads nowhere. Please explain the exact path to change it.,21,change_pin,angry_layperson
eb70b7dc-45c4-49ea-a558-709373f71772,"I need my card PIN changed today, but I can’t find the setting anywhere. What am I supposed to click to get it updated?",21,change_pin,angry_layperson
391360e1-5ee6-4ef2-ac0a-bfca4408d2d9,My card’s PIN won’t let me update it to a number I can remember. What’s the correct way to change the PIN in your system?,21,change_pin,angry_layperson
7bbcf213-ebb6-4260-82b0-519826793f23,I cannot log in because my PIN is wrong and I need to change it right now I am stuck at the ATM and the app will not let me set a new one please tell me the fastest way to update my PIN today,21,change_pin,panicking_emergency
1870a796-d2fd-4af2-880d-78c50a4ca0b1,My old PIN won’t work and I’m being blocked from signing in. I’m in a hurry—what’s the quickest way to reset my card PIN right away?,21,change_pin,panicking_emergency
306344db-6bb7-4981-aef0-f474ba6ca5a7,Access is failing because the PIN on my card is being rejected. I need to update it immediately—what should I do in this moment?,21,change_pin,panicking_emergency
c8991031-ba47-4057-bb0e-bde652d01ec0,"I’m locked out because the PIN attempts keep failing. Can you walk me through changing my card PIN quickly, step by step?",21,change_pin,panicking_emergency
a3f0edb1-3f70-43ab-a767-03f701d0cd4d,I don’t know my ATM PIN anymore and the machine keeps denying it. Tell me how to change my PIN right now so I can get back in.,21,change_pin,panicking_emergency
75efa479-2eff-4dba-9c0d-fdce87f72770,"I need a PIN reset urgently, but I can’t log in until it’s fixed. Should I change it at an ATM or at a branch, and what exactly do I need to do?",21,change_pin,panicking_emergency
64c1bb95-d4b7-4a80-84c8-a492e7ef0162,"Good day, I would like to request assistance in changing the PIN associated with my account, and I would appreciate clear instructions on the available methods, any eligibility requirements, and the steps I should follow to complete the update securely.",21,change_pin,polite_expert
7f8f76b3-bc91-493e-9ab4-a720f64fa8d4,"Hello, I need to change the PIN linked to my account. Could you tell me the safest way to do it and the exact sequence of actions I should follow?",21,change_pin,polite_expert
60a6d942-17eb-4e68-8d97-9b1914b8ccf2,"Good day—please help me update my account’s PIN. I’m looking for a clear walkthrough of the procedure, including any checks needed to keep the change secure.",21,change_pin,polite_expert
75404c67-d000-4dbd-b21b-397359238dc1,"Hi, I’d like to request a PIN change for my account. Can you outline what steps are involved and whether I’ll need to verify my identity or provide any documents?",21,change_pin,polite_expert
97f6eab9-1284-459c-9d34-169101fdd1e9,"Hello, I want to change the PIN on my bank card. Please let me know which options are available and what authentication or verification is required before the update.",21,change_pin,polite_expert
a7339c5f-3de7-4f40-ab7e-d9fbb7a253f7,"Good day. I’m trying to update my card PIN and would like your advice on the available channels. Specifically, can this be done at an ATM, and what credentials or card details will I need?",21,change_pin,polite_expert
1d598e7e-8019-426f-9078-9a76eb023b10,"Hey, I need to change the PIN on my card—can you tell me how to do it, and if I’m traveling overseas will the process be any different?",21,change_pin,gen_z_slang
6c8c0cbb-d15f-4ac7-9814-44971aaa2066,Can you help me swap out my card PIN? I’m trying to do it super quick—what’s the quickest method and what should I bring/prepare before I start?,21,change_pin,gen_z_slang
1c37ac92-55d0-4ef8-876b-8e2701336876,"I’m trying to change my card PIN, but the ATM isn’t prompting me—so what’s the move? Is there a way to do it through the app or at a branch?",21,change_pin,gen_z_slang
b8986eb2-b43e-4ef1-bce9-bf851a29f2ef,"What’s the easiest way to update my card PIN? I need it done ASAP, but I’m clueless where I should do the change.",21,change_pin,gen_z_slang
e67e0c57-bad4-4ff5-a825-7879459b3636,"Is it possible to change my card PIN at a nearby ATM, or do I have to handle it through another option instead?",21,change_pin,gen_z_slang
8c60adab-d4b4-4d59-a67a-8241dc792114,"Yo, how do I reset my card PIN? Tell me the exact steps and whether I can do it at an ATM, in the app, or at the branch—and also if there’s a cap on how often I can redo it.",21,change_pin,gen_z_slang
3aa679ff-881b-46ff-82b0-1392ed9ab47f,"Hi, i want to change my card PIN, but i don’t know how to do it. Can you tell me where i can change it near me or what steps i need?",21,change_pin,non_native_speaker
5553a874-7058-4409-a342-402ffee0eb84,"Hi! I’m trying to update the PIN on my card, but I’m not sure what to do. Could you explain the process and where I’m able to make the change?",21,change_pin,non_native_speaker
d2353ad3-9937-436d-a513-82f8136d9fa7,"Hi there, I want to change the PIN for my card, but I can’t figure it out. Can you guide me on what I should do?",21,change_pin,non_native_speaker
fb0da20a-a7c5-4def-80c7-496313120630,"Hello, I’d like to change my card PIN today, but I don’t know the right way. Is it possible through the mobile app, or do I have to visit a branch?",21,change_pin,non_native_speaker
dba37fa2-0e37-4ca0-880c-3c93eebc9aa5,"Hi, I want to update my card PIN. Where can I do it—only at an ATM, or can I also change it inside the bank?",21,change_pin,non_native_speaker
d0f3ae66-508e-43a2-b7eb-082d848459d9,"Hello, I need assistance changing my card PIN, but I’m confused about the steps. Could you please tell me how to do it?",21,change_pin,non_native_speaker
5d20232e-00e7-4757-b0dc-aafa14d99ce6,Need change PIN now. Steps?,21,change_pin,short_wording
bceaf915-bd7a-4594-9076-f4d8af38ed14,How can I set a new PIN for my ATM?,21,change_pin,short_wording
8e740e97-5038-44da-939d-1524b7f05be7,What’s the process to switch my ATM PIN?,21,change_pin,short_wording
d357caa9-a3c2-45e5-ad47-b4fa847bf403,I want to change my card PIN—what should I do?,21,change_pin,short_wording
5bcecb52-83c8-496f-8347-5ff020cee3c3,How do I submit a PIN change?,21,change_pin,short_wording
f1f4777d-d3a5-4eb6-82eb-0fcbe9f6bb3d,How do I change my PIN at the ATM?,21,change_pin,short_wording
9d19fbb2-416e-4d6e-8158-23cb3878fc01,"My card got used without me, and now random charges are showing up like crazy—I need you to stop this crap right now and help me get it fixed, because I’m not paying for anything I didn’t do.",22,compromised_card,angry_layperson
5be46f2a-9751-49df-8c81-04461c8f0685,"Unauthorized charges keep landing on my account and it’s tied to my card—please block it today. I’m disputing every single purchase I didn’t authorize, and I need this stopped immediately.",22,compromised_card,angry_layperson
7186f603-81d6-4ed1-af5b-a82684ea823f,I’m furious—my card is being used without my consent. Tell me the exact steps to lock it down and what to do to get these fraudulent charges handled.,22,compromised_card,angry_layperson
2a6ed562-2bd2-42f3-8f90-04f8460d1320,"Something’s wrong with my card and I don’t recognize multiple transactions. I need you to disable the card, remove the bogus activity, and explain how my info got exposed.",22,compromised_card,angry_layperson
28813779-8177-4235-9279-43a642758f11,"I think my card was taken or compromised, because random purchases are appearing fast. I need to freeze access right now so nobody can drain my balance.",22,compromised_card,angry_layperson
48a15f09-7bd9-420c-b0ab-111c148471b2,Fraudulent transactions are showing up on my card and I never made them. Please halt the card right away and help me dispute and remove those charges.,22,compromised_card,angry_layperson
aaa2ee98-f332-4ff3-94c4-a06f909d917b,My card may be stolen or used without me. I just noticed new charges online. I need it frozen immediately. Also freeze my account. Call me now and tell me the next steps.,22,compromised_card,panicking_emergency
3ecf43e9-5b57-44a8-92a0-da0d6e3b8718,I just saw suspicious purchases on my card that I didn’t authorize. I need the card blocked ASAP and the fraudulent charges disputed today—I'm panicking that it’s still being used.,22,compromised_card,panicking_emergency
04d63938-0c20-4544-baf7-567aa0d36326,I believe my card is being used in real time. Please freeze it immediately and walk me through how to prevent additional billing. I also want a replacement card delivered today if possible.,22,compromised_card,panicking_emergency
ba7fcea1-f8d7-4fd5-801a-c53ce50842f3,"My card doesn’t feel secure—there are payments on it that I don’t recognize. Freeze the card immediately, halt any further transactions, and tell me exactly what to do next.",22,compromised_card,panicking_emergency
cf05edf8-9528-44f3-854f-8111cf9e7858,Unauthorized charges are showing up on my account. I need my card frozen right away and a fraud claim opened today. Please stop any additional activity immediately.,22,compromised_card,panicking_emergency
93d9a713-5cde-4b7c-ab08-15bab290ef51,"I’m seeing transactions on my card that I never made, and it looks like someone is still using it. Freeze the card now and stop further charges—I can’t wait any longer.",22,compromised_card,panicking_emergency
5615d3c4-a501-494a-9fe6-c736dbf30fb1,"Hello, I am contacting you because my debit/credit card appears to have been used without my authorization for several purchases, and I would like to have the card immediately frozen or blocked, along with guidance on the next steps to dispute the fraudulent transactions.",22,compromised_card,polite_expert
7b0271b5-d513-4be3-9003-2cd3060ec215,"Hi, I think someone may have accessed my payment card. I’ve spotted transactions I didn’t make, and I’d like you to block the card right away and tell me the quickest way to protect my account and address the unauthorized activity.",22,compromised_card,polite_expert
3bef4e37-3c3e-4723-8cdc-a29fa95731b1,"Hello, I’m reaching out because I believe my card was used without permission. There are transactions on my statement that I don’t recognize, and I want step-by-step instructions to secure my account and stop any further fraudulent charges.",22,compromised_card,polite_expert
00f3bdd3-2283-49c6-ae04-06424e0f6e33,"Good day, I need help—my card seems compromised. I’m seeing one or more charges that aren’t mine, and I’d like to know the immediate actions to lock the card, start a dispute/chargeback, and obtain a new card if required.",22,compromised_card,polite_expert
6f05e324-e1f4-42b0-a402-a63cbae8d8bd,"Hi there, I’m concerned that my debit card information may have been stolen. I’ve noticed unauthorized transactions, and I’d like the card suspended immediately while you guide me through filing a claim for the fraudulent purchases.",22,compromised_card,polite_expert
ee129ced-db51-4e46-b218-2e1c6fadd34c,"Hello, I just reviewed my recent card activity and found charges I don’t recognize. I suspect my card details were used without authorization—please advise how to secure my account promptly and get any unauthorized amounts reversed.",22,compromised_card,polite_expert
299434d7-1b7f-4342-818a-8e9e55f96a17,"Yo, I just noticed a couple charges on my account that I didn’t make—like my card must’ve been used by someone else, can you help me lock it down and dispute the transactions?",22,compromised_card,gen_z_slang
64aaf378-ac0f-4396-a57f-079589b760a8,"Yo, random purchases just popped up on my card and I didn’t authorize any of it—can you help me shut it down immediately and figure out how this happened?",22,compromised_card,gen_z_slang
f88b289d-f563-4362-8e62-2de3fde3c284,"Uh, my card seems compromised—there are charges I don’t recognize. Can you block the card and help me dispute them?",22,compromised_card,gen_z_slang
c9900461-6bbc-4406-b3c3-20741321adf8,"Hey, I’m seeing a bunch of card transactions that aren’t mine. I think my info got leaked—can you help me lock the card and straighten it out?",22,compromised_card,gen_z_slang
7cb05ecc-3b3c-47f8-b268-0da01798defb,"Yo, I just checked my card and noticed a couple charges I don’t recognize. I think someone’s using it with no permission—what can I do next?",22,compromised_card,gen_z_slang
a40391fb-ef21-4c76-8a50-664aed7e85fd,Hey—two charges showed up on my card that I didn’t make. I suspect someone got into my account—can you help me secure it and dispute those charges?,22,compromised_card,gen_z_slang
2ec626c0-2bf4-423c-8be4-77af153fb326,"Hi, I think my card is not safe. I see some payments on my account that I never did. I did not buy anything in those places, and I was not there. Please tell me what I should do now to stop it and get refund.",22,compromised_card,non_native_speaker
ae7ebd6d-350e-4e1d-a9e5-1d8d6b439ccc,"Hi, I think my card was used by someone else without me. I see strange transactions today and I am very worried. Can you please freeze my card right now?",22,compromised_card,non_native_speaker
1cc65c53-f382-4041-a0e9-82c87bf0b037,"Hi, my card has suspicious charges and I don’t recognize them. I think someone get my card info. Can you please block my card right now and tell me what to do next?",22,compromised_card,non_native_speaker
105efbba-0e49-452c-b83b-e3fdf7b21c7c,"Hello, I suspect fraud on my card. I noticed charges that aren’t mine, and I’m worried the account is being used. Could you advise the quickest steps to secure it and prevent further transactions?",22,compromised_card,non_native_speaker
8c248330-89a4-4295-874b-634f0b25d7e0,"Hi, my card is maybe stolen or hacked. I see some transactions I don’t know, and I am scared. How I can block my card now and stop more charges?",22,compromised_card,non_native_speaker
3215b859-f6ee-46f5-a290-e800f34693bf,"Hi, I think there’s unauthorized activity on my card. There are payments showing that I never made, and I wasn’t at that merchant. Please help me lock the card and guide me on getting the charges reversed.",22,compromised_card,non_native_speaker
6b783e9f-98eb-4b8c-99da-32c99d042bdf,"Unknown charges, freeze card now.",22,compromised_card,short_wording
135941a3-5969-4964-803e-1da486ac1264,Card used without my consent; how freeze and dispute charges?,22,compromised_card,short_wording
80958deb-18d4-4b00-a55b-40e0710afdea,I’m seeing charges I didn’t make—please block the card and confirm.,22,compromised_card,short_wording
6ed0cace-5c56-467b-bf59-9c68760e86db,"Card used fraudulently online, freeze now.",22,compromised_card,short_wording
db481361-3606-4d1c-baa6-1a97326c7d79,These payments aren’t mine. Please lock my card immediately.,22,compromised_card,short_wording
8facd07d-6eba-4e07-904f-833317252080,"Random charges today; card used without me. Freeze card, investigate.",22,compromised_card,short_wording
9d4bd3d9-4408-4cc3-ae27-2b4e97ba4c49,"My damn contactless pay won’t work at all—every time I tap the card, it just gets rejected. I’m sick of standing there like an idiot. How do I fix this?",23,contactless_not_working,angry_layperson
c55afd1a-77fa-428b-8b93-07b818691f64,"Contactless payment is driving me crazy—my card keeps refusing every tap, and I’m stuck fumbling around at checkout. It’s been going on for days. Can someone fix this today?",23,contactless_not_working,angry_layperson
ed7e06c6-5490-4e17-a4d0-4d0ef973ed9d,"I can’t get tap-to-pay to go through at all. Every attempt ends in a decline, even when I use different terminals today. Figure it out or explain what’s wrong, because this is unacceptable.",23,contactless_not_working,angry_layperson
24c1e927-ac22-4f17-9d31-5d6aed5fa59f,"My contactless isn’t working, period, and it’s infuriating—tapping does nothing except delay me while I wait for the cashier to take over. What should I do to make it work immediately?",23,contactless_not_working,angry_layperson
6ef9f2fd-d37f-4f43-b49e-87e1240b65bf,"Tap-to-pay won’t process for me. I’ve tried it over and over in different shops and it keeps getting turned down. Tell me what to change, because I need this fixed now.",23,contactless_not_working,angry_layperson
8743f2ac-44c8-46cf-8af3-f5bb1815b39b,Something’s wrong with my tap-to-pay—now it fails every time I attempt a contactless payment. I’m fed up and I need to understand why it’s happening and how to fix it.,23,contactless_not_working,angry_layperson
44023bc8-5ff5-4879-a522-8ed8405b3857,My contactless payments stopped working right now. I tap and nothing happens. The terminal just rejects it. I need to pay today. Please tell me what to do immediately.,23,contactless_not_working,panicking_emergency
5ac0a86c-cf8f-498e-8a69-3bec70454927,"Emergency—my contactless won’t go through. I hold the card to the reader and it keeps rejecting it, over and over. I can’t wait for chip; I’m on a tight schedule. What should I do right now?",23,contactless_not_working,panicking_emergency
19f70c51-4b59-49f0-9236-7bbb273ce37b,"Help! Contactless on my card fails every time I try. When I tap, the machine tells me to try again, and it never completes. I need to make a payment immediately—what checks can I do at once?",23,contactless_not_working,panicking_emergency
b6efe237-a780-4321-ae36-3b6154cd194a,"My card’s contactless feature is acting up right now. I tap at the terminal and it won’t approve the transaction, even after multiple attempts. I’m running late and stuck without payment—please tell me the fastest fix today.",23,contactless_not_working,panicking_emergency
126d8963-1d8d-4f0f-920d-c2fd8da808f3,"I’m unable to complete a contactless payment. I tap the reader and nothing goes through—the terminal keeps declining me, and I’ve already tried twice today. This is urgent; please advise what to do right away.",23,contactless_not_working,panicking_emergency
0e479a2d-8906-4214-962c-7b5c07c57e98,"My contactless payment stopped working this afternoon. I tap the card and it shows a decline each time. I tested more than one terminal and none accepted it. I need to pay immediately—what should I do, quickly?",23,contactless_not_working,panicking_emergency
dbf861f6-09d9-4b67-9f81-388058e8df4f,"Good day, I am experiencing difficulty with my card’s contactless payments, as it is not working when I attempt to tap at the terminal; could you please advise on the likely causes and the steps I should take to restore functionality, or confirm whether a replacement may be necessary?",23,contactless_not_working,polite_expert
a5ee95fc-8ff4-48e4-bfc7-f405efa1df29,"Hi there—my contactless card keeps failing. Each time I tap at the reader, the payment is rejected, even though I can still pay with chip/swipe. What troubleshooting should I try, and do I need to verify anything on my account or card settings?",23,contactless_not_working,polite_expert
b52c7d65-660a-4f79-be11-6bd3610c0133,"Hello, my card’s contactless option seems to have stopped working. I tried paying at a terminal today and the attempt was declined several times. Can you share the most common reasons for this and the actions I should take next?",23,contactless_not_working,polite_expert
dafadaf8-eb36-4888-a876-c0391be2c481,"Good day—tap-to-pay on my card is consistently being refused by the terminal. I have enough balance, and the card works normally using chip or magnetic stripe, but contactless keeps getting declined. Could you recommend what to check to get it working again?",23,contactless_not_working,polite_expert
bea2ef1f-aa67-46de-a5df-9642180296e5,"Hello, I’m currently unable to make contactless payments. When I tap at the terminal, the transaction doesn’t complete. Could you advise what quick checks I can do, and also whether there might be an issue on your side blocking contactless?",23,contactless_not_working,polite_expert
fc1f0693-7ddb-4e2b-9570-470ed6348c0b,"Hi, I need help with my contactless payment feature. At the terminal, tapping my card doesn’t activate the payment flow. What steps should I follow to troubleshoot, and is there any activation, security, or device setting I should review?",23,contactless_not_working,polite_expert
b9503b44-407c-449d-a939-21ac2c18cf82,"Hey, my tap-to-pay just won’t go through—every time I try it gets rejected at the terminal. Can you help me figure out what’s wrong and how to fix it?",23,contactless_not_working,gen_z_slang
88d67521-a562-4a0b-b8e0-33cf274d6945,"Yo, my contactless payment is glitching—when I tap, the terminal just won’t accept it. I’ve tried a bunch of times at checkout; what could be the issue and how do I fix it?",23,contactless_not_working,gen_z_slang
f498ae37-efde-4fb8-9ba2-cac10968da8e,Lately my tap-to-pay keeps getting denied at the reader. I’m tapping everywhere I can and it still won’t go through—any advice on what to troubleshoot or reset?,23,contactless_not_working,gen_z_slang
f6f0c46a-3a47-4d0f-9e81-ad1bc16a2b0c,My contactless won’t complete payment—every time I hover my card over the reader it fails. Can you help me figure out why it’s not working and what I should try next?,23,contactless_not_working,gen_z_slang
10042f97-9a04-4082-a309-66e768d9e0f0,"My card’s tap-to-pay is acting up. The terminal declines it every single time I attempt it—what’s likely causing that, and how can I get it to work again?",23,contactless_not_working,gen_z_slang
150dd81d-a1a1-49d9-bbdf-7a2baca642a4,Okay so my contactless keeps failing at stores—like the reader won’t even pick it up when I tap. I tried holding it there for a sec or two; any idea what’s going on?,23,contactless_not_working,gen_z_slang
6538f4f4-24bd-4149-8801-ae4b6c19a4d6,"Hi, my card contactless not working today. I try to pay in shop and the terminal says no, again and again. What I can do now, please?",23,contactless_not_working,non_native_speaker
38b5673e-d2b7-416f-8f54-c4afaf4e7e25,"Hello, I’m having trouble with tap-to-pay. When I try to pay in the store, the terminal keeps rejecting the card. Is there anything I can do right now?",23,contactless_not_working,non_native_speaker
97481c62-8d35-4bce-80cb-30ca84e3ce98,"Hi, I can’t pay using contactless today. I attempted payment in a shop, but the reader showed “failed.” Please advise what steps I should take.",23,contactless_not_working,non_native_speaker
94486db8-51e2-458a-bdc3-097501a0430a,"Hello, my tap payment isn’t going through at the store. I hold the card near the terminal and nothing happens, and then it tells me to switch to chip. Why might this happen?",23,contactless_not_working,non_native_speaker
5dadbf12-5f0b-4eae-8339-f9f8028f2653,"Hi, I tried to make a contactless payment today, but it didn’t work. The terminal shows an error and I can’t complete the transaction. Can you help me?",23,contactless_not_working,non_native_speaker
fedabc62-044a-4076-b6ca-94d58fcfe9bc,"Hello, my card’s contactless payment is not working at the moment. I keep trying at the machine, but it says “fail” and won’t accept the card. What should I do next?",23,contactless_not_working,non_native_speaker
3a8dc19b-c011-4562-9bc1-b4f20aa42bde,Contactless payments not working,23,contactless_not_working,short_wording
18af172b-0763-4df3-9465-06e110a58787,Tap-to-pay wouldn’t go through today—tried at checkout two times. Can you help?,23,contactless_not_working,short_wording
123917e4-4e52-459c-8d0c-9f794fcd95f6,Contactless payment fails transit store,23,contactless_not_working,short_wording
5ba5305e-5537-4396-a28d-19769d314004,My contactless keeps getting rejected; I tested it on several card readers.,23,contactless_not_working,short_wording
19fb6ad8-c34c-40f9-979d-476aa79e570d,Tried paying with contactless but the terminal wouldn’t take the card.,23,contactless_not_working,short_wording
c0030218-1c0a-4320-ae0b-cfc7a793be42,Tap payment isn’t going through right now.,23,contactless_not_working,short_wording
caa3241e-01cf-4e9f-a4f9-cf8dade3c022,"I’m sick of this—what countries do you actually work in, and why can’t I just find a straight answer on where you’re available? I need to know if you’ll support me where I live, not this runaround.",24,country_support,angry_layperson
32078da8-8953-41e4-b006-bead3db02378,"This is absurd—why won’t you accept customers from where I’m located? I’m outside the UK, and I can’t buy a card or complete anything, so please fix this or explain the policy clearly.",24,country_support,angry_layperson
4244d764-6fed-443e-a096-109adaf99f0a,"Seriously, stop dodging me—list the countries you support. I’m attempting to register, and it keeps saying my location isn’t eligible, yet I’m getting no direct answer.",24,country_support,angry_layperson
f2dedaf5-fe0d-43ad-b982-0e12263d8f05,"Just tell me plainly where you operate. I’m attempting to get a card, but my application keeps getting refused because of my country—so which locations are actually included and how do I proceed?",24,country_support,angry_layperson
b98b31ad-4d77-4ca7-91de-9fda7fc44174,Why am I getting shut down if I’m not in the UK? I need to know what regions you cover and whether I can still get service or a card from my country—yes or no.,24,country_support,angry_layperson
6a8f6024-aa68-4625-9d3b-d4f9965821a6,"Unbelievable—I'm in the U.S., and you won’t say whether you support people here at all. Can you confirm which countries you cover and what I should do to get a card if my location isn’t supported?",24,country_support,angry_layperson
03274522-14f2-4a21-9c54-37cc8e457d78,I need help right now I live in Canada I cannot get my account set up It keeps saying my country is not supported I need a quick solution please tell me what I can do today,24,country_support,panicking_emergency
edc23f5a-401c-4a64-a54a-17359d70e313,"I cannot find where this service is available country by country  
My account works but travel is coming  
Tell me which countries I can use my card in today  
I need the supported countries list now  
If my card fails there I will be stranded",24,country_support,panicking_emergency
1aa59560-cc2e-42c9-95f0-ac8117a8c7b7,I need to know if my country is supported right now. My account is blocked or restricted. I cannot use my card. What countries do you service. Tell me immediately.,24,country_support,panicking_emergency
74054ce4-f7ee-4629-9463-fd1c3d4f0b46,"Please verify whether my country is eligible. I’m currently outside the supported region, and my address/location isn’t being recognized. Can you list the countries you cover and tell me if mine will work?",24,country_support,panicking_emergency
3798fd53-5fc7-4376-a219-928e09227572,I’m in an emergency—can I use or receive my card where I am? I’m not in the UK right now and I need it to work immediately. Please confirm service availability for my current location.,24,country_support,panicking_emergency
6f4c2f62-b4a8-4c76-ae4b-4a9f3454bda8,I am not in the UK right now I need my card urgently I cannot access my account please tell me if you support customers outside the UK and how I get help from here now,24,country_support,panicking_emergency
f33f7f84-96bb-41ea-a5b3-2222c560c596,"Could you please confirm in which countries the bank currently offers its services, and whether I am eligible to open an account or obtain a card if my residence is outside the UK?",24,country_support,polite_expert
9f63bd02-5d83-4285-a544-841fa24ddc02,"Hello—could you tell me which countries you accept for new customer registration and card transactions, and whether my current country ([Country]) qualifies?",24,country_support,polite_expert
269966ff-7804-4817-9b5e-6a5020bc8354,"Hi, I’m trying to verify if residents of my country can open an account and use your banking services, and if applicable, what criteria must be met.",24,country_support,polite_expert
3fc94d68-a117-41d4-b9e8-766221837b49,"Good day. I’d like to know the list of countries where you offer account access and allow card use, and whether the terms differ by country of use.",24,country_support,polite_expert
4658c347-4533-48a3-b25e-0362c070ab23,"Please confirm whether I can open an account and get a debit card if I live in a different country than the one shown on my documents, and which countries are open for onboarding right now.",24,country_support,polite_expert
002e4fd3-8998-4241-8e45-43e766919666,"Hello, can you share which jurisdictions you currently service for account creation and card issuance, and confirm whether my country is included?",24,country_support,polite_expert
7ad56852-5c08-456f-8867-b14c41293b0b,"Hey, quick question—what countries is my card actually supported in? Like, where can I use it without it going weird or getting declined?",24,country_support,gen_z_slang
c1b3a450-1dc4-4e7c-b805-67c778ec106c,Yo—what countries are covered for your accounts/cards? I’m trying to see the exact list of places you operate in.,24,country_support,gen_z_slang
2006100f-1de6-4d23-8b81-5a64f1d3caac,"Quick one: which countries can sign up and use your services? Also, do rules change based on your location?",24,country_support,gen_z_slang
f4c6725f-a16d-4eef-b9e1-aa4c378660c8,I just relocated to the US—how do I go about getting my debit/ATM card? What details do you need from me to start?,24,country_support,gen_z_slang
9a08a1fd-9b7b-4c8c-bc80-33b51f8bdacf,"Say I’m outside your coverage area right now—can I still open an account and grab a debit card, or am I blocked since I’m abroad?",24,country_support,gen_z_slang
36765efa-4d90-49e4-b4f7-7e20f60e7934,"Where does your bank actually have coverage? If I’m not in your main region, can I still get an account or card?",24,country_support,gen_z_slang
38c1613b-7793-49e0-901a-271aeda2ffda,"Hi, I want to ask, in what countries my bank card will work? I am not sure, can you tell me the supported countries and if it works in my country too?",24,country_support,non_native_speaker
4a375e29-dd2b-4bfd-9d49-a503eadb37be,"I’m currently outside your home country. Will my card work where I am, and which other countries are supported?",24,country_support,non_native_speaker
0adc1fc7-48a1-46ba-82f7-4a373fe4b2a7,"Hello, I live in Canada now, before I was in another country. Can I still use my bank account and get a debit card here? Please tell me what I need to do.",24,country_support,non_native_speaker
e8855180-d7e2-474b-a479-f4860c890836,Could you let me know which countries your banking service supports? I’d like to confirm whether my location is included.,24,country_support,non_native_speaker
a954fd2c-1885-4d83-9eb8-ad60efae58ae,"When I travel abroad, will I be able to use your card or account? Please share the list of countries where your services are available.",24,country_support,non_native_speaker
f812c0de-f83e-4028-a4e6-c0f57b6d9381,"I need assistance with my account, but I’m not sure about the residency requirement. I’m living in a different country now—can I still use your banking service?",24,country_support,non_native_speaker
37bce2f6-4d89-4b5b-8ef1-c561143d27c5,"Not in the US, card eligibility?",24,country_support,short_wording
b98b7115-f24b-4628-be40-9fbc5de4fa36,Which countries supported?,24,country_support,short_wording
44a48e3a-d5e5-4823-9cc2-ae115a38c706,Available countries for account?,24,country_support,short_wording
9dde604e-581b-4622-8210-443f005e5a70,Do you support my country?,24,country_support,short_wording
93391a95-9968-4db2-a34b-21431a206c53,Is coverage available where I am?,24,country_support,short_wording
d8d9d7eb-d1ef-4828-9a79-5dc2449703d7,I live in France. Can I get support?,24,country_support,short_wording
67c906b5-c9e8-4edf-a124-6b7234ba8487,My card payment got refused again and I’m sick of this crap—why won’t it just go through when I’m standing there trying to pay?,25,declined_card_payment,angry_layperson
c088f6c2-3432-4f99-a5f6-0895f54054be,Again my card was turned down at the register. I can see I have funds—so why is it failing right in front of me?,25,declined_card_payment,angry_layperson
05a51d0d-34bb-493a-b848-88b1ad881c01,"Every time I try to pay with my card it gets blocked at checkout, even though my account isn’t empty. What’s the problem?",25,declined_card_payment,angry_layperson
71df281d-c7ec-41e6-b863-7dd7efa7f9bf,I’m at the store trying to complete a purchase and my payment keeps being declined. I don’t understand why it’s treating me like I did something wrong—please fix it.,25,declined_card_payment,angry_layperson
afbd1b4d-2484-422a-8b85-6dcf6e7e7033,My card won’t complete the transaction at checkout; the payment just fails repeatedly. What on earth is happening with my card?,25,declined_card_payment,angry_layperson
a1eea877-f835-408c-8635-12cc2258acf7,Today I tried to pay and my card was denied again and again. This is unacceptable—can someone tell me why it keeps refusing?,25,declined_card_payment,angry_layperson
501d905c-2a17-4abb-b8c0-d6a822c5aa76,My card payment was declined again right at checkout I have money in the account What is going on I tried twice now It should have worked today Please fix this fast I need to complete the purchase now,25,declined_card_payment,panicking_emergency
bdfc3a22-1336-40c5-8411-ef58faaaee64,"At checkout my card was rejected again—right this moment. I can see funds available, so why won’t it approve? Please resolve it instantly so I can finish.",25,declined_card_payment,panicking_emergency
9234b97b-b579-4e6c-9ff4-28989904c4cd,I’m unable to complete checkout because the card keeps getting declined repeatedly. I’m panicking—I can’t access my money. Tell me what’s preventing approval and how to fix it today.,25,declined_card_payment,panicking_emergency
937232cd-6d3e-4ff2-ae9d-67a0633d4ca1,"My payment attempt just failed again at checkout, and now I can’t proceed. The bank seems to be blocking it without explanation. Please fix this right away.",25,declined_card_payment,panicking_emergency
0941c7fc-6126-4cf8-9113-9e9401171998,The cashier terminal keeps rejecting my card over and over. I attempted the purchase twice today and both times it was declined. I need clear next steps immediately—why is it happening?,25,declined_card_payment,panicking_emergency
62a6d640-8c79-4abd-ab70-06924c3c014b,"I went to pay in-store and it failed again. The transaction won’t complete, and I’m stuck. Please verify my card/account details right now and get it approved.",25,declined_card_payment,panicking_emergency
9e305091-f741-4df1-b613-8a431f4fc719,"Good day, I attempted to make a card purchase today, and the transaction was declined despite having sufficient available funds; could you please advise what might be causing this and what steps I should take to resolve it?",25,declined_card_payment,polite_expert
27563c1c-a909-4d7a-bea6-207a30456d5d,"Hi there—my card payment was declined when I tried to check out, and I’d like help figuring out the cause. Can you confirm whether my card/account needs any verification or authorization, and tell me what I should do next to get the payment to go through?",25,declined_card_payment,polite_expert
5cb554a2-3b83-4db6-a42c-ddab8409b1e0,"Hello, today my card transaction was refused at checkout and the purchase couldn’t be completed. What are the most common reasons for this, and what troubleshooting steps would you recommend so I can try again successfully?",25,declined_card_payment,polite_expert
68c5cd06-cafe-4bef-ac8f-ebe1d150dcd7,"Good day. I attempted to pay by card today, but the terminal declined the transaction and the merchant couldn’t complete it. Could you help me identify why it was rejected and outline the best steps to resolve the issue?",25,declined_card_payment,polite_expert
174cb6cf-5f1a-44d2-9a4a-3bed395ab541,"Hello, I tried to make a card payment today and it was declined even though my available balance should be enough. Please look into what might be triggering the refusal and advise how I can prevent it from happening on my next attempt.",25,declined_card_payment,polite_expert
8a139c68-dbd8-4c30-8a18-9e6d299c5070,"Good day, I attempted to make a card purchase today, but the transaction was declined at the point of sale; could you please investigate the reason for the rejection and advise what steps I should take to resolve it?",25,declined_card_payment,polite_expert
f23ef537-5601-47ea-b143-bb4fc7e43ac5,"Hey, my card payment keeps getting declined every time I try to pay—this is happening with my new card too. Anyone know what’s going on or how to fix it?",25,declined_card_payment,gen_z_slang
b3d375a6-c402-40ec-9084-4a6106f38285,"Yo, every time I try to pay, the checkout declines my card—can you look into the charge and tell me what’s up?",25,declined_card_payment,gen_z_slang
b2689914-b84d-4e84-a775-96f7f788d760,I went to pay in-store and it straight-up declined at the register—any clue why my card would fail today?,25,declined_card_payment,gen_z_slang
d9892b90-1b0b-49bf-9711-98a3249ade16,My card keeps getting turned down at checkout even though I’ve got funds—can someone help me troubleshoot and get it approved?,25,declined_card_payment,gen_z_slang
a21ae4ec-74d2-4126-bc9a-e9406db272b4,"Tried buying a couple things and my card got denied at checkout, but my balance isn’t low—what’s going on?",25,declined_card_payment,gen_z_slang
155acf03-5fe0-43f9-8437-abb6b111943f,My card payment got bounced at checkout and the purchase didn’t complete—can you check the transaction and sort it out?,25,declined_card_payment,gen_z_slang
d81a1f16-f803-4670-9fa9-d5d7841b83e3,"Hi, today I try to pay in a shop but my card payment was declined. The machine say payment failed and I cannot finish the purchase. Please help me.",25,declined_card_payment,non_native_speaker
c1c3b2a9-85e8-4e55-aeff-91bf79dff4e0,"Hello, I attempted to pay with my card at a shop today, but the terminal rejected it. Could you tell me what might be the reason and what steps I should take?",25,declined_card_payment,non_native_speaker
b2714fdc-1ecf-47dd-b31a-9ad15c24684d,Hi there—my card payment keeps getting refused when I try to pay in-store. The transaction doesn’t complete. Please assist me.,25,declined_card_payment,non_native_speaker
6a3f68e9-5549-498b-ba69-762baf8c1742,"Hello, I was trying to pay at a shop today, but the card payment was declined and the cashier said it wouldn’t go through. Can you help me figure out the cause and fix it?",25,declined_card_payment,non_native_speaker
a8d042f0-8e9e-49f0-b11b-8813c9d63f4c,"Hi, I tried to make a purchase with my card today, but it was declined. I believe I have enough balance—please check and let me know why this happened.",25,declined_card_payment,non_native_speaker
e7ea7bf7-b085-4bd9-b411-02912acd5f9c,"Hello, I have an issue with my card payment. When I tried to pay in the store today, the payment was refused and the card didn’t go through. What should I do next?",25,declined_card_payment,non_native_speaker
dc9509d5-920f-48ea-b379-25c1366b45e8,Card payment declined at checkout. Why?,25,declined_card_payment,short_wording
f9341118-84cd-47ee-8708-48a7c285c376,Your card was rejected—what happened?,25,declined_card_payment,short_wording
f73f5e2c-734a-4402-94d7-3e7e6ad70fc7,I couldn’t complete the card transaction.,25,declined_card_payment,short_wording
fb820339-68a5-43b9-b530-cc75e1759bf5,Checkout wouldn’t accept my card—any reason?,25,declined_card_payment,short_wording
061a72ce-3462-4293-a67d-e973c1b316c1,Payment failed at checkout. Why was my card declined?,25,declined_card_payment,short_wording
9a350834-dc3c-4b9b-8920-164ae55f0cb6,Card declined once more today—what’s going on?,25,declined_card_payment,short_wording
f71748ac-680a-47fb-ba24-9dd741512499,"I went to the ATM to grab my cash and it flat-out refused to hand it over, no money, no explanation, and I’m stuck standing there getting jerked around.",26,declined_cash_withdrawal,angry_layperson
cad63ada-e843-4334-99b8-e5c0f3fd9d25,"I tried to pull out cash and the ATM just keeps declining my card—this is ridiculous. I need my money now, what the hell is wrong with my account?",26,declined_cash_withdrawal,angry_layperson
04b4b3a3-7916-402b-91e5-594335428c0c,"The ATM wouldn’t dispense a single bill when I tried to withdraw—just a denial message and nothing else. What is the problem, seriously?",26,declined_cash_withdrawal,angry_layperson
4c515a96-c150-47fe-bf5b-c964bd62cde0,"What the hell—my cash withdrawal got denied at the ATM again even though I’m using the right card and the right PIN, and I need my money now. Why are you people blocking me from getting my own cash?",26,declined_cash_withdrawal,angry_layperson
8a90684f-5ac2-4951-b46f-b7ef1b5e5530,"I pressed withdraw at the ATM and it kept rejecting me, refusing to give me any cash whatsoever. This needs to be sorted immediately.",26,declined_cash_withdrawal,angry_layperson
323b793f-d637-455b-ba11-3f3ba25b3503,"I tried taking out cash at multiple ATMs, but every time my withdrawal gets denied. I’m out of options—someone explain why and fix it.",26,declined_cash_withdrawal,angry_layperson
877263ac-c986-40b8-a357-12e428348ad4,ATM refused my cash withdrawal again. Same day same card. I used the correct PIN. It says declined and then keeps rejecting. I need my money now. What is wrong with my account.,26,declined_cash_withdrawal,panicking_emergency
4a1c7f7b-f280-43f8-824a-6f87ecc3d65a,"The ATM wouldn’t let me take out cash—declined again. I can see my balance, but the machine won’t dispense anything. I’m in a hurry; please help me figure out what’s preventing the withdrawal.",26,declined_cash_withdrawal,panicking_emergency
54aa03d1-0481-4369-84e3-d643e92bf43f,"My cash withdrawal attempt at the ATM failed repeatedly, and no money came out. The screen keeps showing the request wasn’t successful. I need this approved immediately—can you check what’s causing the decline?",26,declined_cash_withdrawal,panicking_emergency
fb90b2c1-acc0-47fd-9fb1-c562ab45f15e,"This morning the ATM denied my cash request again. Yesterday the same card worked, but today it won’t dispense any cash. I urgently need funds—please investigate why it’s being declined.",26,declined_cash_withdrawal,panicking_emergency
f1c822db-be8e-4e98-b533-95c0c7a40102,"I attempted another cash withdrawal and the ATM keeps rejecting it. My card functions normally in other places, but the ATM refuses to release cash. I’m stuck right now—what could be wrong and how can I fix it?",26,declined_cash_withdrawal,panicking_emergency
4b399cd5-f353-4094-8cd8-bb127ff49c21,"The ATM declined my withdrawal multiple times in a row. It’s not dispensing any cash, even though the card works elsewhere. I need money immediately—what’s blocking the transaction and what should I do today?",26,declined_cash_withdrawal,panicking_emergency
4992cbc9-5771-4299-bf4a-c843b3845ad1,"Good day, I attempted to withdraw cash at an ATM using my card, however the transaction was declined and no funds were dispensed; could you please advise why this occurred and what steps I should take to resolve it?",26,declined_cash_withdrawal,polite_expert
2e7c255e-1acc-481b-b8e6-37da87ce8e39,"Hello, I attempted an ATM cash withdrawal with my card and it was declined. I also tried a different ATM with the same outcome—could you check whether there’s a withdrawal restriction, daily limit, or verification hold on my account?",26,declined_cash_withdrawal,polite_expert
cd3bd8f5-2ba2-45a2-9655-0c310643c67d,"Hello, I tried withdrawing cash at an ATM with my debit card, but the ATM declined the request and nothing was paid out. Please let me know what could be behind the refusal and how I can correct it.",26,declined_cash_withdrawal,polite_expert
6d69b862-f0dc-4b6f-8f36-0193c2822b90,"Hi, my card withdrawal at the ATM was turned down, and I didn’t receive any cash. Could you help me understand the likely reason for the decline and the next actions to take?",26,declined_cash_withdrawal,polite_expert
4a04b8d9-3106-4018-9042-81b14089c473,Good day—my ATM cash withdrawal was rejected and the machine dispensed no money. Can you advise what might have caused it and what I should do to get the withdrawal approved?,26,declined_cash_withdrawal,polite_expert
9d365538-3ad9-4d77-8f17-06a7d31776ad,"Hi there, I’m unable to complete an ATM cash withdrawal because each attempt is rejected and the transaction gets cancelled. Please investigate why my card can’t process withdrawals and tell me how to resolve it.",26,declined_cash_withdrawal,polite_expert
c9f0415f-9b89-477c-9fe8-6146e075ae9f,"Yo, I tried to withdraw cash at an ATM and it keeps declining my card—tried once and it still won’t work. Can you check what’s going on with my account?",26,declined_cash_withdrawal,gen_z_slang
c8fb9ab0-c1eb-4cfe-a25b-c0a15d5db220,"Yo, I went to grab cash from the ATM and it straight-up rejected it—was fine yesterday, now every attempt gets denied. Can you look into my card/account?",26,declined_cash_withdrawal,gen_z_slang
bf4634bd-d818-4258-b5a9-dd16c882686d,"Hey, the ATM wouldn’t let me withdraw any cash—kept cancelling the transaction and I got nothing. What’s going on with my account?",26,declined_cash_withdrawal,gen_z_slang
4d5fc089-0bb7-414d-bab9-128254856b4c,"Yo, my ATM cash-out keeps getting blocked. Like it refuses to dispense money even though my card was working yesterday—can you check and sort it out?",26,declined_cash_withdrawal,gen_z_slang
1614ce3b-c937-4d0a-be0c-bf4af08923aa,"Yo, I’m trying to pull cash and the ATM keeps declining me. I even tried two different machines and it still won’t process—can you verify what’s up with my account?",26,declined_cash_withdrawal,gen_z_slang
bc5932f1-44a7-4e17-924f-00ed4fadab9b,"Yo, I’m at an ATM trying to withdraw and it keeps hitting me with a decline on my card. I tried a second ATM too and it’s the same thing—can you check my account?",26,declined_cash_withdrawal,gen_z_slang
62aa2ab2-7b60-4323-af2c-932b16acd52a,"Hi, I try to withdraw cash from ATM today, but it was declined. Why it happen? What I can do now?",26,declined_cash_withdrawal,non_native_speaker
ba573628-4d76-410f-bdab-364e454e28b2,"Hi, I tried to withdraw cash from an ATM today, but it says declined and no money came out. This was before my trip, and it is happened 2 times already. Can you help me please?",26,declined_cash_withdrawal,non_native_speaker
a9a6725d-43c7-498a-a87d-d3cafc444580,"Hello, I attempted a cash withdrawal at an ATM today, but it got rejected. Could you tell me the most common reasons for this and what steps I should take next?",26,declined_cash_withdrawal,non_native_speaker
f6f91760-65d4-4cc1-95aa-f551e14aedac,"Hi, I went to the ATM to withdraw cash today, but it refused the transaction. The screen shows no cash available and I couldn’t take any money. Why would this happen?",26,declined_cash_withdrawal,non_native_speaker
c6a1eac9-6f44-4686-8450-a61b354eae5a,"Hello, my cash withdrawal keeps getting declined at the ATM. I tested two different machines, and neither one gave me any cash. Can you review my card or account for possible issues?",26,declined_cash_withdrawal,non_native_speaker
21af2376-bd13-42d1-9b6e-4a5ea3613082,"Hi, I tried withdrawing cash today and the ATM declined it. I used the same ATM again and also tried another one, but both times it was rejected. Please help me figure out what’s wrong with my card or account.",26,declined_cash_withdrawal,non_native_speaker
987d7081-3c82-47fe-b482-0f00d59ce5d7,ATM declined my cash withdrawal. Why?,26,declined_cash_withdrawal,short_wording
65d48325-5aef-450d-9556-4a32e2e5850d,My ATM transaction was rejected and I didn’t get the cash.,26,declined_cash_withdrawal,short_wording
a1055d75-378a-4a89-8cf0-b2d53e0169e5,The ATM didn’t dispense my cash.,26,declined_cash_withdrawal,short_wording
a522ff81-072f-4ff3-a80c-f0c60e5ddb15,ATM refused my withdrawal request—no money came out.,26,declined_cash_withdrawal,short_wording
4b82732f-bd94-454e-9efc-3a8f9466a617,"I tried withdrawing cash, but the ATM denied it.",26,declined_cash_withdrawal,short_wording
1f1d3bf7-e97f-41a9-9edc-8586ab24b6dc,"At the ATM, my cash withdrawal was declined. What happened?",26,declined_cash_withdrawal,short_wording
1ddc7281-61b3-4b88-b361-f74939f3076b,Why the hell did my transfer get rejected again? I tried to send money and it just got shut down with no explanation—this is ridiculous.,27,declined_transfer,angry_layperson
b131950d-8bf8-4008-96b9-bfb6271ec053,"Every time I attempt a transfer, it gets refused. I’m fed up—can you tell me what’s wrong with my account and when you’ll actually resolve it?",27,declined_transfer,angry_layperson
5ba84696-ffb9-4ff3-9864-eafd49e634f7,"I’m trying to send money and the system keeps rejecting it. No reason given, no assistance offered—why is it being marked “declined,” and what steps do I take to stop this?",27,declined_transfer,angry_layperson
eef05fdc-0cfc-4aae-bab2-610bc267ca6f,"This transfer was fine earlier, but now it’s being turned down again and again. Tell me the cause and fix it—I'm not going to keep trying if nothing changes.",27,declined_transfer,angry_layperson
118b1f0e-3d61-4a92-9158-0a1f4ce5a0a3,"My transfer just got denied once more, and I can’t get a straight answer. This has to be approved immediately—please explain what’s blocking it.",27,declined_transfer,angry_layperson
b2b68a6e-9de4-4604-868a-5bc42fc05afa,"Why does my transfer keep failing? It worked before, but now every attempt ends in rejection, and I’m losing time and money. Fix the issue now.",27,declined_transfer,angry_layperson
12d7607c-c362-4fa8-a53b-3364c7171e1c,I tried to send a transfer just now and it was declined immediately. I tried again and it still failed. Please check my account status and why the transfer cannot go through. I need this fixed urgently.,27,declined_transfer,panicking_emergency
eaf44035-28d3-4a5d-a7b2-39f75e1c68ee,I’m trying to send a payment and it’s being refused right away. I attempted a second time and it still won’t complete—can you explain the reason and tell me the next steps immediately?,27,declined_transfer,panicking_emergency
839613d3-3bad-463e-b072-d13520e14c35,"The money transfer I just initiated was rejected again, and it never progresses. Please help me figure out why it’s getting declined and what I should do to get it approved ASAP.",27,declined_transfer,panicking_emergency
1f620e5f-ca18-4410-aa52-a87174066470,"As soon as I submitted my transfer, it was declined and the funds aren’t moving. I already tried once before with the same result—what’s causing the block, and can you fix it right now?",27,declined_transfer,panicking_emergency
cca3f15c-460a-40da-aad7-af347fbecdb3,"Just now, my transfer was refused again. I sent it, it failed instantly, and even after verifying the information, it keeps being rejected—please tell me what’s preventing it and how to resolve it quickly.",27,declined_transfer,panicking_emergency
0744b8f4-2dff-4991-ac79-28285b00e1d6,"Every time I start a transfer, it gets declined immediately. The balance is stuck on my side and my second attempt didn’t work either—what should I do to make it go through urgently?",27,declined_transfer,panicking_emergency
66c183b0-51fd-4128-b5e3-e39489fdb544,"Good day, I would like to report that my recent bank transfer has been declined, despite confirming that the recipient details and amount are correct; could you please advise what the likely causes may be and what steps I should take to resolve this before attempting the transfer again?",27,declined_transfer,polite_expert
4b376967-0400-40c7-ab61-82b73db9afdc,"Hi, I tried to send an international transfer, but it failed while being processed. Can you help me figure out the most common causes and tell me what I should do next to get it approved?",27,declined_transfer,polite_expert
ebfed7fb-d018-4912-b21c-133348e5b892,"Hello, my bank transfer was rejected, and I’m trying to understand why it didn’t go through. Please let me know the likely reason and the actions I can take to get the transfer accepted.",27,declined_transfer,polite_expert
7f1c3cf5-1a5a-4014-a23f-3c0d1ee32a1b,"Hi there—my transfer request was declined, and I need guidance on what might have triggered the refusal. What steps should I take to correct the issue and try again?",27,declined_transfer,polite_expert
3015fb50-b726-4ca4-8af3-e20fd0ace536,"Good day. When I attempted to authorize a transfer, it was stopped and marked as declined. Could you explain the typical reasons for authorization failures and what I should do to complete the transfer successfully?",27,declined_transfer,polite_expert
87382029-fc2c-4474-add4-bd1f7d269645,"Hello, I attempted to send money via bank transfer, but the payment was declined and didn’t finish. Please advise the most probable cause and the next steps to get the transfer processed.",27,declined_transfer,polite_expert
8972a564-f5f7-483a-8db1-8c581bc57847,"Hey, my transfer keeps getting declined every time I try—like I double-checked the recipient info and amounts, but it still fails. Can you look into why it’s getting blocked?",27,declined_transfer,gen_z_slang
d2c19be0-71da-4622-8605-7d1f7103d77d,"Yo, every time I attempt a bank transfer it gets denied—can you explain what’s triggering the rejection and how I can sort it out?",27,declined_transfer,gen_z_slang
5dbb6793-4392-47bf-a820-a6808ab95578,"Heyyy, I’m attempting to send money and the transfer keeps getting shut down—what’s the deal, and what should I try instead?",27,declined_transfer,gen_z_slang
bfb0f318-28f5-45b0-87e4-633a2e0a3b8a,"Ugh, my transfer got declined during checkout and it won’t process—any clue why it’s rejecting me?",27,declined_transfer,gen_z_slang
7632f92c-ea09-43a6-a421-d4d8657c434a,So I went to send a transfer and it was instantly denied at checkout—any idea what’s causing it and what I should do next?,27,declined_transfer,gen_z_slang
2a4c594c-31cf-49e1-90fc-4e705dfb3e69,"Hey, I tried moving money and the transfer got declined immediately—any thoughts on why it keeps happening on my account?",27,declined_transfer,gen_z_slang
26597884-cbf7-42a3-8986-ba0ce9a2f53a,"Hi, my bank transfer was declined. I don’t know why, and I try again but still same. Can you help me check what is the reason and what I need to do now?",27,declined_transfer,non_native_speaker
98b3b49d-188b-4760-8ee4-06c88d8cccbd,"Hello, my bank transfer failed once more. Could you explain what caused the decline and advise what steps I should take next so it can go through?",27,declined_transfer,non_native_speaker
de40ffbd-3732-49f2-b697-3189395ee237,"Hi, I attempted a transfer this morning, but it was rejected. What are the possible reasons, and what should I do to resolve it?",27,declined_transfer,non_native_speaker
2dedcc97-02f1-41df-9922-70044875e63a,"Hello, my payment transfer was not accepted today, and the notification doesn’t show a clear reason. Can you help me understand why it was refused and what I need to change?",27,declined_transfer,non_native_speaker
c74c7f82-5c62-4dd8-b9d3-4abe17c81ecb,Hi there—my transfer was declined again. Please let me know the cause and the exact actions I should follow to make the transfer successful.,27,declined_transfer,non_native_speaker
a448621c-b50c-4557-ad89-15de966b669f,"Hello, when I try to send money, the transfer keeps getting rejected. I reviewed the information already, but it still won’t work—can you help me figure out the problem?",27,declined_transfer,non_native_speaker
c96924c1-190b-4951-960b-f5fd13d14dd1,Bank transfer declined at checkout,27,declined_transfer,short_wording
061cf217-f045-415d-95c8-ed813fd5056b,My bank transfer was rejected—can you help me figure it out?,27,declined_transfer,short_wording
d223c078-cd26-4563-9f61-2f7b8044723e,Why did the payment fail when I tried a bank transfer today?,27,declined_transfer,short_wording
e611fc97-8c32-4c08-be46-cdac7d51765e,"The bank transfer keeps getting refused, even though everything looks right—what’s going on?",27,declined_transfer,short_wording
7374c8b4-7af6-484e-950f-629d36d5be92,Transfer got blocked again today—any explanation?,27,declined_transfer,short_wording
676377df-2898-41a3-8033-a82515d23bc3,"Bank transfer declined today, but it didn’t give a reason.",27,declined_transfer,short_wording
40877387-d5b2-4980-8755-4fe9f7d7aafb,"What the hell—there’s a payment coming out of my account that I didn’t authorize, and your app is acting like it’s totally normal. I want that stopped and sorted out right now, because this is not something I agreed to.",28,direct_debit_payment_not_recognised,angry_layperson
66ac9d2f-8136-449b-888f-b1eba8ad1857,This direct debit just appeared on my account and I never enrolled in anything like it. Please explain why it’s there and reverse it right away—give me my money back.,28,direct_debit_payment_not_recognised,angry_layperson
9299ecd4-6493-4831-99f8-fdbd94cf345f,"Someone has taken money from my account via direct debit, and I didn’t authorize it. I want to know the sender and cancel any further debits immediately, plus refund what was taken.",28,direct_debit_payment_not_recognised,angry_layperson
4c9992cf-c184-49a0-b57b-8bb43c169c06,"I’m looking at my statement and there’s a payment listed that I never approved, and there’s no clear information about who it’s from. Sort this out and refund me—this looks completely suspicious.",28,direct_debit_payment_not_recognised,angry_layperson
0b98ac28-c169-40cf-a3ec-8dedb04ee2c9,"A payment is showing on my account that I didn’t set up, and I don’t recognize the charge at all. Tell me who initiated it and why it’s appearing in my app—and fix it.",28,direct_debit_payment_not_recognised,angry_layperson
3f8c6565-cd30-4446-acb5-be4c16a0c4c7,I checked and a direct debit has been taken out for something I never signed up for. I want this stopped and reversed—refund my account now.,28,direct_debit_payment_not_recognised,angry_layperson
81d8c2b8-91f2-470a-822e-90bb6a1812b8,I do not recognize a debit that just came out of my account I did not authorize this payment I need it reversed right now and I need the sender details immediately,28,direct_debit_payment_not_recognised,panicking_emergency
dc407835-db4e-405e-acee-921d05b2b017,"I’ve looked at my balance and there’s a debit leaving my account from a business I never approved. Please investigate who started it and the timing, then cancel the payment and reverse the funds as soon as possible.",28,direct_debit_payment_not_recognised,panicking_emergency
e635f99b-7cd1-4263-996b-305fcb322d8a,"A direct debit has been taken from my account, but I don’t recognize it at all. I’m not aware of authorizing any payment to that company—please reverse it immediately and confirm who gave permission.",28,direct_debit_payment_not_recognised,panicking_emergency
ab925e70-15c3-4f66-93fa-34a0bdc9edc2,Something has been debited from my account and it’s a direct debit I didn’t authorize. I’m worried more money will be taken—stop the arrangement now and reverse the transaction right away.,28,direct_debit_payment_not_recognised,panicking_emergency
098883ee-a1ee-49c7-8e58-edf1ab7bd40e,Please help urgently: I just noticed a Direct Debit showing on my account that I never arranged. I need it cancelled immediately and I want to raise a dispute so I can get my money back today.,28,direct_debit_payment_not_recognised,panicking_emergency
468607d4-24e4-4651-b79f-d0d0e294d138,"Urgent—there’s a Direct Debit in my account that I didn’t set up and didn’t approve. It already looks like it’s been processed, so I need it reversed and I need to ensure no further payments go through.",28,direct_debit_payment_not_recognised,panicking_emergency
ded20c55-6478-4b92-9b5c-c60e588ccd5f,"Hello, I am writing because I have noticed a debit transaction on my account that appears to be a direct debit, but I do not recognize it and I do not recall authorizing it; could you please investigate the payer details and the mandate reference so I can confirm whether this was genuinely initiated by me or whether it should be reversed?",28,direct_debit_payment_not_recognised,polite_expert
1439d3d0-511f-4788-b506-f9d18694d6ff,"Hi, a direct debit has been taken from my account, but I neither approved it nor recognize the payee. Please look into the transaction details and let me know how I can challenge it and, where necessary, get it reversed.",28,direct_debit_payment_not_recognised,polite_expert
53176b19-8cf4-4696-80d2-a50f53dcee28,"Good afternoon—there’s a direct debit on my statement that I don’t recognize. Could you check who collected it, the date it was taken, and the reference, so I can confirm whether I authorized the mandate or not?",28,direct_debit_payment_not_recognised,polite_expert
c77fc150-d230-412b-b815-f366c27cdcf9,"Hello, I’m contacting you about a debit payment showing on my account that I can’t identify. Please help me determine where it came from, when it was collected, and what actions I should take to dispute it and reach a resolution.",28,direct_debit_payment_not_recognised,polite_expert
22cd8b26-46f4-45b0-9c49-bfa7cf6c9e93,"Hi there—my banking app displays a debit that looks like a direct debit, but I didn’t authorize it. Can you investigate the payer/merchant information and the collection date, and advise how to request a refund or raise a formal dispute?",28,direct_debit_payment_not_recognised,polite_expert
564865e8-7051-461f-8d8e-65c77b020b53,"Hello, I noticed a direct debit payment in my mobile banking that I don’t recognize and did not approve. Please review the transaction and advise whether it can be refunded or cancelled.",28,direct_debit_payment_not_recognised,polite_expert
b2f4ac55-e18c-4860-b03d-cdfbb4288bb8,"Hey, I just noticed a direct debit charge on my account statement that I don’t recognize and I didn’t approve it—can someone help me figure out why it was taken and how to get it sorted?",28,direct_debit_payment_not_recognised,gen_z_slang
4cc021b5-46b2-4637-8ad3-da96a80a39c5,Yo—there’s a debit on my account that I didn’t set up and it’s not something I actually agreed to. Can you sort out why it’s there and get it removed?,28,direct_debit_payment_not_recognised,gen_z_slang
95d194b5-b5e4-4687-bf1d-f79ee4c2a689,"Noticed money coming out as a direct debit, but I never authorized it and I definitely didn’t sign up for anything like that. Can you help me challenge the charge?",28,direct_debit_payment_not_recognised,gen_z_slang
4c80c94e-feae-4099-ae16-1c198d3afee4,"I just checked and I’ve got a direct debit payment I didn’t approve. Please investigate and refund me, or at minimum stop any more charges from it.",28,direct_debit_payment_not_recognised,gen_z_slang
07bda11e-bfa5-4d30-9df3-1008dd315c2e,"My banking app is showing a debit I don’t recognize and I didn’t give permission for. What’s going on, and how can I dispute it?",28,direct_debit_payment_not_recognised,gen_z_slang
56e05a0c-d86e-448d-9650-b0ef3fb2e9c9,There’s a debit on my statement and I have zero clue what it is. Can you help me figure it out and file a dispute?,28,direct_debit_payment_not_recognised,gen_z_slang
5389d1ae-95bb-48d4-9765-53747a1d5e53,"Hello, I have a problem with a payment taken from my account. It is not showing as my own direct debit and I don’t know this company. Please check and remove it, and tell me what I need to do. Thank you.",28,direct_debit_payment_not_recognised,non_native_speaker
71db4bbe-7b4b-420d-9ac0-2a3922d6b668,"Hello, I noticed a Direct Debit has come out of my account, but I never signed up for it. Could you investigate the payment, confirm who requested it, and guide me on the cancellation process?",28,direct_debit_payment_not_recognised,non_native_speaker
3a98e6ee-5ddd-4551-9582-9f8596bd6ec1,"Hi there, a Direct Debit payment appeared on my account, but I didn’t approve it. Please help me stop the collection and explain what steps I should take to get my money back.",28,direct_debit_payment_not_recognised,non_native_speaker
fc5c3539-940d-4b5b-99fc-ed956194a111,"Hello, I found a direct debit transaction on my statement. I never arranged it and I don’t know the sender. Can you check the reason for the charge and advise how I can get it refunded?",28,direct_debit_payment_not_recognised,non_native_speaker
90e5aa5b-ed46-4656-87b1-d79b8384d73e,"Hi, in my banking app there is a Direct Debit I don’t recognize. Can you tell me who it belongs to, show the relevant information, and let me know whether I should dispute it?",28,direct_debit_payment_not_recognised,non_native_speaker
e6d1bc03-6bf1-495a-bbe2-7862bd5258ee,"Hello, money was taken from my account through Direct Debit, but I didn’t set up anything like this. Please help me identify the company and reverse the payment if it wasn’t authorized.",28,direct_debit_payment_not_recognised,non_native_speaker
1a301cbe-8e97-4d36-a1c9-b56042c587fc,Unrecognized direct debit charge. Can you trace and confirm payer?,28,direct_debit_payment_not_recognised,short_wording
84aa911a-86d4-446d-aa4b-b1bf58dbe076,I don’t recognize this debit—why was it taken from my account?,28,direct_debit_payment_not_recognised,short_wording
6600b60a-fbf5-4497-9cbf-9d9cf9b43a5f,This direct debit doesn’t look familiar.,28,direct_debit_payment_not_recognised,short_wording
0fd8bdba-f6ea-482d-8b98-4f34e934d834,I didn’t authorize this direct debit; please verify who initiated it.,28,direct_debit_payment_not_recognised,short_wording
187f1e43-ca4d-43ab-8df7-ba110fb3023d,That direct debit transaction isn’t one I recognize.,28,direct_debit_payment_not_recognised,short_wording
98ca1453-f146-4625-8bde-f5df91061644,I’m seeing an unfamiliar direct debit withdrawal—can you confirm it’s not mine?,28,direct_debit_payment_not_recognised,short_wording
52c37918-0c5a-45c8-8529-ac7f28bb0da9,"Why the hell does this one-time card have a stupid spending cap? I’m trying to buy something and it keeps getting blocked, and I can’t find out what the limit is or how to change it—someone please tell me the damn rules and the exact cap.",29,disposable_card_limits,angry_layperson
dc492a36-db12-497f-ab07-f3c940379888,"These disposable cards keep slamming into a limit way too soon—how many am I permitted to keep at once, and is there any way to increase the cap? I need this fixed immediately.",29,disposable_card_limits,angry_layperson
6d8374a6-c2a0-472b-8a9a-d374d785a54b,"Why does the system keep blocking my one-time cards after a certain daily allowance? I’m attempting to use several, but it won’t let me—please explain how that cap works and how I can change it.",29,disposable_card_limits,angry_layperson
ac64806b-d269-4685-9681-12bbfbf7a9f0,My disposable card transactions are getting declined after just a couple tries. I’m not trying to do anything weird—I just want to know the exact spending limit and why it keeps stopping me.,29,disposable_card_limits,angry_layperson
57909b36-4109-4f33-accc-d699ee5a9bb9,Stop capping my virtual one-time card so quickly—what’s the real usage limit before it’s disabled? The threshold is clearly too low and I want it adjusted.,29,disposable_card_limits,angry_layperson
c3587d95-5ee4-41c8-8b33-d594dbd13c6b,"Every disposable card I generate gets restricted almost instantly. What’s the spending cap you’re enforcing, and how can I raise it so I’m not constantly getting blocked?",29,disposable_card_limits,angry_layperson
58a41667-a654-4cc2-afb6-5754db7b0623,My disposable cards are hitting limits immediately I try to pay and it gets blocked within seconds Why is the transaction cap so low I need more transactions per card right now I cannot complete payments,29,disposable_card_limits,panicking_emergency
4308a393-7146-44ca-803c-bfc65280cfa3,"Urgent—my temporary online card is declining almost right away. I need to raise the spending limit, but I don’t know where to check the cap or what the current numbers are. How can I increase the limit so I can finish my payment today?",29,disposable_card_limits,panicking_emergency
fb430272-6847-4a2f-8cc7-b03d2aaee6a4,"Please help immediately: my disposable virtual card won’t go through. Every attempt gets stopped after a short time, and I can’t make even one purchase. I need to know how to bump the limits or switch them right away—what should I do right now?",29,disposable_card_limits,panicking_emergency
f4fe6180-c9a6-45a6-a6c9-14c03d757217,"I created a disposable card just now, and it’s already blocking charges after only a couple tries. Can you confirm the maximum amount per card and the daily number of cards I’m allowed to create? I’m in a time crunch and can’t risk more failed payments.",29,disposable_card_limits,panicking_emergency
ab105b9e-4784-42a3-9f8d-75349d8981f0,"Right now I need the exact spending limits for my disposable cards. I activated a new one and it was blocked instantly, even though I expected to be able to spend more. What is the per-card/per-day limit, and is there an overall cap across all disposable cards? I can’t complete payment and I’m stuck.",29,disposable_card_limits,panicking_emergency
0b66be1e-ea0c-4f30-bff3-e85274ad1f45,"My temporary virtual card is getting shut down immediately with “limits reached.” I need to create and use new disposable cards nonstop today, but it keeps refusing transactions. What are the exact daily and per-card limits? Please resolve this urgently so payments work again.",29,disposable_card_limits,panicking_emergency
744cefa5-06f2-4751-a387-d86fa687ca10,"Good day, I would like to confirm the current limits applicable to disposable cards on my account—specifically, the maximum number of disposable cards I can create or hold at one time, any restrictions per day, and whether these limits vary based on my verification status or card funding method.",29,disposable_card_limits,polite_expert
157edf0a-f8b3-411c-adde-d8d2a1e8a5f8,"Hi there—could you tell me the current cap for disposable virtual cards on my profile? I’m mainly looking for the maximum number that can be active simultaneously, and whether the limit changes depending on who I’m paying or what kind of purchase it is.",29,disposable_card_limits,polite_expert
2000ec18-a1cf-4b14-a6ab-bebea1159504,"Hello, I need to verify the limits tied to my disposable virtual card—especially the number of allowed transactions and the maximum spend per card—so I can avoid declines while checking out.",29,disposable_card_limits,polite_expert
f73a3426-fa9a-4794-9b6e-4fb4ecb9513e,"Good day. Please confirm what usage restrictions apply to a disposable card connected to my account. For example, is there a limit on how many times it can be used and how much it can authorize in total before the card stops working?",29,disposable_card_limits,polite_expert
5db18d6d-acc5-4319-aca0-678fab6c5257,"Hi, could you share the rules for the temporary virtual cards linked to my account? I’d like to know whether there’s a maximum number of cards I can create, plus any per-card caps on spending or number of transactions before they’re no longer usable.",29,disposable_card_limits,polite_expert
06fe8568-4295-4ee0-9995-e0d6a229c533,"Hello—I'd like information on issuance and spending limits for temporary virtual cards. Specifically, what’s the maximum number I can generate during a set time window, and what’s the highest amount I can spend per card (and/or per day)?",29,disposable_card_limits,polite_expert
5e0ccee6-902d-4d7c-9e23-57222c2d0879,"Hey, I’m trying to use a disposable virtual card for a purchase, but I’m not sure what the limit is on how many times I can use it / how many disposable cards I’m allowed before it stops working. Can you tell me what the cap is?",29,disposable_card_limits,gen_z_slang
88399ac6-1e75-4eeb-92b8-e8739c6b240a,"Yo—when I’m using disposable/one-time virtual cards, what’s the spending ceiling? Also, do they throttle me per purchase or across the whole day?",29,disposable_card_limits,gen_z_slang
d0f3430b-9d84-4614-996f-2eade133d094,"Quick check: how many disposable cards can I generate, and what’s the limit on the amount per card? Is there also a daily cap on how many I can make?",29,disposable_card_limits,gen_z_slang
54b0fb06-b698-4546-a9eb-3fb6724cdc8f,"I’m trying to pay online with a temp virtual card, but the per-card limit is getting maxed out instantly—what are the rules behind those caps, and can I increase them?",29,disposable_card_limits,gen_z_slang
fb20f82c-461c-4e10-b2a1-0c914ca01d41,"What’s the max threshold for one-time cards? And if I’ve got multiple separate charges, am I allowed to use more than one card in the same day?",29,disposable_card_limits,gen_z_slang
643f7833-094e-41c6-9f76-d016f45edeaa,"Hey, what are the limits on disposable cards exactly? Can one card be reused within a day, or does it shut off completely after hitting a certain count or total spend?",29,disposable_card_limits,gen_z_slang
27964bb5-ba66-4aa4-aa6a-602a58538659,"Hi, I want to ask about my temporary virtual card. Is there any limit for how much money I can spend with it, and also any limit for how many times I can use it?",29,disposable_card_limits,non_native_speaker
27573f8c-df55-49e1-9b77-0dc30f5fa9c8,"Hello! I’m trying to use a temporary virtual card, but I’d like to understand its rules. What’s the maximum number of uses per day, and after what time or number of transactions will the card stop? Also, how many temporary cards are allowed each month?",29,disposable_card_limits,non_native_speaker
1f428bac-f7a6-4757-9611-9befbf0e4a22,"Hi there—my disposable card stops working after a couple of purchases. Could you explain how the spending cap works? Is there any way to raise that limit, or will I need to generate a new disposable card once it reaches the limit?",29,disposable_card_limits,non_native_speaker
911bb730-3fd9-4782-ab19-7661dcc5082b,"Hello, I want to pay with a disposable virtual card, but I’m seeing a restriction. Can you confirm the maximum amount allowed per card, and also the maximum number of cards I can generate per day?",29,disposable_card_limits,non_native_speaker
9cb4ce91-0687-4542-a10f-28fe5c420061,"Hi, I’m using disposable cards online, but I don’t fully get the limits. How many disposable cards can I make in a single day, and what is the highest limit for each card? Thanks.",29,disposable_card_limits,non_native_speaker
1b5aed23-a789-4aec-a5c1-3a7d73ca2230,"Hi! I’d like to use temporary cards for online purchases. What are the limits for each card—both the maximum amount and the number of transactions/uses? And if I create several temporary cards in one day, is there a daily cap?",29,disposable_card_limits,non_native_speaker
019686ba-5725-4db6-93d4-a92655d62a68,"Disposable card limits? Daily amount, max cards, max transactions",29,disposable_card_limits,short_wording
72000410-fcb6-4ee0-893c-b86ff83d545d,How high is the limit on a disposable virtual card—can it only be used once?,29,disposable_card_limits,short_wording
796c9100-d4ae-4912-8a69-fba43aaf457d,The disposable virtual card spending limit seems too restrictive.,29,disposable_card_limits,short_wording
49561979-4d40-4194-862a-723991150444,"Are there limits like a daily maximum, a per-card cap, and restrictions by merchant?",29,disposable_card_limits,short_wording
77536482-2f5b-415b-ae5b-c7888a7920c9,I can’t tell what the virtual disposable card limits are—what’s the max amount and number of transactions per card?,29,disposable_card_limits,short_wording
4bbeafa4-81a7-47f0-8744-c9bd6db989d7,Is there a cap for each individual payment and another limit per day?,29,disposable_card_limits,short_wording
07570d3c-9bf8-4cf1-be65-8d09314a6bc2,"I’m trying to change my personal details on my account, but it’s not letting me, and this is seriously pissing me off—can someone fix it or tell me exactly how to change my info?",30,edit_personal_details,angry_layperson
8033e4e6-d01f-4a7b-96b6-94bbbf44fcf6,"I can’t figure out how to edit my personal information on my account—no instructions, no help—and I’m fed up. Where do I go to update it?",30,edit_personal_details,angry_layperson
17bf67d9-482b-4af1-aec3-bda999b057a2,"I’m attempting to edit my address, but the system won’t let me save the change. Can someone tell me what steps I’m missing so this can be resolved today?",30,edit_personal_details,angry_layperson
c04f2510-c7f6-484a-b0d4-25a4c14583f1,My account won’t accept the changes I’m trying to make to my personal details. I need this corrected immediately—please fix it for me or guide me to the right place.,30,edit_personal_details,angry_layperson
1814464c-1cb8-44d4-a6c8-010b94b19169,"My personal details are incorrect, and I can’t get past the edit screen to correct them. What do I need to do, and where should I update the information?",30,edit_personal_details,angry_layperson
38128f02-25a8-4452-a74b-af8653f0765f,"I’m stuck trying to update my personal info—every time I try, it won’t go through. Please sort this out or point me to the exact option to change my details.",30,edit_personal_details,angry_layperson
3699973a-a4a1-431a-b864-e8d3ca377197,I need to change my personal details right now my name and address are wrong and I cannot update them in my account please fix this immediately,30,edit_personal_details,panicking_emergency
2d202d10-8af7-42bf-8f98-be9345089952,"My account info is wrong and I’m in a rush. The address and phone number are incorrect, and I can’t make the edits. Can you guide me through the quickest way to update both right away, and let me know once it’s confirmed?",30,edit_personal_details,panicking_emergency
c268b8f1-7bb9-4bb5-ba65-29b3cf72f909,I need to correct my personal information immediately. The address is outdated and my phone number no longer works. The app won’t let me update it—please resolve this now or walk me through the steps to get it changed.,30,edit_personal_details,panicking_emergency
0f3f7d74-aac9-4ade-b49d-b88163a16f3c,Urgent—my name on my profile is incorrect and I can’t update it. I need the change done right now. Please tell me the fastest way to edit my personal details and confirm it’s updated.,30,edit_personal_details,panicking_emergency
eea4c982-9b0f-441a-a0f5-2c69b3eeb69c,"I’m unable to update my personal details at the moment, and it’s causing problems. My address is wrong and the account still shows old data. Please fix it immediately, or provide the exact instructions to update my name and address so I can regain access.",30,edit_personal_details,panicking_emergency
f92f1b69-9890-4309-8184-949a965adcb6,"I’m blocked from changing my personal details right now. My address needs to be updated immediately, but I keep getting stopped. This is an emergency—please fix the issue fast and tell me precisely what I should do next.",30,edit_personal_details,panicking_emergency
8162c96b-f6f9-4b25-a2c2-8cc59f473630,"Good day, I would like to update my personal information on my account, but I am unsure where and how to make those changes; could you please advise the correct process and what documents, if any, I should prepare?",30,edit_personal_details,polite_expert
89f4f510-2121-4562-bc9f-8333ce68289c,"Hello, I want to change the address on my profile and update my phone/email details. Can you tell me the steps to do this and which documents I should have ready?",30,edit_personal_details,polite_expert
2ad72ddb-abff-4259-909b-39e36b9025e5,"Hi there—I'd like to edit the address and contact info tied to my account. Please confirm whether I must complete any verification first, and where I should go to submit the changes.",30,edit_personal_details,polite_expert
3a7e0538-03b3-4809-8f0a-e82dbf9ce472,"Good day. I need to update the information on my account, but I’m not sure where to make the edits. What identity checks or paperwork are required to finalize an address/contact change?",30,edit_personal_details,polite_expert
e4e0825a-66f7-4cd9-95ad-b87186aef34a,"Hello, I’d like to correct my address and verify that my associated contact details are current on my account. What should I do to complete this update?",30,edit_personal_details,polite_expert
633940a0-bfab-47ad-9a7e-ce165d8cfe7f,"Hi, I recently changed my marital status and I need to update my legal name on my account. Could you explain the procedure and list the documents required to process the name change?",30,edit_personal_details,polite_expert
21fa827b-5b9c-4caa-8a3e-a50961355886,"Hey, I need to update my personal info—like my address and the name on my account—can you tell me how to edit it?",30,edit_personal_details,gen_z_slang
9caa2c67-9362-4896-af3f-3619f8a7ec97,Quick question—how do I edit the stuff on my account? I wanna tweak my address and maybe the name tied to it.,30,edit_personal_details,gen_z_slang
ee205656-abe9-4066-8e88-227980ff65b0,"Yo, where do I go to update my profile details? I’m trying to change my address and phone number—what’s the path in the app?",30,edit_personal_details,gen_z_slang
0335fc04-7fef-47cb-81cd-8c2da09eb7d2,"Can I swap my name and address in my account settings? If yes, where exactly do I do it?",30,edit_personal_details,gen_z_slang
2f364c5d-c73c-4cf1-9c5f-fffe5f3115cb,I’m lowkey stuck—how do I update my personal info in the app? I need to change my address/contact info but I can’t find the edit button. Help?,30,edit_personal_details,gen_z_slang
c5d57796-1d64-48f5-9e97-61311a23d208,How can I update my details if I’m totally not seeing where to edit? I’m trying to fix my address and other info—can someone guide me step-by-step?,30,edit_personal_details,gen_z_slang
dfdf3ffc-4b2e-4d2e-851e-729ad38dccef,"Hi, I want to change my personal details, but I don’t know where to do it. Can you tell me how to update my address and phone number?",30,edit_personal_details,non_native_speaker
7fc3c2b6-784a-4d3e-aea7-9f405dec7c4e,"Hello, I’m trying to update my profile information, but I’m stuck—I can’t locate the edit page. Could you show me how to update my full name and address?",30,edit_personal_details,non_native_speaker
51703268-18e8-4844-a754-3e830fdb992c,"Hi there, my contact information looks wrong in my account. I need to update my address and phone number—what steps should I follow?",30,edit_personal_details,non_native_speaker
747f509d-7eba-468b-b331-3d83559ec307,"Hello, I’d like to modify the details saved on my account, especially my phone number and address. Where can I make those changes?",30,edit_personal_details,non_native_speaker
2893968a-52e4-42e3-be5c-21befeaf0e7f,"Hi, I need to correct my personal information. I can’t seem to find the option to edit it, and my address/phone number are incorrect. Can you assist me?",30,edit_personal_details,non_native_speaker
f1f1a952-b8f8-4131-b64c-a86eaee394f2,"Good day, I want to update my personal settings, but I’m not sure how to do it in the account. Could you guide me on changing my address and phone number?",30,edit_personal_details,non_native_speaker
f487da76-e641-4193-94d9-f65e844c6ea8,"Need update personal details, address and phone.",30,edit_personal_details,short_wording
22a5be4c-6693-4fdc-a61e-5ffb5702e8c6,Can I modify my name in my profile?,30,edit_personal_details,short_wording
71cf97ff-f66e-4f33-91c3-62634d01c085,How do I edit my personal info?,30,edit_personal_details,short_wording
4583d096-7b9d-4360-a747-2c9826656ce5,"Please help me revise my contact info, including my address and number.",30,edit_personal_details,short_wording
6715e336-a968-4403-b635-dfa39b2038ea,I want to refresh the details on my account.,30,edit_personal_details,short_wording
b51bebf0-9509-4490-b87e-659c53db3886,Update my personal records—address and phone—please.,30,edit_personal_details,short_wording
72281131-7736-458a-8e1b-5cdfe0fa14bd,"I just tried to swap money and you hit me with some “exchange” fee again—what the hell is going on, why am I getting charged extra for this crap every time?",31,exchange_charge,angry_layperson
d2551be8-b5f8-45fb-ae23-7ee80170dbc2,"You keep adding a fee when I exchange money, and I’m furious—no one warned me. Tell me the exact amount up front and what rule you’re charging it under.",31,exchange_charge,angry_layperson
7001989c-ac44-47aa-9521-b68cb9022b67,Charging me more just to convert currencies is not what I agreed to. I want a clear breakdown of the extra charges and the reason you’re taking them.,31,exchange_charge,angry_layperson
1e1c9886-686d-4908-a89a-bdc9c0c17342,"I’m getting hit with an unexpected surcharge every time I switch my money to a different currency. How much is it, and where does it show up in the transaction?",31,exchange_charge,angry_layperson
8d0ebfd5-4fe4-4017-8d06-121cf8461c2b,"How are you justifying the extra cost when I exchange currencies? Also, why is the rate you apply different from what I see online—what fee and what rate are you using?",31,exchange_charge,angry_layperson
2226a16e-45e1-4320-9ffd-f12423041e25,"Every currency exchange I make ends with additional charges, and it’s infuriating. Explain what determines those fees and why the final amount keeps coming out higher than I expect.",31,exchange_charge,angry_layperson
eee9f1d3-ac58-4147-aef1-056880173a87,"I’m freaking out—after exchanging money, a fee appeared that I wasn’t told about. Can you tell me the precise exchange fee, the reason it was added, and confirm how I can get it reversed immediately?",31,exchange_charge,panicking_emergency
73abf5d2-4057-4db4-afd5-3b4aa5fc234f,"This is urgent: I need to exchange currency, but I can’t locate where the exchange fee is listed. Please provide the exact fee amount for my conversion and explain whether the cost changes by country or by the exchange size.",31,exchange_charge,panicking_emergency
1b01726c-8f34-4f1f-9c08-28e39515debf,I attempted a currency exchange and got surprised by an extra fee. I need the exact number and the calculation method right now—I won’t continue until I understand it.,31,exchange_charge,panicking_emergency
34cf94a1-2e18-49c9-96bb-56d451b4a407,"I need to complete an exchange immediately, but I’m seeing an unexpected charge. Please verify the total exchange cost and the reason it’s being applied, and fix it without delay—I can’t take on surprise fees.",31,exchange_charge,panicking_emergency
80807b44-2719-408d-81d2-1aa6cc17a4fc,"I’m trying to make an exchange right now and I’m extremely worried there’s going to be an additional fee. Before I approve anything, tell me exactly what fees apply, when they’ll be deducted, and how I can avoid unexpected charges.",31,exchange_charge,panicking_emergency
40c2c6db-1ad3-4f5c-8eee-929dd26be824,"I just exchanged foreign cash and I’m scared I’ll be charged extra. No one showed me the fee beforehand—please confirm the exact amount that will be taken from my exchange today, and let me know if there’s any way to prevent it.",31,exchange_charge,panicking_emergency
3d2c8bbb-d24f-40df-a51a-3ab3ab617547,"Could you please confirm the applicable cost and fee structure for exchanging currencies, including any exchange-related charges or commissions that may be deducted from the amount I convert?",31,exchange_charge,polite_expert
10d80d73-eec5-44bc-8de4-abedb9f953de,"Hi, could you tell me what exchange fees you charge when converting foreign currency, including whether there’s an extra fee beyond the rate and the method used to compute it?",31,exchange_charge,polite_expert
4dba330d-cf02-4ab6-af06-7152848540c5,"Please advise what the full exchange cost will be for my conversion, and confirm whether any extra currency-exchange fees are added to the base rate—plus how and where that amount shows up before I approve the trade.",31,exchange_charge,polite_expert
d4af0ae5-ed90-44c4-a520-31a7402d59fd,"Hello, I’d like to know the fee schedule for converting one currency to another with you. Also, do you offer any lower charges or waivers for customers who exchange frequently?",31,exchange_charge,polite_expert
51b5b841-4257-45fd-9303-96f18cd1d505,Good day—can you break down the transaction-level costs when I exchange currencies via your platform? I’m looking for what fee components apply and how you calculate the final amount.,31,exchange_charge,polite_expert
c62b9d70-cd0c-41a7-a4a2-5f0d7fa7ba37,"Hi there, I plan to use your service to exchange currencies. Could you confirm whether any surcharge or extra exchange charge is added on top of the standard pricing, and explain how that charge is determined?",31,exchange_charge,polite_expert
37e7a5e0-2cf9-49b7-95e0-3a353e54e53b,"Yo, quick Q—when I exchange currencies, do you guys charge an extra fee, and if yes, how much is it (or where can I see it in the rates)?",31,exchange_charge,gen_z_slang
6b2022bd-6278-48ba-a278-110edfcb3fe4,"When I do an in-app currency exchange, is there a separate fee, or do you bake it into the exchange rate?",31,exchange_charge,gen_z_slang
c0ecb178-c7d4-4aaf-b7d5-9b72fa3d3145,"If I switch one currency to another, do I pay an extra exchange fee beyond the posted rate?",31,exchange_charge,gen_z_slang
a4280dff-9ebb-4938-bed3-8c42fbd94b0a,"I’m looking to exchange some foreign cash—how much do you charge for the transaction, and is it added on top of the rate?",31,exchange_charge,gen_z_slang
3220dd6e-d739-429f-9882-93328cc84d69,What’s the cut you take when converting currency—does the fee/charge depend on which currencies I’m using or how much I’m exchanging?,31,exchange_charge,gen_z_slang
69250bf6-e3e7-41da-9a24-2e6effa13b6d,"When I exchange foreign money, do you tack on a commission or extra charge—and will I see it before I hit confirm?",31,exchange_charge,gen_z_slang
6f10ec10-aad3-44b3-a37d-0a4d3db5711b,"Hi, I want to exchange money, but how much charge I need to pay for the currency exchange? Also is there any extra fee or discount if I do it many times?",31,exchange_charge,non_native_speaker
e211d2d6-f155-49cf-b0bb-e2fcdd8d8e8f,"Hello, I’m planning a currency exchange and I’d like to know what fee applies. Could you tell me the exact charge?",31,exchange_charge,non_native_speaker
b778ec10-32eb-4b78-9c21-80502a46a633,"Hi there—if I exchange currency through my account, will there be any additional cost? Please share the total price before I proceed.",31,exchange_charge,non_native_speaker
00ea2766-1d48-4957-9653-eb26cc673ce0,"Hello, I want to do a currency exchange in my account. Is there an extra fee, and if so, how much will it be?",31,exchange_charge,non_native_speaker
de9655dc-87aa-4595-a7bc-186d75df3007,"Hi, I noticed some extra charges related to currency exchange in my account. Can you confirm whether a fee is charged, and what the amount is?",31,exchange_charge,non_native_speaker
6759c8d0-3cd7-4b04-ac12-01c4ed01f9d1,"Hello, when I exchange money, is there an additional fee? Please tell me the precise amount so I can calculate my final total.",31,exchange_charge,non_native_speaker
dbf11202-d14a-4dff-9a62-a728bce3cfee,Exchange fee details? Extra charges?,31,exchange_charge,short_wording
1004f358-3201-48a3-951a-6e718418413d,What’s the fee when I exchange money into another currency?,31,exchange_charge,short_wording
37f2d037-ac80-4f4d-849a-865d8498cd1b,Do you charge a service fee for exchanging foreign currency?,31,exchange_charge,short_wording
3c4d7e6a-3a05-4980-88ab-061f79419477,How much will you deduct for the currency exchange?,31,exchange_charge,short_wording
08d7411c-33b2-4f24-b34f-87b2be4774c8,"Is there a fee for converting currencies, and can it be reduced or waived?",31,exchange_charge,short_wording
0989a954-411a-4bff-a59d-38f2d10c4a58,Are there any additional exchange-related charges?,31,exchange_charge,short_wording
df5d5365-39c8-4ca8-b8e6-ada678b6a2fa,"Why the hell are you charging me some random conversion rate when I’m sending money abroad—what exact rate are you using right now, because this is getting ridiculous.",32,exchange_rate,angry_layperson
f7ba085e-bdb2-4e1b-8c21-06c055a4cdb5,"Your exchange rate keeps shifting on me every time I go to convert—what exact figure are you applying, and why does it mysteriously change while I’m in the middle of the transaction?",32,exchange_rate,angry_layperson
99b73013-9f13-4465-a3f3-854bbdf4ec8c,"How is the rate I’m being offered for exchanging my money so awful? I want the live rate at this moment, and I’d like it spelled out clearly so I know what I’m getting before you take payment.",32,exchange_rate,angry_layperson
6f75f96b-64f3-4601-997e-5f34636db51c,"I’m attempting to exchange money and the rate you show feels like a scam—what is the current rate right now, and why can’t you display it plainly instead of making it hard to see?",32,exchange_rate,angry_layperson
e76e860a-8093-43e4-8e43-ed2732e49cec,"Every time I exchange money, I feel like you’re cheating me—the rate you quote doesn’t match what shows up on my end, and I’m never told when it changes or what the final amount will be. Just give me the rate upfront.",32,exchange_rate,angry_layperson
1055513d-4db4-4f1c-b0d4-ee9b509a424f,"Why is the exchange rate for this money swap so unpredictable? You don’t explain how it’s determined or when it updates, and the moment I check, the numbers swing wildly—so how am I supposed to trust I’m not being overcharged?",32,exchange_rate,angry_layperson
5ce5207a-b360-45e2-bc96-9dca08516430,I am panicking my money exchange rate today looks wrong please tell me the exact rate you will apply right now and when fees get added I need the final number immediately before I lock the transfer,32,exchange_rate,panicking_emergency
0a72c931-6b65-4d36-af8d-4036f87aed1f,This is urgent—please stop and tell me the live FX rate you’ll honor for my transfer. I’m seeing a mismatch with what I expected; what’s the source of that number and what rate applies to international transfers at this moment?,32,exchange_rate,panicking_emergency
2425846a-2d6e-4537-8da0-8d2bb37c03e2,"I’m about to finalize, but the exchange rate looks like it changed again. Once I hit confirm, what exact conversion rate will you lock in, and do you charge any extra fees—please provide the all-in total right away.",32,exchange_rate,panicking_emergency
65ea17c3-1c2e-4dc4-b57c-917ba494646c,"I need the correct conversion before this goes through. Can you tell me the precise rate you’re using right now, when you update it, and how frequently it changes? I’m waiting for the final amount.",32,exchange_rate,panicking_emergency
a682cb96-973c-4d65-9f79-0869579b42bf,Something’s off with my exchange—please explain the current rate you’re applying and where it came from. I need you to provide the rate for my transfer immediately and correct it now.,32,exchange_rate,panicking_emergency
0481d484-14dd-4e4f-bc12-762ce02d36d1,"My payment won’t complete and I’m terrified the FX rate will shift again. What exact rate will be used right now, and what will the final amount be after pricing—please confirm instantly so I know what I’ll receive.",32,exchange_rate,panicking_emergency
a127122f-4a85-4b55-93a1-0a74413670dd,"Good day; I would like to confirm the exact rates you apply for converting one currency to another, including any applicable spreads or fees, and I would also appreciate guidance on the timing and methodology used for determining those rates at the moment of processing.",32,exchange_rate,polite_expert
f59b9e50-91a1-472e-b1d3-900750624205,"Hello—could you tell me the exchange rate that will be used for my next international transfer? Please include where the rate comes from, the exact time it’s captured, and any spreads or charges that will change the amount I receive.",32,exchange_rate,polite_expert
c26c00a9-0fdb-44e7-9d8b-40ea7e32aa6b,"Hi, I’m trying to understand your pricing for currency conversion. What is the source for the exchange rate applied to my transaction, when is that rate set, and does your process add any fees that could impact the final value?",32,exchange_rate,polite_expert
f7968787-5cef-49ab-ab08-e18e272383f5,"Good day. Before I exchange currencies, I’d like to know the current rate your bank uses and whether it includes any spread or service fees. Also, can you confirm if the rates available right now are the ones that will apply?",32,exchange_rate,polite_expert
644d3fb3-149b-44c4-a934-67b5ff484de8,Hello—could you explain how you calculate the exchange rate for international transfers? I’d like to know which exact rate is applied at the time of processing and how any associated costs or spreads are reflected in the final credited amount.,32,exchange_rate,polite_expert
fb987cd9-dbc8-44c9-9eab-093b7c4809c4,"Hello, for my upcoming cross-border transfer, what foreign exchange rate will you apply? Please also describe how it’s determined—e.g., the reference source, any margins you add, and when the rate is fixed.",32,exchange_rate,polite_expert
f34519b9-281c-4794-8c3d-cf758f8f8d61,"Hey, I’m trying to swap currencies—where exactly are your rates coming from, and when do you lock in the rate for my transaction?",32,exchange_rate,gen_z_slang
98ebb221-fbc7-477c-bf54-e7a8b4c70d18,"What exchange rate are you applying to my international transfer, and when does it change on your side?",32,exchange_rate,gen_z_slang
b7993bc9-9f36-4ffa-b63f-c792c0e346fe,"Yo, I’m looking at the rate you’re quoting for my cross-border transfer—where’s that number sourced from, and why doesn’t it match what I’m seeing online?",32,exchange_rate,gen_z_slang
c4154136-b107-4ead-a943-3893a9d6a468,"Quick one—when you convert my money for an international transfer, when is the rate actually fixed for me?",32,exchange_rate,gen_z_slang
630b08a1-aa58-4329-a814-2b96410d0487,"If I do the exchange today for an international transfer, what’s the exact rate you’re using right now—and what amount should I expect back?",32,exchange_rate,gen_z_slang
56822040-acf9-432e-bbd8-7d8cea0c1a59,"What’s the live rate you’ll apply to my currency exchange, and are there any extra charges included in that quote?",32,exchange_rate,gen_z_slang
17941905-a8b4-4351-af35-fc364438013c,"Hi, I want to change my money to another currency. Please tell me what rate you give right now and where you get this rate from. Also is the rate the same for today, or will change later?",32,exchange_rate,non_native_speaker
d82637ed-2115-4424-a319-498af7d1c492,"Hello, I’m trying to exchange currency, but I’m confused about the exchange rate. Could you share the current rate and explain how you calculate it, including the currencies involved?",32,exchange_rate,non_native_speaker
ac78c9c6-cebb-4483-ac74-276d595de14c,"Hi there—before I send my transfer, I’d like to understand the foreign exchange rate. What method do you use to determine it, and which rate will apply to my transaction today?",32,exchange_rate,non_native_speaker
3be6ab20-4386-4895-9ce0-89135eed418f,"Hello, I’d like to exchange money today. Please tell me the live rate you’re using right now and whether it will stay the same for the rest of today.",32,exchange_rate,non_native_speaker
718a743f-c0ba-4d59-a8b6-8db88c6a5d2f,"Hi, I have a question about the rate for exchanging money. Why might your rate differ from the one I find online? Please explain how you decide the rate and where it comes from.",32,exchange_rate,non_native_speaker
e2536760-ae34-4848-ab2c-dc23623cf478,"Hello, I want to convert my money into another currency. However, the exchange rate seems to change each time I check—what exact rate will I receive, and when is it updated?",32,exchange_rate,non_native_speaker
0c7f0ea6-3fd1-481c-9cd4-bb6f05961d52,Live rates basis? fees? spread?,32,exchange_rate,short_wording
4546a621-8ab6-45d7-a399-5a001f6607f3,What’s the latest USD→EUR exchange rate?,32,exchange_rate,short_wording
0450d37f-d75f-48b2-8f22-64bb2ce9ebda,"Where do you pull the FX rate from, and how is it determined?",32,exchange_rate,short_wording
b8ff7c1e-03b4-452c-981a-e47370d0b8df,How much is the transfer costing in today’s rate?,32,exchange_rate,short_wording
412e1d96-f4d5-40f3-a53a-3c303d8b7f9e,Card FX rate for international purchases—what will the recipient get?,32,exchange_rate,short_wording
d9632ee8-1b9f-4b85-8081-1d64fc60991e,Need today’s currency conversion rate.,32,exchange_rate,short_wording
9b45e589-53e3-4717-b918-f81bf0857caf,"I’m trying to swap my money in your app, but it keeps acting like it doesn’t know what I’m doing—how the hell am I supposed to exchange dollars into euros there, step by step, because this is getting ridiculous.",33,exchange_via_app,angry_layperson
e57d62e4-45b2-448d-9864-68c22c19a045,"Your app won’t let me convert currencies—I've tried multiple times and it just refuses. Why is this feature broken, and what am I supposed to do instead?",33,exchange_via_app,angry_layperson
d8ecab2b-33e4-4e15-a0e1-f41bb4b4b7f9,"I’m attempting a currency exchange inside the app, but it acts like the conversion isn’t even available. What’s going on, and why can’t I get the exchange I selected?",33,exchange_via_app,angry_layperson
93a4f0ec-e03c-4713-9035-bdfba8cc0947,"How can I not exchange money here? I’m trying to swap currencies, but the app seems to ignore my choice—where is the dropdown or setting to change from GBP to another currency?",33,exchange_via_app,angry_layperson
6b38c544-b47e-4b79-a352-314e5111d80b,"I go to exchange funds in your app, and it keeps failing mid-process. I can’t switch from one currency to another—please explain why it won’t complete.",33,exchange_via_app,angry_layperson
da7b0559-81a4-4f73-b5f7-6936fd2b7758,"I’m trying to change USD to EUR in your app, but the transaction errors out every time. Either fix the problem or tell me exactly why the conversion keeps failing.",33,exchange_via_app,angry_layperson
4e0ebf43-6a88-462b-8f25-fe6301fb8d4c,I need to exchange currency right now inside the app. The rates look wrong or it keeps failing. I try to switch from GBP to USD and it will not complete. Money is stuck and I need this fixed immediately.,33,exchange_via_app,panicking_emergency
754d2660-4f7a-4000-a6dd-fbeab258fbc4,"My in-app currency exchange is broken. I chose GBP to EUR, but an error appears and the swap won’t finish—I'm blocked from trading until it’s resolved.",33,exchange_via_app,panicking_emergency
7a51436c-bd90-488a-bf0b-d641edfbc063,"I’m trying to do a currency exchange through the app, and it just won’t go through. I pick the currencies, nothing completes, and I need the reason and the exact workaround immediately.",33,exchange_via_app,panicking_emergency
a37ad486-1ff0-4117-bcfd-6c8f5bc7238d,Urgent: I can’t complete an exchange in the app right now. The swap keeps erroring out and won’t finish—please tell me the next steps to get it working.,33,exchange_via_app,panicking_emergency
29a8adf7-440c-4352-a3f9-f20225b8e2e0,"I need this currency exchange done today in the mobile app. When I attempt it, I either get stuck on a screen or it fails—please walk me through what to do right now.",33,exchange_via_app,panicking_emergency
f7b82122-c3c8-4061-97a6-e614ecbe6ea4,"The exchange feature in the app won’t even start for me. The buttons won’t respond, and I’m stuck mid-process—please fix it quickly and tell me how to proceed.",33,exchange_via_app,panicking_emergency
be925e0d-e0da-4d97-b13c-6321179ce38c,"Good day, I would like to exchange currencies within the mobile banking application; could you please advise how I can convert my existing balance from one currency to another (for example, obtaining GBP instead of AUD), including the steps to complete the exchange and what rate and fees will apply?",33,exchange_via_app,polite_expert
884f2e6a-17b8-4c09-8870-80a728af9052,"Hi there—I'd like to swap currencies in the mobile banking app. Can you tell me how to move from my GBP balance to AUD, how the app calculates the rate, any charges involved, and when the converted amount will show up?",33,exchange_via_app,polite_expert
11b5c79d-dea7-4c53-8a72-0aae79885a98,"Hello, I’m trying to complete a currency exchange in your mobile banking app, but the transfer won’t go through. Please walk me through the proper workflow and let me know if there are any limits, identity checks, or account requirements that could be blocking the exchange.",33,exchange_via_app,polite_expert
ffa136a8-f2c9-41a0-80c4-20ae1533787e,"Good day. I want to perform an in-app currency conversion. Could you explain the steps to exchange one currency for another and confirm what rate, fees, and expected processing time apply?",33,exchange_via_app,polite_expert
e4aa8460-acac-4c10-ace1-43787b74d088,"Hello! Does your mobile app offer currency exchange? If yes, please describe how I can convert GBP to AUD, and advise which fee schedule and exchange rate would be used for the transaction.",33,exchange_via_app,polite_expert
6ab29605-4ba4-4b1b-af0e-589df6c5f08b,"Hi, I’m having trouble finding the currency exchange feature in my banking app and completing the conversion. Can you guide me to the right screens and confirm whether this option is enabled for my specific account?",33,exchange_via_app,polite_expert
3f2762e7-f23f-48c9-9694-a8eb072529ad,"Yo, how do I swap my USD to EUR in the app? I can’t find the option anywhere—can you point me to it?",33,exchange_via_app,gen_z_slang
13a09c77-839a-426e-8197-2e7de71f66cb,"Yo—where’s the button to convert money inside the app? I’m holding GBP but I need AUD, and I wanna know if they charge anything or give a sketchy rate.",33,exchange_via_app,gen_z_slang
33042043-0e56-46aa-8443-2c535e767eff,"I’m trying to do an in-app conversion from USD to GBP, but it keeps glitching and won’t finish. What should I try, or where do I go to fix it?",33,exchange_via_app,gen_z_slang
e9bac6d2-be79-4b91-ae7d-f6f797a61a43,How do I switch currencies in the app? I’ve got GBP and I need AUD—can I see the exchange rate upfront before I hit confirm?,33,exchange_via_app,gen_z_slang
b3402532-2fc9-487a-98e4-87d84e51dc89,"Quick one: how can I trade currencies in-app? I want to move from GBP to AUD, but the menu options aren’t lining up—can you show me the right path?",33,exchange_via_app,gen_z_slang
9b764e6e-4a3c-4c2a-8f16-be2a2082b8a0,"Can I exchange currencies directly in the app for a trip? If I swap my balance to another currency, what’s the typical processing time?",33,exchange_via_app,gen_z_slang
6f0eb1b3-960d-4b00-8d5e-11a542ffc49d,"Hi, I want to change my money in the app from USD to EUR. How can I do that exchange? I can’t find the option, please help.",33,exchange_via_app,non_native_speaker
2b8a616f-33eb-4094-a0c5-a1c566cc36f0,"Hello! I’m trying to swap currencies using the app. What should I tap to move from USD to EUR? Also, please confirm if any charges or limits apply.",33,exchange_via_app,non_native_speaker
a9689a3e-98c9-46a2-ac61-392c4819639a,Hi there—I'm holding USD and I need EUR. Where in the app can I perform a currency exchange? Please explain the process.,33,exchange_via_app,non_native_speaker
df1cc760-44f6-4694-882c-3f35b996fd90,"Hi, I want to convert my funds to a different currency, but I can’t find the feature in the app. Could you guide me with the exact steps?",33,exchange_via_app,non_native_speaker
be222bee-9293-495a-aaa3-998d9d18fb47,"Hello! I need to do a currency exchange in the app, but I’m not sure which screen has it. How can I switch from one currency to another?",33,exchange_via_app,non_native_speaker
16200f35-b5ee-4ab7-a4e2-f07f01349ced,"Hey, can you help me exchange currencies in the app? I currently have USD and I want EUR—what do I need to do?",33,exchange_via_app,non_native_speaker
393c2fca-8dc1-4ca6-add3-8d58eea65337,Need currency exchange in app,33,exchange_via_app,short_wording
6c943fca-1677-47a1-9d42-5e29704eefd7,Currency exchange in app?,33,exchange_via_app,short_wording
6ded0ae1-8055-487b-96af-136ced5e7f59,Convert my GBP to AUD right in the app?,33,exchange_via_app,short_wording
0f1c2924-f132-46ae-9fd5-a83c4d44206c,Exchange money in app?,33,exchange_via_app,short_wording
41dbc7c8-3ffa-4c35-8620-832e5bb1d0a5,Currency exchange in app? GBP to EUR.,33,exchange_via_app,short_wording
a0553437-3d79-45ef-9fbf-dec2c172776b,I want to swap currencies using the app.,33,exchange_via_app,short_wording
c2b22674-fddb-49b0-b9a6-cbfcb6d2e0d3,"What the hell is this extra charge showing up on my statement? I didn’t agree to it and I’m getting charged for no reason—somebody better explain and fix it immediately, because this is straight-up bullshit.",34,extra_charge_on_statement,angry_layperson
4b3ecee6-ccda-4849-8fd7-2fdc399b8e2b,"Why is there an extra fee on my statement when I never authorized it? I wasn’t notified, and I’m demanding a refund immediately.",34,extra_charge_on_statement,angry_layperson
62972890-eb11-4490-a63a-2e4e4c01cdb0,I just saw a $27 charge on my statement that I didn’t approve. There’s no clear explanation—please reverse it and explain exactly what it was for.,34,extra_charge_on_statement,angry_layperson
a95db179-f9cd-4eb6-9ce1-90c327b44e5e,"This charge on my statement makes no sense. I never agreed to any extra fees, so tell me the reason and correct it right away.",34,extra_charge_on_statement,angry_layperson
f53d2fed-7a1d-44f2-9cb9-1bb474a68e99,I’m seeing an unexpected extra charge on my account and nobody warned me. Remove it and refund my money now.,34,extra_charge_on_statement,angry_layperson
57435eec-7110-47de-a1f0-3abda88f4af8,There’s a $1 charge listed on my statement that I didn’t authorize. Stop taking money without permission and issue the refund.,34,extra_charge_on_statement,angry_layperson
3a84512c-347a-4c18-837e-03db5e808495,My statement shows extra charges I did not approve I am freaking out Please tell me why they are there and how to get them reversed I need this resolved today,34,extra_charge_on_statement,panicking_emergency
82dd7d14-cb48-4ed8-bf08-6a724447d23f,I reviewed my bank statement and found a charge that wasn’t part of my purchase. I’m worried because I don’t recognize it at all. Can you tell me what it is and help me get it undone as soon as possible—today.,34,extra_charge_on_statement,panicking_emergency
34989ffb-38b7-497c-9f02-34973e09046b,"Something on my account keeps getting flagged as an extra $1 fee, and I never gave permission for it. Please investigate why it’s listed and reverse it right away. I need this handled immediately.",34,extra_charge_on_statement,panicking_emergency
d8225075-0928-4a16-be27-57a2fc46357d,I’m extremely stressed—there’s an unauthorized $1 charge on my statement that appeared today. I need it reversed urgently and I also want details about what the charge was for and how it showed up.,34,extra_charge_on_statement,panicking_emergency
555b3b0d-d44b-4c9f-a746-5850c0bdffc1,"I just noticed a £2 charge on my statement that I didn’t approve. I want it refunded today, and I need confirmation that the reversal has been started. Please explain the reason for the fee first.",34,extra_charge_on_statement,panicking_emergency
aa4f6b68-b3ed-4afe-b746-4673f8dee426,"Please help—another unexpected fee is showing on my bank statement. I did not authorize it, and it looks like a random charge. I need a clear explanation and the amount removed if it’s incorrect.",34,extra_charge_on_statement,panicking_emergency
2cf2125c-900d-4fc0-93c9-2af80c6af003,"Good day, I am contacting you because I noticed an unexpected additional charge on my recent card statement—specifically an extra fee of £1—which was not disclosed to me at the time of the transaction, and I would like to request an explanation and, if applicable, a refund.",34,extra_charge_on_statement,polite_expert
05fd0a7b-3a26-478d-a711-7cbf7285796d,Hi there—I'm seeing a £1 pending charge in my banking app that I can’t link to anything I did. Please check who/what triggered it and let me know if it should be cancelled or posted.,34,extra_charge_on_statement,polite_expert
5564d948-f936-43ce-9396-7df5373cc3a9,"Hello, I noticed a charge on my latest statement that I don’t remember approving. Can you review the transaction details and advise whether it’s a mistake that can be refunded or reversed?",34,extra_charge_on_statement,polite_expert
0e543919-f183-4e6f-9835-27175290b606,Good afternoon. A fee has shown up on my statement that I can’t place to any purchase or subscription. Could you tell me what it is for and whether it can be removed if it’s incorrect?,34,extra_charge_on_statement,polite_expert
ce961f82-ce4f-41c0-843a-d3340adb329e,"Hi, I’m contacting you because my most recent bank statement includes an extra line item of a fee I didn’t authorize. Please look into the reference and confirm if a correction or reversal will be applied.",34,extra_charge_on_statement,polite_expert
2bd22827-de05-41ab-8103-bcb49029dd97,"Hello, I’d like to report an unexplained deduction of £1 on my recent account statement. The label doesn’t match any transaction I recognize—could you investigate and confirm whether the amount will be adjusted back?",34,extra_charge_on_statement,polite_expert
ab21b2d6-1852-4f87-ae9f-a34fbc051c81,"Yo, I checked my statement and I got hit with an extra charge I don’t recognize—can you tell me why it’s there and if it can be reversed?",34,extra_charge_on_statement,gen_z_slang
19356d48-aa16-447d-8d47-911b0203d9fe,"Yo, I looked at my statement and there’s an extra $1 on there that I don’t recognize—what’s that about, and how did it even get posted?",34,extra_charge_on_statement,gen_z_slang
f35a3792-1538-4ea7-a868-b54e7072a0a8,"Bro, I checked my account and I’m seeing a weird extra fee/charge I didn’t sign off on—can you explain what it is and why it’s there?",34,extra_charge_on_statement,gen_z_slang
bb02ab06-7d82-4f5d-ae54-316e531836a0,"Hey, I noticed a small extra €1 charge on my statement that wasn’t there earlier—any idea what triggered it or what it’s supposed to cover?",34,extra_charge_on_statement,gen_z_slang
5975892d-25ae-4a11-b01f-fede3d5effa2,"Yo, my statement shows an extra €1.50 charge that I didn’t have before—what is it for, and why did it get added?",34,extra_charge_on_statement,gen_z_slang
66fefbdd-0d8e-4e9d-8a12-ce7abc057acf,"Hey, I just pulled up my statement and there’s a random $1 charge I can’t explain—I didn’t make any purchase for that. What is it and why is it appearing?",34,extra_charge_on_statement,gen_z_slang
fe834221-64ef-40b7-a117-6c671e834fd0,"Hi, I check my bank statement and I see a extra charge of $1.00. I don’t know why this happen. Can you tell me what it is and if you can reverse it?",34,extra_charge_on_statement,non_native_speaker
4887b0b5-bf04-45bd-af9f-8a840456b03d,"Hello, I reviewed my account activity today and noticed an additional £1.00 fee. Could you explain what caused it and whether it can be refunded?",34,extra_charge_on_statement,non_native_speaker
f0fa8f93-e1bc-4129-b24c-ea27459594ff,"Hi, there’s a new unexpected charge shown on my bank statement related to my most recent payment. I did not authorize this charge—please investigate and let me know how to reverse it.",34,extra_charge_on_statement,non_native_speaker
bde0e07d-155d-4dae-afbc-8ae714c3120b,"Hello, I checked my statement and found a mysterious extra debit that I don’t recognize. Can you tell me what it is and why it appeared on my account?",34,extra_charge_on_statement,non_native_speaker
38846b82-7713-4392-b07e-a0b75c6bb5c8,"Hi, I looked at my bank statement today and noticed an additional small fee. I’m not sure what it refers to—could you confirm the reason and advise if it can be taken off?",34,extra_charge_on_statement,non_native_speaker
043f2941-09b1-4023-a655-08a310371a68,"Hi, I was checking my bank statement and saw a €12 charge that I don’t understand. Please help me find out why it was deducted and whether I can receive the money back.",34,extra_charge_on_statement,non_native_speaker
186291c9-0cdb-4253-8b16-f68b82f737e6,Extra fee on statement—why?,34,extra_charge_on_statement,short_wording
31865f71-c3f9-4b7d-93bf-6ec92e1c6929,I see an extra $1 on my statement for several days—can you explain?,34,extra_charge_on_statement,short_wording
80e2657e-abcc-4fc0-ad81-d98e14bfa160,There’s a pending extra charge listed on my statement; what does it mean?,34,extra_charge_on_statement,short_wording
df024596-8fce-40aa-9629-6d227ededf33,Why is there an additional fee appearing on my account statement?,34,extra_charge_on_statement,short_wording
b42f8e00-58f3-4f81-a871-2783032d1667,My statement includes an unfamiliar extra charge—what is it for?,34,extra_charge_on_statement,short_wording
2bb06f55-d600-4ea8-b9ef-c3db16a77a83,Why am I being charged an extra $2 on my statement?,34,extra_charge_on_statement,short_wording
6c3c3677-28ec-426c-b9c8-303248125b6f,"My transfer didn’t go through, and it keeps saying it can’t be completed—what the hell is going on with my money?",35,failed_transfer,angry_layperson
e28ad7f6-eb50-4c4e-9dad-cb922fbae259,"I attempted a transfer and it failed, and now I’m stuck waiting with no real explanation. Why won’t it complete, and when will you actually fix it?",35,failed_transfer,angry_layperson
dce0ae0a-811c-46f0-9ead-df23b88059e8,"I went to move my funds, but the transaction just wouldn’t complete. I’m fed up—please sort this out immediately.",35,failed_transfer,angry_layperson
5ea99dea-399b-4972-9e65-4221bd18b775,"Every time I try to transfer money, it errors out and I can’t get it through. This is unacceptable—tell me what’s blocking it and fix it fast.",35,failed_transfer,angry_layperson
53cf9bda-c091-4990-a763-85880a53609b,"I attempted to send funds, and it keeps failing over and over. What is going on with your system—can you get my transfer working now?",35,failed_transfer,angry_layperson
826ecc2c-69f0-48c7-a568-14822497af23,"My transfer keeps getting denied, even after I tried again today. This is really frustrating—please investigate and make it go through.",35,failed_transfer,angry_layperson
7f9ef6bf-abe1-4b34-bcaf-2a1eac88eb5d,My transfer did not go through again. Money not sent. I tried multiple times now. Please fix whatever is blocking it today. I need this resolved immediately.,35,failed_transfer,panicking_emergency
8a23fb0c-f485-4ce8-a053-d75078ef69c0,The payment won’t complete—every attempt ends the same way. I’ve retried several times and still nothing posts. Please investigate immediately and make sure the transfer is processed today.,35,failed_transfer,panicking_emergency
3ca1aa1c-243e-4458-a932-f66eb4941ee4,"It looks like my funds left my account, but the other side never got them. The transaction keeps failing, and I need answers right now. Check the current transfer state and explain what went wrong.",35,failed_transfer,panicking_emergency
d90d40a6-0fe1-43cf-ab15-92a8eb952f8c,"I attempted a transfer and it didn’t go through. The recipient shows no deposit, and the system indicates failure. Please correct the issue and tell me the latest status of my transfer.",35,failed_transfer,panicking_emergency
89208814-e16d-4f80-9151-7548c5750c90,"I’m getting an error each time I try to send money to my bank. This keeps failing, and I urgently need it processed today. Please identify what’s blocking the transfer and advise the fastest fix.",35,failed_transfer,panicking_emergency
4112ad0d-acc8-42a1-a668-41be35c4eee1,"Again, the transfer failed after I submitted it. The funds didn’t arrive, and I’m running out of time. Please confirm what happened and verify whether the transfer is still pending or stuck.",35,failed_transfer,panicking_emergency
8d9f21eb-f333-40aa-8660-1bc469d28ed8,"Good day, I am contacting you regarding a bank transfer that did not complete successfully; the transaction was initiated from my account, yet the payment could not be processed and has not been delivered as expected, so I would like to understand the reason for the failure and the expected timeline for any reversal or completion.",35,failed_transfer,polite_expert
bf4a2dd4-dbff-4bb6-b61a-0d8d250a6a70,"Hi there—my bank transfer is failing to go through, and the payment isn’t processing as it should. Can you help me figure out the most common causes and what I should do next to get it completed?",35,failed_transfer,polite_expert
c0b5c126-9645-4ed4-b54c-34b4fbc71ca0,"Hello, I made an international transfer recently, but it ended in a failure and the recipient did not receive the funds. Please tell me why it may have been rejected and how I can request either a correction of the transfer or the return of the money.",35,failed_transfer,polite_expert
5a4360a4-7250-4b51-b072-e4ecde14a137,"Good morning. I tried to send a transfer today, but it was declined and never completed. Could you look into what likely caused the rejection and share the steps needed to complete it successfully next time?",35,failed_transfer,polite_expert
352f986a-49b1-4ee4-92ba-e4d208e0f867,"Hi, earlier today I attempted to transfer money to another bank account, but the transfer keeps getting rejected and won’t complete. What could be triggering the failure, and what details or actions should I provide to fix it?",35,failed_transfer,polite_expert
c41f7e3f-674a-4f03-9974-d8048ec29e60,"Hello, I’m trying to make an international transfer, but the transaction stalls and the recipient doesn’t receive the funds as expected. What are the likely reasons, and are there any checks or extra information required before it can succeed?",35,failed_transfer,polite_expert
c8b56baa-c8be-46cf-9652-777aeb3fc1f0,"Hey, I tried sending money to someone just now and the transfer wouldn’t go through—it keeps throwing an error when I try to confirm. Can you check what’s up and tell me how to get it completed?",35,failed_transfer,gen_z_slang
87b2e3aa-5b2f-4ce1-a8ed-e8702c15891c,Bro my transfer’s acting up—it won’t complete and keeps popping that same failure message. Any idea what’s causing it?,35,failed_transfer,gen_z_slang
87555f36-cfd6-4539-a154-089da43c1f2d,I attempted a money transfer earlier and it just keeps crashing with an error. Can you help me pinpoint what’s blocking it?,35,failed_transfer,gen_z_slang
b39b556c-e19e-44f0-875f-75dfb54a1369,My payment keeps getting denied when I try to send it—like it never even goes through. Can you check and tell me how to sort it out?,35,failed_transfer,gen_z_slang
791cd767-62c0-4d38-8a99-d1da2bf9dd63,"Tried transferring money a bit ago and it failed outright. What usually causes that, and what should I do next?",35,failed_transfer,gen_z_slang
61df47dd-163c-4156-9aad-0ee1a8f4aec1,"Yo, every time I try to send money, the transfer just won’t go through and I get stuck in limbo. What’s going on?",35,failed_transfer,gen_z_slang
e9718d3b-e4a8-4d3d-97f4-7e9d3927781c,"Hi, I tried to make a transfer this morning, but it keeps failing and not going through. Can you check why my money not sent and fix it please?",35,failed_transfer,non_native_speaker
8eb644a1-f10b-48b3-9915-02f21713c81c,"Hello, I attempted a money transfer to my friend, but it gets rejected. The app shows “transfer failed.” Could you investigate and tell me what needs to be changed so it works?",35,failed_transfer,non_native_speaker
da413836-4dfa-4eb7-ae29-d296441aaa69,"Hi there, I’m trying to move funds to a different bank, but the payment keeps coming back. I don’t understand the reason—can you check the cause and advise how to resolve it?",35,failed_transfer,non_native_speaker
28462971-bc01-4279-8219-0a5c624fe3de,"Hello, my bank transfer won’t complete. It says it cannot be processed, but there’s no clear explanation. Please check what’s blocking the transaction and help me fix it.",35,failed_transfer,non_native_speaker
a4d8ee73-a78c-4313-b9b1-9f75d5f9666e,"Hi, I made a transfer to my friend earlier today, but it didn’t go through. I received an error and the money stayed where it was. Can you look into it and let me know how I can correct the issue?",35,failed_transfer,non_native_speaker
ae00e41a-0a7b-4c30-9900-5d8814dba55b,"Hello, I tried sending money today, but the transfer didn’t finish. I only see a failure notice and I can’t complete the operation. Can you tell me why this is happening?",35,failed_transfer,non_native_speaker
80095262-ba4d-4ca5-99da-681ed041e0fa,"Transfer failed, funds not received.",35,failed_transfer,short_wording
09cde14f-cb86-4eff-b22f-87fe4a13c3da,I couldn’t get the transfer—no funds arrived.,35,failed_transfer,short_wording
9d51bf3c-c6b5-4e24-95a2-32a20be4fe3e,"Transfer rejected twice today, help?",35,failed_transfer,short_wording
149689cc-c47b-4cb2-bb0c-e65b99f7bfe1,"Transfer not going through, keeps failing. Please check.",35,failed_transfer,short_wording
0814a79b-7a88-43ff-b45c-da6a770a7902,Transfer failed to complete; pending?,35,failed_transfer,short_wording
f53232ff-72da-451f-9c96-2468e9e175a7,The payment keeps being turned down. Can you verify it?,35,failed_transfer,short_wording
4ad7d30b-340b-4455-81a3-875b0a5c8bb3,"I’m sick of this—what regular money types do you actually support for deposits and transfers, and how the hell do I switch my account to use euros?",36,fiat_currency_support,angry_layperson
50743e25-cbd2-4cd7-9244-8359a35476d5,"List the currencies I can keep and move around here—do you support EUR, or am I stuck with whatever limited options you’ve decided to offer?",36,fiat_currency_support,angry_layperson
b5774a5f-9ad1-4ac8-b525-3390ad7e5bec,"Stop dodging it—tell me exactly which fiat currencies are supported for holding and using. What’s allowed, and what’s not? Give me the actual list.",36,fiat_currency_support,angry_layperson
451bdc90-2a3f-48f2-afa6-26846f95c542,"Enough already. Besides USD, which currencies can I store in my account and use day to day? Don’t hand-wave—just be specific.",36,fiat_currency_support,angry_layperson
e8fca1db-2deb-440d-a1d0-a54ea278a134,"How many real fiat currencies does your platform actually handle? If it’s limited to one, say so—otherwise tell me how to switch my balance to euros.",36,fiat_currency_support,angry_layperson
fa35372a-e127-48a0-b175-6ed5fe901926,I want the facts: which fiat currencies can I deposit and withdraw with? Tell me clearly which ones you accept so I’m not wasting time.,36,fiat_currency_support,angry_layperson
6863e5b3-1b38-4562-8078-5b629e80526c,I need to know which real world currencies you support right now. I have money in a different country and it is blocked. Which fiat currencies are supported for holding and transfers. Tell me today.,36,fiat_currency_support,panicking_emergency
9dab2d90-4411-4ee4-af24-327de1e7450f,"Quick—can you confirm every fiat currency available on your platform? I’m trying to access funds from abroad, but transfers are blocked. Tell me which countries support each currency and do it immediately.",36,fiat_currency_support,panicking_emergency
81cfae06-8c13-4f6f-9505-e47235d71fa1,Emergency: I can only see one currency setting and I must add more right now. How many different fiat balances can be held simultaneously? Please confirm whether you allow extra currency options—my transfer won’t go through until this is enabled.,36,fiat_currency_support,panicking_emergency
fa068c16-dcf2-4a01-aea1-3cb922601f6a,"My wallet won’t let me change currencies. I can’t add a new fiat balance or switch from the current one, and I need to receive and pay in another currency immediately. Incoming transfers are showing pending/blocked because it’s not the default—tell me the fastest way to turn it on.",36,fiat_currency_support,panicking_emergency
4235fbdb-bb71-4938-92a1-5e920c5233a3,I need to exchange my money now I have funds in USD and I need EUR Do you support exchanging between these currencies right away Or are there limits fees I cannot wait please confirm which currency pairs you support,36,fiat_currency_support,panicking_emergency
95749ec5-4bb9-4bc4-80b4-bec61b34677a,I need to convert my money right now but your system will not accept my currency choice What currencies do you support Tell me if you can handle USD and EUR and how to exchange fast My transfer is stuck and time is running out,36,fiat_currency_support,panicking_emergency
5441ecc0-2c6e-4f75-abcf-01565e5ad555,"Good day, I would like to confirm which fiat currencies are supported for holding balances and conducting transactions, and whether there are any restrictions by country or region for receiving and exchanging those currencies.",36,fiat_currency_support,polite_expert
f51d3be9-21fe-436b-aea7-fa9cd01f73d2,"Hi—please tell me which fiat currencies are available on your platform for custody and exchanging, and whether availability varies depending on the country where I’m located.",36,fiat_currency_support,polite_expert
7d950e4c-e3c5-444b-8976-1674c0f78536,"Hello! I’d like to know what fiat currencies you accept for account funding and balances, and whether I can receive payments in a currency other than USD.",36,fiat_currency_support,polite_expert
951aa605-80d0-45b7-bd02-d671e4fbca3c,"Hi there—do you support fiat-to-fiat transfers? In particular, I want to convert my local currency into EUR and would like to understand any fees and the exchange-rate information you provide.",36,fiat_currency_support,polite_expert
ad54bb08-6cab-49e2-81ac-749c737c8d96,"Good day. Could you confirm which fiat currencies are supported for both deposits and withdrawals, and point me to any page or official guide listing the available currencies and limitations?",36,fiat_currency_support,polite_expert
2e7b8cf1-5a45-44f1-98c9-c2ce7e15cbc5,"Hello—can you share the fiat currencies your service supports for holding funds and exchanging them? Also, let me know if there are any caps or specific currency pairs for each supported currency.",36,fiat_currency_support,polite_expert
4805486a-1fbc-4867-9fcd-603a22fad0a1,"Hey, quick question—do you support multiple real-world currencies for deposits/withdrawals, like USD/EUR? If so, which ones are available and can I exchange between them inside the app?",36,fiat_currency_support,gen_z_slang
f6f55cb4-2d52-40cb-891a-cfb671bf902f,"What real fiat currencies are supported for deposits/withdrawals and trading in-app? Also, how many different ones can I store in my balance?",36,fiat_currency_support,gen_z_slang
6badb0d5-223f-4e2a-810e-916b97f64dad,"Can I hold and exchange specific fiat currencies in my account? If yes, which ones are available and are there any restrictions on supported options?",36,fiat_currency_support,gen_z_slang
e1f3813e-99b9-462b-99b4-32c7f668bb2b,"Yo—what fiat currencies can I keep in my account and swap? If there’s a “not supported” list, tell me which currencies are excluded.",36,fiat_currency_support,gen_z_slang
487060f2-5d84-4ae7-9144-1343e6f68727,Do you offer exchanges that convert my funds into EUR? Where in the app would I go to swap to EUR?,36,fiat_currency_support,gen_z_slang
eea166b1-d284-4b81-a90c-8e557309d7a2,"Which fiat currencies can I withdraw or exchange? I’m trying to figure out if EUR is available, or if it’s basically USD-only.",36,fiat_currency_support,gen_z_slang
587eaa43-80bd-4866-9fb9-15a180eb6fba,"Hi, I want to ask: what fiat currencies you support for deposit and for trading? I want to check if my currency is available, please.",36,fiat_currency_support,non_native_speaker
5f9c04af-ae66-46d4-880b-7a699a1158d4,"Hi, I have a question about money in my account. What currency can I use here, and can I change it to another one like EUR?",36,fiat_currency_support,non_native_speaker
aa7e9069-f536-474b-8e0b-f8d56026f121,"Hi, I want to exchange my money. Do you have any fiat currency exchange, like EUR or GBP, or only USD? Please tell me which currencies you support.",36,fiat_currency_support,non_native_speaker
ad7346a0-634b-4cf3-9d79-abc78b20e8a5,"Hello—could you confirm which fiat currencies are available for exchange? For example, do you support EUR and USD, or only specific ones?",36,fiat_currency_support,non_native_speaker
d5cb8d3a-f007-487d-8c70-c7d882fac545,"Hi there. I’m trying to convert my balance into EUR—does your platform allow EUR deposits and trading, or do you only support other fiat options?",36,fiat_currency_support,non_native_speaker
0a8f29b6-0514-4eb4-9a27-72588d461f21,"Hello! I need to switch my funds to EUR. What fiat currencies do you offer, and what’s the process to exchange them?",36,fiat_currency_support,non_native_speaker
66e304e0-0efb-4fa3-8600-a9117b9f7c64,Which fiat currencies support exchange?,36,fiat_currency_support,short_wording
8d54e080-9689-49c6-899b-d21fa22bdecf,What fiat currencies can I trade with?,36,fiat_currency_support,short_wording
eec9a0ec-79d6-4d57-adf2-bd367cb8d13a,"Which fiat are supported, and what are the exchange rates?",36,fiat_currency_support,short_wording
b0ebd4af-1352-4353-8fe5-0c9cc73503cc,Can I exchange my fiat into USD?,36,fiat_currency_support,short_wording
dc689598-4f8a-4099-9c3f-663f4865f266,"Tell me which fiat you support for exchange, plus the rate and any fees.",36,fiat_currency_support,short_wording
f88ac334-f1c8-466f-84ad-8e8ea9c39b69,Do you support holding and exchanging these fiat currencies?,36,fiat_currency_support,short_wording
8d5a7555-e24c-4c26-90e2-fb7c73b10ce0,"I’m trying to make a disposable virtual card and it’s not letting me, and I’m sick of this hassle—where the hell is the option to create one, and why can’t I use it right now?",37,get_disposable_virtual_card,angry_layperson
a3f7a874-8a81-4133-b582-0122f8d2471f,"This is driving me crazy—how do I obtain a disposable virtual card? I’ve looked everywhere and I can’t spot the setting, and I really need it to work immediately.",37,get_disposable_virtual_card,angry_layperson
61bd4fb2-bad1-4a8d-9265-6cdeed90ca21,"I want a temporary card number for online purchases, but the option never shows up. Don’t give me generic answers—tell me where to enable it and get it done.",37,get_disposable_virtual_card,angry_layperson
10e68023-631a-48af-805a-030c5f54a774,"I’m attempting to use a one-time virtual card, but I can’t locate the feature at all. Why is it so hard to find, and what steps do I follow to get one right now?",37,get_disposable_virtual_card,angry_layperson
19b484a8-f269-4720-94fc-ab23ba8315d7,"I’m trying to generate a disposable virtual card, and it keeps blocking me. What’s the exact process to create it, because I need it immediately—no excuses.",37,get_disposable_virtual_card,angry_layperson
6c2887b8-e5c3-43e6-b3c6-9d0310e1ab8e,"Where the heck is the disposable virtual card option in this app? I need a temporary card right now, and I’m not seeing any instructions or buttons to make it happen.",37,get_disposable_virtual_card,angry_layperson
80cc743d-ead2-46a3-b27d-d78f4fc601f0,I need a disposable virtual payment card now. I cannot find the option anywhere in my account. I need it for an urgent online purchase tonight. Please tell me how to create one immediately and fix this access problem.,37,get_disposable_virtual_card,panicking_emergency
06ea56a0-9588-4c96-ae3c-4a5f61ef15c5,"Urgent—how can I create a disposable virtual card immediately? The payment screen won’t let me proceed, and the app isn’t showing any card-setup option. Please tell me what to tap and how to use it before the deadline.",37,get_disposable_virtual_card,panicking_emergency
5b52884f-1b06-46d9-8a66-18d438ef791a,I’m in a bind: I need a one-time virtual card for an online checkout today. I can’t locate the feature in my account. Can you walk me through the fastest way to generate it and verify it works for a single purchase?,37,get_disposable_virtual_card,panicking_emergency
875ffe57-98f6-42cc-8fa1-bd4a04a66334,"My real card feels unsafe, so I need a temporary disposable virtual card ASAP for an urgent order. Where in the app do I create it, and what steps should I follow? Also, if it requires extra verification or gets blocked, please warn me right away.",37,get_disposable_virtual_card,panicking_emergency
ff00d157-018b-4ffb-91e6-752c003799eb,"I need a disposable virtual card immediately, but I can’t see the option inside the app. I only want it for one transaction, then it should end automatically. Tell me the quickest way to obtain it and let me know if there are any time or transaction limits.",37,get_disposable_virtual_card,panicking_emergency
82b38240-8a32-426e-9f80-b9c397867be1,"Please help—I’m trying to get a disposable virtual card right now, but I can’t find where it’s available in the app. What are the exact steps to generate one instantly? I’m racing against the payment deadline and need this done fast.",37,get_disposable_virtual_card,panicking_emergency
2ebcee56-8213-4423-b2bf-4343934e8453,"Good day, I would like to request guidance on obtaining a disposable virtual card for online purchases, including where I can activate it, any eligibility requirements, and whether there are limits or fees associated with generating one.",37,get_disposable_virtual_card,polite_expert
e4e6a95a-028a-48f7-92c9-970c83ccacce,"Hello—could you walk me through how to get a disposable virtual card for online payments? I’d like to know when it becomes usable, plus any limits, restrictions, or fees that might apply.",37,get_disposable_virtual_card,polite_expert
a92d0feb-39fa-4833-aef2-6d8c7dcd72f3,"Hi there, I’m interested in a one-time virtual card. Please share what I must qualify for, the step-by-step process (including timing), and any caps, charges, or other constraints.",37,get_disposable_virtual_card,polite_expert
fa428ebd-38e7-4264-9c19-60b6869ffabb,"Good day. For a forthcoming online checkout, I need a single-use virtual card. Can you confirm whether I’m eligible, what spending/usage limits exist, and the exact way to create it in my account?",37,get_disposable_virtual_card,polite_expert
34c9e332-5873-4523-baf9-3588e6cae1c8,"Hello—I'm trying to set up a disposable virtual card, but I can’t find the feature in my settings. Could you verify if my account supports disposable cards and explain where to go and what to configure (e.g., validity, number of uses, and eligible transaction types)?",37,get_disposable_virtual_card,polite_expert
64d53a1b-05d7-4af5-b77a-079595eac1f2,"Good day. I’d like to generate a disposable virtual card for a particular purchase. What are the requirements and the precise steps to create it, and how long will it remain active before it stops working?",37,get_disposable_virtual_card,polite_expert
1e8f5608-7607-4e0a-b1fa-23d0d82df0b8,"Hey, can I get a disposable virtual card for my account? If yes, how do I set it up and can I use it for online purchases right away?",37,get_disposable_virtual_card,gen_z_slang
de0ca5e0-c052-4f39-8a11-41e4b09a74d7,"I need a disposable virtual card for a single checkout—where in the app do I request it, and do they cap the number of cards I can make?",37,get_disposable_virtual_card,gen_z_slang
570df35e-5dc2-4ca4-a9fe-d9c2cf66caf9,What’s the quickest way to set up a one-off virtual card for buying stuff online? Tell me where to tap in the app and when it actually appears.,37,get_disposable_virtual_card,gen_z_slang
69fcc84e-5ab3-4f61-8d39-0acf2d9aabfd,"How do I make a disposable virtual card for an online order, and where can I locate it inside the app?",37,get_disposable_virtual_card,gen_z_slang
3de0fc15-34e3-415b-8098-33f21be9bf97,"Can I set up a disposable virtual card for online payments—like what’s the steps in-app, and will it work immediately?",37,get_disposable_virtual_card,gen_z_slang
d521e095-c05c-4c7a-abe1-b1975d8df3e1,"For a one-time purchase, how can I grab a disposable virtual card fast? Also, is there a limit on how many I’m allowed to generate?",37,get_disposable_virtual_card,gen_z_slang
9f98492f-17be-4c10-b25c-a8caa3132852,"Hi, I want to get a disposable virtual card for online payment. How can I create or request it? Please tell me the steps and if there is any fee.",37,get_disposable_virtual_card,non_native_speaker
69a1a56b-ee16-4c4c-80ad-da5cbdc3dfc4,"Hello! I’d like a one-time virtual card for shopping online. What should I do to set it up, and what’s the first step?",37,get_disposable_virtual_card,non_native_speaker
ff5967b7-3e29-4257-a754-4de0e924603e,Hi there—could you guide me on getting a temporary virtual card for single use? Where in your service can I request one?,37,get_disposable_virtual_card,non_native_speaker
dc7c65de-cd7b-43df-9dd7-63c2bc0c1bc4,"Hello, I’m trying to obtain a disposable virtual card for online transactions. Are there any charges or spending limits I should know about?",37,get_disposable_virtual_card,non_native_speaker
ccf7b010-3cb1-474c-adb3-3d25a5ee1ea8,"Hi, please help—I'm looking for a virtual card that works only once. I can’t find the disposable option inside my app; where do I go?",37,get_disposable_virtual_card,non_native_speaker
d826b988-d22e-4585-8fc2-682d249ee3e0,Hey! I want to create a temporary virtual card. Can you tell me where to begin and which actions I need to complete to generate it?,37,get_disposable_virtual_card,non_native_speaker
756cdc09-d7b1-41e8-a77e-021a12202663,Need disposable virtual card. How to get and use?,37,get_disposable_virtual_card,short_wording
d33cc8cb-d011-4e4d-bb22-ef5c15b9d5a2,Where can I obtain a one-time virtual card?,37,get_disposable_virtual_card,short_wording
71789534-4aa1-4c4f-89c0-5f58dc5d7f8e,How do I set up a disposable virtual card?,37,get_disposable_virtual_card,short_wording
59a753f2-54dc-4319-b0c9-81a7cea82e7a,Need temporary virtual card options,37,get_disposable_virtual_card,short_wording
98cc54b3-8612-4c7e-b601-751176e48b7b,Looking for a disposable virtual card—steps to acquire it?,37,get_disposable_virtual_card,short_wording
7ddb6679-3349-4517-aadf-7f8d964af255,I want a disposable virtual card; what’s the quickest way to get it?,37,get_disposable_virtual_card,short_wording
aa1f768c-7cdd-4283-95bc-d5aa9a54b11c,"I’m fed up—how the hell do I get my PIN, because I can’t find it anywhere and nobody’s giving me a straight answer.",38,get_pin,angry_layperson
86250ce5-23f1-4775-bbb6-8e1c15965a9c,I’m stuck without my PIN and it’s driving me crazy—what’s the proper way to retrieve or reset it so I can use my card?,38,get_pin,angry_layperson
3bc67963-007e-4ce4-a3a6-8eca50795deb,"I haven’t been able to set up or even locate my PIN, and I’m tired of waiting—can you tell me exactly when I should get it and what to do next?",38,get_pin,angry_layperson
d2c78c04-e47b-4dfa-8e02-1d1cca16f01d,"Please don’t dodge the question—how do I obtain my card’s PIN today? I need clear steps, not excuses.",38,get_pin,angry_layperson
9f8ea665-ce10-4190-8093-1271b405ed8a,"My PIN isn’t showing up anywhere, and I’m done with the runaround—tell me the quickest way to recover it.",38,get_pin,angry_layperson
5adeb80b-308a-4865-ab11-8dbb105c287a,I’m locked out because I can’t find my PIN—can you explain how to get a replacement or reset immediately?,38,get_pin,angry_layperson
301ef80c-a606-4d43-b905-53aa5cc7f580,I cannot access my card PIN right now. I need it for a payment today. Where do I get it. My account login shows nothing. I am stuck and it is urgent.,38,get_pin,panicking_emergency
90c8eab5-7e38-48b5-82aa-1c9f418199cb,My card PIN isn’t working and I’m panicking—every try at the ATM fails. Can you help me confirm my identity and get the correct PIN restored as soon as possible?,38,get_pin,panicking_emergency
b681c3d0-521d-47d5-98d6-5e0ea305e3ed,I’ve searched everywhere and can’t locate the PIN. The app doesn’t show it and I don’t see it on the card either—what should I do right now to retrieve it for today’s transaction?,38,get_pin,panicking_emergency
7afe5ba0-8a9b-43a5-9435-e4ba2023c7a0,"I urgently need my PIN, but I can’t see it in the app and I’m getting blocked. Please walk me through the quickest way to regain access immediately.",38,get_pin,panicking_emergency
b6614c21-4c00-487e-95ca-f3a7d6e72cf1,I don’t have my PIN available at the moment—it's not printed on the card. I need a way to obtain it right away to complete a payment. Please tell me the steps quickly.,38,get_pin,panicking_emergency
4560bba1-28be-4464-b4cf-f594463b7d7d,"I just got a new card and still can’t locate the PIN. I checked the app and any packaging, but nothing shows up—I'm stuck at the ATM. How can I reset or retrieve my PIN right now?",38,get_pin,panicking_emergency
d587465a-28bf-4933-9d3b-30f33990365b,"Good day, I would like assistance because I cannot locate or retrieve the PIN associated with my card, and I need guidance on the correct and secure process to obtain it.",38,get_pin,polite_expert
a933a779-b803-479c-b7d2-2b69d88bb295,"Hello, I’m trying to find my card PIN but can’t locate it in my records. Please tell me the safest way to recover or re-establish access to my PIN.",38,get_pin,polite_expert
bc64652e-b751-46b2-9243-861ce6d29a8d,Good day—could you help me with my bank card’s PIN? I can’t find the PIN in the materials linked to my account and I’d like instructions on how to obtain it securely.,38,get_pin,polite_expert
c8d8523d-0ee9-4112-b154-8a13b5a18855,"Hi there, I need help confirming my bank card’s PIN because I don’t have the number needed for transactions. What is the proper and secure way to get it?",38,get_pin,polite_expert
af52d8bf-d1d5-4660-bd38-82b9e2ee37a7,Good day. I’d like to request instructions to recover my card PIN. Can you clarify whether the PIN is issued separately and what identity checks I should expect?,38,get_pin,polite_expert
b557d335-9e69-4ee0-a36b-a426d024ddad,"Hello, I require assistance in obtaining or resetting my card’s personal identification number, as I do not currently have access to it and would like to understand the secure verification steps required to proceed.",38,get_pin,polite_expert
6a6b35ec-3b31-4650-af29-963d81942a3c,"Hey, I just got my new card but I can’t seem to find the PIN anywhere—can you help me figure out how to get it?",38,get_pin,gen_z_slang
2ae8e1a3-d9f9-4e86-bf2b-493ca6737774,"Yo, where’s the PIN for my card? I can’t seem to spot it anywhere—can you point me to it?",38,get_pin,gen_z_slang
e15a2ea4-b9dd-4141-96f7-732cecf0688b,I don’t have my card PIN anymore—what’s the best way to recover it?,38,get_pin,gen_z_slang
672fbe8b-c346-43ff-96cf-4b9f250f53b0,I’m stuck because I can’t locate the PIN for my card—how do I set it or get it back?,38,get_pin,gen_z_slang
6700b6ed-731e-48ab-86fe-1c736defdd47,"Just activated my new card—does the PIN show up in the app, or do they mail/email it separately?",38,get_pin,gen_z_slang
8e3fd0ee-31ba-448f-8000-f836f1527a8a,Can you help me figure out my card PIN? I can’t find it anywhere and I need to retrieve it.,38,get_pin,gen_z_slang
43df9e9d-8bf6-498c-8f80-59386e798985,"Hi, I need help. Where can I see or get my card PIN? I can’t find it anywhere, please tell me what to do.",38,get_pin,non_native_speaker
397b4e1f-807c-4ba1-8c81-405960a82e8c,"Hello, I’m trying to recover my card PIN. I can’t locate it anymore—could you tell me the steps to retrieve it?",38,get_pin,non_native_speaker
5fd27fde-9d99-4ce0-abb8-ea3d7214a0b4,"Hi, I just received a replacement card. How do I find the PIN for it—inside the app or by another method?",38,get_pin,non_native_speaker
14fe0ee0-4580-42fd-8bfb-6c8c1bb289dc,"Hi there, I received my new card, but the PIN isn’t showing for me. Where can I obtain it?",38,get_pin,non_native_speaker
5763a96a-bb75-4641-aed0-51db900343a2,"Hello, I need assistance with my card PIN. I misplaced it and I’m not sure how to retrieve it—please advise.",38,get_pin,non_native_speaker
9666afff-4ac7-4cbf-a307-25834fca77c6,"Hi, I’m locked out because I don’t have my card PIN. I lost it and I don’t know how to access it again—what should I do?",38,get_pin,non_native_speaker
eacd5120-facf-47bb-ad9e-5319fb70ac65,Where is my card PIN?,38,get_pin,short_wording
b07fcdeb-560d-4ca7-a899-060bd632988a,Can you help me locate the PIN for my card?,38,get_pin,short_wording
ef296afd-7ddf-4a20-876e-044dd3c0dfc3,I can’t see the PIN on my card.,38,get_pin,short_wording
ba4bbcf1-665b-4477-8bf1-b05bfa37dfb3,I need to get the PIN back for my debit card.,38,get_pin,short_wording
83c34f4d-2e6f-4276-b081-4825fdca9b17,My card PIN needs to be changed—how do I reset it?,38,get_pin,short_wording
da54522f-3c3e-437c-b03f-18df95bf5d0f,How can I retrieve my card’s PIN?,38,get_pin,short_wording
c94aff38-93ad-4f99-a069-9f0b2dfc91cb,I need another spare card for my account ASAP and nobody can tell me how to get it—what’s the process and is there some extra charge for it?,39,getting_spare_card,angry_layperson
e93fa636-af22-4a3e-9264-e28afb2526e1,"My current card is unusable, so I’m requesting a replacement extra one, but support won’t say how to submit the request or the price—what exactly do I do and will there be a fee?",39,getting_spare_card,angry_layperson
2fe352af-65b2-41df-a7ae-e1ad2c71f7de,"My card was damaged and I’m trying to add another spare to my account, yet nobody gives me the ordering instructions or confirms the cost. Can you give me the procedure and tell me if I’m charged?",39,getting_spare_card,angry_layperson
60da2b3a-917f-467b-9526-b85fd79f6772,Please tell me how to obtain a second card for my account—I’m fed up with delays. What’s the price and when will the replacement arrive?,39,getting_spare_card,angry_layperson
9681d703-aba6-41a6-8695-90d4d394af71,"I need a spare card for my child linked to my account urgently, and I’m angry that I can’t get clear instructions. How do I request it, and is there any additional charge?",39,getting_spare_card,angry_layperson
dcb9615b-3126-42ae-82c0-be1a4b104044,"I’m frustrated that I only have one card. How can I get a second physical card mailed out, and when should I expect it to show up?",39,getting_spare_card,angry_layperson
0ba03417-8bda-4ae0-a944-e504a4d3e14a,I lost my card and I cannot access anything right now. I need a spare card for my account today. How do I get a replacement fast. Please tell me the exact steps and how long it takes.,39,getting_spare_card,panicking_emergency
e2369551-8edd-4231-829c-21e7e0168b34,"My only card is going to stop working and I’m locked out of secure access. I’m in an emergency—can you help me add a backup card right away? What details do you need from me, and what should I do first?",39,getting_spare_card,panicking_emergency
6ae7d4b9-ca65-4d6b-bd18-1e0395d90077,"I can’t find my debit card and I need a replacement as soon as possible. Can you walk me through how to request a spare/extra card, whether there’s a charge, and the expected shipping time?",39,getting_spare_card,panicking_emergency
a0a27641-7c37-4ff2-9c61-94c0ee46b869,"Please help—I need another card today because my current one is missing. I have urgent payments due. How do I submit a request for a spare or replacement, and what information do you require from me?",39,getting_spare_card,panicking_emergency
90ec42cd-ad3c-4577-b9fc-21bdc2ec4d6d,"My card is either lost or not functioning, and I can’t reach my account safely. I need a second card immediately—what’s the process to get it, step by step?",39,getting_spare_card,panicking_emergency
05ee3d90-6e4d-463d-8179-4f46605c9632,"This is urgent: I need a backup card today because my current one is gone. Tell me how to place the order, the total cost, where it will be sent, and how quickly delivery happens—I can’t wait.",39,getting_spare_card,panicking_emergency
00bd7e4e-8272-42a8-8684-91da2601fef3,"Good day, I would like to order an additional spare physical card for my account, and I would appreciate guidance on the eligibility requirements, the correct way to place the request, any applicable fees, and the expected delivery timeline.",39,getting_spare_card,polite_expert
47114b33-de84-4974-ae73-a69511caf2a9,"Hello—I'd like to add another physical card to my account. Please let me know who qualifies, what the request steps are, how long it typically takes, and whether there are any extra fees.",39,getting_spare_card,polite_expert
a78b4534-92fc-4d49-8220-fd5ac93f5652,"Hi there, I’m trying to get an extra spare debit card linked to my profile. Could you confirm the eligibility rules, any charges involved, and the expected delivery date?",39,getting_spare_card,polite_expert
4ebe6db0-d28b-4bfe-81b6-59161bcb493b,"Good day. I want to request an additional spare debit card for someone else who’s authorized on my account. Please share the eligibility criteria, related costs, and when we should expect it to arrive.",39,getting_spare_card,polite_expert
0a8ebc52-d6a9-4213-a768-391a1534cacc,"Hello, I need a replacement spare bank card for my account. Can you walk me through how to place the order and tell me what fees, ID checks, and delivery timelines apply?",39,getting_spare_card,polite_expert
2287c508-4e45-4c80-920a-f638b7af35f4,"Hi, I’d like to order an extra physical bank card. What are the eligibility conditions, the step-by-step ordering process, and any applicable fees or delivery estimates?",39,getting_spare_card,polite_expert
fa29c153-9c6c-40a1-a71c-baf027b6210d,"Hey, I need an extra physical card—like a spare one for emergencies. How do I request it and when will it arrive?",39,getting_spare_card,gen_z_slang
f5bf4b8f-5470-4e4d-9cff-3c7a66912a75,"Yo—how do I grab a backup physical card for my account, and where do I submit the request?",39,getting_spare_card,gen_z_slang
5fe86c8b-f2ad-44bd-9954-ea80a83eabbe,"Quick one: if I want a second card, what’s the process to get it, and does it cost anything?",39,getting_spare_card,gen_z_slang
f545de83-9aaf-41c0-93eb-d214cf1ef00c,I’m trying to add a spare physical card—what steps do I follow to order it for my account?,39,getting_spare_card,gen_z_slang
52cb9aca-5cff-4b8b-94c6-e339943a16d1,"Can I request an extra card for my account? Also, is there a fee and are there any extra requirements?",39,getting_spare_card,gen_z_slang
ba33463d-f220-4560-8736-42b8681c92e7,"Yo, do I have the option to request a spare card right now?",39,getting_spare_card,gen_z_slang
785c9fee-d627-421b-8eed-efc8536e5cb8,"Hi, I need a spare card. Can I get one extra for my account, so I can give it to my wife? The card I have is only one, and we need another.",39,getting_spare_card,non_native_speaker
e1cdd5e8-bcac-4371-af19-14aa0963c210,"Hello, could you assist me with getting a second card? I’d like one for my wife—what’s the process to request it?",39,getting_spare_card,non_native_speaker
48f7d322-a6df-4de0-ad5d-8b5b18871460,"Hi there, I’m trying to add an extra card to my plan for my family. Can you guide me on how to request the additional card?",39,getting_spare_card,non_native_speaker
cab56956-33a7-46aa-bab5-0c293f51b700,"Hello, I would like to replace my missing card by ordering another physical one. Please let me know the steps I should follow.",39,getting_spare_card,non_native_speaker
62325fff-6112-4057-9da1-41ef53715ad6,"Hi, I need an additional physical card linked to my account. Where do I place the request, and what information is required?",39,getting_spare_card,non_native_speaker
60b14006-1a9d-4e51-91b8-5abf2ab19fe2,"Hello, I’d like to obtain a spare card for my account. Could you explain how to get it and whether there is a charge for the extra card?",39,getting_spare_card,non_native_speaker
0dcde5d7-71e2-46e2-9f58-1831d199abe7,Order extra card? second one fee?,39,getting_spare_card,short_wording
eec5812c-101e-4703-a064-b28785b1ecd9,Can I get an additional SIM-linked card? What will it cost and when would it arrive?,39,getting_spare_card,short_wording
db9faff3-cbe4-4ef2-8c67-e4fff4fbdf03,I want another spare card tied to my profile—what’s the process to submit the request?,39,getting_spare_card,short_wording
1270008c-1ef1-4cd4-92d5-37837fc34a31,"How do I add a backup card to my account, and are there any charges or delivery timelines?",39,getting_spare_card,short_wording
acbfef26-75c8-407d-8b6f-9c5f3f047cdc,Please help me obtain an additional card for my account.,39,getting_spare_card,short_wording
ca063b6d-99bf-4aa6-a008-552515b4dfa7,"If I place a second card order, what fees apply, and what’s the estimated delivery date?",39,getting_spare_card,short_wording
3f38822d-f752-4b32-9b9e-894e14593bac,"I tried to get a temporary card like you promised, but it’s not showing up anywhere—what the hell is going on, and how do I fix this right now?",40,getting_virtual_card,angry_layperson
18e2d9e3-47d1-48b8-b6f5-4699e2d9b81d,"Your temporary card number isn’t appearing for me, even though I need it for a checkout today—where is it and what step am I missing?",40,getting_virtual_card,angry_layperson
f38fbc3e-717e-48e7-b7d1-32fc0971dfd3,I requested a virtual/temporary card and it still won’t show up. Tell me why it’s pending or broken and how to get it working immediately.,40,getting_virtual_card,angry_layperson
4831087e-d82f-4228-a18a-e729a9574197,How can I generate a virtual card for my account? I’ve looked everywhere in the settings and it’s nowhere to be found—please fix this fast.,40,getting_virtual_card,angry_layperson
c2bbfe08-3b3d-40d5-9ad2-e5b0786220f0,"Every time I attempt to create a virtual card, nothing appears. What do I need to do so it actually shows up for me?",40,getting_virtual_card,angry_layperson
2d2f41de-3ffa-4a57-bc13-afdd3b55fd7e,I’m stuck trying to obtain a virtual card—there’s no clear way to order one in your app. Can you point me to the exact path to get it?,40,getting_virtual_card,angry_layperson
6defcd7f-ad39-4fa8-9bc2-e5786c51dd93,I need my virtual card right now I cannot access it anywhere Please tell me how to get it immediately I am blocked and need to pay today,40,getting_virtual_card,panicking_emergency
0e66cafd-328f-4288-92df-7e43df050f76,Please help—my virtual card isn’t showing up. I’m unable to use it for an urgent payment and I need to know where to retrieve it and what to do next.,40,getting_virtual_card,panicking_emergency
f0a6c297-bf25-49c8-b67d-ef9655771b1a,"I’m in an emergency: I can’t complete a payment because my virtual card isn’t available. I attempted to request it through the app, but it never arrived—tell me the correct troubleshooting steps.",40,getting_virtual_card,panicking_emergency
ef4553fe-570f-450f-b735-26c53e657f67,"I urgently need my virtual card, but the app only displays my physical card and I can’t locate the request screen. What exactly should I do to obtain the virtual card today?",40,getting_virtual_card,panicking_emergency
0571ffaf-631c-4472-ac94-d3731dbeae58,"I need access to my virtual card immediately after signing up, but it still hasn’t been issued. Please resolve this right away so I can make the payment I’m waiting on.",40,getting_virtual_card,panicking_emergency
3c123598-4f33-4c87-b7af-7a477cad66d7,"Can someone guide me to my virtual card? I can’t find the feature in the app to create it, and I need it to pay today—my account is working.",40,getting_virtual_card,panicking_emergency
a9fa6a51-93ad-4e5b-9739-e87816bde2ad,"Good day, I would like assistance obtaining a virtual card for my account, and I need guidance on the correct steps to request it, including any eligibility requirements, delivery timeframes, and how I can confirm once it has been issued.",40,getting_virtual_card,polite_expert
f0ce9fff-d308-4d92-872f-1cd4fd8b0f4d,"Hi there—could you help me figure out whether my account supports a virtual card and, if so, how I can turn it on? Please also let me know what to expect during activation.",40,getting_virtual_card,polite_expert
ee6b1234-5a1b-41f3-9f44-4d08755e8b4d,"Hello, I’m looking for instructions to get a virtual card linked to my account. Can you tell me the right place to submit the request and any requirements I must meet?",40,getting_virtual_card,polite_expert
d81d37d0-4556-4978-b03b-ea5d205ab64a,"Good day—please advise me on the process for getting a virtual card from my account. I’d like to know the prerequisites, the steps to generate it, and whether any charges or usage limits apply.",40,getting_virtual_card,polite_expert
a035a220-0424-4e09-80fd-bee701461059,"Customer Support, I want to set up a virtual card for online payments. Could you share the procedure to obtain and activate it, including who qualifies and when it should become available?",40,getting_virtual_card,polite_expert
136b0b83-41eb-4b32-9232-3ed09773ea53,"Hi, I need help getting my virtual card. It isn’t showing up in my account yet—where should I check, and what actions should I take to make sure it gets issued?",40,getting_virtual_card,polite_expert
630a949c-14da-46e2-8805-22b0de049d41,"Yo, where can I actually get a virtual card from in my account, and how do I order one?",40,getting_virtual_card,gen_z_slang
e8866014-c294-4ccc-a70d-c3e9c3b1d74d,"I’m trying to pull up my virtual card, but I’m not seeing the option anywhere—where do I tap to set it up, and where will it appear?",40,getting_virtual_card,gen_z_slang
55bc0355-87ed-4eaf-b74b-3b77b2e8408f,How do I get my virtual card in the app? I can’t locate it—what menu should I check to find the digital card?,40,getting_virtual_card,gen_z_slang
d127cd3f-e2b7-4a50-bf44-5ecea2ffce5c,"If I request a virtual card, when will it pop up in my account, and is there anything I need to do before it actually works?",40,getting_virtual_card,gen_z_slang
51705a49-c075-4c70-a0b4-51dbe4fa3471,Can I set up a virtual card instead of using the physical one? Where in the app do I go to order the digital version?,40,getting_virtual_card,gen_z_slang
094aeb02-dc87-4a58-a751-d567c59238fd,"What’s the quickest way to get a virtual card for my account—can I request it right in the app, and do I get it immediately or later?",40,getting_virtual_card,gen_z_slang
5a78b1b2-17d7-436f-9209-5820d7b9f5be,"Hi, I need help. How can I get a virtual card? I can’t find any option in my app, and I want to use it soon. Please tell me steps, thanks.",40,getting_virtual_card,non_native_speaker
f9bee04f-d93b-47e8-bda6-f0c9d95ee4ff,"Hello, I’m trying to obtain a virtual card, but I can’t locate it in my account settings. Could you explain how to request it and whether it’s available immediately?",40,getting_virtual_card,non_native_speaker
7d1ab636-2ba3-4dad-90cc-b5f1a2a8374e,"Hi there—I'm looking for a way to create a virtual card. I can’t find the ordering page in the app. Where should I go, and what steps do I follow?",40,getting_virtual_card,non_native_speaker
1604a54b-1e53-4346-b259-61495f386f0d,"Hello, I need guidance with my virtual card. It doesn’t appear in my account, so can you tell me the correct path in the app to access or generate it?",40,getting_virtual_card,non_native_speaker
50b0087a-a3d4-45fb-b852-710e2ee4ed6a,"Hi, I’m having trouble finding my virtual card option. Please let me know where it shows up in the app and what I should do to view it.",40,getting_virtual_card,non_native_speaker
f0679669-3e5e-4f5b-985b-a6505a76db44,"Hey, I ordered/activated a virtual card, but I still can’t see it in the app. What should I check, and how can I get it right away?",40,getting_virtual_card,non_native_speaker
3d7d9afd-6e1c-411b-896a-434b3a9917b8,Virtual card not available yet,40,getting_virtual_card,short_wording
a509a611-64a9-4163-9a83-32b4c9574ccf,"I’m looking for a virtual card, but none appears. How can I get it?",40,getting_virtual_card,short_wording
c9bc2558-d441-4583-8aef-280d7851a4b5,What’s the quickest way to get a virtual card?,40,getting_virtual_card,short_wording
ba8cd7f3-b541-4c6b-aebb-2456f2ea2a99,I need a virtual card—where do I go to enable or obtain it?,40,getting_virtual_card,short_wording
45bb52aa-bd81-4774-96e6-bd39fe513bf3,I can’t find my virtual card—what’s the process to receive one?,40,getting_virtual_card,short_wording
696352ee-4944-4b46-958f-62973d5ab18d,My virtual card isn’t visible—how do I create or access one?,40,getting_virtual_card,short_wording
5025980f-c57b-4fc2-8302-11aad1b5d217,"My card is gone and I think someone stole it, and I’m pissed—what the hell do I do right now to stop charges and get it replaced?",41,lost_or_stolen_card,angry_layperson
3096133d-cb7c-4106-8847-0c41aa5faf7d,"Someone has my card and I want it frozen immediately—no delays. I’m furious, so tell me the quickest way to stop new purchases and get a replacement sent out today.",41,lost_or_stolen_card,angry_layperson
b73a4b06-e428-4273-a8bb-ce044e2f8607,I can’t find my bank card and I’m assuming the worst. Please lock it down right away and issue a new one—I'm done dealing with any potential misuse.,41,lost_or_stolen_card,angry_layperson
3fe98acf-6140-4742-ba91-0a715085a209,"My card has disappeared. Whether it was taken or I misplaced it, I need it blocked ASAP so nobody can charge me for anything.",41,lost_or_stolen_card,angry_layperson
adfe01c0-a3bb-4897-bc53-576d4526a10c,My card is missing and I’m pretty sure it was stolen. What steps do I take right now to cancel it and prevent the person holding it from using it?,41,lost_or_stolen_card,angry_layperson
39b94190-ad80-4d93-aaa6-5514e530b141,My card is nowhere to be found and I’m worried it’s being used. Freeze it immediately and tell me what you can do right now to replace it—fast.,41,lost_or_stolen_card,angry_layperson
0ef67adc-6149-47da-af26-8c6bd68ee0e1,My card is stolen right now I cannot find it anywhere Freeze it immediately Block all charges I need help within minutes,41,lost_or_stolen_card,panicking_emergency
da2c3c70-0747-49ef-b71a-f67e5e46f53b,I’m panicking—my card has disappeared and I suspect theft. Please suspend it right away; I can’t log in and I need help immediately.,41,lost_or_stolen_card,panicking_emergency
367e4069-c5b2-418b-96db-bc2e74fd1ff2,Someone may be using my card as we speak. I want it shut down at once and I need the quickest instructions to handle this right now.,41,lost_or_stolen_card,panicking_emergency
2ceacd3b-491f-41fd-92af-2725c3c04fa6,My wallet card is missing and I need it treated as stolen. What’s the quickest way to file the report and receive a new one today?,41,lost_or_stolen_card,panicking_emergency
685a285d-bc3f-43e1-9f37-7b7ed941a8bc,I urgently need assistance—my card is missing and I believe it was taken. Please freeze the card and stop any purchases right now.,41,lost_or_stolen_card,panicking_emergency
2b9e0e44-0c29-4f16-8436-87cde498c5ec,"My card isn’t with me anymore and I think it was stolen. I can’t reach my account, so please block the card immediately and connect me to support.",41,lost_or_stolen_card,panicking_emergency
df43fa2b-b56c-44ca-8c5e-8a725c544c12,"Good day, I would like to report that my debit card has been lost, and I require it to be immediately frozen; additionally, please advise the fastest procedure to obtain a replacement card and whether any identification or supporting documentation is necessary to complete the process.",41,lost_or_stolen_card,polite_expert
d1dda7f7-7585-4e8b-a9bd-586498593d5a,"Hello, my debit card is missing and I suspect theft. Could you please cancel it right away and explain what I need to do to get a new card, including any actions to protect my account from further charges?",41,lost_or_stolen_card,polite_expert
60bfa47f-8251-4afc-b2f3-f40a7a22af44,"Hi, I think my debit card was stolen. Please tell me the quickest way to freeze/lock it and what steps I should take next to stop unauthorized payments.",41,lost_or_stolen_card,polite_expert
58f21b65-2823-4801-a5a2-e00d6b8c7bdb,Good afternoon—my payment card appears to be stolen. I’m looking for instructions on what to do immediately to safeguard my account and prevent any fraudulent transactions.,41,lost_or_stolen_card,polite_expert
6c659cd9-27d5-4f1c-b071-b08a35762b70,"Hello, I need help because I believe my payment card has been stolen. Please advise how to block it as soon as possible and how to proceed with a replacement, plus any guidance for dealing with possible unauthorized activity.",41,lost_or_stolen_card,polite_expert
f347daef-86ab-449c-bfae-52c7d88e7d55,"Hi there, I’d like to report a stolen card and have it disabled immediately. Also, can you check whether any transactions were attempted after the approximate time it was taken?",41,lost_or_stolen_card,polite_expert
da50c448-99dc-4a46-b3af-a78dcd6fbda0,"Yo, my card got lost/stolen and I can’t access it—how do I quickly cancel it and get a replacement ASAP?",41,lost_or_stolen_card,gen_z_slang
29f937b8-447b-4b02-951d-9838059579c6,"My debit card’s gone—like, I’m not seeing it at all. Can you walk me through how to shut it down fast and replace it?",41,lost_or_stolen_card,gen_z_slang
74e88bd4-8193-463f-bf8c-7f093194c787,"Uh, my card’s missing and I’m pretty sure someone took it. What’s the quickest process to freeze it and have a new one sent out?",41,lost_or_stolen_card,gen_z_slang
7c94d952-bb26-4b56-8cbf-c71d67aec01b,I think my debit card got stolen and I’m lowkey stressed. Help me lock it ASAP and tell me exactly what I should do next to get a replacement.,41,lost_or_stolen_card,gen_z_slang
7b562da1-4298-4454-8d3c-8825b1115266,I misplaced my card and I don’t have it on me. What should I do right now to block it and request a replacement?,41,lost_or_stolen_card,gen_z_slang
7fb42041-d37c-4e66-ae67-92122a9a339f,My debit card is missing and I suspect it was stolen. What’s the fastest way to disable it and order a new one?,41,lost_or_stolen_card,gen_z_slang
3eab0f37-f088-4cea-839c-f7cfd1fdacc2,"Hi, my bank card is missing and I think it was stolen. What I need to do now, to block it and get a new one? Please tell me the steps, I am worried.",41,lost_or_stolen_card,non_native_speaker
5d19f959-d84e-4e46-9770-e3362edc615d,"Hello, I’m unable to locate my card. I’m not sure if I misplaced it or it was taken. How can I freeze it quickly and request a replacement?",41,lost_or_stolen_card,non_native_speaker
b6972d11-cb57-4d74-a50f-b54b7384475e,"Hi, I noticed my debit card is gone and I suspect theft. I’ve looked everywhere but I still can’t find it. What should I do right now to block it?",41,lost_or_stolen_card,non_native_speaker
c908842c-23cb-40e9-a4ed-c9a46cf1fb17,"Hello, my card seems to be missing. I can’t locate it, and I’m worried someone might use it. Please tell me how to stop transactions and what to do to get a new one.",41,lost_or_stolen_card,non_native_speaker
57040f30-ba5b-471e-82a4-2e114dd14feb,"Hi there, my bank card is missing and I think it was stolen. I want to prevent any charges—what are the exact steps to lock the card and order a replacement?",41,lost_or_stolen_card,non_native_speaker
a30b4723-3fe9-499e-b4ef-425515e37905,"Hello, I believe my card was lost or taken. I can’t find it at all. What is the fastest way to block it, and how do I apply for a new card?",41,lost_or_stolen_card,non_native_speaker
37250f27-d517-481c-b1f5-f85443aa4e70,Stolen card today—please block,41,lost_or_stolen_card,short_wording
94d82341-a358-4968-8f94-d0816d5c9f9a,I think my card was taken—can you freeze it right away?,41,lost_or_stolen_card,short_wording
830364e8-f0e7-459a-a907-99d09490f1e5,"Card missing, what now?",41,lost_or_stolen_card,short_wording
a31a0312-d987-4953-a260-12239970fdf8,My card is gone (lost or stolen). Please guide me on next steps.,41,lost_or_stolen_card,short_wording
2fa6c2a7-2e4d-4c5d-b207-f2ca327f32b9,Someone grabbed my wallet; I need the card disabled and a new one sent.,41,lost_or_stolen_card,short_wording
37fb8d8f-bcb4-4894-8da4-8fe2ecd7e3f8,"Card lost, need replacement.",41,lost_or_stolen_card,short_wording
ffd77597-2602-4457-b69e-a5e44677bfd6,My phone got stolen and I can’t use your app anymore—what the hell am I supposed to do to stop someone wrecking my account?,42,lost_or_stolen_phone,angry_layperson
09caba62-1d40-4290-8dc3-e1cf19fc57af,Someone stole my phone and I’m panicking—tell me what to do immediately to secure my account and keep them from using your app.,42,lost_or_stolen_phone,angry_layperson
aab141d0-6f6f-4379-b7ed-3cf8feba44bd,"I can’t believe my phone’s missing—lost or stolen, I don’t care. Please shut off access to my account right now.",42,lost_or_stolen_phone,angry_layperson
36d2ac7a-568b-4c67-9f54-590d287b0bf7,"My phone was stolen yesterday, and I’m locked out of my account. I need you to secure it right away—what exact steps should I take?",42,lost_or_stolen_phone,angry_layperson
819154c9-8501-4ef7-995b-650313b46081,My phone is missing and I’m really upset. I want you to help me revoke access and regain my account before whoever has it can get my data.,42,lost_or_stolen_phone,angry_layperson
5316fff7-11d9-4afb-8e60-24ff68acf2a7,"My phone’s gone—either way, I can’t log into my account, and this is ridiculous. What can I do to regain access and stop misuse?",42,lost_or_stolen_phone,angry_layperson
7167c990-b51a-4a06-8b22-840d49e56a2f,My phone is gone stolen tonight. I need my account frozen right now. Someone could log in or reset things. Stop all access immediately. I cannot wait.,42,lost_or_stolen_phone,panicking_emergency
b13badff-d808-408d-b492-bea0bf163a9b,I lost my phone about an hour ago and I can’t open my banking app. Please freeze my account and block any sign-ins right away—I'm scared they’ll try to access my credentials.,42,lost_or_stolen_phone,panicking_emergency
d6880470-8cd2-41d6-b349-951b3193de76,"I think my phone was taken tonight, and now I can’t reach my bank. I’m asking you to secure the account immediately, including resetting my login so no one else can get in.",42,lost_or_stolen_phone,panicking_emergency
e541e208-e5a5-44a3-abe3-e80c61d2ec70,My phone was stolen and I’m unable to receive verification codes. Please stop access to my account at once and guide me through recovering my login as quickly as possible.,42,lost_or_stolen_phone,panicking_emergency
af3fe160-6cfa-46bb-b649-e06208153b54,"Someone took my phone. I can’t get into my banking app, so I need the account locked immediately. Please prevent new logins and stop any outgoing transfers, and tell me what to do next.",42,lost_or_stolen_phone,panicking_emergency
e94a5eba-b612-42f4-b126-d7393c22c915,My phone is gone and I am panicking right now. Someone could use my accounts. I need it blocked immediately and I need access restored. My phone number was in the account. Please act now.,42,lost_or_stolen_phone,panicking_emergency
89e04b8c-85d3-4d3d-bd6b-ed2c82f68d5c,"Good day, I would like to report that my mobile phone has been lost/stolen and I no longer have access to my banking app; please advise me on the immediate steps to secure my accounts and prevent any unauthorized use.",42,lost_or_stolen_phone,polite_expert
2fbdc678-1a71-4289-ac82-3d415a830d1d,"Hi, my phone went missing and I’m worried someone else might use it. Can you tell me the fastest way to lock down my banking login and get my access back?",42,lost_or_stolen_phone,polite_expert
09957d4d-566b-4c61-937c-482ad8e6757a,"Hello, I’m reporting a lost phone. Please walk me through what I should do right now to protect my banking account—specifically whether you can disable the device and what details you require from me to proceed.",42,lost_or_stolen_phone,polite_expert
07d636bc-fcbe-48d0-979e-8e682ad0f7f7,"Good day—my phone was stolen/lost, and I can’t open the banking app or receive SMS verification codes. What urgent actions should I take to secure my account and regain access?",42,lost_or_stolen_phone,polite_expert
798f5d60-affd-4254-b865-3b484206e577,"Hello, my mobile device is missing and I’m concerned about misuse of my banking app and any payments linked to it. Please advise the steps to stop access from that device and let me know what you need to confirm my identity.",42,lost_or_stolen_phone,polite_expert
e57d1f63-c8c4-48dc-9b74-baf7f3fe38b8,"Hi, I need urgent help: my phone is lost, so I can’t access my banking app. How can I quickly freeze/block my account and stop any related sign-in attempts to prevent unauthorized activity?",42,lost_or_stolen_phone,polite_expert
c3b6fa98-4128-4630-be23-bfb4b64d8137,"Hey, I think my phone is gone—either I lost it or it got stolen—and I can’t access my banking app anymore, what do I do to secure my account ASAP?",42,lost_or_stolen_phone,gen_z_slang
170375d3-07d9-491f-9a33-7adae3e76afb,"Ugh, my phone got snatched last night. I can’t open my banking app or get SMS verification—what’s the fastest move to protect my account?",42,lost_or_stolen_phone,gen_z_slang
a15d1a0e-dce5-45a9-9c74-41451247730c,My phone got stolen and I’m locked out of my bank app rn. How do I freeze my account and prevent charges ASAP?,42,lost_or_stolen_phone,gen_z_slang
a8972478-d111-4a5d-a590-5a210854a734,"Last night my phone disappeared (stolen, I think) and I can’t get into my banking app. What’s the quickest way to secure things and regain access?",42,lost_or_stolen_phone,gen_z_slang
f707bda2-95bd-4f00-b895-6f971ca82763,Hey—phone stolen last night. I can’t log into my banking app anymore; what should I do right now to lock it down and stop any new sign-ins?,42,lost_or_stolen_phone,gen_z_slang
6fcdf44e-aa8a-43bb-b449-32d34ec8d4ad,"Yo, my phone was stolen and I can’t use the banking app at all. What do I need to do to get back in and make sure nobody else can use my account?",42,lost_or_stolen_phone,gen_z_slang
d2224fbf-229d-45a8-9aff-08907518e98c,"Hi, my phone is missing since yesterday, I think it was lost or maybe stolen. What I need to do now to keep my bank safe?",42,lost_or_stolen_phone,non_native_speaker
4726bf58-5034-41c6-8178-686d53dbd252,"Hello, I think my phone was taken or I misplaced it earlier today. I can’t sign into my banking app anymore—could you guide me to lock the device and protect my account?",42,lost_or_stolen_phone,non_native_speaker
599eddc3-e928-4351-a160-40f4f12238e8,"Hi, my mobile phone is missing today, and I suspect it may have been stolen. Since I can’t open the banking app, please tell me how to stop unauthorized access and keep my funds safe.",42,lost_or_stolen_phone,non_native_speaker
5cf5d175-9118-4175-9f12-c9e3f1503836,"Hello, my phone is gone—either I lost it or someone took it. I’m unable to reach my banking app, so I need steps to secure my profile and regain access. What should I do first?",42,lost_or_stolen_phone,non_native_speaker
0ec6cb28-7464-4a3d-81eb-054bef7b012f,"Hi, I don’t have my phone anymore today and I’m really anxious. Can you help me with blocking it and also stopping the banking app, since I can’t log in right now?",42,lost_or_stolen_phone,non_native_speaker
24c3310b-26ff-4192-b140-42b60030d37c,"Hi, I lost my phone today and I’m afraid someone might use it. Please help me with blocking the phone and securing my bank account.",42,lost_or_stolen_phone,non_native_speaker
99eaea42-7301-4cfb-ba08-b6f24e312bd3,Phone stolen/lost; can account be used?,42,lost_or_stolen_phone,short_wording
bbe32544-0908-4505-84ed-a70e3b150478,Phone missing now; need to block SIM and account access.,42,lost_or_stolen_phone,short_wording
28cb7cde-0c30-4ed2-be9c-7e90eae0c74a,My phone’s gone—how do I revoke my login and stop access?,42,lost_or_stolen_phone,short_wording
10b720da-8152-4c10-93eb-423435b00bb3,I lost my phone—please disable my account and SIM.,42,lost_or_stolen_phone,short_wording
e489f5b6-8e00-403f-8e29-4f9104bcc76c,Phone stolen last night. App access lost. Need new login.,42,lost_or_stolen_phone,short_wording
8ea5e89e-3ee6-4429-8507-64ce4d683600,Someone took my phone; I can’t use the app anymore.,42,lost_or_stolen_phone,short_wording
df717d13-c28a-4ff4-98b0-20f535807e81,"I need a damn physical card, not some useless online thing, so how do I actually order one and when will it show up at my place?",43,order_physical_card,angry_layperson
94b8c86f-5257-48b5-a79b-1fa4f34b59dc,"Stop stalling—what steps do I follow to have a physical card mailed to me, and how much will it set me back?",43,order_physical_card,angry_layperson
80e94655-c412-467c-9792-8bf54e809fef,"I want the actual plastic card shipped to my address. Where do I place the order, and what’s the total cost?",43,order_physical_card,angry_layperson
4d8b1cec-62fa-42e5-b682-bc4cd9620e1b,"How am I supposed to order a standard plastic card if no one gives me the link or the delivery details? What’s happening, and why can’t I receive it?",43,order_physical_card,angry_layperson
bb3e405c-0288-467b-a57d-15de63447753,"I’m frustrated—I need a physical card delivered, not an online substitute. Tell me the price and the exact way to request shipment.",43,order_physical_card,angry_layperson
51944c4d-9a24-4b51-991d-6abc55c09d2f,"I want a physical debit card sent to my address—please confirm the order process, the fee, and when it should arrive. And yes, you need to ship it here.",43,order_physical_card,angry_layperson
b42c73c1-4a1e-43f0-8bb4-b62191831947,I need to order a physical card right now. Where do I do that. I do not see the option in my account. Please tell me the exact steps and any fee for the physical card. I am stuck and I cannot wait,43,order_physical_card,panicking_emergency
52f038a2-b357-475c-97dd-03efd706dccb,"I need a physical bank card now I cannot make payments without it  
How do I order it today  
I need it shipped fast confirm it is a real card and tell me the steps now",43,order_physical_card,panicking_emergency
8293b501-7926-4ee6-b860-f3c17a77f7f8,I need a physical debit card right now. How do I order it. Where will it be delivered. What is the delivery time. What will it cost me. I cannot use my account without it.,43,order_physical_card,panicking_emergency
3ef8868f-a311-4505-b73c-317300bbf83d,I need a physical debit card ordered now I cannot find the option in my account Where is the link to request it Do you charge a fee for the card and delivery How long will it take to arrive I am stuck without a card,43,order_physical_card,panicking_emergency
b1710c6b-3183-4082-a3b1-a2f21063007b,"My account is useless until I get a debit card. Can you walk me through how to request one, and confirm any charges for the card or shipping? I need it ASAP—please.",43,order_physical_card,panicking_emergency
f7775e0f-eeac-4c6d-bc16-26968f44b199,"I’m panicking because I can’t find a way to get a physical debit card in the app. What exact buttons should I tap to place the order, and will there be a fee for the card or delivery? I need it immediately.",43,order_physical_card,panicking_emergency
2149015d-421b-4735-8e98-53cbe9c492d5,"Good day, I would like to request the issuance of a physical debit card; could you please guide me through the exact steps to place an order and confirm the expected delivery timeframe and any applicable fees?",43,order_physical_card,polite_expert
2e30f62c-d9f5-4a12-823e-2c87f5685a51,"Hi there—I'd like to place an order for a physical debit card. Can you tell me what the ordering process looks like, how long shipping usually takes to my address, and what charges apply for the card and delivery?",43,order_physical_card,polite_expert
a634f9c4-07e0-41a5-a149-c0036891142b,"Hello, I want to get a physical debit card, but I'm not sure about the next steps. Please share the delivery choices, the approximate delivery window, and whether you need any extra verification or information to send it to my address.",43,order_physical_card,polite_expert
4b3133ab-a64a-48c9-b76e-dc68a43b163e,"Good day. I’d like to order a physical debit card—could you confirm where it can be shipped, the expected arrival time, and how I can have it delivered to my home address?",43,order_physical_card,polite_expert
8b6e9381-a16b-4c39-93b4-81f82961476d,"Hello, I’m interested in getting a physical payment card. What are the current eligibility criteria, what fees should I expect, and which delivery countries/regions and timelines are available?",43,order_physical_card,polite_expert
98a673c1-3a3b-4e02-bb1e-26b2b535f0a4,"Hi—I'd like to order a replacement physical payment card. Could you let me know what requirements I must meet, any relevant fees, and the estimated delivery timing to the address you have on file?",43,order_physical_card,polite_expert
28adff58-ebb8-4ddd-8627-6023dbd3c621,"Hey, I wanna order a physical card—can you tell me how to do it and what the delivery area + fees are?",43,order_physical_card,gen_z_slang
3b9c9081-1413-4a57-aab1-ecbacc3b45d4,"Yo, how can I request a physical debit card? Also, what address areas do you deliver to?",43,order_physical_card,gen_z_slang
531fe6ff-4308-4a5b-a92e-7f91f8c0d856,Can you walk me through ordering a physical card? I’m trying to figure out shipping timeline and the price for delivery.,43,order_physical_card,gen_z_slang
eda7fefc-da27-4c3a-b262-80973bf168f2,"I need a real card I can use in person—what’s the process to order it, and what are the delivery costs + wait time?",43,order_physical_card,gen_z_slang
4eca2bbe-d45b-4f76-9aca-f60278b06333,"I’m not sure how to start the physical card order. Where can it be delivered, what’s the shipping fee, and how long does it usually take to arrive?",43,order_physical_card,gen_z_slang
a18a12ca-ae11-4399-90bb-869c31f3e8b8,"Now that my account’s good to go, how do I order a physical card? Where do you ship it to?",43,order_physical_card,gen_z_slang
dbea3962-3073-4bbc-99f1-a34898ae18a8,"Hi, please help me. How can I order a physical bank card? I want it sent to my home, and do I need to pay any extra fee for that?",43,order_physical_card,non_native_speaker
1504bfc3-8895-40a5-8638-c0b50952e821,"Hello, I’m looking to request a physical (paper) card instead of a digital one. What steps should I follow, what delivery locations do you support, and how many days does shipping usually take?",43,order_physical_card,non_native_speaker
9f5019fe-72d6-46ad-833a-0bc2327ec7ee,"Hi there—could you explain how I can place an order for a physical card and have it sent to my address? I’m not sure if you deliver in my country, so please let me know.",43,order_physical_card,non_native_speaker
137f4340-2b6c-4495-9181-cbfd337f31b2,"Hello, I’d like to purchase a physical card. Can you tell me what address delivery is available for and the expected arrival time?",43,order_physical_card,non_native_speaker
68a332ef-15d8-44da-8635-5ff8fd4406e9,"Hi, I want to request a hard-copy bank card. How do I submit the order, where will it be delivered, and when should I expect it to arrive?",43,order_physical_card,non_native_speaker
0da1774c-7cb9-4bb0-a1a8-e48e0d6356bf,"Hi, I want to receive a physical card. Where do I go to place the request, and are there any charges for the card itself or for shipping?",43,order_physical_card,non_native_speaker
318d3246-1dce-4640-b150-3228720589cf,How to order a physical card?,43,order_physical_card,short_wording
068cf170-3c39-40b5-b091-43abb30e2854,What are the steps to get a physical card?,43,order_physical_card,short_wording
77fed721-4cfd-4b1e-bcb7-3f63ea6c30df,I need assistance placing an order for a physical card.,43,order_physical_card,short_wording
e07c4dec-d872-4704-88ab-d87345552337,How can I request a physical debit card?,43,order_physical_card,short_wording
8b5220ce-688a-44a6-b8fb-444cda190327,Can I order a physical debit card and pick the delivery location?,43,order_physical_card,short_wording
8ea21d7d-492a-4f64-84d1-cc2ce68bb5d9,Please help me place an order for my physical card—what’s the shipping timeline?,43,order_physical_card,short_wording
826f3366-4935-4663-9897-f343eb47f2a8,I forgot the code to get into my banking app and I’m seriously locked out—how do I fix this right now?,44,passcode_forgotten,angry_layperson
524e0db1-c135-4c3a-a3ca-0b7afc6737d3,"The passcode I used to log in is missing, and I’m stuck outside my account. Can you reset it immediately? I don’t have time for excuses.",44,passcode_forgotten,angry_layperson
aa69f2b0-31e7-4e02-b195-6ea77df2d654,I’m done with this—my passcode won’t come to mind and I can’t access my account. Tell me the quickest way to regain entry before I lose my patience.,44,passcode_forgotten,angry_layperson
6f97e3b1-174b-419f-b70b-0587d51a4b50,I’ve misplaced my login code and the app won’t let me in. What steps do I follow to change it so I can get back online today?,44,passcode_forgotten,angry_layperson
4ddd3ef1-5efc-487e-9b1d-103775f75a39,"I forgot the passcode completely, and now I’m blocked from my account. Please walk me through resetting it right away—I need access as soon as possible.",44,passcode_forgotten,angry_layperson
d535b7a3-269f-4ac9-b513-a5f9fd5b8642,"I can’t locate my access code for the app, so I’m locked out. Give me the fastest way to obtain a replacement—no more waiting or trial and error.",44,passcode_forgotten,angry_layperson
c42ef4b2-0381-4ad4-8bc1-7cd319182b73,I cannot log in I forgot my passcode right now Panic I need access immediately Please help me reset it fast I have urgent payments due,44,passcode_forgotten,panicking_emergency
e2a80ded-919b-4f9d-ba20-46e96eb097e8,My account won’t let me in—again. I lost the passcode and I’m stuck out. Can you walk me through the reset right away? I need to get back online today.,44,passcode_forgotten,panicking_emergency
18c5842c-1802-4c5b-a1d3-34a4ec377e56,I’m locked out and I can’t sign in because I don’t remember the passcode. Please give me the quickest way to reset it so I can access my account now.,44,passcode_forgotten,panicking_emergency
da7427ac-fcd0-4413-81f8-b7c34a2ffa83,I can’t get into my account—my passcode is gone. The login keeps failing when I try. Tell me what to do to reset it immediately so I can use the app.,44,passcode_forgotten,panicking_emergency
d1dc7b35-6e75-4c46-8112-101cd01b69f4,"I urgently need access to my banking app, but I’m unable to log in. I forgot my code and I’m stuck outside. Help me reset it as fast as possible.",44,passcode_forgotten,panicking_emergency
42058930-9f6b-42ea-8806-baf8471eaae3,I’m unable to open my banking app right now because I forgot the access code. I’m panicking since payments are due today. Please explain how to reset it step-by-step.,44,passcode_forgotten,panicking_emergency
30aa3d6e-c87b-4497-b801-0d3af9573994,"Good day, I am unable to access my banking application because I have forgotten my passcode; could you please advise on the secure process to reset it and regain entry to my account?",44,passcode_forgotten,polite_expert
38241e07-f31e-4cc2-8bba-391cb09890d8,Hi there—I've misplaced the passcode for my banking app. Please tell me the safest way to verify my identity and set a new passcode so I can log in again.,44,passcode_forgotten,polite_expert
d14ce7c8-a100-4081-ace7-ee700adc2890,Good day. I can’t sign in to my mobile banking because I no longer remember my passcode. What exact checks should I complete to reset it securely?,44,passcode_forgotten,polite_expert
c9b83460-992d-49f6-a890-099264d5a0bd,"Hello—my account passcode has slipped my mind, so I’m locked out of my banking services. Could you outline the identity verification steps and how to securely update the passcode?",44,passcode_forgotten,polite_expert
a5e092eb-92a4-4999-85ec-31bcb2053689,"Hi, I need help recovering access to my app. Since I forgot the access passcode, what secure recovery/reset options are available, and what should I do next?",44,passcode_forgotten,polite_expert
b70fdd5d-2678-4685-90dd-d354ee5464fb,Good day. I’m unable to access my mobile banking account because I forgot the required passcode. Please advise the recommended secure procedure to reset it and regain entry.,44,passcode_forgotten,polite_expert
953c4261-3337-46f6-af97-75faf9bc1a65,"Hey, I totally forgot my app passcode and I can’t log in—can you help me reset it so I can get back into my account?",44,passcode_forgotten,gen_z_slang
be42e8b7-104d-4d0b-a625-e5526ab7b10b,Ugh I blanked on my login passcode—can you walk me through resetting it or grabbing a fresh one ASAP?,44,passcode_forgotten,gen_z_slang
111246b2-0d99-4a40-8d6f-93504a41a436,I forgot the passcode for my account and now I’m locked out—how can I reset it and regain access?,44,passcode_forgotten,gen_z_slang
c2b268e2-23f7-4cd8-a353-d8954a302b8d,"Yo, I can’t remember the access code for my banking app—what steps do I take to reset it and log back in?",44,passcode_forgotten,gen_z_slang
c0cbd6b9-6ff6-4891-a121-ae6098f1d2be,I totally forgot my app passcode and I’m stuck out—can you help me reset it so I can sign back in?,44,passcode_forgotten,gen_z_slang
ba03addf-efed-4f11-98eb-fc025c345f3f,I forgot my account passcode—what should I do to either reset it or switch to a new one?,44,passcode_forgotten,gen_z_slang
b0fecc07-b15f-40e6-a049-779756bfe2e5,"Hi, I can’t login to my banking app. I forgot my passcode, and now it asks again and again. Please help me reset it.",44,passcode_forgotten,non_native_speaker
005ae530-1a06-457b-879e-85796c95652c,"Hello, I can’t access my banking app because I lost my passcode. It won’t let me sign in—could you guide me through the reset process?",44,passcode_forgotten,non_native_speaker
548796f2-7bd3-46fa-8caa-764c5ab52116,"Hi there, I’m locked out of my bank app. I forgot the passcode and I can’t log in—please help me change it.",44,passcode_forgotten,non_native_speaker
1fd3babc-6c54-41a0-b69e-c5ebee593f6e,"Hello, I think I entered the wrong passcode too many times and now I can’t get in. How can I reset my passcode for the banking app?",44,passcode_forgotten,non_native_speaker
8224e67d-7218-4c6b-bf89-db204e1c914e,"Hi, I forgot the passcode for my banking application, so I’m unable to sign in. Please let me know the steps to reset it.",44,passcode_forgotten,non_native_speaker
a729b884-b0f7-46b5-93ea-6d022f143d4e,"Hello, I can’t log into my banking app because I don’t remember the passcode. Could you explain how to reset it so I can use the app again?",44,passcode_forgotten,non_native_speaker
24d3d41e-c899-4ff8-a9b8-929255f4fba0,"Forgot app passcode, need reset",44,passcode_forgotten,short_wording
280dc546-303d-41fe-9a2f-d01bc4ee008b,I can’t remember my passcode—please walk me through resetting it.,44,passcode_forgotten,short_wording
a8401483-bdd3-46e6-b2f4-a361df3b1175,I’ve misplaced the app PIN; I need to reset it.,44,passcode_forgotten,short_wording
5fabfbb7-f43c-478b-9f14-92ebf659f0cd,"Forgot account passcode, need reset instructions",44,passcode_forgotten,short_wording
a5c1781c-7b65-476f-9dc2-c4122dffbea9,Need a new passcode for the app—I forgot the current one.,44,passcode_forgotten,short_wording
58807692-4efb-4d51-83e1-dcee6c8f3a76,"My passcode doesn’t come to mind, so I’m locked out—how do I reset it?",44,passcode_forgotten,short_wording
142b2d24-3413-4300-89a8-1595f6857f60,"I bought something with my card days ago and it’s still sitting there as “pending” like a damn joke—how long am I supposed to wait, because it’s been a week and nobody can tell me anything.",45,pending_card_payment,angry_layperson
6d33b627-586b-40a6-b7e5-41abadcc7c53,I checked my account and that charge I made is still marked pending. It’s taking forever—can someone tell me what’s blocking it and when I’ll finally get the payment processed?,45,pending_card_payment,angry_layperson
8ca76ab3-8356-4e47-a651-00fea8fd37ee,That card transaction from a few days ago hasn’t cleared and it’s stuck in a pending state. I want it resolved immediately—stop delaying and release my funds.,45,pending_card_payment,angry_layperson
0aa50b2e-6223-43e1-8d85-3c4d3783f1cb,"My bank card purchase is still listed as pending, and I’m beyond annoyed. When will the status actually change and the money stop lingering in limbo?",45,pending_card_payment,angry_layperson
818fd175-ac28-4bad-9667-68027d80e177,"The payment from my card is showing as pending, but the funds are already out of my available balance. Either process it or refund it—what is going on, and when will I see it complete?",45,pending_card_payment,angry_layperson
f1be575b-65a8-4bc8-8290-1dc30789e0b0,"I made that card purchase days ago and it’s still not approved—just sitting there as pending. No one is explaining anything, so I need a timeline for when it will finally go through.",45,pending_card_payment,angry_layperson
b4a84866-151b-4fde-b03d-19481a553b0f,My card payment is still pending. It has been hours. Money was taken but it shows not completed. I need this fixed now. Please tell me when it will clear and whether I will be charged twice.,45,pending_card_payment,panicking_emergency
c6399abc-7d9e-47ef-a827-e725651102a0,"My card charge from this morning hasn’t gone through—it’s still marked pending. I’m panicking because it’s eating into my available funds. How long does it usually take to post, and what steps should I take immediately?",45,pending_card_payment,panicking_emergency
8f75dce9-cbef-40b9-a677-ce22bd428254,I made a card purchase and it shows pending still. It has been 9 days. The money is stuck and I cannot use it. Please tell me why it is not cleared yet and when it will reverse or complete.,45,pending_card_payment,panicking_emergency
da644c04-7267-450c-9d43-613cb7dabd66,"The card transaction I made is lingering in a pending state. I paid the merchant already, but the app still won’t let it finalize, and I can’t access that money. Please confirm what’s causing the delay and when it will be completed or reversed.",45,pending_card_payment,panicking_emergency
71037be5-18af-421a-bd65-e136ba30c74e,"I was charged today, yet the payment still shows as pending. I need the funds either released back to me or fully completed as soon as possible—how long until the status changes? I can’t keep waiting.",45,pending_card_payment,panicking_emergency
e21b006a-50e4-4d4a-bed0-eb1da934abe7,"My card purchase from earlier today hasn’t settled and remains pending. It’s holding up my balance, and I need this resolved right away. Can you tell me when it will finalize, and whether it will be reversed if it doesn’t go through?",45,pending_card_payment,panicking_emergency
7c3c4b90-1725-4b65-b378-59c1db4d0ddc,"Hello, I am writing because a card transaction I authorized is still showing as pending in my account, and I would like to understand the expected timeline for the final posting, whether any action is required from me, and when the funds will be confirmed or released.",45,pending_card_payment,polite_expert
4e2b8479-7922-43c4-9a33-acfe838a25f1,"Hi, I’m hoping you can help. One of my card transactions is stuck in a pending state even though it was made days ago. Can you share the usual period for it to post or settle, and check what might be causing the delay?",45,pending_card_payment,polite_expert
4e0a06be-8ff3-425d-a9ee-0063e3d8f2eb,"Hello—could you please look into a card payment I made earlier today? It’s currently marked pending on my account, and I’d like to know when it should finalize and whether it will return to my available funds if it doesn’t go through.",45,pending_card_payment,polite_expert
863757ef-1f64-49dc-808d-334883c8f17e,"Good day. I have a recent card charge that hasn’t moved past “pending.” Please confirm the typical window for completion or cancellation, and let me know if there’s anything I need to do on my end.",45,pending_card_payment,polite_expert
84dab629-41f7-4b0f-abb5-285904282cc1,"Hi there, I’d like help verifying the status of a card purchase that’s been pending longer than expected. When should the payment be completed, and if it doesn’t finalize, when will the authorization release back to my balance?",45,pending_card_payment,polite_expert
a95853bb-a89a-42ba-b0b6-e146094b5a31,"Hello, I’m contacting you because a card transaction I made earlier today is still showing as pending. Could you explain why it hasn’t been finalized yet and provide an estimate for when it should complete?",45,pending_card_payment,polite_expert
da628e18-95e3-4bb4-903a-86c738822dd4,"Hey, I just used my card for a purchase and it’s showing as pending in my app. It’s been a few hours now—how long does it usually take to clear, and should I be worried?",45,pending_card_payment,gen_z_slang
197d3efa-fb12-4c99-8502-f7bd79903cdb,Yo—my card charge’s been stuck on “pending” for almost two weeks. Any chance you can look into it and tell me when it’ll actually go through (or get reversed)?,45,pending_card_payment,gen_z_slang
acaa03e8-acb1-443a-9ff8-27a0e21f6a87,"I paid with my card earlier today and it still shows as pending on my balance. What usually causes that, and when should it update?",45,pending_card_payment,gen_z_slang
9cbbbf1c-cfca-4190-b78f-2624fe5fd726,"My card transaction from earlier is still marked pending. How long until it actually posts, or is it likely to fall off?",45,pending_card_payment,gen_z_slang
c1d73294-d275-420d-97c8-4722836c14fd,"My payment from yesterday hasn’t moved past “pending” yet, even after waiting. Can someone check the status and confirm when it’ll be finalized?",45,pending_card_payment,gen_z_slang
3a4a8256-afb8-4b3c-91c1-ad56a47e2d62,"It’s been about 24 hours and my card payment is still showing pending in the app. Should I just chill longer, or does this mean something’s messed up?",45,pending_card_payment,gen_z_slang
a40b55d1-c8e8-4016-917d-c34541734437,"Hi, I made a card payment on 5 days ago, but it still shows as pending. The money is gone from my balance, but the shop didn’t get it yet. What can I do, please?",45,pending_card_payment,non_native_speaker
b71a66a1-3d6e-4144-8709-65da0464f7eb,"Hello, I paid by card yesterday and the transaction is still marked pending. Could you tell me how long it usually takes to complete, and why it might take longer than expected?",45,pending_card_payment,non_native_speaker
09745469-3c16-48af-b5d7-a4d754371177,"Hi, I used my bank card earlier today, but the payment still says pending. When will it be completed, and when will the final charge actually appear?",45,pending_card_payment,non_native_speaker
52c208c2-030b-46f2-8273-198a347f5d46,"Good day, I made a card purchase this morning, but it hasn’t been completed yet and still shows pending. Can you look into what’s happening and estimate when it will finish?",45,pending_card_payment,non_native_speaker
5dc1b556-05d7-4314-b0b6-34ef03e5340c,"Hi, my card payment from this morning is still pending in the app. It looks like it hasn’t gone through—can you explain the reason and confirm when it will update?",45,pending_card_payment,non_native_speaker
7e8ad3c7-19d9-4b14-b696-85741a5d6ad8,"Hello, I made a card payment yesterday, but it remains in pending status. What does pending mean in this case, and when should I expect it to be finalized?",45,pending_card_payment,non_native_speaker
5cef4a69-c167-4854-9a95-2ba6b2895f67,Card purchase pending since yesterday; when will it post?,45,pending_card_payment,short_wording
f368f7a2-06af-44a4-854e-68dbe0c99cd9,My card transaction is on hold since this morning—what should I do?,45,pending_card_payment,short_wording
029ff624-0eca-4e59-9e22-27b3c937a724,The card charge is not finalized yet; what happens next?,45,pending_card_payment,short_wording
c40f8dbc-8ff5-4ec9-a334-e0d5bffb0579,"Card payment stuck pending, waited 7 days, still not cleared.",45,pending_card_payment,short_wording
5ffe4656-7d78-4392-90b0-2ad733bbd0c5,Card payment is still waiting to settle—any idea when it will update?,45,pending_card_payment,short_wording
0bdbf971-9fe2-4998-88ab-d3309ff5eacb,Card purchase pending; no final charge yet. How long to clear?,45,pending_card_payment,short_wording
70a103ce-d9d3-4143-9e47-9afe692441f4,"I tried to pull cash from an ATM and it took my money, but the withdrawal is still stuck as “pending” and I don’t have my cash—this is ridiculous, how long are you gonna hold me up?",46,pending_cash_withdrawal,angry_layperson
ae184ef2-1fa8-4d70-98bc-c91945fc7132,"I made a cash withdrawal and the funds never appeared. Now it’s stuck in “pending” status, and I’m sick of waiting—tell me exactly when I’ll get my money.",46,pending_cash_withdrawal,angry_layperson
5013f6a3-566e-4f4a-a268-a6c1e9ed4da6,"I pulled cash out of the ATM earlier, I actually got the money in my hand, but the app is still showing the withdrawal as pending like a damn joke. This needs fixing now, because it’s messing up my balance and I’m not waiting around for no reason.",46,pending_cash_withdrawal,angry_layperson
7d24e03e-363c-48db-a673-2afec3078a7b,"I attempted a cash withdrawal and it’s been stuck in status for ages. The money still isn’t available to me, and the app won’t admit anything is wrong—when will this be resolved?",46,pending_cash_withdrawal,angry_layperson
58dd7aff-649e-41a8-9b35-6bef36f0e039,"My ATM withdrawal shows as pending, and it’s taking far too long. I need access to my cash now—when are you going to release it?",46,pending_cash_withdrawal,angry_layperson
23cf7690-b2ea-4039-99f4-461d913a0abf,"I already withdrew cash, but I still don’t have it. The transaction keeps sitting as “pending,” and this delay is unacceptable—please fix it and confirm when I’ll receive my funds.",46,pending_cash_withdrawal,angry_layperson
272e1c19-b88f-4283-87f3-f188a649baf6,I tried to withdraw cash from the ATM earlier and it failed I just checked my app and it still shows the withdrawal in progress I need the money now please stop any charge until it is resolved I am panicking this is urgent,46,pending_cash_withdrawal,panicking_emergency
5ecd50e7-0a32-46ef-9057-f3eebb6191de,"The ATM says my withdrawal is pending, and I’m afraid it won’t release in time. Can you explain what’s causing the delay and estimate when the funds will actually be available? I don’t have the cash yet, and the receipt/account both show pending.",46,pending_cash_withdrawal,panicking_emergency
3f9bf090-90df-4773-bbca-675a4f523f1f,My withdrawal hasn’t gone through—it's showing as pending even though it should have completed hours ago. I urgently need access to the money. Please tell me why it’s still on hold and when it will update.,46,pending_cash_withdrawal,panicking_emergency
13f5beaf-b90e-4ef1-9f78-9108fe55b675,"I attempted a cash withdrawal about an hour ago, but the ATM halted and dispensed nothing. However, my account still lists the transaction as pending. I need the charge canceled or finalized today—please look into it immediately.",46,pending_cash_withdrawal,panicking_emergency
8ebaa4a5-8a36-4b52-941f-f23e13a34267,My cash withdrawal shows pending and it never actually landed in my account or in my hands. It looks like it was approved but then got stuck. Please verify the status right away and clear it as soon as possible.,46,pending_cash_withdrawal,panicking_emergency
b17d9178-4127-4ae7-a2a8-1f2f17e5c2ec,"This morning I made a withdrawal request at the ATM and it seemed to go through, but the transaction is still not completed. I received no cash. Please reverse the pending withdrawal and confirm once it’s been corrected.",46,pending_cash_withdrawal,panicking_emergency
d57557c6-c318-47ef-ab28-db21a0a32995,"Good day, I am writing to request assistance because I attempted a cash withdrawal at an ATM, the transaction appears to be pending in my account, and I have not received the cash; could you please advise on the expected timeline and help me determine whether the transaction will automatically reverse or needs to be cancelled?",46,pending_cash_withdrawal,polite_expert
e60073b0-ac37-4007-aba0-e76c408e62b3,"Hello, I’m following up on an ATM cash withdrawal I made today. The debit transaction hasn’t cleared and remains marked pending—can you check what’s happening and let me know when it should either post or return to my balance?",46,pending_cash_withdrawal,polite_expert
bb83c3ee-f9c3-4e88-a2d6-23c277b07019,"Good day, my ATM withdrawal appears stuck in a pending state in my account activity. Could you explain the usual duration for this status and whether it will automatically complete or revert?",46,pending_cash_withdrawal,polite_expert
9d9ca8b3-91a1-47dc-9239-df88514f5b2b,"Hi, I made a cash withdrawal at an ATM and it is still listed as pending. Please confirm the latest status and tell me when the transaction should be finalized or credited back.",46,pending_cash_withdrawal,polite_expert
89084be5-c783-4127-8097-9462f7bf4f2b,"Hello, earlier today I tried to withdraw cash at an ATM with my debit card, but the transaction is still showing pending and no cash was dispensed. Can you investigate whether it will be reversed or completed so I’m not charged incorrectly?",46,pending_cash_withdrawal,polite_expert
217ce04c-abd0-4a06-a1dd-e6239b764082,"Good day, I’m contacting you because my recent ATM withdrawal hasn’t updated and is still shown as pending. I haven’t received final confirmation or a reversal—could you share the expected timing and whether I need to do anything?",46,pending_cash_withdrawal,polite_expert
a578054b-cc12-44e2-b6b9-548815b7285e,"Yo, my cash withdrawal from the ATM is still showing as pending in the app even though I already tried to fix it earlier—what’s going on and can you cancel/release it?",46,pending_cash_withdrawal,gen_z_slang
aa63c8eb-cbf6-4a0b-9b91-1ec824434c8a,"Yo, that ATM cash withdrawal is still marked pending in the app and it’s taking forever—can you look into it and tell me when it’ll actually complete?",46,pending_cash_withdrawal,gen_z_slang
f177a705-1603-4871-bc74-85a4203a5b7e,"Hey, I made a cash withdrawal and it’s still sitting as pending on my balance—what’s the hold-up, and when will it finally update?",46,pending_cash_withdrawal,gen_z_slang
ce660cae-cfeb-4f62-b912-a4be0378c900,"Hi—yesterday I withdrew cash from an ATM, but the transaction is still pending. Can you confirm what’s causing the delay and whether a fee/charge will hit before I get the cash?",46,pending_cash_withdrawal,gen_z_slang
22568b88-2430-4cb9-8741-84535f0da762,"Yo, I tried an ATM cash withdrawal today—no cash came out, but it still shows pending on my account. Can you verify what’s going on and make sure I don’t get charged for it?",46,pending_cash_withdrawal,gen_z_slang
4b0f1868-52f8-4f18-bede-69b5d35a28cf,"Yo, my cash withdrawal is still stuck on pending—any idea how long it’ll take to fully go through?",46,pending_cash_withdrawal,gen_z_slang
0c92e06d-1147-4eb9-b434-d2332beb083b,"Hi, I tried cash withdrawal at the ATM today, but the money never came out. In my account it still shows as pending. Can you please check and cancel it, or tell me when it will change?",46,pending_cash_withdrawal,non_native_speaker
465e7023-2954-4795-ad6c-c7ebebb4373f,"Hello, I withdrew cash from an ATM yesterday, but the transaction hasn’t updated on my account—it's marked as pending. Could you advise what steps I should take?",46,pending_cash_withdrawal,non_native_speaker
5cac5b36-4ba6-4774-a627-5a8b69acf284,"Hi, my ATM cash withdrawal from yesterday is still listed as pending, and I can’t access the funds. How long does it usually take to be posted, and will it reverse automatically if it fails?",46,pending_cash_withdrawal,non_native_speaker
ec7d5333-98d9-4487-b435-7b22f6c743ab,"Hi there, I completed an ATM cash withdrawal yesterday, but my balance still shows the amount as pending. Can you look into it and confirm when it will be finalized or reversed?",46,pending_cash_withdrawal,non_native_speaker
d53fd86c-8baf-4954-a039-ed983f6c2ea2,"Hello, my app shows my ATM withdrawal as pending even though I already received the cash. Why might the status not clear, and when should it update?",46,pending_cash_withdrawal,non_native_speaker
9e6a7029-f193-4d30-8ae3-a9e5d9819c0a,"Hi, I attempted a cash withdrawal at an ATM yesterday. The payment still appears as pending and hasn’t been completed. What’s happening, and when will the status change back?",46,pending_cash_withdrawal,non_native_speaker
637080c1-34d5-482d-8498-78d4f16003cf,Cash withdrawal still pending?,46,pending_cash_withdrawal,short_wording
ade808f6-f798-4fc8-b487-95f27a8d74b3,My ATM withdrawal is stuck—declined at the machine. Can I cancel the transaction and attempt again?,46,pending_cash_withdrawal,short_wording
52ec733b-da88-4e84-945e-f85adc6a42a4,"Cash withdrawal pending in app, cash received already. How long to clear?",46,pending_cash_withdrawal,short_wording
b819f5a9-d14e-44ba-bf6a-8e3081c5103a,The withdrawal is still not finalized—could you confirm whether the ATM charge has posted?,46,pending_cash_withdrawal,short_wording
baaf68ae-c1b4-4bd8-ae03-b0baaa6f89ca,"Withdrawal shows pending on my ATM. Will it automatically reverse, or do I need to cancel it?",46,pending_cash_withdrawal,short_wording
9b6a6be9-b7a7-42e3-bacb-e701622e9776,"ATM says the cash withdrawal is pending, but I didn’t get any money. How do I get the pending charge removed?",46,pending_cash_withdrawal,short_wording
ea0da91f-4d63-44ca-aef7-31a25d3ce95c,"This is ridiculous—my top-up has been sitting in limbo as pending for hours and nobody can give me a straight answer, so I can’t use my money. Fix it now or tell me exactly what’s going on.",47,pending_top_up,angry_layperson
90a75239-c7d1-4302-a658-8320474f3919,"My top-up is stuck on pending after I tried it, and it’s driving me crazy—please get it processed immediately. I can’t wait any longer.",47,pending_top_up,angry_layperson
1833c2f6-1ff5-4118-b117-7ffcbb5c0df9,"For hours my payment shows as “pending,” even though the card authorization went through. What’s causing the delay?",47,pending_top_up,angry_layperson
fdef6c0d-c67d-49af-b508-a3dd54530f6e,It’s been sitting there as pending and still won’t complete. When will it finally be confirmed and hit my balance?,47,pending_top_up,angry_layperson
cd6cc028-1c5f-47e5-b5d2-0948a52e6301,I added funds and they’ve been hanging in pending for ages. This needs to be fixed now—stop leaving my top-up in limbo.,47,pending_top_up,angry_layperson
e5d35f86-14c4-4e56-a8f3-42261ed98c0e,"I made the top-up earlier and it hasn’t appeared yet. Why is the transaction stuck, and when will it actually go through?",47,pending_top_up,angry_layperson
ce6346f1-8d9b-4b17-8e44-b13dfac429e5,I tried to top up my card and it is still pending. This is urgent. Money is stuck. It has been too long. Please fix it now.,47,pending_top_up,panicking_emergency
b445c5d7-3acc-49bf-b8c6-f0dac80b3f67,I paid for a top up and it’s been stuck in pending—nothing has appeared. I’m in a crisis right now and I can’t access funds or make purchases. Please resolve this ASAP.,47,pending_top_up,panicking_emergency
cbf31075-9f96-4e5d-b510-d1e18e3e5f6a,My payment for a top up keeps sitting as pending even after I tried again. Hours have passed and I still can’t use my balance. I need the funds today—please fix it urgently.,47,pending_top_up,panicking_emergency
9033506a-3a71-417c-84d9-68000f0cd35a,"The top up is stuck on pending. The charge left my account, but my card balance didn’t update. I have to make a payment immediately—please investigate and correct this now.",47,pending_top_up,panicking_emergency
64723f29-ffe9-4ccc-aa58-82b6523fb6f9,"I made a top up and it never completed; it shows pending. The money seems to be missing from my bank, and I can’t complete any payment. Please get it through right away.",47,pending_top_up,panicking_emergency
6740b3e3-1966-4bc3-b861-b8d4c617c07e,"I just topped up and it’s still not finalized—it’s hanging as pending. The funds were deducted, but they aren’t available to me. I urgently need to use my card; please fix this immediately.",47,pending_top_up,panicking_emergency
b769086f-6602-4d67-86a0-5bce713f64d0,"Good day, I would like to report that my recent card top-up has not completed successfully; the transaction is currently showing as pending, and it has been outstanding for approximately 45 minutes—could you please investigate the status and advise whether any action is required on my side?",47,pending_top_up,polite_expert
8421e368-acaa-4a67-9fac-de44cba52271,"Hello, I topped up my account and the payment is stuck as “pending” for roughly [time]. It hasn’t shown up in my balance yet—could you look into it and let me know when the funds should post?",47,pending_top_up,polite_expert
e85b5a3a-fd50-4bc7-ab01-28e4e42fca39,"Hi there, my card top-up hasn’t gone through and is still marked pending rather than completed. Please check the transaction and confirm the expected time for it to be credited to my account.",47,pending_top_up,polite_expert
6db3accc-d65e-44f6-b00b-af6ca11fd2b8,"Good day—my card top-up is showing a pending status, even though I already initiated it. When should I expect it to finish processing, and is there anything I need to do if it doesn’t update soon?",47,pending_top_up,polite_expert
26f5a7be-e625-4316-8b13-2e8dfe06bef4,"Hello, I’m requesting help with a card top-up that hasn’t been credited. The transaction has been pending for over an hour—can you verify whether it’s still processing or if it failed, and share the likely completion timeframe?",47,pending_top_up,polite_expert
16cc415b-52d6-4caf-bd4e-a8f2ef27c02c,"Good day, my card top-up was submitted a few hours ago but hasn’t completed and remains pending. I haven’t received the funds in my available balance yet—could you investigate and tell me when it should be credited, or what I should do next?",47,pending_top_up,polite_expert
620510ce-fc93-4c43-9790-b60ffc905cc6,"Hey, I tried topping up my account and it’s been stuck on “pending” for like 2 hours now, even though my card charge went through.",47,pending_top_up,gen_z_slang
46c1996b-22f0-42a3-bc50-67f9a0a20471,"Yo, my card top-up is just hanging on “pending” for about half an hour—any clue why it’s not posting yet?",47,pending_top_up,gen_z_slang
c3482d6a-042e-4c37-872f-231fc74419ef,"Hey, I added funds earlier and it’s still showing “pending” after 45 mins. Can you verify it and tell me when I’ll get it?",47,pending_top_up,gen_z_slang
0ef5654f-540b-4e72-a25d-a113e7d60ed5,"Hi, I made a top-up and now it’s stuck on pending for 3+ hours—what’s going on, and where’s the money?",47,pending_top_up,gen_z_slang
9cca6b6a-d0e4-4b08-8c53-3f6765cc9f28,"Yo, my top-up’s been “pending” for hours and this is super unusual for me. Can you check the status and estimate when it’ll complete?",47,pending_top_up,gen_z_slang
7c6e9b2b-4266-4d74-9f10-bc50a8f53768,"Yo, even after I paid by card, my top-up is still sitting at “pending.” Any idea how long it usually takes to process?",47,pending_top_up,gen_z_slang
bfcdc7ec-ae13-4660-845e-0c5f474a3ab4,"Hi, I tried to add money to my account today, but it stays on pending for a long time now, like over 1 hour. Can you please check why it not completed yet and when it will go through?",47,pending_top_up,non_native_speaker
e74e90a7-7824-4ef7-ac10-b0b956ef4b80,"Hello, my card top-up from yesterday is still marked as pending. Could you explain what’s causing the delay and when the payment should be completed?",47,pending_top_up,non_native_speaker
e4371eee-0a21-406c-85f9-88a114b402ef,"Hi, I made a top up yesterday, but the funds haven’t arrived. The transaction keeps showing pending status—please assist me and resolve it.",47,pending_top_up,non_native_speaker
d2ea550f-01f5-4748-8c09-9576c573d583,"Hello, I topped up today and it’s been pending for about an hour. Please check why it hasn’t been credited yet and help me get it fixed quickly.",47,pending_top_up,non_native_speaker
65893988-a903-4c5e-bc53-a3ff101e5705,"Hi there, the card top up I did yesterday still appears as pending. Can you tell me why it’s taking so long? I really need the money right now.",47,pending_top_up,non_native_speaker
90f45f3b-425c-4b73-bc9f-9298951b052e,"Hi, my top up to my account is still not completed and shows pending. It’s been close to one hour, and it usually goes through immediately—can you look into the reason?",47,pending_top_up,non_native_speaker
f6c09c13-d1d3-438b-a5f5-fdd3519519aa,"Top up pending since yesterday, no charge yet.",47,pending_top_up,short_wording
cf956c55-c803-4b77-a276-52232cef3406,My top-up has been waiting for ages—can you process it immediately?,47,pending_top_up,short_wording
2e31d04d-e053-4d53-8ca5-b826f737b1d5,The payment’s still showing as pending; it hasn’t been added to my balance.,47,pending_top_up,short_wording
4150c701-d2d6-4a3e-adf7-1c4fbdef4e1b,Still pending after 45 minutes—no credit has come through.,47,pending_top_up,short_wording
5d0b74ee-241d-423c-97bb-f44f13bce1c1,Top-up is marked pending even though I was charged. Please fix it.,47,pending_top_up,short_wording
178039d7-afd4-469d-b4c6-b2a97aea527d,"Funds from the top-up aren’t available yet, and it’s still listed as pending.",47,pending_top_up,short_wording
242b3e54-ddd9-40c0-9372-5d773ed4a6ed,"I sent money over 12 hours ago and it’s still sitting there as “pending.” What the hell is taking so long, and when am I actually getting my transfer to go through?",48,pending_transfer,angry_layperson
063a894a-a1e5-4ff5-ac31-ecba02318cf9,It’s been days since I initiated the transfer and it’s still not marked as done. I’m fed up—can you tell me what’s blocking it?,48,pending_transfer,angry_layperson
71e0c71a-1723-4945-a86f-b27037e89cd1,My transfer keeps showing “pending” and the clock is dragging. This should not take this long—when will the payment actually complete?,48,pending_transfer,angry_layperson
43896b7c-e041-4fd9-8c41-e5dc97adbfbb,"I submitted the transfer and it hasn’t moved at all. What’s taking so long, and when will the funds finally be released?",48,pending_transfer,angry_layperson
35c6de7f-8adc-4731-83d0-039bff0be806,The transfer has been stuck for ages and it still won’t go through. I need a clear ETA right now—otherwise you’re just stalling me.,48,pending_transfer,angry_layperson
77f6ffd9-f223-43bf-9d27-87769478ef0b,My transfer shows as “not done” and it’s been sitting there too long. I want this resolved immediately—when will it actually be finished?,48,pending_transfer,angry_layperson
3d6115f5-68f8-43b2-b58a-a118a025e12c,My transfer is still showing as pending I cannot use the money yet It has been too long I need it released right now Please tell me what is blocking it and when it will complete,48,pending_transfer,panicking_emergency
b1616c2c-4b71-48f4-b5fa-4a6880a69837,This payment won’t clear—it's back to pending and I still haven’t received anything. Can you confirm what’s happening and give me an exact time it will be completed? I really need it today.,48,pending_transfer,panicking_emergency
7d13c129-aa3c-4bee-a9fb-b14541ab04ad,"It’s been sitting in pending status since yesterday morning, and I have zero funds in my account. How much longer until it’s confirmed? I’m extremely worried—please investigate right away.",48,pending_transfer,panicking_emergency
621be20b-3d4c-43b7-8784-c3a412a4ae85,"My transfer keeps getting delayed with the same pending label. I’ve not received the money, and I already sent it days ago—this can’t stay unresolved. Please resolve the issue immediately or explain the hold-up.",48,pending_transfer,panicking_emergency
102c6d45-45cc-4a4a-92b1-1784f0a338f5,"I’m not seeing the transfer at all, and it still shows processing on your side. I need the funds today—please push it through or tell me the reason it’s failing to go through. I can’t wait anymore.",48,pending_transfer,panicking_emergency
d6877811-abca-4b37-b2b4-e9bbc5b6a69e,"The transfer hasn’t been released yet and I require the funds right now. I sent it earlier today, but the status hasn’t advanced. Please check what’s preventing completion and let me know when it will finish.",48,pending_transfer,panicking_emergency
15923c31-c20d-4451-8a9f-3a767a848fe9,"Good day, I am writing regarding a bank transfer that I initiated recently; the transaction is still showing as pending and the recipient has not received the funds yet—could you please advise on the expected processing timeframe and what actions, if any, I should take to ensure the transfer completes?",48,pending_transfer,polite_expert
55ddf08d-5a41-4a7c-99f4-afba018554a6,"Hi there—my international transfer has been stuck as pending longer than the usual window. Can you tell me when I should expect it to finish, and if I need to complete any extra checks or provide verification?",48,pending_transfer,polite_expert
9f2969f8-0d69-4053-97e5-b2ee92810926,"Hello, I’m following up on a recent transfer that hasn’t posted yet. It’s been pending for quite a while—please confirm the typical timeline and suggest any steps I can take to help it clear.",48,pending_transfer,polite_expert
2d581506-f35e-417b-9f49-dc8fef388356,"Good day. I sent an international payment, but it still shows pending and the recipient hasn’t received it even after the expected processing period. What could cause this, and what should I do to get it resolved quickly?",48,pending_transfer,polite_expert
8dedfd56-9f33-4fa9-9280-4d141b0b71c4,"Hi, I’d like to report that my transfer hasn’t been completed. I initiated it on the date in my confirmation, yet the recipient still can’t access the funds—could you advise when the transaction is likely to be finalized?",48,pending_transfer,polite_expert
e56f9519-ff8c-4fc2-ae35-6d57cdcbdf19,"Hello, I’m contacting you about a transfer I recently made that is currently marked as pending. How long does it normally remain in that state, and is there anything I must do to ensure it completes?",48,pending_transfer,polite_expert
d9bfc7a4-10af-4631-a860-f6b6693c1783,"Yo, I sent a transfer earlier today and it’s still stuck on “pending”—any idea when it’ll actually go through?",48,pending_transfer,gen_z_slang
93ee85e2-13d8-459b-9b8a-32283974ea27,"Yo—my transfer’s been stuck on “pending” for ages. How long is normal, and will they hit me with any fees for the delay?",48,pending_transfer,gen_z_slang
45861324-d990-4432-9c28-3f5ffd8c8204,"Hey, the money hasn’t landed yet—still marked “pending.” Can you tell me what’s holding it up and when it should actually show up?",48,pending_transfer,gen_z_slang
fccdfb8f-7fa5-4aad-b538-b87c775cbddd,"Hi—my payment is stuck in that “pending” limbo and it hasn’t cleared. I reviewed everything twice, so what’s the holdup and when will it finish?",48,pending_transfer,gen_z_slang
021bd504-c9cb-4d2c-824c-5a5c724cfd5c,"Yo, my bank transfer is still sitting as “pending.” Any estimate on when it usually completes? I already checked the recipient details and they match.",48,pending_transfer,gen_z_slang
2f717eba-d076-47fc-aaf6-13acba547255,"Hey, I sent the transfer and my bank info checks out, but it’s still “pending” and taking way longer than it should. What steps should I take now?",48,pending_transfer,gen_z_slang
f40e9f90-f185-474f-8aff-0b44e04519c3,"Hi, I sent a transfer yesterday, but the money is still not done and show pending. Can you check why and tell me when it will be completed?",48,pending_transfer,non_native_speaker
a41656e4-6fd2-4f95-ba96-57f7940d4d30,"Hello, I initiated a bank transfer yesterday, but it hasn’t been completed yet and is still marked as processing in the app. Could you look into it and estimate when it will go through?",48,pending_transfer,non_native_speaker
87aa15cf-1fa7-41c4-b92e-8b0ff41f3a94,"Hi, I sent a transfer yesterday and it’s still not confirmed. The recipient hasn’t received the funds. Please check the status and let me know when the transfer will be finalized.",48,pending_transfer,non_native_speaker
2bca0fdd-146a-4192-bc71-136806c83ff0,"Hello, my transfer is taking longer than expected and the status remains pending. Can you explain what could be causing the delay and how much longer I should wait? It’s quite urgent.",48,pending_transfer,non_native_speaker
9838682e-00f2-40d5-9f23-b6fc95652bb7,"Hi there, my bank transfer was sent about two days ago, but it still shows as pending. When do you expect it to be completed, and is there any extra charge due to the delay?",48,pending_transfer,non_native_speaker
d1772270-707f-43c8-a773-4c021722a8ca,"Hello, I transferred money yesterday, but the payment is still listed as pending and I haven’t received it yet. Could you investigate and tell me when it should be finished?",48,pending_transfer,non_native_speaker
4e359eaf-8228-4df5-8425-e24d431a16dc,Transfer submitted; still pending.,48,pending_transfer,short_wording
5ee8c898-e59b-485b-87ca-55527b2a7d96,My transfer is still processing—no payout yet.,48,pending_transfer,short_wording
656f6486-deb4-462b-ad44-b4dd277f019e,"It’s marked pending. When will the transfer complete, and are there any charges?",48,pending_transfer,short_wording
dba3e9dd-d2f5-4e5d-bb1a-a6bc61406220,This bank transfer has been delayed—when should I expect the funds?,48,pending_transfer,short_wording
9c242575-ce26-4568-94bc-913246b8456e,The transfer is pending; how long until it’s settled?,48,pending_transfer,short_wording
6855b92e-5854-460b-8073-981507156d28,Still waiting on the transfer—hasn’t arrived yet.,48,pending_transfer,short_wording
260bfcf7-0424-4719-9407-27c885cd653e,"My damn PIN is locked up because I kept getting it wrong, and now every time I try it just refuses—how the hell do I get it working again?",49,pin_blocked,angry_layperson
3f3b5a23-0444-499d-ada8-a59e42e64c4c,I keep entering my PIN and it just gets denied—now I can’t use my card at all. What steps do I need to take to get the PIN unlocked and start withdrawing again?,49,pin_blocked,angry_layperson
fe5a79c2-de53-43cf-9d5c-e9f32c3a4801,"Apparently my PIN is blocked now, and it’s driving me crazy because I can’t pay or pull cash. How can I restore access to my account today?",49,pin_blocked,angry_layperson
dcd53308-7000-496d-aa01-5cfb0abda4c9,My card isn’t working because every attempt at the PIN gets rejected. Can someone explain why it’s happening and how I can regain access to my funds?,49,pin_blocked,angry_layperson
5b6b559b-c610-49d5-8a0a-1c4a0d934915,I’m being stopped at the ATM—my PIN won’t go through and the machines keep turning me away. What do I do to fix the lockout so I can use my card again?,49,pin_blocked,angry_layperson
1b7d98e9-0f9e-4bed-9a08-9f2f869c4e54,"My PIN access seems locked, and I can’t get into my account. Please tell me how to unlock it so I can use my card right away.",49,pin_blocked,angry_layperson
0f43c38a-6925-4cdf-b31a-a09361aedcb2,My card PIN is now blocked I keep getting denied at the ATM I tried again and it failed more please unblock me now how do I reset the PIN right away I need access today,49,pin_blocked,panicking_emergency
b1841013-be08-4ea1-9d51-d94bdc460ecb,The PIN on my debit card has been blocked and I can’t use the card at all. Every attempt at the machine gets denied repeatedly—please lift the restriction ASAP. I’m worried about my account and need this resolved right away.,49,pin_blocked,panicking_emergency
fa675e44-6c57-45e9-ac7d-e0ff42cc9906,"I entered my card PIN several times and now it’s been locked. I’m unable to get into my account, and I urgently need cash today. Please restore access and unblock the PIN immediately.",49,pin_blocked,panicking_emergency
8b3564a6-69ff-42a2-ae1b-8ea27cb7c945,"My card PIN is currently locked, and I can’t get through at all when I try to use it. It keeps rejecting me no matter what I do. What immediate steps should I take to unlock it so I can use my money today?",49,pin_blocked,panicking_emergency
8738f9c9-d5b1-4c73-9964-fb13c79507f1,"My PIN has been frozen after too many failed entries, and the card won’t accept anything right now. I need it working today, and I also need to confirm who I am quickly. How can I get it unblocked immediately?",49,pin_blocked,panicking_emergency
417ac5f9-8d7b-44ff-978a-c10a10de200d,I’m locked out at the worst time—my card keeps saying my PIN is wrong after multiple tries. I can’t withdraw cash or make payments. Please fix this instantly so I can use my card again.,49,pin_blocked,panicking_emergency
c09c78cd-2bf1-41c8-906b-b8cd3b3a2e94,"Good day, I would like to request assistance because my card’s PIN has been locked after several unsuccessful entry attempts, and I am therefore unable to complete any transactions; could you please advise the fastest method to restore PIN access and what identification or verification will be required?",49,pin_blocked,polite_expert
27defaa4-4fee-4939-8518-5f0f9325a1f2,"Hello, my PIN seems to be locked due to multiple wrong tries, so I can’t use my card right now. What checks will you need from me, and how can you lift the PIN block so I can get back to normal?",49,pin_blocked,polite_expert
547b2eb6-644d-474f-871a-bc94f2aca5e1,"Hi there—my card’s PIN is blocked after repeated incorrect entries, which prevents me from making purchases. Could you walk me through the process to unblock or reset the PIN and tell me what proof/verification is required?",49,pin_blocked,polite_expert
c3c17155-c13a-4b85-96e5-646d226d46b8,"Good day, I’m having trouble because my PIN for the card is currently blocked, so every transaction fails. Please let me know the verification steps and whether you will restore the PIN or issue a replacement.",49,pin_blocked,polite_expert
b3c5548f-b1fd-45d6-9035-65d57906f05a,"Hello, I believe my PIN has been locked after several unsuccessful attempts. I need it fixed quickly—what information do you require to verify me, and what is the quickest way to remove the block?",49,pin_blocked,polite_expert
fde9ef94-5dcc-4c2f-a16c-5b0e5c2bce01,"Hi, my card PIN looks like it’s been locked following a number of failed entries. Can you advise the exact steps to regain PIN access as soon as possible?",49,pin_blocked,polite_expert
b0b9cdf4-7623-4512-a913-ade1af1c0b6e,"Hey, my card got stuck after I entered the wrong PIN a bunch of times—can you help me unblock/reset my PIN so I can use it again?",49,pin_blocked,gen_z_slang
c31fa1b5-04df-4d48-b4b7-12488d028fa4,"Ugh, my PIN’s been flagged as locked after I tapped in the wrong code a few times—can you walk me through unblocking it? I’m locked out.",49,pin_blocked,gen_z_slang
e095bf8b-f07c-4a9d-a954-677efd8fc803,My PIN is acting up and won’t let me sign in—what’s the process to reset it and get it unblocked?,49,pin_blocked,gen_z_slang
72834be5-6433-4e8f-930c-aea6584da372,"Looks like my PIN got blocked, so my card won’t work—how can I fix that and create a fresh PIN?",49,pin_blocked,gen_z_slang
a1381f3c-4106-4855-98fa-6cf127d4d401,"My card reader keeps saying no when I enter my PIN, and I’m pretty sure I’m locked out from too many wrong attempts—help me unfreeze/reset it.",49,pin_blocked,gen_z_slang
06d06559-530b-48e1-bc9a-125abff6ca90,I might’ve messed up my PIN and now it’s locked—what do I need to do to get it reset/unblocked ASAP?,49,pin_blocked,gen_z_slang
961b913e-a8d7-464a-9bdc-9d02480d81ff,"Hi, my PIN is blocked now because I entered wrong codes too many times. Can you tell me how I can unblock it and get a new PIN?",49,pin_blocked,non_native_speaker
96ff27a0-6176-477f-b0ed-f7a479106fa5,"Hello, my ATM PIN seems locked. I kept entering it incorrectly and it stopped working. What steps should I follow to unlock or change my PIN?",49,pin_blocked,non_native_speaker
b3ef80b6-e870-4539-b671-339a4939579a,"Hi, my PIN on the ATM card is locked because I entered the wrong number several times. I can’t use the card right now—can you tell me how to restore access and get a new PIN?",49,pin_blocked,non_native_speaker
41c78d52-a53d-44e5-9367-e0cc0bac3326,"Hello, my PIN is blocked after multiple attempts. It still doesn’t work. Can you guide me on how to unblock it?",49,pin_blocked,non_native_speaker
e8efad44-1e42-4232-87c8-8018be614aba,"Hi, my bank card PIN has been blocked. I tried entering it many times and now it won’t accept it. What should I do to unlock it so I can use my card again?",49,pin_blocked,non_native_speaker
3b53aa9c-ec3f-498e-9f67-639d7b76e884,"Hello, my card PIN is locked due to too many wrong tries. Please let me know how I can unlock it and start using it again.",49,pin_blocked,non_native_speaker
fe03f1e9-38b4-4fa5-9de0-a0d2c5a4dd48,"PIN locked, need reset",49,pin_blocked,short_wording
7415e32b-1e1e-46e1-9809-2c483b556b9f,"ATM pin blocked after tries, please unblock",49,pin_blocked,short_wording
ccae6d35-eb35-478f-86a0-20f7cc68b076,My PIN is blocked—can you help me get it working again?,49,pin_blocked,short_wording
d181743d-bf2d-4812-afba-cc39d7fdaa4f,PIN locked after too many tries. How unlock?,49,pin_blocked,short_wording
67d9018d-a3fb-414b-8717-7fdea55a61b4,Pin locked after wrong attempts. How to unblock?,49,pin_blocked,short_wording
86b5f9ec-24d5-4233-a587-e93e769aa543,ATM says PIN blocked. How to unblock?,49,pin_blocked,short_wording
225ac905-a39e-448d-86bf-38558e50b3bb,"I’m trying to get money into my account and it’s not showing up—no one’s explaining anything, and this is ridiculous. When the hell will the payment land?",50,receiving_money,angry_layperson
a9daa582-0680-4912-82ed-e52428af6718,"I was told the payment would hit this account days ago, but nothing has arrived. What’s the hold-up—please stop dodging and just make it post.",50,receiving_money,angry_layperson
4df45588-c9a5-4fc5-947e-e464334610a6,"I’m owed money and it won’t get delivered to me. Why is the transfer failing, and what exact steps do I need to take to get it working today?",50,receiving_money,angry_layperson
eee5c607-059b-4d12-a711-baffdb0c8e06,"My deposit is getting rejected or stuck somewhere, and I’m done waiting. When will you resolve it so my pay finally lands in my account?",50,receiving_money,angry_layperson
f27f9b66-6ca7-4b5c-bb98-e72c2e5fe5d1,"The funds were supposed to be sent to me, but they never show up. I need this resolved immediately—no more delays or failed attempts.",50,receiving_money,angry_layperson
390f287a-8761-4487-be5e-a4465d4aa607,"It’s still not showing in my account, even though the payment was supposed to be processed. When are you going to get it through and stop leaving me in the dark?",50,receiving_money,angry_layperson
bc79acc3-c629-46cb-a841-1a37224df0b4,I am panicking I cannot receive money from a sender It says it is not going through Please tell me why and what to do right now I need the funds today,50,receiving_money,panicking_emergency
065bab95-5273-4f94-989f-fb0cde187891,Urgent—someone tried sending me money and it won’t go through. The transfer keeps failing and I can’t get any funds deposited. Can you help me figure out what’s wrong and what to do right now?,50,receiving_money,panicking_emergency
f5e2fa1c-26e6-40fb-9792-5f8acbd7e7a8,I cannot receive the money today. My salary transfer is pending and it should be in my account already. What do I need to set up to accept incoming payments. Please tell me the exact steps right now.,50,receiving_money,panicking_emergency
d7f317a2-b1af-4d14-a2b4-09859c0a044b,Incoming payment is getting rejected and I’m stuck with no money in my account. Each attempt to receive a transfer fails at the last step. Please tell me the reason and how I can unblock it immediately.,50,receiving_money,panicking_emergency
138676eb-0373-4ea7-a9bd-20410c2410bd,"I’m waiting on urgent funds, but my account won’t accept the payment. The transfer either fails or never appears. What exact actions should I take right away to receive it?",50,receiving_money,panicking_emergency
7a77302b-ca28-454c-97d2-1af10542893d,"Can you tell me how to get a person’s transfer to land in my account? I don’t see anything that lets me accept incoming funds. Also, what information do they need from me and which currencies are supported?",50,receiving_money,panicking_emergency
36b499f2-3689-438f-9f85-4dfc23cb4516,"Good day, I would like to confirm why I am currently unable to receive incoming payments into my account, and please advise what information—such as the correct account details, currency, and any reference or remittance fields—is required to ensure that my salary or other transfers can be credited successfully.",50,receiving_money,polite_expert
f9b639d4-edf4-4c1d-8c11-6fc01a0ef018,"Hello, could you explain the process for crediting money to my account? I’d like to know exactly what I should share with the person sending funds, and whether incoming transfers have any charges, caps, or expected settlement time.",50,receiving_money,polite_expert
25514c83-8998-4783-a541-dcb500e26a44,"Hi, I want to check if there’s any problem receiving payments on my account. Also, when someone sends me money in GBP, what steps or details are needed so it posts correctly?",50,receiving_money,polite_expert
1f984ec0-7f85-41fd-9350-3589e18c8ce3,"Good afternoon—please help me set up incoming payments. Can you confirm whether salary payments and transfers from friends are supported, and let me know what information the sender should include (for example, account identifier and reference/beneficiary details) to avoid delays?",50,receiving_money,polite_expert
050df937-ea56-48e5-b80b-a5da32fd3d76,"Hello, I’m looking for guidance on how to receive a transfer from someone else. What sender information do I need to request, and how long does it usually take for the money to show up?",50,receiving_money,polite_expert
90857fcb-2850-41ec-84aa-b7ced7bf039a,"Good day, I’d like to make sure I can receive inbound transfers in GBP. Please confirm which payment/recipient details I should provide to the sender, and whether there are any limitations or conditions that could affect successful receipt.",50,receiving_money,polite_expert
267c81ca-d375-49f7-8dcd-a8187855d810,"Hey, quick q—how do I get paid money here? Like can I receive my salary/paycheck, and what info do I need to give the sender?",50,receiving_money,gen_z_slang
7de10145-7b85-483f-b885-48a36ce0fe67,How do I get paid into my account? Do I just share my bank details—like IBAN/sort code—or is there something else my friend needs?,50,receiving_money,gen_z_slang
c18989d3-27d6-4a5a-b1eb-9c6d0c45948b,"Yo, I’m trying to get paid and the money my friend sent is still not showing up in my account—what’s going on and when should it land?",50,receiving_money,gen_z_slang
a53c42ac-84f4-4ec8-bb78-e6d84dec5bdf,Yo—how do I receive a transfer to my account? What details should I send back to the person so they can send the money to me?,50,receiving_money,gen_z_slang
61206c49-04ed-423d-b252-8408b92c0fa6,What do I need to do so payments can actually hit my account? I’m trying to get my paycheck in—what info do I have to provide?,50,receiving_money,gen_z_slang
da163d70-d940-4514-b9d4-a98752937cc3,"Hey, I got a payment coming in but it’s not showing up on my balance yet—how do I make sure the money actually lands in my account?",50,receiving_money,gen_z_slang
f5773402-5d50-40f6-90a7-58d5b093966b,"Hi, my paycheck should come to my account, but I not sure how to set it. It is in GBP. What I need to do so the money can be received correctly?",50,receiving_money,non_native_speaker
e9e49f8f-0bfa-47d0-b43e-8367a1f39464,"Hello, I’m trying to get payments into my bank account. What should I share with the person sending the money, and which information is required?",50,receiving_money,non_native_speaker
90c0ee98-2a05-43b0-8480-c65d98687d1a,"Hi, can my salary be paid into my account in GBP? If yes, what details do you need from me to set it up?",50,receiving_money,non_native_speaker
2b505c46-ece6-4fed-ba88-504bb67e9fa5,"Hello, I’m paid via bank transfer, but I’m not sure how to receive it with the right setup. Can I provide my account number, and what currency will it be sent in?",50,receiving_money,non_native_speaker
512ad0fc-3645-43b7-8e40-fa0dce5fa70f,"Hi there, I need to receive a payment to my account. What steps should I follow, and what information must be provided to the sender?",50,receiving_money,non_native_speaker
c4360b5f-7433-4246-aab9-ca8904a6e29d,"Hello, my friend is trying to send me money, but the transfer isn’t going through. What do I need to do, and what bank details should they request from me?",50,receiving_money,non_native_speaker
8a1f7a96-b532-4280-a073-f3fff2cff83f,How to receive incoming bank transfer?,50,receiving_money,short_wording
2dd13691-c321-4b18-b71f-b00267ef5ecc,How to receive money here?,50,receiving_money,short_wording
87d5c5e8-97ae-4cc0-b444-55c574598515,"Incoming transfer pending, what to do?",50,receiving_money,short_wording
3c7d3c78-d190-46f1-9493-8d175f226988,Getting paid into my account?,50,receiving_money,short_wording
0367ee6f-90da-4146-bcff-4b715a83275d,Receiving incoming transfers? Wrong bank details?,50,receiving_money,short_wording
4ac6bfc3-af86-464a-82a2-b41978d25347,Where can I get payments from?,50,receiving_money,short_wording
3bdcb5a9-fd69-4f54-9f16-fa66006fa837,"I’m pissed off—this was supposed to be delivered and it never happened, so I want a full refund right now, not some runaround.",52,request_refund,angry_layperson
35e85272-489d-4662-87ce-6fa6d236dcc0,"You took my money for a transaction I never authorized. I want the charge reversed immediately—no excuses, no delays.",52,request_refund,angry_layperson
a0e577ba-9e41-4388-b2c4-d607191406b5,This is unacceptable—my account shows an unresolved issue and I’m demanding my funds back. Please process the refund today; I’m done waiting.,52,request_refund,angry_layperson
054951d3-a102-437c-8ae5-70ef04a971f7,I just made a purchase and I’m requesting a refund right away. Cancel the order and return my payment—I'm not going to keep chasing this.,52,request_refund,angry_layperson
b00b4d83-986e-49a0-a16f-8720d22263af,"I want my money back for this purchase immediately. If you’re not going to help, at least tell me the exact steps to file the refund—now.",52,request_refund,angry_layperson
0e9dcb67-dbb5-4c79-8c8b-b470527c69d8,"I paid, and now I’m demanding a refund because this situation is a mess. Start the refund process immediately—stop making me wait.",52,request_refund,angry_layperson
1122304c-9d32-4b54-a5e4-2e213146548d,I need a refund right now I bought this and I want to cancel immediately The charge already went through Please reverse it today I do not want the product I need the money back now,52,request_refund,panicking_emergency
340a67af-bd93-4949-aceb-a3ca0ae774c7,"This is an emergency—please fix my order mistake immediately. I paid months ago, but it never arrived, and I’m demanding a full refund. Can you reverse the payment and tell me today whether the refund has been processed?",52,request_refund,panicking_emergency
bd8ae351-9911-455d-97bd-9e54a4f15b6d,"My account was billed, but I received nothing. I’m unable to wait any longer—please refund the charge back to my account right away and provide the exact refund amount today.",52,request_refund,panicking_emergency
17104a3c-be24-4a19-bf4e-73098b823345,"I’m reporting an unauthorized charge. I didn’t approve this purchase, and I want the money returned immediately. I attempted to cancel, but it still went through—please open a refund and proceed now.",52,request_refund,panicking_emergency
f42234b2-953f-4053-b3c7-6620d75f5760,"Act fast: I was charged for something I don’t want, and the seller won’t assist. Please reverse the transaction today and confirm what the next steps are, along with when I should expect the refund.",52,request_refund,panicking_emergency
dc2d791f-fab7-40e9-98c5-8a615c06e7c4,"I need urgent help—my purchase shows as completed, but I never received the service. I’m really panicked and I want the full amount returned today. Please process the reversal now and confirm it has been sent back.",52,request_refund,panicking_emergency
6f2d982b-a258-4180-8586-d95bbcab7fef,"Good day, I would like to request the reversal of a recent card purchase, and I kindly ask that the corresponding amount be refunded back to my original payment method as soon as possible; please let me know what information you require to proceed.",52,request_refund,polite_expert
d3b3692f-685a-4a4c-b608-b4b11716f1c8,"Hi there—I'd like to seek a refund for a recent order on my account. I can provide the transaction ID; please confirm how the cancellation/refund workflow works, what documents (if any) you need, and when I should expect the money to return.",52,request_refund,polite_expert
eda8b19a-6b6f-4fef-b332-ea270e55021b,Good day. I’m contacting you to request a refund associated with a recent card transaction. Could you outline the procedure and tell me what details you need from me to complete the reversal?,52,request_refund,polite_expert
accdf2df-47e0-4b0b-b8f0-8bff3c6f6afd,"Hello—I'd like help getting my money back for a recent card purchase. Please let me know which information is required to find the payment, and how long it typically takes for the reversed amount to be posted to my account.",52,request_refund,polite_expert
5f126d82-65d7-4283-9b70-d67dfb6708ff,"Good day. I want to request a refund for a recent transaction on my account. Please share the process step-by-step, including expected timing, whether there are any eligibility rules, and what details you need from me to locate the transaction.",52,request_refund,polite_expert
a7475a65-09ef-483f-aacc-b84c3c233090,"Hi, I’d like to file a refund request for a card payment. The service I received wasn’t satisfactory and I couldn’t resolve it with the merchant, so I need your guidance on the correct refund procedure, what transaction/supporting documents to submit, and the review/issuance timeline.",52,request_refund,polite_expert
ea08688b-805f-4075-ac6b-7f7234d1f48e,"Hey, I just got charged for a purchase I didn’t want—can you help me cancel it and process a refund ASAP?",52,request_refund,gen_z_slang
640b07e9-8174-4475-bc19-a233e57973c6,"Yo, I got charged and I’m trying to get that refund—what do I do first, and what details do you need from me?",52,request_refund,gen_z_slang
032e0977-9407-4bfe-8239-6e295f3f385e,"Can you help me ASAP? I’m trying to get my money back for a purchase that went sideways, and the seller won’t cooperate.",52,request_refund,gen_z_slang
57adcbd3-eaec-4775-8590-25c2e4d260d7,"Hey, I bought something a while ago but I never actually received it, and now I want a full refund—can you help me get my money back?",52,request_refund,gen_z_slang
1582787e-c547-4f88-a5d1-6a5fe6e37626,Please help—this charge needs to be undone. How can I file a refund so it comes back to my account?,52,request_refund,gen_z_slang
9112793e-5efb-4c5a-8e3b-856f384a2a3a,I accidentally bought it and now I want it canceled and refunded—can you point me to the fastest way to fix it?,52,request_refund,gen_z_slang
5f187fd4-35ff-4e66-a5b8-6f784e503ea1,"Hi, I make a card purchase yesterday but I want to cancel it now. Please help me reverse the payment and start the refund as soon as possible. Thanks.",52,request_refund,non_native_speaker
90f29424-5592-4047-8e5e-0d81d044d128,"Hello, I’d like to request a refund. I paid for an order, but I no longer need it and the total seems wrong. Could you please undo the payment on my account? What should I do next?",52,request_refund,non_native_speaker
16b6a66e-14f1-45b2-bce1-3c9227bc30d0,"Hi there, I want to return my purchase and receive a refund. Unfortunately the product didn’t meet my expectations, so I’d like to cancel it. Please let me know the steps to start the refund and any details you require.",52,request_refund,non_native_speaker
cc884cf4-d544-4365-bd04-90ab1bb599f5,"Hello, I’m contacting you about a refund for a transaction I made. I haven’t received the item/service yet, so I want to cancel it and get my full payment back. Can you explain what I need to do, in order?",52,request_refund,non_native_speaker
ec1ad160-2d68-447d-82c4-ef25c626226f,"Hi, I’m requesting a refund for an item I bought last week. The quality wasn’t right for me, and I’d like my money returned. Could you tell me how to file the refund request?",52,request_refund,non_native_speaker
3c998b81-098e-43f4-9138-3ae739a71677,"Hello, I need help with a refund for a payment I completed. The product wasn’t the same as what was described, so I’d like to receive my money back. How do I begin the refund process?",52,request_refund,non_native_speaker
40f75698-6f48-4ab4-b2a4-cd50f57e0f6f,Refund for card purchase; reverse charge.,52,request_refund,short_wording
741b8f82-4620-4dbd-bdc9-0975095e40e2,I’d like my money back for a recent payment.,52,request_refund,short_wording
672a8dbd-9334-4517-84c6-01fed1135047,Please stop that transaction and process my refund.,52,request_refund,short_wording
7366d254-4a0d-4884-97ad-01f4a2f21a0e,Requesting a refund for a card transaction.,52,request_refund,short_wording
309b54da-bcc8-4979-82fb-ecdbb882cef5,I was billed twice—please refund me immediately.,52,request_refund,short_wording
4eeca936-e7be-4944-89f3-a76148aabda2,Please cancel the purchase and return my payment.,52,request_refund,short_wording
5ea056d2-4ad4-40b0-a8a6-b3694b38adf9,"My card payment got reverted for no reason, and I’m sick of this nonsense—what the hell happened and when am I getting my money back?",53,reverted_card_payment,angry_layperson
91cf0942-f498-4e4e-aa64-bcc864e9513c,"I was charged for a card purchase, and then suddenly the transaction flipped back—now I’ve got nothing to show for it. Explain what happened and when the refund will actually hit my account.",53,reverted_card_payment,angry_layperson
105b35d9-328c-4dba-9694-eaafac5d4df5,That card transaction is showing as reversed even though I didn’t request any cancellation. Someone needs to correct the status and confirm exactly why my payment was pulled back.,53,reverted_card_payment,angry_layperson
c807467a-7927-4b9f-ba13-8a8c54bfe35e,"I attempted a card payment and the funds disappeared, then the charge was undone and my balance looks wrong. Fix the account and either post the payment properly or return my money immediately.",53,reverted_card_payment,angry_layperson
3bf290ac-703a-4bbc-be51-5514981081ca,"Out of nowhere, my card charge got reversed again and again, and it makes no sense. I want a clear explanation and my money back—today.",53,reverted_card_payment,angry_layperson
7a365eed-a0bc-4b01-a04a-0286f741739e,"I already paid with my card, but the payment got cancelled and the amount was pushed back. I’m angry because I still need the resolution—what’s going on and when will this be sorted?",53,reverted_card_payment,angry_layperson
3a1328a0-6ae3-4ec1-8359-f3e6cdfe5d4d,My card payment just got reverted I already needed that money now the app says it failed Please fix it immediately I cannot wait,53,reverted_card_payment,panicking_emergency
2787b09b-0c59-4491-9c94-63870cd9cd7c,My card payment got cancelled again The charge disappeared from my account but the merchant says they did not receive payment I need this fixed now I cannot wait I need to know why it was cancelled and whether I will be charged again,53,reverted_card_payment,panicking_emergency
89b41ad5-5ea3-4222-bec8-15802f3ce4c5,"I’m freaking out—my card purchase reversed right after checkout. It first looked successful, then the amount returned and my account balance reverted too. The merchant claims they received nothing. Please investigate and restore the payment immediately.",53,reverted_card_payment,panicking_emergency
7ff19181-0321-4526-a4c4-86c7e15717fc,"Out of nowhere, my card transaction flipped to “cancelled.” My merchant says they never got the funds, and the app is showing it as reversed. I urgently need the money back and I need a clear reason and timeline for when it will be reinstated.",53,reverted_card_payment,panicking_emergency
5e6c928e-0cba-451a-9d61-25145cdea2dd,"Please help—my card payment was reversed and now it’s showing as cancelled. I had to complete that purchase today, so this is a real emergency. Tell me what caused the reversal and exactly what steps I should take to get the funds back fast.",53,reverted_card_payment,panicking_emergency
e04d0733-8642-4a69-8232-f46729495aff,"I just paid with my card and the transaction immediately reversed. The app shows the purchase didn’t go through, and the money appears to be stuck/blocked. I need support to fix it right away and explain why it was cancelled.",53,reverted_card_payment,panicking_emergency
9fc5d480-1e13-49e0-b791-3c7debe5d468,"Hello, I attempted to pay for a purchase with my card, but the transaction was reversed shortly after authorization, and the amount has effectively not been completed; could you please check whether there was a decline or reversal from the bank’s side and advise what I should do to ensure the payment goes through successfully?",53,reverted_card_payment,polite_expert
bdfeb3ff-8542-4bce-ad8e-f8ef2dfc0786,"Hi, I’m reaching out because a card transaction that was approved has since been cancelled, and the money has come back into my account. Can you tell me what caused the reversal and whether the merchant can reprocess the payment, or if it’s permanently closed?",53,reverted_card_payment,polite_expert
003a9b27-ffe4-4f75-ad0e-ca58391d72f4,"Hello, I need help with a card payment I tried to complete. It was authorized and then quickly changed to a reverted status—could you explain the likely cause and confirm when I should see any released funds back in my balance?",53,reverted_card_payment,polite_expert
8b592e98-967f-481c-a0a6-c4bfc4cec8f3,"Good day, I was initially informed that my card purchase went through, but later the funds were returned. The merchant says they never received the payment; please investigate why the transaction was reversed and advise what I should do next so the charge can be completed.",53,reverted_card_payment,polite_expert
3503f5a4-6c0e-46db-9a37-98cfbe83a00c,"Hello, I’m contacting you because my bank reversed a card payment after I submitted it, and the charge no longer appears as active. Could you look into what triggered the reversal and let me know the expected date for the funds to be credited back to my account?",53,reverted_card_payment,polite_expert
293cdf52-c0c9-4e3f-986d-44d7d2d72935,"Hi, I attempted a card purchase today and it was approved, but soon afterward it was cancelled and marked as reverted. Even though my account shows enough available balance, I’d like confirmation on why it failed and guidance on how to get the payment completed.",53,reverted_card_payment,polite_expert
5963f333-dece-49f0-a20e-43e6eaa79855,"Hey, I just noticed a card payment I made got reversed/cancelled, and the money didn’t stay where it should—can you tell me why it was returned and when it’ll be fixed?",53,reverted_card_payment,gen_z_slang
33c22e24-7205-4590-a7a9-ab9fb2789ccc,"Yo, my card charge looks like it flipped to reversed, and the cash is back on my balance. Can you dig into what triggered the reversal and if the store plans to re-run it?",53,reverted_card_payment,gen_z_slang
f505148a-7213-4d43-8fd9-ffdeae4389e4,"Hey—my payment shows as reversed/returned, but I definitely bought the thing and the amount was taken at first. Please look into the glitch and sort it out ASAP.",53,reverted_card_payment,gen_z_slang
c77f5718-2a9a-485d-a506-01a8fa42635a,"Yo, I attempted to pay with my card and it shows the charge got reversed. My balance now reflects the money back—any idea why it got cancelled?",53,reverted_card_payment,gen_z_slang
0878a425-a0b7-4658-a262-b3b518cf27af,"Hey, my card payment randomly got reversed—one minute it was there, next it’s gone from my balance. Can you check what happened and get it back on track?",53,reverted_card_payment,gen_z_slang
1de17b4d-2528-40c8-a3d6-e334667023da,"Yo, I paid with my card earlier, but the transaction reversed and the funds landed back in my account. What caused it?",53,reverted_card_payment,gen_z_slang
7945cb41-d360-430a-96d1-180fe937d7eb,"Hi, I did a card payment yesterday, but later the money came back to my account. Can you please tell me why it was reverted and when I can use it again?",53,reverted_card_payment,non_native_speaker
4fb3dacc-fc97-4d7a-897d-d5700fa55e2b,"Hello, I paid by card earlier today, but the transaction got reversed in the app and the funds returned. Could you tell me what caused the reversal and whether I’ll be charged again?",53,reverted_card_payment,non_native_speaker
b8203173-db1d-46b7-a346-d9a1463ccda2,"Hi, my card purchase was suddenly stopped. The payment went through and then the amount came back. Why did this cancellation happen, and when will everything be normal?",53,reverted_card_payment,non_native_speaker
25ac507c-a04f-446f-a335-c26dff568e18,"Hello, the card transaction was reversed and the money is already in my account again. What might be the reason, and when will it be resolved fully?",53,reverted_card_payment,non_native_speaker
1f35614c-73d6-408c-ab6b-fb22e594af2f,"Hi, my card payment was reversed, and the money doesn’t seem to remain. Can you explain why it happened and when I can expect the funds to be available again?",53,reverted_card_payment,non_native_speaker
de3acd66-a5bb-4da8-ab40-aff0c2e5328b,"Hello, I paid with my card at a store, but later the payment was reverted and the balance returned to my account. How can I confirm whether the merchant still has the order, and why did the reversal occur?",53,reverted_card_payment,non_native_speaker
74340bd9-b61a-4964-9257-3e727d9378b2,Card payment reversed—why?,53,reverted_card_payment,short_wording
c5f8682a-9c7d-4e89-818f-8480a023a6fe,Reversal processed—refund timeline? Any chargeback note?,53,reverted_card_payment,short_wording
9105d7f5-e90a-48c5-ac25-d502a81177b5,Payment got reversed—what does that mean for my refund?,53,reverted_card_payment,short_wording
188fbe4c-f78d-4315-8e9b-648c82995d62,My card payment was undone—next steps after the reversal?,53,reverted_card_payment,short_wording
aadae834-eb91-4ca3-aefd-187b02bc6a96,Why was the card charge reversed?,53,reverted_card_payment,short_wording
5fdf2363-9b86-4ba3-b860-99d6dd3af3f7,Card payment reversed—when will I get my money back?,53,reverted_card_payment,short_wording
3a67b21a-2903-45b0-9ca3-29317e4a010b,What cards and currencies do you people actually take? I’m sick of guessing—tell me straight up what you support before I waste more time.,54,supported_cards_and_currencies,angry_layperson
a52ac7cb-4f33-4476-84d5-1f64b6293bf3,Just tell me which payment cards and which currencies you accept. I’m done with the runaround—name them plainly so I can move on.,54,supported_cards_and_currencies,angry_layperson
f35421fc-53fe-45ea-a898-35ec8af2eb13,I can’t believe this—what exact cards and currencies are supported? Please provide a clear list so I can use my payment without more delays.,54,supported_cards_and_currencies,angry_layperson
0ddd5267-135d-4542-b5c9-b91a07cddd5e,"Enough with the vague answers. Which cards are allowed, and what currencies do you take? Give the details upfront because I’m wasting time.",54,supported_cards_and_currencies,angry_layperson
7b7f9be0-a331-4fb4-815d-d5f5055400dc,I need specifics: what cards and currencies do you actually support? Don’t make me guess—tell me the exact options so I don’t send the wrong payment.,54,supported_cards_and_currencies,angry_layperson
e47bc0de-a893-414f-988f-be703e0a5dc7,"Stop dodging the question—what cards and currencies are accepted here? I’m attempting to add funds, and I need to know immediately what will be accepted.",54,supported_cards_and_currencies,angry_layperson
a070cca4-3a51-4b5c-8347-8ca1ff0ea611,I am stuck I need to know what cards are supported and what currencies you support right now Tell me the full list Please I cannot process payments without it,54,supported_cards_and_currencies,panicking_emergency
7bcb43b1-775a-44e9-8539-87314450f4cc,"Quick—I'm in an emergency. Tell me the precise card types you accept for top-ups and the exact currencies I’m allowed to add, right now. I can’t afford a deposit that fails.",54,supported_cards_and_currencies,panicking_emergency
2b09e630-f359-4e81-9d2f-7c84f0afbc3d,"Please confirm immediately: do you support American Express for top-ups, and which funding currencies are available? I’m panicking because I need to add money at once.",54,supported_cards_and_currencies,panicking_emergency
d59a3c0b-9f13-4daa-91ee-f97568651c04,"Stop—I'm unable to proceed until I know your supported payment methods. Which card categories are accepted, and what deposit/payment currencies do you support? I need the complete, exact list.",54,supported_cards_and_currencies,panicking_emergency
361ff149-72a6-4154-b447-aea4e03da502,"I can’t locate the information anywhere. Please provide the full set of supported cards and the full list of currencies I can use to add funds—now, please.",54,supported_cards_and_currencies,panicking_emergency
ff06c428-96bb-4579-9b25-6c2a7636a5ae,"I need to add funds immediately, but I’m stuck. Which cards are eligible for deposits, and which currencies are accepted? Please respond right away with the details.",54,supported_cards_and_currencies,panicking_emergency
9ada6122-bf6f-47be-9a59-ea82a6f53f31,"Hello, I would like to confirm which payment cards are supported for card top-ups and which currencies you currently accept for funding, as I want to ensure my transaction is eligible before proceeding.",54,supported_cards_and_currencies,polite_expert
9646e9e8-09d1-4e6e-a8b1-71aae87ad186,"Hi there—I'd appreciate it if you could share the list of supported card types for adding funds and the set of currencies you accept for account top-ups. Also, let me know if any currency or card category has extra requirements.",54,supported_cards_and_currencies,polite_expert
1add4f27-8d15-4c12-babc-291d0148d794,"Hello, can you tell me which cards you accept for funding and which account currencies are available for deposits? If there are restrictions depending on the card type, please include those details as well.",54,supported_cards_and_currencies,polite_expert
db6d44b4-8e58-4cbe-b170-8ffdcfc1f8d7,"Good day—I'm using cards issued in the U.S. Could you confirm whether they can be used on your service, and which currencies those cards may be used to transact in?",54,supported_cards_and_currencies,polite_expert
e93a2ace-cb44-4a2c-8119-43754784b9f1,"Please advise which cards are eligible for top-ups and what funding currencies are supported. If there are any limits based on the issuer country or the card category, I’d like to understand them before I proceed.",54,supported_cards_and_currencies,polite_expert
5b914489-d2ad-46a0-9478-8cda0e98b4e2,"Hi—could you confirm what payment cards are currently supported for transactions and which currencies I can use for funding? If certain card types or currencies are restricted, please let me know.",54,supported_cards_and_currencies,polite_expert
3c641778-5c0f-46f8-a934-938b4180ac8d,"Hey, quick one—what cards do you support, and which currencies can I use for deposits/transactions?",54,supported_cards_and_currencies,gen_z_slang
62c2c308-f87d-4318-b9d0-023425f83cb9,"Real talk—what cards are accepted for adding funds, and what currencies are supported when I top up?",54,supported_cards_and_currencies,gen_z_slang
b41e5b00-8b6a-43cb-9d29-18ee15a42a85,"Can you tell me which card brands you support for deposits, and whether my card’s currency (like AmEx) will be accepted too?",54,supported_cards_and_currencies,gen_z_slang
9a57e8a8-5f1e-467e-960f-a0a4b914555a,"What cards can I attach to my account, and which currencies can I hold/use after I add money?",54,supported_cards_and_currencies,gen_z_slang
b900cae9-a3a8-49cc-aaa6-6e51913d215e,"What payment cards do you accept, and which currencies can I deposit with or use afterward?",54,supported_cards_and_currencies,gen_z_slang
fd6a5451-7b55-4baf-bac7-cbf319f8d64c,Which cards and currencies are actually supported for both paying and top-ups?,54,supported_cards_and_currencies,gen_z_slang
046ee715-3441-45a6-80a0-02832a212f03,"Hi, I want to know which cards are accepted and which currencies you support for payments and top up. Can I use my Visa, and can I add money in USD or EUR?",54,supported_cards_and_currencies,non_native_speaker
8b4a67bc-fba3-4da6-a5a1-a79ed3d21ff1,"Hello! Before I make a top-up, could you confirm whether my Visa/Mastercard can be used and which currencies are available for loading?",54,supported_cards_and_currencies,non_native_speaker
014a6c03-15d7-420f-a9f6-307f4c364757,Hi there—can you tell me which payment cards and which currencies you allow? I’d like to check first before I transfer or pay.,54,supported_cards_and_currencies,non_native_speaker
386f09f9-b83d-461a-8be0-2a400e11cd85,"Hey, I’m ready to top up. What card types do you accept, and which currencies can I choose? Please also let me know if my credit card will be accepted.",54,supported_cards_and_currencies,non_native_speaker
88b9969f-5af1-419a-98d1-aafe377398f9,"Hi! I want to understand your supported payment methods. Which cards are accepted, and do you support my card’s currency for transactions?",54,supported_cards_and_currencies,non_native_speaker
5f4ae595-ecaa-4040-81df-b2ed99d4dc3f,"Hello, can you clarify which cards you support for adding funds and what currencies I can use for the top-up? A clear list would be great.",54,supported_cards_and_currencies,non_native_speaker
87e50472-62a0-4cdc-8696-6e6fb109d204,Supported top-up cards? Supported currencies?,54,supported_cards_and_currencies,short_wording
001bda71-5483-4929-96b4-02879fcdb07e,Which cards and currencies do you accept?,54,supported_cards_and_currencies,short_wording
41165c62-d5a5-42f7-aaa1-969577e3ba3b,Do you support card top-ups and multiple currencies?,54,supported_cards_and_currencies,short_wording
89305320-b694-49cb-a674-cb63869a3a16,Are both cards and currencies supported?,54,supported_cards_and_currencies,short_wording
75b6fd53-6abb-4b82-bd37-b18dd137c6e0,Can I use supported cards with supported currencies?,54,supported_cards_and_currencies,short_wording
f0c218eb-4f71-48ec-a369-580c44b6c0a9,What cards and currencies are available for top ups?,54,supported_cards_and_currencies,short_wording
bf630e03-050c-4685-a60f-083e8215b5f3,"I want my account gone for good—stop dragging your feet and just delete it now, because your service has been a mess and I’m done.",55,terminate_account,angry_layperson
178d5616-f575-4415-9321-3a0988cab418,Please remove my account immediately—no more delays. Delete it completely and end the whole account right away; I’m finished.,55,terminate_account,angry_layperson
8c98ce91-e5a3-48ff-8f58-6d0672ca6a3c,Enough of this. Cancel my membership and wipe my account data right now. Don’t stall—just take care of it.,55,terminate_account,angry_layperson
81a02836-be7b-42d7-baee-18d32c2b4db8,Close my account permanently today. I shouldn’t have to follow a bunch of steps—just tell me the quickest way to get it deleted.,55,terminate_account,angry_layperson
09ae7895-782b-4251-abea-6a18311fa871,"Shut down my account and close it right now. I’m tired of waiting, and your service has been awful—handle the deletion today.",55,terminate_account,angry_layperson
a8bd341f-baf0-46a0-9780-3a99d5de6a2e,Delete my account for good. Stop making this harder than it needs to be—shut it down now. Your service has been terrible and I’m done.,55,terminate_account,angry_layperson
8afa5ce5-02d1-4435-880f-beef6882e6b3,I need to close my account immediately now do not delay I cannot access anything and I want everything shut down today confirm the closure in writing right now,55,terminate_account,panicking_emergency
fde04828-a7a0-4482-85a8-e8360c06f187,"Please shut down my account as soon as possible. I’m unable to use it, and every time I contact support I get sent back to the start. I need a clear confirmation today.",55,terminate_account,panicking_emergency
ee63928a-06c6-4c57-b4ae-2460a7f17aa8,I’m requesting an immediate account deletion because I’m still seeing charges. Please end the account today and send me confirmation right away—no further processing delays.,55,terminate_account,panicking_emergency
8184b433-0132-4a50-be70-731da6f4ea75,"Act now and terminate my account. I need all activity halted immediately, including any ongoing payments. Please verify the deletion is complete and notify me today—I can’t keep waiting.",55,terminate_account,panicking_emergency
c37fd10d-dfc8-4cbb-aeb7-87e6ae3a3edf,"Please process my account closure immediately. I no longer want to continue with this service, and I’m currently locked out. Confirm the closure today and verify my identity as needed.",55,terminate_account,panicking_emergency
3d7d5b63-53c3-4ccb-89f7-b9190852e0c3,I want my banking account closed right away. Please disable any access today and complete the termination immediately. Send me an email confirmation as soon as it’s done.,55,terminate_account,panicking_emergency
82c79118-29ca-42f0-9d05-696ec16bdd2e,"Hello, I am writing to request the formal closure of my bank account; please advise the exact steps, required verification documents, and any timelines, and confirm that any remaining balance will be handled in accordance with your applicable procedures.",55,terminate_account,polite_expert
2b4189f1-dc56-49a1-97d1-ac9540d72162,"Hi there—please help me close my bank account. Let me know what you need from me to complete the process, which linked services will be cancelled, and how you will treat any leftover funds or payments tied to the account.",55,terminate_account,polite_expert
6abb27b2-3d54-44a6-8407-b9bb54fbde00,"Greetings, I’m requesting that my bank account be closed and that access be shut down permanently. Please confirm the procedure, what (if anything) must be paid before the closure, and whether upcoming charges or fees are included.",55,terminate_account,polite_expert
1ddafd71-c68e-4616-aa29-f133552bfaff,"Hello, I want to end my banking relationship as soon as possible. Could you share the steps I must follow, the identity checks or documents required, and whether any remaining balance or future-dated payments will be processed automatically?",55,terminate_account,polite_expert
2f542f17-7312-4483-b526-fc57c875bfb0,"Good day. I’d like to submit a request to close my bank account and cancel all related account access. Please provide the verification requirements, instructions for settling any outstanding amounts or transactions, and an estimated completion date.",55,terminate_account,polite_expert
156bf1ec-37d7-4f36-8a82-1a500c13cb96,"Hello, I would like my bank account closed immediately. Please tell me the exact actions required, what paperwork I should prepare, and how any remaining balance, pending activity, and linked items (like cards or recurring orders) will be handled.",55,terminate_account,polite_expert
4a3b26a1-fa32-4e4f-b5c2-c31e5eedba41,"Hi, I want to fully close my account ASAP—please delete it and stop any future charges.",55,terminate_account,gen_z_slang
cf1b051e-d796-4a87-af82-3a7ff78b9b54,"Yo, can you shut down my account ASAP? Please delete everything and let me know when it’s officially closed.",55,terminate_account,gen_z_slang
80974bed-de0b-4666-9484-7bf11573cf7f,Hi—I'd like to cancel my account for good. Can you process the closure and send confirmation once it’s fully stopped?,55,terminate_account,gen_z_slang
78a281a6-492e-498a-9cda-ea0054c3892d,"Hey, how do I get my bank account permanently closed? I need confirmation that it’s completely shut down.",55,terminate_account,gen_z_slang
f7bcfca6-2851-4789-a78e-8b604640cac6,"Yo, I’m trying to nuke my account ASAP—can you delete it and confirm right after the closure goes through?",55,terminate_account,gen_z_slang
609fe06b-7e1e-46e4-b64f-8955fc542943,"Hey, can you help me close my account ASAP? I want it terminated and I’d like confirmation once everything’s done.",55,terminate_account,gen_z_slang
615fb213-fdcd-4800-993d-2ee0cf916cea,"Hi, I want to close my bank account now. Please delete it and stop all charges, because I am not happy with your service.",55,terminate_account,non_native_speaker
2c12b8ac-d6e8-4ad0-aebd-ff1c55e6227f,Please cancel my bank account immediately and end any ongoing service. I’m dissatisfied and would like this done as quickly as you can.,55,terminate_account,non_native_speaker
56030240-3643-4588-8621-790692c8f971,Hi there—I'd like to remove my bank account. Kindly process the closure right away and confirm once it’s completed.,55,terminate_account,non_native_speaker
dfbaf9df-7cac-4e34-92f4-eb18cb020dd9,"Hello, I’m requesting account termination. Please close my bank account and prevent any additional payments; let me know what steps I should take.",55,terminate_account,non_native_speaker
a85da34d-7ff4-46bd-9726-2c42cbdd79e9,"Hi, could you terminate my bank account and delete my profile? I no longer want to keep using the service.",55,terminate_account,non_native_speaker
c2cfe250-f60a-4a37-aa9c-357e24c8d4a3,"Please shut down my bank account today. I don’t need it anymore, so remove it and stop all activity linked to it.",55,terminate_account,non_native_speaker
217597c0-80dd-4193-95b1-bb69df180b8a,Delete/close my account now,55,terminate_account,short_wording
a5877915-f163-4c2e-bf74-70a1e25d3af8,I want my account removed for good—please do it now.,55,terminate_account,short_wording
cd5e583d-7946-4060-8a87-04df8d21a19f,Kindly end my account access today.,55,terminate_account,short_wording
e397d66d-e20d-4309-971b-bd8bb278efe8,Please process the account shutdown as soon as possible.,55,terminate_account,short_wording
62f6c156-13fc-4149-96ed-b8cc793c10ed,I’m asking you to shut down my account right away.,55,terminate_account,short_wording
b77b1e29-24fa-4378-9b63-ccddece084c2,Please erase my profile and close my account.,55,terminate_account,short_wording
358bdcd6-8cc0-49ac-9d10-0fc97fa6a865,"Why the hell are you charging me a fee just to add money by bank transfer, and how much is it exactly? Nobody told me I’d get hit with charges for doing this.",56,top_up_by_bank_transfer_charge,angry_layperson
5176a783-b3ec-4f13-99f8-c202fb819a9b,This is outrageous—why do you deduct a fee when I top up using a bank transfer? I wasn’t warned at all. Explain the fee amount and confirm you won’t take it again.,56,top_up_by_bank_transfer_charge,angry_layperson
ba85168f-9563-42c4-8d63-4f2ebceb7f96,"You’ve charged me for a bank transfer top-up, and I want answers. I wasn’t told there would be an extra cost—what exactly is the fee and why did it come out of my balance?",56,top_up_by_bank_transfer_charge,angry_layperson
4fcf38da-0562-4d96-8f44-7e0da2e309fc,Stop charging me for topping up by bank transfer—this is unacceptable. I wasn’t made aware of any fee beforehand. Tell me the exact amount and the reason you’re taking it.,56,top_up_by_bank_transfer_charge,angry_layperson
ca09d354-0883-4e4e-aa4b-00eb3c43ff31,Why am I being charged just to add funds via bank transfer? Please state the exact fee in plain terms—this situation is ridiculous and I need clarification immediately.,56,top_up_by_bank_transfer_charge,angry_layperson
b3e0b9a1-892f-4124-84be-4470e83f90e9,"I’m furious that you’re taking an additional charge when I top up through my bank transfer. What is the fee you’re applying, and why should I be hit with an unexpected cost?",56,top_up_by_bank_transfer_charge,angry_layperson
16124a9c-77a8-4557-843a-ff1b69ecc99c,I just topped up by bank transfer and got charged extra I need to know the exact fee amount right now Why am I paying for this transfer charge How much will you take in total Please confirm the fee for bank transfer top ups immediately,56,top_up_by_bank_transfer_charge,panicking_emergency
1038f206-e090-40b0-826c-12e447d3e0f2,I’ve initiated a bank transfer top up and I’m worried there’s a transfer fee. Can you tell me the precise fee amount and the exact timing of when it will be deducted? I can’t locate it anywhere in the app—please confirm urgently.,56,top_up_by_bank_transfer_charge,panicking_emergency
0c731d97-36af-453c-bce7-42873b943706,"Before I send a bank transfer top up, I need to be sure I won’t get hit with unexpected charges. Will there be a fee for this top up, and what is the full cost including any additional bank-related fees? Tell me the exact amount before I proceed.",56,top_up_by_bank_transfer_charge,panicking_emergency
f62e5504-79d3-4917-bbb2-a41359a4a21d,I attempted a top up via bank transfer and I’m scared I’ll be charged something extra. Please state the exact bank transfer top up fee (if any) and clarify whether it comes out of my available balance or from the transferred funds.,56,top_up_by_bank_transfer_charge,panicking_emergency
2a7a8444-4027-4206-adbf-77bf92bcf5e2,"I’m about to top up using a bank transfer and I’m anxious about extra charges. What fee applies for a bank transfer top up, and could my bank add its own fees too? I need the total figure before the funds land in my account.",56,top_up_by_bank_transfer_charge,panicking_emergency
8777938b-17e2-4b07-a209-b38ce0f71609,"I just made a bank transfer top up and I think I was charged twice. Please provide the exact breakdown of any fees for bank transfer top ups, including whether the extra charge was from your side or my bank. I need the details immediately.",56,top_up_by_bank_transfer_charge,panicking_emergency
9b5b7c07-e099-4c65-b889-896b4e5c6531,"Good day, I would like to confirm the fees associated with adding funds via bank transfer, specifically whether any charges apply on your side for initiating and processing the transfer, and whether I might also incur intermediary bank or receiving-bank costs.",56,top_up_by_bank_transfer_charge,polite_expert
dc5b570f-53f9-43a0-a7e0-3d157e65f97a,"Hello, could you tell me if there are any bank-transfer top-up fees for me? If fees exist, please share the rate or fixed amount and clarify whether they reduce the amount received or are billed separately.",56,top_up_by_bank_transfer_charge,polite_expert
85c526c5-74f0-494d-96d9-b1dc8b2ed143,"Good day—when I fund my account using a bank transfer, what total fees should I expect? Please include any costs from your side and any amounts that may pass through from the sending bank, and indicate whether they’re taken from the transfer or added on separately.",56,top_up_by_bank_transfer_charge,polite_expert
e6c150f0-6897-4bbe-9d4b-71972b212685,"Hi, I’d like to verify whether topping up by bank transfer triggers any receiving-bank charges. Also, if intermediaries are involved, are there any additional correspondent/intermediary fees I should be aware of?",56,top_up_by_bank_transfer_charge,polite_expert
ad402fd7-16c7-4406-a512-fc94839ee789,"Hello, I’m trying to figure out the cost of adding funds via bank transfer. Are there fees charged by you, by me, or by both parties—and what is the method used to compute the final total?",56,top_up_by_bank_transfer_charge,polite_expert
69ed70e4-dfef-4af9-8a14-e556dd007bef,"Good day. Before I make a bank-transfer top-up, please confirm what charges may apply. In particular, do you apply any fees, and what transfer-related costs might my bank levy on my payment?",56,top_up_by_bank_transfer_charge,polite_expert
00eae664-0c06-4b71-b91d-ebcbcd267dd9,"Hey, quick q—when I add funds via bank transfer, are you gonna charge me a fee? If yes, how much exactly, and does it vary by bank/country?",56,top_up_by_bank_transfer_charge,gen_z_slang
deb94fa2-8e63-40da-ad96-795dac771ed9,"Yo—when I do a bank transfer top-up, is there any fee, or is it 100% free?",56,top_up_by_bank_transfer_charge,gen_z_slang
28a27de4-fc43-4c42-86a5-f472fb0a1a3e,"If I top up by bank transfer, do you charge a fee? And if yes, what’s the exact amount?",56,top_up_by_bank_transfer_charge,gen_z_slang
69541817-e375-4990-b36d-f3c800550bd2,"I’m thinking of adding money through a bank transfer—what charges should I expect, and do they change depending on the country or bank?",56,top_up_by_bank_transfer_charge,gen_z_slang
19635722-7cdb-4170-bb7d-c06e5387fe57,"So if I fund my account via bank transfer, will there be a charge on my side? If so, how much precisely?",56,top_up_by_bank_transfer_charge,gen_z_slang
39923472-473a-4868-a04f-588afd36baf3,"Quick one—do bank transfer top-ups come with any fees for me, and if yes, what’s the exact fee?",56,top_up_by_bank_transfer_charge,gen_z_slang
0bde47eb-d3f8-4d42-9152-0133a4ef54e9,"Hi, I want to add money by bank transfer, but can you tell me if there is any fee or extra charge for this? I just want to know the exact cost before I do the transfer.",56,top_up_by_bank_transfer_charge,non_native_speaker
82b78bd0-df4f-41eb-bc17-83ea64870144,"Hello—when I top up via bank transfer, what fee will apply? Please tell me the exact amount you charge for the transfer.",56,top_up_by_bank_transfer_charge,non_native_speaker
e200aa09-c9c7-4015-abe7-ee2d1462b1a1,"Hi there. If I add funds through a bank transfer, how much will the fee be? Also, does the fee increase if I transfer a larger amount?",56,top_up_by_bank_transfer_charge,non_native_speaker
ec72211d-1d67-4e58-913d-1cca34a1c041,"Hello, I’m trying to add money using bank transfer. Could you share the fee amount for this top-up, and when that charge will appear?",56,top_up_by_bank_transfer_charge,non_native_speaker
0d4778a8-cce4-4d3f-b976-d8ad3701510f,"Hi, I want to top up by bank transfer—could you confirm the exact fee for it? I’m interested in the SEPA/bank transfer cost and need the final number.",56,top_up_by_bank_transfer_charge,non_native_speaker
117bf068-8b27-4d90-9f03-0b39cb8e1750,"Hi, before I transfer money to top up, I want to understand the charges. Is there any additional fee, and will my bank deduct it from the amount I send?",56,top_up_by_bank_transfer_charge,non_native_speaker
d559d0cb-7159-4fc7-a80b-dabde85976e5,Transfer top up fee amount? Charged amount?,56,top_up_by_bank_transfer_charge,short_wording
a9538593-a3ad-4f12-9a30-5a39f50e7ca1,Do you charge a fee when I top up via bank transfer? What’s the fee amount?,56,top_up_by_bank_transfer_charge,short_wording
431511e4-333c-4d14-bac8-d58839966726,Is there a bank transfer charge for topping up?,56,top_up_by_bank_transfer_charge,short_wording
89624c4d-6c97-4370-bba5-1c9523696870,What’s the fee for a top-up made by bank transfer?,56,top_up_by_bank_transfer_charge,short_wording
f064ba66-5f1e-4f8d-a27f-0f87dee434fb,How much will you deduct for a bank transfer top-up fee?,56,top_up_by_bank_transfer_charge,short_wording
d7d105fc-f7b7-49c5-9c9a-ccc72f965a45,"Are there any charges for transferring money to top up? If yes, how much?",56,top_up_by_bank_transfer_charge,short_wording
87217fe4-5c74-4978-b7dd-d1d475383b19,"I just tried topping up with my card and it’s not going through, so now I’m stuck waiting while you people probably took my money—what the hell is going on and when are you refunding or fixing it?",57,top_up_by_card_charge,angry_layperson
6c317c51-0aee-4e3a-991a-d63419540bc0,Card top-up won’t complete for me—it just keeps rejecting. I’m fed up with the delays. Can you tell me what the charge/fee situation is and why it won’t go through?,57,top_up_by_card_charge,angry_layperson
26c3cbe5-a9f8-4c69-a52f-f274b04458a3,"I attempted a card deposit and suddenly I’m seeing lots of charges. What’s happening here, and why am I paying extra just to add funds? I want this stopped immediately.",57,top_up_by_card_charge,angry_layperson
baf7f8fb-8cd4-4832-8e5b-ef3e492ff5ef,"I tried topping up with my card and it failed, but I’m still concerned I’ll be billed anyway. Explain what’s going on and whether you’ll refund me if the transaction doesn’t succeed.",57,top_up_by_card_charge,angry_layperson
30b571a3-ff91-4f40-b85e-9e010396f4f0,"I made a card top-up and got unexpected extra fees. Why wasn’t I informed in advance, and what exactly did I pay for?",57,top_up_by_card_charge,angry_layperson
ca6ce234-e7e8-43e7-8350-916a248479f3,I attempted to add funds by card and now I’m being charged repeatedly. This feels wrong—please clarify why you’re taking extra money for a simple top-up and fix it right away.,57,top_up_by_card_charge,angry_layperson
f3213bec-da20-4bd8-99f3-4ae74a3bda39,I tried to add money with my card and it failed at checkout I am stuck with no funds I need this fixed now Please tell me the exact fee and whether any extra charges apply and why the charge did not go through,57,top_up_by_card_charge,panicking_emergency
f1af59c4-dbad-4876-a324-b46ee82020d5,"My card top-up went through, but my wallet balance stayed the same. I’m panicking—please check whether I was charged twice or if a fee was applied, and tell me exactly how long until the funds reflect.",57,top_up_by_card_charge,panicking_emergency
0ae123a8-ab67-468c-8171-8d5b83ff39f0,I attempted a card top-up and I need an urgent breakdown: did the transaction include any extra fee or extra amount beyond the top-up value? Please confirm the exact amount taken from my card.,57,top_up_by_card_charge,panicking_emergency
0971385f-950e-4b56-9e0c-bea8366369e3,"I see the card payment marked as charged, but the top-up hasn’t appeared in my balance yet. Is there a card top-up fee, and if this ends up failing, when will I get the money back?",57,top_up_by_card_charge,panicking_emergency
900be032-fe5b-4cd1-b739-58eff58341cb,"The app says my card top-up failed, yet my bank still shows it as pending. I can’t wait—please confirm whether I’ll still be billed, and the expected timeline for the pending charge to reverse.",57,top_up_by_card_charge,panicking_emergency
79dfd244-6913-4883-8b2a-33f86dca5c6d,I tried to top up using my card and it keeps failing right at the charge step. I need the funds in my account now. Please confirm if any extra fee will be taken by the card issuer or by you. I am getting no clear status and I am stuck.,57,top_up_by_card_charge,panicking_emergency
768739f7-09f1-4930-a898-d8fbaa38ffcf,"Hello, I would like to add funds to my account using a bank card, but I am concerned about the charges associated with this method—could you please confirm whether any fees apply, and whether the amount charged is the same as the top-up value shown before I authorize the payment?",57,top_up_by_card_charge,polite_expert
51406025-1640-40f2-bd94-7552ec35fe3e,"Hi, can you explain the costs for topping up by card? Please tell me the precise fee breakdown (percentage, fixed fee, taxes if any) and confirm whether my card provider will also deduct an extra amount.",57,top_up_by_card_charge,polite_expert
8cb51d6b-c044-4786-b716-9453a914fa8e,"Good day, I attempted to add funds to my account using my debit card, but the charge has not reflected in my available balance; could you please confirm whether the payment was successfully processed and advise on any applicable card fees and expected posting time?",57,top_up_by_card_charge,polite_expert
c93082ca-83bb-4156-b027-3a02ad8581ba,"Hello, I’m trying to understand whether card top-ups include any extra fees. Also, does the amount displayed during the top-up already account for any charges from the card issuer?",57,top_up_by_card_charge,polite_expert
f627cec3-bc4a-45bc-a804-5e8b0383c9b8,"Good day—could you guide me on how to add money with a bank card, and let me know what fees apply to the top-up? If there’s a foreign-currency component, please include the exchange rate used.",57,top_up_by_card_charge,polite_expert
818ccd06-a5a1-4c15-b1bc-501858318982,"Hello, before I complete my card top-up, I’d like to confirm what fees I’ll be charged in total. Please include any possible extra costs, such as currency conversion charges, if they apply.",57,top_up_by_card_charge,polite_expert
c110d22a-6581-415a-8730-f074d5c59fa0,"Hey, I just tried topping up my account with my card and I’m seeing a card charge—can you confirm if there’s an extra fee for card top-ups (especially if it’s an international/EU bank card) and whether that charge is normal?",57,top_up_by_card_charge,gen_z_slang
f83e30dc-69cb-46f2-8abb-7936074d2531,"Yo—when I topped up with my card, the payment went through, but it shows as pending. Can you explain why it’s not final yet and whether I’ll be hit with a second charge?",57,top_up_by_card_charge,gen_z_slang
074c150d-5f61-4e23-a1b0-73d403d78598,"I tried a card top-up and got charged right away. What’s the reason for the billing, and can you break down the exact card top-up fee?",57,top_up_by_card_charge,gen_z_slang
84d27540-23b6-42be-b59e-23a6094242a8,"Quick check—if I top up using my card, am I paying any extra charges? If yes, what’s the amount?",57,top_up_by_card_charge,gen_z_slang
3138ba8a-e693-4d39-8d91-a78f9c9c97d5,"Hey, my card top-up got charged, but my balance didn’t move. What possible fees or pending transactions should I watch for, and when should the top-up actually reflect?",57,top_up_by_card_charge,gen_z_slang
e6420382-4042-4643-9112-e77776e5763c,"Can someone confirm this for me: if I top up by card, are there extra fees? And do the fees change depending on whether my card is from the EU/Europe?",57,top_up_by_card_charge,gen_z_slang
272f2baa-a47b-43fe-b3e5-eb7f8938a2f3,"Hi, I want to add money using my card, but I see a charge on the card statement. Please tell me what fees are for this card top up, and why it is charged.",57,top_up_by_card_charge,non_native_speaker
582d32b7-3912-4a15-8f8e-f048144c98be,"Hello, I’m topping up with my card and I’d like to understand the cost. What exact fee applies, and can I view it in the app or on my receipt?",57,top_up_by_card_charge,non_native_speaker
b7e787ba-d3ed-4e8f-b5e5-a1828ee77239,"Hi there—I'm planning a card top-up, but I'm unsure how much will be deducted from my card. Are there any additional charges besides the top-up amount?",57,top_up_by_card_charge,non_native_speaker
dfdb2d9f-33a8-4068-a6d0-71779bc47119,"Hello, I want to add funds with my bank card. Can you confirm whether any extra fee is taken, and tell me the fee amount for this top-up?",57,top_up_by_card_charge,non_native_speaker
7d700663-ace5-4b94-a6d7-6260349e4447,"Hi, I’m trying to top up by card. Please let me know if you charge a fee for card top-ups, and whether there’s an additional cost on top of the amount.",57,top_up_by_card_charge,non_native_speaker
f65ff2af-4b7e-45c7-8f5c-ea285c16cb2c,"Hi, I attempted a card top-up and noticed a charge already showing. Could you explain what that charge is and whether it includes a fee for the top-up?",57,top_up_by_card_charge,non_native_speaker
f6f6c356-d644-4ade-9105-e4cdc9eb3d47,Card top up charged? Fees?,57,top_up_by_card_charge,short_wording
e6114fcb-af1f-4366-82bf-b6646593fa65,Is there a card top-up fee or any added cost?,57,top_up_by_card_charge,short_wording
1ad562a4-41e9-4cd2-9fbd-6fcbc8b02f6e,Were extra charges applied to my card top-up?,57,top_up_by_card_charge,short_wording
236509b6-bc2e-46ca-b85a-6e60614c3489,Card top up charged twice?,57,top_up_by_card_charge,short_wording
4b2c80d9-636f-432f-92a2-20a4e8f7ad1f,Why am I seeing additional fees on a card top-up?,57,top_up_by_card_charge,short_wording
a3626f99-3852-48de-ac3a-b9cef4e088df,Did my card top-up include unexpected surcharges?,57,top_up_by_card_charge,short_wording
46a22dc9-22e3-4de1-926c-7ac3d068b55a,"I’m trying to put money into my account using cash or a cheque, and nobody’s giving me a straight answer—what the hell do I do with this cheque and where do I deposit cash, because I’m getting nowhere.",58,top_up_by_cash_or_cheque,angry_layperson
b1eb8d8d-0988-4317-9a51-508f14ce3401,"Stop wasting my time—can I top up my account with cash or a cheque, yes or no? If it’s allowed, point me to the exact place to do it and what I must bring.",58,top_up_by_cash_or_cheque,angry_layperson
ad4e69ce-8934-4685-839b-985e59ebf54b,"I want to add funds by cash, but I’m getting runaround. Where do I physically take the cash, and what steps do I follow to deposit it?",58,top_up_by_cash_or_cheque,angry_layperson
09cfd2c5-82c9-49f4-afd8-198ea6f2ba33,"Why won’t my cash deposit or cheque top-up go through anymore? I’m attempting to add money, but it keeps getting refused—what’s the requirement I’m missing?",58,top_up_by_cash_or_cheque,angry_layperson
ade405e0-b68a-4159-b9f5-19770aa21aa4,"I’m trying to fund my account with either cash or a cheque, but I can’t locate the option anywhere. Can you tell me where to go and what documents are needed?",58,top_up_by_cash_or_cheque,angry_layperson
3c1d0bcc-596f-494c-a341-de9ecd7968e0,"Is cash or cheque top-ups even possible for my account? If yes, explain the process clearly—where I go and what you accept—because this is not working.",58,top_up_by_cash_or_cheque,angry_layperson
637fb62d-14de-493e-b8ea-8cef17c3e90c,I need to add money right now and the app only shows card options. I have cash. I also have a cheque. Where do I do it. Is cash accepted. Is cheque accepted. I cannot find the option anywhere. Please tell me the exact steps fast.,58,top_up_by_cash_or_cheque,panicking_emergency
aba6b621-481b-466b-bdb9-e57ab1dd1da0,"Urgent—I must add money today, but I’m seeing only card top-ups. I want to use cash or a cheque; can you point me to the correct place in the app (or the nearest way to deposit) so I can finish now?",58,top_up_by_cash_or_cheque,panicking_emergency
8f0703b8-265e-4728-bec5-54d77b809818,"Please help immediately: I need to fund my account with cash or a cheque. Which locations accept these payments, and what paperwork should I bring? I can’t delay—tell me the process and any limits for today.",58,top_up_by_cash_or_cheque,panicking_emergency
61f74e9f-2476-4d08-8457-66a926121b88,"I’m trying to top up right now using cash or a cheque, but the app won’t show that option. What should I do next, and is there an alternative way to complete the deposit before time runs out?",58,top_up_by_cash_or_cheque,panicking_emergency
0afa147a-0ede-4d98-98bb-5762e634e19c,"I need to add funds today via cash or cheque, but the app is blocking it. Where can I take my cash/cheque to get it credited? I have everything ready—please share the fastest steps and the correct places.",58,top_up_by_cash_or_cheque,panicking_emergency
7d83be81-bd5e-492b-a75c-c224a70e51a7,"My top-up needs to happen today, and I want to use either cash or a cheque, but the app won’t allow it. Do you accept cash deposits and cheques at all? If yes, where can I go and what information will you need from me?",58,top_up_by_cash_or_cheque,panicking_emergency
6438d231-ec23-4ff0-b0dd-695ca12b6d91,"Good day, I would like to add funds to my account using cash or a cheque; could you please confirm what options are available, the applicable limits, and the quickest way to complete the top-up successfully?",58,top_up_by_cash_or_cheque,polite_expert
a2d2b323-9a8e-44de-ad7a-c26da1705ecd,"Hi, I’m hoping to top up using cash or a cheque—please let me know where I can do this (e.g., branch locations) and what ID or other requirements I’ll need before I make the deposit.",58,top_up_by_cash_or_cheque,polite_expert
d8007426-2cbd-496a-af70-e1799b7e2a18,"Hello, could you confirm whether I can add money by depositing cash or by submitting a cheque at your location? Also, please share the documents and transaction details required to complete it.",58,top_up_by_cash_or_cheque,polite_expert
ac6bb670-b330-4364-9694-26967c7b27b0,"Good day—I'd like to add funds via cash or cheque. What deposit options are available, which account information is needed, whether a deposit slip is required, and how long it usually takes for the balance to reflect the top-up?",58,top_up_by_cash_or_cheque,polite_expert
556fb143-ac20-492f-9498-990cf14880b1,"Hi there, I want to top up my account with either cash or a cheque. Please confirm which method you accept, outline the process step by step, and advise the limits and typical posting time for the funds.",58,top_up_by_cash_or_cheque,polite_expert
b8b27290-59ab-43e2-82e8-853a74cbbd2e,"Good day, I’d like to add money using cash or a cheque. Can you confirm which of these are supported, what I should do at the branch, and whether there are any limits or ID/document requirements I must provide?",58,top_up_by_cash_or_cheque,polite_expert
671bcabc-aa88-4b20-8175-017355ed0e33,"Yo, how do I add money to my account using cash or a cheque—like where do I do it and what’s the process?",58,top_up_by_cash_or_cheque,gen_z_slang
2c5563e2-6a6a-4932-8aa0-17d974397f3d,"Can I load funds with cash or a cheque instead of using my card or doing a bank transfer? If so, where do I go and what steps should I follow?",58,top_up_by_cash_or_cheque,gen_z_slang
9007e509-8ce4-413c-b66c-c1abae4f3f7f,"Is cash/cheque top-up even a thing for my account, or is it strictly card and transfers? Just tell me what’s allowed.",58,top_up_by_cash_or_cheque,gen_z_slang
a0df5d5a-8ae5-4dbb-af15-8d200384c6df,"I wanna add money via cash or cheque, but I can’t locate any top-up option in the app—where am I supposed to do it?",58,top_up_by_cash_or_cheque,gen_z_slang
b953f3f0-2662-4538-9aa9-a3009daf891a,"Yo, how do I put money in my account using cash or a cheque? I’m not seeing the option anywhere—what am I missing?",58,top_up_by_cash_or_cheque,gen_z_slang
61d1c1da-0c28-4194-a90f-6845461c1ccd,"Do I have the option to top up with cash or a cheque, or will I need to use a card/bank transfer only?",58,top_up_by_cash_or_cheque,gen_z_slang
5a4494e1-2c9d-41e7-aaff-b99ef6495502,"Hi, I want to add money to my card, but I only have cash or cheque. How can I do it? Is there a way to top up with cash or cheque in your app?",58,top_up_by_cash_or_cheque,non_native_speaker
f102e3f1-040b-4736-b07d-131543dbe197,"Hello, I’m trying to add funds, but I only have cash or a cheque. Could you confirm whether your service supports topping up with cash or with cheques?",58,top_up_by_cash_or_cheque,non_native_speaker
72d1409d-7b67-4f6d-b472-479e8c93067a,Hi there—I'd like to add money to my account. I have both cash and a cheque. What steps should I follow to use them?,58,top_up_by_cash_or_cheque,non_native_speaker
a15af9e2-2e91-4b4c-92b6-35209691b88f,"Hi, I want to add funds to my account using cash or cheque. Where would I need to go, and what should I bring or prepare?",58,top_up_by_cash_or_cheque,non_native_speaker
80853f57-3bce-4d69-bf41-959bf42481be,"Hello, can you explain how to top up if I pay by cash or cheque? Also, where do I submit it?",58,top_up_by_cash_or_cheque,non_native_speaker
2cade471-f3ac-4ea5-809f-aaed5b31aec8,"Hi, I’d like to add money to my account, but I can only pay with cash or a cheque. Which place should I use, and what paperwork is required?",58,top_up_by_cash_or_cheque,non_native_speaker
deb7bca5-6399-47f0-9122-65f27d7b03a9,Cash or cheque top up? How to do it?,58,top_up_by_cash_or_cheque,short_wording
3ca458d7-409d-4bec-a7f2-36e6653f767b,What’s the process to top up using cash or a cheque?,58,top_up_by_cash_or_cheque,short_wording
0d7f6aaf-0bd5-4569-9c16-0f17226e1224,Is there a cash or cheque top-up available?,58,top_up_by_cash_or_cheque,short_wording
7ede5a0c-b8b6-4d18-bdb8-c0d31834c9a4,I can’t see any option to top up with cash or cheque.,58,top_up_by_cash_or_cheque,short_wording
ffb31c96-45ee-4248-832c-aa844937d668,"How do I top up with cash/cheque, and are there limits?",58,top_up_by_cash_or_cheque,short_wording
1e831aa8-2621-4829-a075-04a31a6ab366,Cash or cheque top up?,58,top_up_by_cash_or_cheque,short_wording
951e60df-b405-4a91-b423-711858d1c2a5,"I tried to add money and it just failed, and now I’m stuck—stop jerking me around and tell me right now why it didn’t go through and what you’re doing to fix it.",59,top_up_failed,angry_layperson
0ae56f3f-dde3-442a-aa85-360f9501b4f6,"My top-up didn’t process, and my balance didn’t change. Where is the money, and when will you actually return it?",59,top_up_failed,angry_layperson
2d5d50e5-270b-483e-879b-40aec70862ec,I attempted a top-up and it was rejected immediately. Your system took the attempt but won’t complete the payment—sort it out.,59,top_up_failed,angry_layperson
a778a78b-a786-40e7-86a2-0458bdc64722,I just tried topping up and it failed once more. Now I’m left without access to funds—give me a clear reason and fix it.,59,top_up_failed,angry_layperson
730bcfe9-48dd-4d26-9ee5-a805db21e7c4,"Another top-up was declined, and I’m stuck with zero available funds. Tell me what’s blocking it and fix it today.",59,top_up_failed,angry_layperson
9f347825-6469-4bce-b016-10787a02cd47,I attempted to add funds and the transaction wouldn’t complete. I’m fed up—please confirm what happened and when it will go through.,59,top_up_failed,angry_layperson
3c19861e-dd75-4d14-9532-a43cdc1ec9c7,I tried to add funds and it failed again. Money did not arrive. Please stop the pending charge and confirm if my top up went through or not. I need this fixed now.,59,top_up_failed,panicking_emergency
41bd4c7e-0db5-40bb-bd68-5deac2ec179a,The top-up attempt was rejected and the funds never posted. It shows as denied in the app. Can you urgently reverse any pending authorization and confirm whether the charge actually went through?,59,top_up_failed,panicking_emergency
ea85f0d3-2fdf-4aa5-a422-268104cc80fe,"I attempted a card top up twice and both times it was declined. No money was added to my balance, and the app won’t accept it. Please verify the transaction status and refund me if it processed.",59,top_up_failed,panicking_emergency
2c393eb8-b087-40fb-8628-fc0a36b086b9,"Tonight my card top up failed and the available funds didn’t change. The payment appears stuck. Please look up the transaction and tell me what happened, then resolve it as soon as possible.",59,top_up_failed,panicking_emergency
2810634f-7e74-4a69-a1aa-c54d9f894cfa,I’m panicking—my card top up wouldn’t complete after two tries and the charge didn’t go through. I need the funds back right away or the top up to succeed immediately. Please check my account now.,59,top_up_failed,panicking_emergency
d97e1cf2-3bad-482c-bd3d-b79ea660daa7,My latest card top up failed again and the money hasn’t been credited. The authorization looks stuck and I can’t wait. Please explain why it failed and advise what to do to get it completed today.,59,top_up_failed,panicking_emergency
531928cf-04d1-41f7-a729-b78ec4878e97,"Hello, I attempted to add funds to my account, but the transaction did not complete successfully; could you please explain why the top-up failed and advise what checks I should perform to confirm the status of my payment and the next steps to restore the funds if they were not credited?",59,top_up_failed,polite_expert
f237a054-06e5-489a-aabc-24bb742f5321,"Hi, I’m reaching out because my card top-up was unsuccessful and the funds didn’t appear in my balance. Can you help me figure out why it failed and tell me how I can confirm whether the money will return to my card (or be credited later) and what I should do next?",59,top_up_failed,polite_expert
75933077-26ed-41b4-9ff4-3583af53c125,"Hello, I tried topping up through the app, but the payment didn’t go through. Please check what caused the decline and guide me on the best next steps—should I wait for a reversal or attempt the top-up again?",59,top_up_failed,polite_expert
98e3b85c-ca78-484b-b7f1-cd161369bf41,"Good day—today I attempted a card deposit, but the transaction ended in failure and the top-up didn’t succeed. Could you look into what likely triggered the decline and explain how I can proceed to get the deposit completed?",59,top_up_failed,polite_expert
538fdd4f-4981-45d3-9e1b-75a4eb83e2a1,"Hello, my recent top-up didn’t complete, so I need help confirming whether the transaction went through and what caused the failure. Once we identify the issue, I’d like to know how I can fix it as quickly as possible.",59,top_up_failed,polite_expert
6088ba46-304c-48fe-be68-84639b3407fe,"Hi, I attempted to add funds using my credit card, but the charge didn’t finalize and the top-up was declined. Please investigate the reason and let me know what steps I should take to complete the payment successfully.",59,top_up_failed,polite_expert
04fedfeb-6883-4caf-ace6-8a511fc37b14,"Hey, I tried to top up and the payment just didn’t go through—my balance didn’t change. Can you check what happened?",59,top_up_failed,gen_z_slang
a8bc0c95-efb5-4ea3-b782-3a3151cebc65,"Yo, I attempted a card top-up and it flat-out failed—no funds hit my account. Can you look into it and fix it ASAP?",59,top_up_failed,gen_z_slang
ca773b53-6157-4ae4-82f3-6cf2d56dc84e,"I just tried topping up today, and it died at the final step. No explanation, no success—can you check and tell me why it was rejected?",59,top_up_failed,gen_z_slang
37c59813-558b-41e4-a8ae-47d276e2f9cd,"I went to add funds, but the transaction bombed and my balance didn’t update. What’s going on here?",59,top_up_failed,gen_z_slang
22269ed9-fb6e-416c-8c69-c29965677b53,"Earlier today I tried a top-up to my card and it didn’t process—failed payment, nothing changed. Any clue why it suddenly stopped working?",59,top_up_failed,gen_z_slang
d5625952-8bc0-468e-bf3d-30276b99b63b,My top-up keeps getting rejected and the payment won’t complete. Can you tell me what’s causing the denial?,59,top_up_failed,gen_z_slang
b895aa92-2d3c-4679-95d4-7219aa29abec,"Hi, I tried to add money to my account, but it failed. The app says it was not added, and I dont know why. Can you help me check what happend and fix it?",59,top_up_failed,non_native_speaker
ec2f3fc7-7b1f-49f3-ae28-ccfb16534464,"Hello, the charge for my top up went through, but the balance did not change. I’m not sure why it was not credited—could you look into it?",59,top_up_failed,non_native_speaker
c6546e44-bd2e-43fb-8771-6db187fe6971,"Hi there, I attempted a top up today and it keeps getting rejected. Even after trying again, the app marks it as failed. What should I do next?",59,top_up_failed,non_native_speaker
c318ab4b-dddf-48f0-9d4f-4fe8366d0412,"Hello, I made a top up but it didn’t complete, so the funds were not added. Can you help me figure out the reason?",59,top_up_failed,non_native_speaker
681f75da-2000-41f7-afe0-a0547becf19e,"Hi, I tried topping up my card and it shows “failed” only. The money hasn’t been added, and I don’t understand the cause. Can you check my transaction?",59,top_up_failed,non_native_speaker
9fc7c45b-a9c9-4d03-8e4f-e10c2ab07f6f,"Hello, I attempted to add funds, but the top up was unsuccessful. My account balance didn’t increase—please tell me what happened and how to fix it.",59,top_up_failed,non_native_speaker
d3564ccb-2f9b-4eed-a35a-4971fed28bfa,Top up failed. Still pending. Please check?,59,top_up_failed,short_wording
f97735f5-7094-4faf-b3dc-edc5f5861ace,Your card payment for the top-up didn’t complete—what should I do next?,59,top_up_failed,short_wording
98ce7174-26d9-42f4-9dd0-b7529a3d6cec,Card top up declined; funds not added.,59,top_up_failed,short_wording
83c64a31-44d9-4e46-887a-4f4b60f1fb6b,The top-up attempt was unsuccessful. Can you assist me?,59,top_up_failed,short_wording
0a94ac7b-123d-4f5b-a6d8-c0942eb3b70a,"I tried topping up during checkout, but it didn’t work.",59,top_up_failed,short_wording
7a3ffea4-6573-4d86-828c-1bfbf0d46ee1,The top-up didn’t go through and the balance stayed the same.,59,top_up_failed,short_wording
80787f4c-4369-4e67-8df3-76de4da2d934,"What the hell are the top-up limits on this thing—what’s the max amount I’m allowed to load, because I’m not trying to waste time only to get blocked.",60,top_up_limits,angry_layperson
95a08003-d4cc-4511-a3b2-d17e7ee52fa5,"Can you explain why my top-up ceiling is capped so low? I’m attempting to add funds, but it keeps rejecting me—either raise the limit or show me where I can request an increase.",60,top_up_limits,angry_layperson
b15a648c-0129-4740-a7bf-76f27ddfc1d5,"Seriously, why am I restricted from topping up more than a certain amount? What are the exact maximums—both per transaction and overall?",60,top_up_limits,angry_layperson
77e28358-fe96-4689-a3a3-0feac72e020d,Stop blocking me—why can’t I top up more than a set amount at once? Tell me the actual top-up limits and I want this fixed.,60,top_up_limits,angry_layperson
f086757b-ebe1-4ac7-b1aa-d53cba1899a9,"Why is there a ridiculous cap on how much I can add to my balance? Where do I find the limit beforehand, because I’m tired of guessing and getting refused.",60,top_up_limits,angry_layperson
750cf07d-c608-468d-951e-5750b83e1065,"What’s the maximum I’m allowed to top up, because no one ever told me? I keep getting halted during the transfer—please provide the limit and steps to modify it.",60,top_up_limits,angry_layperson
93d2597e-9807-4844-b65f-78b1349e062e,I cannot figure out my top up limits. How much am I allowed to add in one go. And how much per day and per month. It keeps stopping. I need the exact limits now.,60,top_up_limits,panicking_emergency
828dbb4a-0091-4408-897b-d83430b92817,Emergency—my top up won’t go through. I’m trying to add money today and it’s showing a cap. What are the maximum amounts allowed per transaction and for the day?,60,top_up_limits,panicking_emergency
9331a960-fabc-438a-a26b-b0ef9efc2297,Stop this right now—top ups are being rejected with “limit reached.” What’s the daily limit and the per-transaction limit? I can’t finish the payment.,60,top_up_limits,panicking_emergency
72a2db95-50f1-4c41-b3f4-e80596b98d29,"I’m getting denied every time I top up, even for small amounts. Can you confirm my daily limit and the limit per transaction? Also, tell me how to correct or increase it immediately.",60,top_up_limits,panicking_emergency
3dbd6436-6c6a-4d30-97c2-951c6fee9574,Where can I check my top-up limits? I need the maximum you allow for a single top up and the maximum allowed per day. Please answer now—I’m about to attempt again.,60,top_up_limits,panicking_emergency
f33cf93d-b7ae-4d9f-90c2-5b3ac1bff1a3,"I need to add funds immediately, but the app keeps stopping me because I hit a limit. What’s the cap for one top up and the cap per day? I need the exact numbers right away.",60,top_up_limits,panicking_emergency
fbd2454e-9251-49a8-85eb-c4937fd918ed,"Good day; I would like to confirm the current limits applicable to my card top-ups, including both the maximum amount per transaction and the maximum total amount allowed within a given time period, as I am trying to ensure my planned payment will not be declined.",60,top_up_limits,polite_expert
b04a9af2-7ed7-4f90-837b-5fc153d0a3a3,"Hello, could you tell me the top-up ceiling for my card—specifically whether there’s a daily and a monthly maximum—and what rule your system uses to set it for my payment type?",60,top_up_limits,polite_expert
6345a71f-ca6f-417c-93ed-55d7f8ccae43,"Hi, I’m trying to understand how much I’m allowed to top up in one go, and what the overall cap is over a set timeframe. Also, do the figures change with the payment method I choose?",60,top_up_limits,polite_expert
64228948-d68f-4ec3-9acc-1a7431f1cd39,"Good day—please advise what the per-transaction and per-day top-up limits are for my account. I’d like to know whether any restrictions apply at all, since I’m not sure yet.",60,top_up_limits,polite_expert
dca2de20-5cb8-40c8-a3c8-d95b2880fe1a,"Hello, I need details on the restrictions for card top-ups: the maximum single top-up amount, plus the total limit for a day or month. Could you confirm both?",60,top_up_limits,polite_expert
a43f6825-2d32-440e-a7e7-3e0c3c0704be,"Hello, can you clarify the maximum top-up value allowed per transaction on my account? Also, how can I verify my daily limit and per-transaction limit before I proceed with another payment?",60,top_up_limits,polite_expert
12997426-fe84-475d-8776-4fa2a6841e43,"Yo, quick question—what’s the max limit I can top up each day/week? I don’t wanna get blocked halfway through.",60,top_up_limits,gen_z_slang
1e7cc4b5-bf04-48e1-92d7-d54aeadb083b,What’s the cap on how much I can add to my balance—daily or total—and does it refresh at the start of each day?,60,top_up_limits,gen_z_slang
80a3b7f7-3330-4444-aa2b-4fe922078622,"Can someone tell me the highest amount I’m allowed to top up, and where I can view those limits in the app?",60,top_up_limits,gen_z_slang
6653d972-bd9c-4136-8655-cc1c4a403c39,"How do I find the maximum I can load onto my card at once, and is there a separate limit for each day or week?",60,top_up_limits,gen_z_slang
5ec8c289-2f42-4e6c-ae90-d2d4cccc6864,"Is there a limit on the biggest single top-up I can do, plus a daily or monthly ceiling after that?",60,top_up_limits,gen_z_slang
332be495-d8ed-4f89-9ae5-6434b6d609da,What’s the most I can add per day/week before the system flags me—and where do I check that rule?,60,top_up_limits,gen_z_slang
197414de-f089-4760-a2d9-9bc3c1c67c78,"Hi, I want to add money to my card, but I need to know the limit for top up. What is the max amount per day and per transaction?",60,top_up_limits,non_native_speaker
f2483ecc-14b1-4e4e-ba4a-95f16f53b361,"Hello, I’d like to top up, but I’m unsure of the rules. Could you share the highest amount allowed each day and each month?",60,top_up_limits,non_native_speaker
0fe6db3e-4f84-42b0-8ec3-4ed9c8a90eed,"Hi! I want to add funds, but I can’t find my top-up cap. What’s the maximum I’m allowed to load, and where can I view it in the app?",60,top_up_limits,non_native_speaker
b6c71ff8-c138-442e-b47b-4b0b2824aad8,"Hey, is there any restriction on topping up? Please tell me the maximum amount I can add at once and the ceiling per day.",60,top_up_limits,non_native_speaker
cbe8030d-044d-4e07-8f75-b9bad936da67,"Hello, I’m trying to understand top-up limits. Are there separate maximums for daily top ups and for each individual transaction?",60,top_up_limits,non_native_speaker
3ac0fee4-44bb-4788-8f77-5fcebf491887,"Hi there—before I top up, I need to know the cap. How much can I add in a single top-up and what is the maximum per day?",60,top_up_limits,non_native_speaker
c2656907-8362-4179-8060-200467288619,Maximum top-up limit? Daily weekly?,60,top_up_limits,short_wording
79ce2bbf-66e7-4c8c-b697-8dba347b823d,"How much can I top up, and is it capped per day or per month?",60,top_up_limits,short_wording
873409ea-fe1c-4565-85fb-bacaf7836a58,Is there a ceiling on top-ups? What’s the maximum and is it time-based?,60,top_up_limits,short_wording
2a3a115a-6acf-4425-80a6-5cbe13603a2f,"What’s the highest top-up I can do daily or weekly, and where can I see it?",60,top_up_limits,short_wording
17e1c3ae-22ed-470a-b60d-eff1a4d99bd1,"Do I have a daily cap for top-ups? If so, what’s the limit?",60,top_up_limits,short_wording
06603dcc-5c2c-4a9b-90b6-773aeddefbb8,What’s the maximum amount I’m allowed to add via top-up?,60,top_up_limits,short_wording
b1e011a3-07e6-40dc-8efd-686d318d6f44,"I tried to add money and it got yanked back almost immediately—what the hell is going on, and where’s my money gone to?",61,top_up_reverted,angry_layperson
62dd34a9-d3f4-4ed9-b5db-7f57517fd133,The top-up I made was stopped and the funds are gone. I need a clear answer and a refund/reversal sorted out immediately—this can’t be happening.,61,top_up_reverted,angry_layperson
75ed1b22-0696-4368-893a-172a6c4a3f5f,"I went to add credit, but the transaction failed and the amount was reversed. Where is my money, and when will it actually be returned to me?",61,top_up_reverted,angry_layperson
be603da1-9da7-486e-bb46-741a0a534055,"My payment for a top-up was reversed without warning, and I’m left short. Fix this right now and tell me exactly what happened to the charge.",61,top_up_reverted,angry_layperson
b3fc42e3-829a-4bb6-8117-8d1b6197c046,I attempted a top-up and it was canceled on the spot. I’m waiting for my funds and I’m not leaving it there—when will I get the money back?,61,top_up_reverted,angry_layperson
d7029312-66ae-46d8-8be5-21d246348ddf,"I tried loading money into my account, but the app rejected the top-up and reversed it. I want my balance restored—what caused the cancellation?",61,top_up_reverted,angry_layperson
1f32817a-6cfc-4fe7-b7eb-ad7535f86d6d,"I tried to add funds and it reversed  
Money was taken then came back  
My balance is short now  
I need this fixed immediately  
Please check the transaction and confirm what happened and when it will settle",61,top_up_reverted,panicking_emergency
4e8f0d82-06e0-45d3-813e-67b76613e8df,"I attempted a top-up and it was undone right away. The payment seems to have left my account, but the screen shows a failure—can you tell me where the funds are and when they’ll be put back?",61,top_up_reverted,panicking_emergency
9364fcef-755e-4cc6-b1c6-f108885d011c,My top-up attempt ended up being cancelled and the funds were reversed. I’m panicking because I can’t find the money—please explain what caused the reversal and the expected timeframe to receive it.,61,top_up_reverted,panicking_emergency
216eb611-0130-450a-bcfd-e7115770282a,The top-up on my card has been reversed and it’s marked as cancelled. It looks like the amount is stuck—please investigate immediately and confirm when the balance will be restored.,61,top_up_reverted,panicking_emergency
af14efd8-65d7-433f-851f-732a167c232f,"I made a top-up and now the money has disappeared. The transfer shows as reversed—where did it go, and when will it return to my account? This needs urgent attention.",61,top_up_reverted,panicking_emergency
6333ccc4-1845-4ab7-b6f5-3ab33dbb1e9b,"I tried a mobile top-up and it reversed, so the funds are missing. It says failed, yet I still see the charge hanging—please check the status and tell me when the money will be returned.",61,top_up_reverted,panicking_emergency
191871e3-6385-4204-9fa7-2bc5bf4127b3,"Hello, I attempted to add funds to my account, but the transaction appears to have been reversed shortly afterward, and I would like to confirm why it was revoked and when the amount will be credited back to my payment method.",61,top_up_reverted,polite_expert
7a245276-2f27-4678-a84c-4407f10204c8,"Hi there—my card top-up was declined/cancelled after I made it, and my balance didn’t reflect the payment. Can you check what happened to the authorization and tell me when the money should come back to my card?",61,top_up_reverted,polite_expert
ae2b11a3-87f9-4954-954c-ada9461c0c59,"Hello, I’m seeing that a recent top-up to my account was undone. Please verify the transaction outcome and let me know when the funds will be restored, and whether I should provide any reference number for your investigation.",61,top_up_reverted,polite_expert
049acec5-6519-4e04-8263-d58409a9118e,"Hi, I need help verifying whether the top-up I made to my card was reversed. If it was, could you share the cause and the estimated date/time when the amount should return to my account?",61,top_up_reverted,polite_expert
f1d663d8-bc1e-4aa1-999a-8539b60ba19d,"Good day. I attempted to top up, but the payment was later reversed and the funds went back to where they came from. Could you look into the reason for the reversal and confirm if I need to do anything else?",61,top_up_reverted,polite_expert
28a779b0-fa77-4264-b6ee-8509096006f0,"Hello—my card top-up ended up being cancelled, and the funds look like they were refunded instead of added to my balance. Please investigate the status of the transaction and confirm that the refund/reversal is complete, including when it will fully reflect.",61,top_up_reverted,polite_expert
5eb99fbd-1ec7-4ecb-b70e-9d7f2e73d6de,"Hey, I tried to add funds, but the top-up got canceled and the money didn’t go through—was it reversed or sent back to my account?",61,top_up_reverted,gen_z_slang
3bea9e9b-b770-4108-860b-a95024e575a2,Yo—my top-up got flipped into a reversal. Can you confirm why it bounced back and whether my balance will refresh?,61,top_up_reverted,gen_z_slang
f38b9d50-cd50-4b76-9c8b-e4808f77aa91,"Hey, I went to add funds, but it ended up reversing after the charge. What caused the cancellation and can you help me fix my account?",61,top_up_reverted,gen_z_slang
4f7d5f8d-91f0-428f-a965-02c28586d947,"Yo, I attempted a top-up and then it just got canceled—no funds went through. Can you tell me what went wrong?",61,top_up_reverted,gen_z_slang
ee1635ab-0db9-4111-894a-eeb0f86df473,"Hey, my card top-up got killed suddenly, and the money isn’t back in my account yet. When should I expect the refund?",61,top_up_reverted,gen_z_slang
8ece5cfd-9f38-46b4-8e59-2ea080c4e1ce,"Hey bestie—my top-up seemed to work for a sec, then it got reversed. Can you check where the payment went and why my balance didn’t reflect it?",61,top_up_reverted,gen_z_slang
2db5e255-7bb8-48e6-aded-84595011f73b,"Hi, my last top up was reverted and I can’t use the money. Can you check what happened and when it will be back?",61,top_up_reverted,non_native_speaker
326d0d24-9787-403f-857b-2a4232c8eb79,"Hello, I attempted a card top-up and after a short time the transaction was stopped. The funds were returned, but I still need them—could you explain the reason and what I should do next?",61,top_up_reverted,non_native_speaker
e586f716-2679-4e5f-bbf3-a582207a5c60,"Hi there, I topped up earlier today, but the payment was reversed and the amount returned to me. Can you look into what caused the reversal and when it will be resolved?",61,top_up_reverted,non_native_speaker
5b26e38f-18b3-4a13-98fd-a37f74052d46,"Hello, I tried to make a top-up, but the money went back and the charge shows as canceled. Please check the details and tell me when the funds will appear correctly.",61,top_up_reverted,non_native_speaker
9ad91fe5-edc7-4b65-b329-8cdc6ac22232,"Hi, today I attempted to add funds, but the app rejected the top-up. The amount isn’t showing in my balance—please help me understand what happened.",61,top_up_reverted,non_native_speaker
99236549-2f86-4980-b110-6af5332133b1,"Hello, my top-up got canceled and the payment returned to my account. I still need the money—could you investigate why it was reverted and confirm what went wrong?",61,top_up_reverted,non_native_speaker
115834cd-5788-4ff1-82d4-2bd64d288beb,Top up reversed; refund pending?,61,top_up_reverted,short_wording
7651559a-af0f-435d-8b4d-24de069c72e3,The payment got reversed—my balance didn’t update.,61,top_up_reverted,short_wording
12ded8cb-07c4-40a3-80f6-dec6d99b06ed,"Reversal confirmed, but where are the funds?",61,top_up_reverted,short_wording
86fc5797-d9ea-4584-8fd5-26e96e536246,"Charge is still being processed, yet the top-up was undone.",61,top_up_reverted,short_wording
80c422b5-0a5d-47bf-8033-5826a3ec119c,My top-up was reversed and nothing was credited back.,61,top_up_reverted,short_wording
b5b6f645-e15c-484f-a921-7861ca94aa35,Top-up reversed—still waiting for the money to come through.,61,top_up_reverted,short_wording
cefca70c-1636-4cae-82d0-3e8cdc27f78b,"I tried adding money with my card and it just won’t go through—where’s my money, because this is ridiculous and I’m sick of waiting.",62,topping_up_by_card,angry_layperson
87b042fd-a16f-44a5-9062-8b1c2f85967a,"I’m attempting a card top-up and it keeps failing. This shouldn’t be this hard—please get my balance credited immediately, because I’m not waiting around.",62,topping_up_by_card,angry_layperson
404f7e8a-bc35-4396-8c9c-e1a6be29ceeb,"My card top-up won’t complete. Where is the payment going, and why are you stalling me with this nonsense?",62,topping_up_by_card,angry_layperson
6acb4b68-50bb-49a7-89d4-51822b7db4dc,"I went to add funds with my debit/credit card and the transaction won’t finish—no money shows up, and I’m getting nowhere. What’s the problem?",62,topping_up_by_card,angry_layperson
dea00c97-6556-4a49-acd3-15387d268dc6,I’m trying to top up by card and it just refuses to process. Tell me how to recover my payment and get the funds added right now.,62,topping_up_by_card,angry_layperson
c0d674a5-6da4-474e-b564-15a98e7bff4f,Card top-up keeps getting rejected and I end up with nothing to show for it. Fix this and credit my account—this is unacceptable.,62,topping_up_by_card,angry_layperson
cce82131-bf3a-42e4-8098-29050aa58e64,I tried to add money to my account with my debit card and it failed. The card got charged. I do not see the balance anywhere. Please fix this now.,62,topping_up_by_card,panicking_emergency
7010f632-a831-4fe7-8824-81491718cbe6,"My card payment for a top-up was accepted, but the money hasn’t appeared in my balance. This is urgent—can you check the transaction and make the funds show up right away?",62,topping_up_by_card,panicking_emergency
7e7d7ade-0b5d-45cc-94d2-4f2527128b47,"I attempted a card top-up in the app and it returned an error. The funds aren’t showing anywhere, and I’m unable to use my account. Please resolve this immediately.",62,topping_up_by_card,panicking_emergency
d77faa8c-1104-4f55-8774-6ed9562e0801,"I kept trying to top up with my card, but each attempt failed. My bank shows the charge (or it’s pending), yet my balance stayed the same. Please investigate and tell me when/if I’ll get the money back.",62,topping_up_by_card,panicking_emergency
43f5b18d-3907-4e06-a178-d01bd8f70b41,"I attempted a top-up using my card and the app wouldn’t complete it. I can’t see any added funds, and the screen is blank. Fix it ASAP—did the charge process?",62,topping_up_by_card,panicking_emergency
90d7c8bf-8c2d-440c-b016-f6ed155b1c71,"I made a card top-up, but it’s not reflected in my wallet balance. Please confirm whether the card was charged and when the top-up will be credited.",62,topping_up_by_card,panicking_emergency
66dfd833-2956-4175-b1d0-cf4615e71232,"Hello, I would like to add funds to my account using my debit card, but the top-up keeps failing at the confirmation stage; could you please advise what checks I should perform and whether there are any restrictions on card-based top-ups?",62,topping_up_by_card,polite_expert
79536d26-2f5d-4c67-93af-9ee4ad226faa,"Hi there—my debit-card top-up shows as processed on the issuer side, but my account balance didn’t increase, and the charge seems to have been taken. Can you tell me where the money might be sitting temporarily and what the usual timeline is for reconciliation and getting it back?",62,topping_up_by_card,polite_expert
dc56d0fc-ab12-4f1f-ac82-0bd726e74f0a,"Hello, I tried topping up with a credit card and the payment didn’t go through. Please explain the most common reasons it may not show on my account, and what I should do to get the funds credited or reversed.",62,topping_up_by_card,polite_expert
5595ff4c-61d1-4891-ba2d-61e40188d34c,"Good day, I need help adding money via card, but the top-up keeps stopping before completion. What could be behind the failure, and which troubleshooting steps should I try to get the card transaction through?",62,topping_up_by_card,polite_expert
aea9f950-24d2-4d5b-9a41-9a524e3c5904,"Hello, I’m currently trying to add funds with my debit card, but the top-up won’t finalize. Could you advise what causes this error and how I can proceed to get the top-up successfully completed?",62,topping_up_by_card,polite_expert
1965bb4f-bc9e-436d-b71a-7a3b9ef046c6,"Hi, I attempted a debit-card top-up, but the amount isn’t showing in my available balance. Is it still pending, has it been declined, or did it fail? Please guide me on the next steps to resolve it.",62,topping_up_by_card,polite_expert
27f2ab76-41b7-4454-af81-f55ed07642df,"Yo, I’m trying to top up my account using my card but it keeps getting declined—can y’all check what’s up and tell me what to do next?",62,topping_up_by_card,gen_z_slang
410a46de-edc8-4168-a680-347755b2a316,"Yo, my card top-up keeps getting rejected—can someone tell me why and what I should do so it finally works?",62,topping_up_by_card,gen_z_slang
5a530c27-692b-4268-b949-24f40e124d62,"I’m attempting a card top-up, but it won’t complete. Can you check the issue and guide me on the next step?",62,topping_up_by_card,gen_z_slang
a5f7b994-f868-4ab9-85cb-1d006d3cfce5,"Yo, I tried adding money to my card in the app with my credit/debit card, but the charge went through and I don’t see the top-up showing up in my balance—what gives?",62,topping_up_by_card,gen_z_slang
4f1f454c-6d83-45ab-a969-d31cefb4ed3e,"I tried topping up with my card in the app, but it didn’t process—now the money status is kinda confusing. Can you investigate?",62,topping_up_by_card,gen_z_slang
b69f4cc8-cc46-46a9-9bc3-36a49768f9c4,"The card charge for my top-up went through, but my balance hasn’t changed. Any chance you can help me figure out where it landed?",62,topping_up_by_card,gen_z_slang
54dccdd1-9e7f-49ac-b9c8-6f62c6efe41d,"Hi, I try to add money with my card, but it fails every time. The payment is ok on my side, but the top up not added to my balance. Please help me.",62,topping_up_by_card,non_native_speaker
5ffb8628-397d-469a-98f4-9fcca0022f57,"Hello, I’m trying to top up using my card, but the charge doesn’t complete. I follow the steps and it still fails—how can I fix this?",62,topping_up_by_card,non_native_speaker
f08730f7-a5ca-4455-925a-7b489df42837,"Hi there, I attempted a card top up, but it didn’t go through. Could you tell me what to do next?",62,topping_up_by_card,non_native_speaker
fbfeec31-3259-4979-9e82-eb845f113eff,"Hello, I tried adding funds with my card, but nothing was added to my balance. Please assist me—my top up seems to have been missed.",62,topping_up_by_card,non_native_speaker
9747edfd-d650-4a91-b9e6-9cab1e82fed0,"Hi, I made a card payment to add money, but after that I couldn’t see any top up credited. The money appears to be gone—please help me understand why.",62,topping_up_by_card,non_native_speaker
cc296d27-235a-44d0-b9a7-8e620ec390d8,"Hi, my card payment shows as successful in my banking app, but my account balance doesn’t change. Can you check why the top up didn’t arrive?",62,topping_up_by_card,non_native_speaker
59dab447-d781-4040-9a24-864729b2b821,Card top-up failed; funds missing,62,topping_up_by_card,short_wording
ea1b04d4-9cba-42cb-8354-54d7046e80a6,Top up by card didn’t go through; balance didn’t update.,62,topping_up_by_card,short_wording
f43bb353-2185-4d5d-8a0a-37f1d54eba33,My card top-up was unsuccessful and the funds didn’t arrive.,62,topping_up_by_card,short_wording
0ecc58ec-7de8-4e74-8023-217145f2934c,Card recharge shows no credited amount.,62,topping_up_by_card,short_wording
c4a545ec-fc7c-4e0d-b7e8-058646d4a54d,"Card was debited for the top-up, but it isn’t reflected yet.",62,topping_up_by_card,short_wording
002c685b-c8f3-41f1-8b69-83cc6cdd4704,Card top-up failed when I tried it in the app.,62,topping_up_by_card,short_wording
db7121b3-2564-403f-be5f-6c57ea64cf44,I just got charged twice for the same payment and nobody told me why—this is bullshit. How do I get my money back?,63,transaction_charged_twice,angry_layperson
be9a865b-3500-4706-aa75-f9c8cbaf974a,"This is outrageous—my card shows two identical charges for one transaction, and I haven’t received any explanation. Can you remove the duplicate and refund it immediately?",63,transaction_charged_twice,angry_layperson
57a1e2d6-b6ed-4094-8d2c-d26f223094c1,"Why am I being billed twice for a single order? I’m angry that my money is being deducted two times, and I want the extra charge reversed today.",63,transaction_charged_twice,angry_layperson
6fb3b720-3f23-434c-8c23-c5340d9b24b9,"I already paid, so why does my account list the same payment twice? Tell me how to stop the duplicate charge and get refunded for it.",63,transaction_charged_twice,angry_layperson
940a1699-4c8e-4567-8014-9764db89fdd7,"Something’s wrong: I see two charges for the same purchase, even though I only made one payment. When will you refund the second one?",63,transaction_charged_twice,angry_layperson
2bcdb112-ed75-4973-8725-a6ae709d39cf,"I noticed two identical card charges for one purchase, and I’m not okay with that. Please refund the duplicate right away and confirm what caused it.",63,transaction_charged_twice,angry_layperson
3f739898-a78d-4815-b7e7-520e25daae24,"I was charged twice for the same purchase today  
I did not make two payments  
The amount shows two separate charges  
Please stop this and refund the duplicate immediately  
I need this fixed right now",63,transaction_charged_twice,panicking_emergency
439856f2-5267-4cee-8e92-a9b2273bef34,"My bank account shows one purchase, but it’s been billed twice this morning. I only approved a single payment. Please cancel the duplicate charge and send the refund right away—this is an emergency for me.",63,transaction_charged_twice,panicking_emergency
0e1cd614-18d2-47ca-b001-265235cd8c27,"Today I noticed two postings for the same checkout on my account. The totals match, so I’m sure it was duplicated. I didn’t authorize two separate transactions—please stop the second one and refund it immediately.",63,transaction_charged_twice,panicking_emergency
f70809f5-509d-4b23-8a27-0d1fe4d7061b,"I’m seeing two identical charges from the same merchant on today’s statement, even though I only paid once. Please investigate as quickly as possible, halt any additional billing, and refund the extra charge now.",63,transaction_charged_twice,panicking_emergency
ebd63bf8-20b4-442e-896c-97cee151e5f6,"I just checked and there are two charges for the exact same purchase today. They look identical, and I never authorized two payments. Please reverse the duplicate and refund it right away—I need assistance immediately.",63,transaction_charged_twice,panicking_emergency
6b044d20-d271-4353-b514-a92b5a0501c9,Right now I have two separate entries on my account for the same transaction from today. This can’t be correct—I authorized only one payment. Please verify what happened and process an immediate reversal/refund for the extra one.,63,transaction_charged_twice,panicking_emergency
94f955da-5e58-44d2-8b0d-361155a843c0,"Hello, I would like to report that I have been charged twice for the same card payment on my account; the transaction appears more than once on my statement, and I kindly request that you investigate the duplicate authorization and arrange a full refund of the extra charge at the earliest opportunity.",63,transaction_charged_twice,polite_expert
db87102a-74c3-49d7-9383-dfce70615b49,"Hi there—I'd like help because my statement seems to show the same card payment twice. The two entries match in merchant info and were posted around the same time, and this has temporarily lowered my available funds. Please look into the duplicate posting and advise how to get the extra amount corrected.",63,transaction_charged_twice,polite_expert
22a61bec-83a1-40e4-bfdf-0c223eeea797,"Hello, I’m reaching out regarding a possible double charge. I believe one card purchase was recorded twice on my account, and I’d be grateful if you could review the transaction records and tell me why two charges were made. If any portion is incorrect, please process a refund for the overcharged amount.",63,transaction_charged_twice,polite_expert
b1ce4db3-2110-4e4d-bb0a-7588869f5544,"Good day, I noticed two identical lines for the same card transaction on my statement. Both items appear tied to the same merchant and for the same amount. Could you investigate, remove the erroneous duplicate, and let me know once the correction has been completed?",63,transaction_charged_twice,polite_expert
365335de-342c-4a29-aab5-f74426d0569a,"Hi, I’d like to report a duplicate card charge. I see two separate debit postings for the same merchant and identical total, and I want to understand when the extra one will be reversed or fixed. Please investigate the duplicate and share the expected timeline for resolution.",63,transaction_charged_twice,polite_expert
3427251f-433c-4860-bdcf-9d31d02ffbe4,"Hello, I’m contacting you because my account shows two charges for what should be a single card purchase. Could you check the merchant reference and posting history to confirm whether this is a duplicate authorization or a processing mistake? If so, please arrange the appropriate reversal or refund for the amount that was incorrectly taken.",63,transaction_charged_twice,polite_expert
bed91e0e-a721-4ba8-83bb-fa41767f3f87,"Hey, I just noticed I got hit with the same charge twice—same merchant, same amount—on my account. Can you please check it and refund the duplicate asap?",63,transaction_charged_twice,gen_z_slang
10d752d9-53ef-4b81-8b2c-0c42e8da558c,"Yo, two of the same purchases are popping up on my card, and it looks like I’m paying double for one item. Can you dig into it and knock out the extra charge?",63,transaction_charged_twice,gen_z_slang
562bb18a-4417-4725-ba51-cb8f8ea5887a,I just saw my card get charged twice for the same order—pretty sure I only went through checkout once. Please look into it and refund the duplicate.,63,transaction_charged_twice,gen_z_slang
920f1cc0-14b0-48ed-a2fc-707464f6c357,"My account is showing two charges for one card purchase today. I didn’t make it twice, so can you reverse the extra one ASAP?",63,transaction_charged_twice,gen_z_slang
1c2d7075-33f4-4571-9a26-63365d0a4f88,"Quick check—there are two separate entries for the same purchase on my card (same merchant, same total). What happened, and can you reverse one of them?",63,transaction_charged_twice,gen_z_slang
ded217dc-43e7-4a02-8735-15ecf1d5ecbf,"Hey, [merchant] charged me twice on my account, and both entries match the same amount. Can someone verify and reverse the duplicate transaction?",63,transaction_charged_twice,gen_z_slang
350a906b-f96e-404c-8886-aa672b416ee8,"Hi, I think my card was charged two times for the same purchase. I see the same payment twice in the app, and I did only one transaction. Please check and return the extra charged money.",63,transaction_charged_twice,non_native_speaker
ab8cad42-4874-4029-b2a3-48638a442335,"Hello, something looks wrong with my billing. One order shows up twice on my statement today, but I only made one payment. Could you verify the transaction and correct the duplicate charge?",63,transaction_charged_twice,non_native_speaker
674abc19-a78e-4641-af1d-657252668ae8,"Hi, I’m seeing a duplicate charge for the same transaction. The app shows the payment two times, even though I completed it once. Please investigate and explain what happened.",63,transaction_charged_twice,non_native_speaker
860daba7-e223-4193-8501-a850fec93061,"Hello, I noticed my card was debited twice for what should be a single purchase. I didn’t authorize two buys. Can you check the account and refund the extra amount?",63,transaction_charged_twice,non_native_speaker
0dc57fac-1695-459b-a705-beba18755317,"Hi there, I need support. Today I found two charges for the same item, but I only paid one time. Why does my account show two debits? Please review and fix it.",63,transaction_charged_twice,non_native_speaker
a812b013-c36f-4696-80be-f232c0889c8d,"Hi, I’m sorry to bother you, but I believe you charged me twice for a single purchase today. I can see the same amount taken two times from my account. Please check and resolve it as soon as possible.",63,transaction_charged_twice,non_native_speaker
7b7fea56-ddf2-4c4a-8dae-dc545f1fc408,Card payment charged twice same merchant; need refund and explanation.,63,transaction_charged_twice,short_wording
19afcda1-5d59-4d8d-8297-b8a86f64c443,I see two identical charges for the same item—can you refund the extra one?,63,transaction_charged_twice,short_wording
9e6e2712-10aa-445b-a47e-8e47dd6901e4,My statement shows the same merchant charged twice for the same total; please investigate.,63,transaction_charged_twice,short_wording
b7b48af4-2452-4827-a047-e857675d386d,Two payments went through on my card for one transaction—what steps should I take to resolve it?,63,transaction_charged_twice,short_wording
b15cb782-aaad-4d6e-acb1-aec0d2216f86,There are two duplicate card charges; please confirm the error and process a refund.,63,transaction_charged_twice,short_wording
ca67e0f1-7610-4708-8744-cda11dc33d75,I was billed twice for the same transaction—I'd like the duplicated charge refunded.,63,transaction_charged_twice,short_wording
34eb0921-75df-404d-a401-8604fa9e19a3,"I can’t believe you guys charged me a fee just to send my money somewhere else—transfers shouldn’t come with extra charges, fix this and refund me.",64,transfer_fee_charged,angry_layperson
7ff1c61c-0d47-4646-b708-dc4f18b7167e,"You added a transfer fee without telling me. I expected to move my funds normally, but now I’m seeing deductions I didn’t authorize—remove the fee and reimburse me.",64,transfer_fee_charged,angry_layperson
91459d5f-18ea-417b-bf65-3920e78745e4,This charge makes no sense—why was I billed for sending money when I was told there wouldn’t be extra costs? I want the fee taken back immediately.,64,transfer_fee_charged,angry_layperson
7656c7db-475e-49dc-8cdd-1ec7034784e3,"I attempted a transfer and got charged unexpectedly. Nobody mentioned a fee, so please explain it and refund what you took.",64,transfer_fee_charged,angry_layperson
a64b728a-12b4-4064-9849-e3ea0e585899,"I’m furious—why did my transfer include an extra fee? I never agreed to any additional charges, so correct it and refund me now.",64,transfer_fee_charged,angry_layperson
6ea0d939-78c0-4181-bf84-a4a6b0a3deb9,"After I completed the transfer, an additional fee appeared. I need it reversed—stop charging people for transfers and return my money.",64,transfer_fee_charged,angry_layperson
709e09ca-f3c7-4d31-8ccd-9c9aaf1d707b,I just made a transfer and now I see an extra fee taken from my amount not from somewhere else Please tell me why I was charged and how to get it reversed immediately I need this fixed today,64,transfer_fee_charged,panicking_emergency
97006373-6776-4870-ad5d-628f73108b32,"Please help—I'm freaking out. My transfer completed, but I noticed a fee taken out of what I sent, and I never approved any extra charge. Can you refund the transfer fee and explain exactly what triggered it? I need it corrected right away.",64,transfer_fee_charged,panicking_emergency
8abadfc0-e99f-4bbb-a78a-9677f49790cd,"Something is wrong with my recent transfer: an additional fee was deducted again, and the recipient will receive less than expected. I'm very anxious about this. Please tell me the precise amount of the fee and reverse it as soon as possible.",64,transfer_fee_charged,panicking_emergency
a74b277e-dcc9-4122-8340-5208f39234e2,"Urgent—after my latest transfer, an extra fee appeared. I need to know why it was charged and get that fee refunded immediately. Please review the transaction details now.",64,transfer_fee_charged,panicking_emergency
56817db9-b136-4399-a865-1e2cf93e16dc,"I made a transfer and then discovered an unexpected extra fee. I feel stuck and like I’m being charged repeatedly. Please confirm whether a fee was applied twice and reverse the charges right now, and explain why.",64,transfer_fee_charged,panicking_emergency
863cea40-768f-4bb3-a584-11c7ddacdc32,"My bank transfer just went through, but I see an extra transfer fee that wasn’t disclosed anywhere. I'm worried because it looks like I'm being charged over and over, and the receipt reflects a higher amount than I expected. Please reverse the fee immediately and explain what’s causing it.",64,transfer_fee_charged,panicking_emergency
4ea5ee3c-ad19-4c46-933f-cf9d0ad6867e,"Good day, I would like to request your assistance regarding a transfer fee that was applied to my recent bank transfer; although I initiated a payment for the amount shown in my instructions, the recipient received less than expected, and I need to understand exactly how the transfer charges were calculated and why they were deducted.",64,transfer_fee_charged,polite_expert
b500ca8d-2a72-4116-9f7c-801abcaa1ee4,"Hello, I’m contacting you to ask about a transfer fee that appeared on my account shortly after I sent a payment. Please let me know what caused the fee, which pricing/fee table applies to my transfer, and whether any discount, waiver, or correction is possible based on the details of my account and transaction.",64,transfer_fee_charged,polite_expert
82841643-566b-43ac-bc8d-98be959ce973,"Good day—after making a transfer, I noticed an additional fee that I wasn’t expecting. Since my account terms suggested this transfer should be free, could you explain why the charge was applied and review the transaction information with me?",64,transfer_fee_charged,polite_expert
988c8d0f-d9fc-474e-bb3e-8e3ab567515a,"Hello, I’d like to understand the extra charge I saw on my recent money transfer. I did not anticipate any fee on this transaction, so please share a clear breakdown of what the transfer fee covered and the method used to calculate the amount.",64,transfer_fee_charged,polite_expert
73c427ea-db86-4849-9e76-4f2e0f44a90e,"Hi there, could you help me with a question about a fee taken from my account during my latest transfer? Please provide the reason for the charge and confirm the exact amount and calculation used.",64,transfer_fee_charged,polite_expert
cf149832-5336-420f-98e2-12f822acf33b,"Good day. I was charged a transfer fee when I processed a recent outbound transfer from my account, and I’d like to know the justification for it. Could you also explain how the fee was determined and whether, under the current terms, there was any way to prevent it from being deducted?",64,transfer_fee_charged,polite_expert
48d8e3e7-44e6-4a5c-a8b7-abaeb82d166f,"Yo, I just made a transfer and got hit with a fee outta nowhere—can you explain why I was charged when I thought transfers were free?",64,transfer_fee_charged,gen_z_slang
6a02f4a2-d12f-46c8-9265-60f7d6a91b7f,"Bruh, I sent money and then a separate charge popped up—now the person got less than my original amount. What caused that fee, and can it be fixed or reimbursed?",64,transfer_fee_charged,gen_z_slang
66d1183f-b8e9-4434-99a4-c8689a344efc,"Yo, I transferred and suddenly there was an added fee like it appeared out of nowhere. Why am I getting charged extra, and is there a way to make it right?",64,transfer_fee_charged,gen_z_slang
6c880d6a-c45d-4715-a40d-91c7f3b8e9f8,I just sent a transfer and got slapped with a fee I didn’t see coming—can you break down what triggered it and how I can dispute/reverse it?,64,transfer_fee_charged,gen_z_slang
098d5a7e-4c4f-485b-8bb4-3b85bbf33144,"Hey, I made a transfer and an extra charge showed up on my side. Can someone explain the reason and tell me if I can get that refunded?",64,transfer_fee_charged,gen_z_slang
de48ab01-f2f4-49c0-ba55-8a52d771ee97,"I did a transfer and my statement shows a fee got deducted, so the recipient received a smaller amount. Any chance you can look into why it happened and whether the fee can be reversed or corrected?",64,transfer_fee_charged,gen_z_slang
e2920683-0f61-442f-bef5-f2fac1e42e0a,"Hi, please help. I made a money transfer today, but I see extra fee charged from my side. I think this transfer fee was not told to me. Can you check and tell me why I was charged, and if you can refund it?",64,transfer_fee_charged,non_native_speaker
16794fc4-b76b-41bf-b67a-391c6515269d,"Hello, I sent money to a friend today and noticed an additional transfer fee taken from my balance. I was under the impression fees wouldn’t be charged—can you explain why it happened?",64,transfer_fee_charged,non_native_speaker
f77d36f5-6c41-4b84-8e0b-ce264cd05786,"Hi there, after I completed a transfer, I noticed a small extra amount deducted from my account. Nobody informed me about this charge—could you check the transaction and clarify the reason? Are transfers really supposed to be free?",64,transfer_fee_charged,non_native_speaker
a577bbf6-20cb-4282-86cd-3290c16f11fb,"Hello, I completed a money transfer today and later found that a fee was added to what I paid. I thought transfers cost nothing—please verify the charge and let me know why it was applied.",64,transfer_fee_charged,non_native_speaker
fb88c160-e661-40e0-b8e6-d8fbc0782dc2,"Hi, I sent a transfer and then realized the recipient received less than the amount I sent. I suspect a transfer fee was taken—can you confirm what fee was charged and the exact amount deducted?",64,transfer_fee_charged,non_native_speaker
45013d03-4c2d-4736-b271-47d9d85da22d,"Hello, I made a transfer today and an extra fee appears on my statement. Could you tell me what caused the fee and how it was calculated for my transfer?",64,transfer_fee_charged,non_native_speaker
29b03af1-05ed-4197-af9b-01c1d15dc547,Charged fee on transfer; why charged?,64,transfer_fee_charged,short_wording
ae95f77f-ea6f-4e65-91de-cee7e02bc893,Why did they add a transfer fee?,64,transfer_fee_charged,short_wording
d6369446-2ae7-474c-8b7f-4a878a87266a,What’s the reason for the fee charged on my transfer?,64,transfer_fee_charged,short_wording
c7633e6b-ef41-4421-b274-de74a8f66bb3,They billed me a fee for transferring—why?,64,transfer_fee_charged,short_wording
9515756f-dec8-4165-86ab-02cfbc62f91b,Why was a fee taken from my transfer amount?,64,transfer_fee_charged,short_wording
f6fb81e1-9834-4022-8521-5e7bdc25732d,I got charged for a transfer—can you explain?,64,transfer_fee_charged,short_wording
983e1773-a4c9-4708-a1d8-74192da6ea97,"I’m trying to send money into my account and it keeps failing—what the hell is going on? I need this fixed right now, because I’m wasting my time and getting nowhere.",65,transfer_into_account,angry_layperson
7c5eae29-fb20-464a-aadc-21659329c0ea,I’m attempting to transfer funds into my account and it’s stuck—why is this taking forever? Someone please fix the transfer so it actually goes through.,65,transfer_into_account,angry_layperson
448208cd-84e6-44cd-8965-86eef6dc0421,"I tried moving money into my bank account, but the transaction keeps failing. I’m really fed up—tell me what’s wrong and how to get it approved immediately.",65,transfer_into_account,angry_layperson
e1d3e0d9-f046-4782-a6d3-b29e9580c1d0,"I keep putting money into my account, but it never processes. This is beyond frustrating—how long do I have to wait before it’s fixed?",65,transfer_into_account,angry_layperson
e844da54-e2e7-4812-99ee-2d21b3d1b715,"I’m trying to get money into my bank account, but it won’t complete. Nobody is explaining anything—what exact steps do I need to take to get the transfer done?",65,transfer_into_account,angry_layperson
3833836d-b277-4081-b297-a60ea63f6ab0,Why won’t my transfer from another bank go into my account? I’ve been attempting it repeatedly and it keeps rejecting—what information am I supposed to provide to make it work?,65,transfer_into_account,angry_layperson
f88e8143-36ed-4f0a-a9fa-f509e762b6cd,"I need to move money into my account right now  
The transfer will not go through  
It keeps failing at the last step  
I am losing time I cannot wait  
Tell me what to do immediately",65,transfer_into_account,panicking_emergency
5e7765b2-095b-4bb4-b2ef-f9480da39f9f,Help—my transfer keeps getting rejected and the funds won’t reach my account. I’m stuck and can’t wait. Tell me the precise action sequence to finish it and what the rejection means.,65,transfer_into_account,panicking_emergency
96540f21-0434-4e18-a73d-16bc26a6333d,The transfer is hanging and I can’t get the money into my account. It fails every time and the funds never show up. Please advise the next step to resolve this immediately.,65,transfer_into_account,panicking_emergency
bb4f8463-6b02-4cf9-8d34-65da3934e1b4,"I’m short on funds and need to top up my account right away. I can’t get past the transfer screen—something blocks it at the final stage. What steps should I follow, and what information will you need from me?",65,transfer_into_account,panicking_emergency
9e08f6cd-9ae4-4d49-aaf2-48992b851527,I’m freaking out—where do I start a transfer into my account in the app? I need the exact taps and any required details (like routing/account numbers). Please reply right now.,65,transfer_into_account,panicking_emergency
e6ce7f59-6786-42e1-b3f6-c0c98a9ed66b,"I’m trying to send money into my account, but the payment won’t complete. The transfer fails without explanation, and I’m left without access to funds. What should I do immediately to fix it?",65,transfer_into_account,panicking_emergency
c7a80f93-861b-4e4f-9c9b-0b86706134fd,"Good day, I would like to add funds to my bank account; could you please advise the precise steps and required details for making a transfer into my account, including any reference or beneficiary information I must provide to ensure the payment is credited correctly and without delay?",65,transfer_into_account,polite_expert
9d0b84ab-145b-46e4-9419-c6b741509728,"Hi, I’ve tried funding my account via a transfer, but it isn’t going through. Can you tell me what checks I should make (e.g., verification steps, possible holds, and the exact account details to enter) so the transfer can be completed successfully?",65,transfer_into_account,polite_expert
fed86cae-823d-47f5-87de-04e00c17e841,"Hello—could you walk me through how to submit a bank transfer to my account? I’m not sure which fields are required, including any reference text and the correct banking details, and I’d like to know what to enter to ensure the funds land properly.",65,transfer_into_account,polite_expert
8e0a958d-633c-4ff1-8818-e76334f7926f,"Hi there, I want to move money into my account, but I’m confused about which option to choose and which information is mandatory. Please confirm the needed data (like the receiving account number, bank/branch details, and any reference code) to avoid delays.",65,transfer_into_account,polite_expert
cb1c42cc-9d66-41c7-8de9-a59616f4b1a7,"Good day, I’d appreciate guidance on completing a transfer into my bank account. Which exact items should I provide—such as recipient account number, routing details, and any beneficiary/reference information—to ensure the payment is posted promptly?",65,transfer_into_account,polite_expert
d41dce31-0e17-41b7-9669-d0871b74a475,"Hello, I’m looking to top up my account using an external bank transfer, but I’m unsure how to start it and what information is required (for example, beneficiary details and a reference). Could you explain the initiation steps and typical posting time?",65,transfer_into_account,polite_expert
0d0ca392-ea82-47eb-a920-6efa097b20d2,"Yo, I’m trying to send money into my account via bank transfer—can you tell me the steps and what details I need to use so it doesn’t get delayed or rejected?",65,transfer_into_account,gen_z_slang
68e70661-b545-4e1f-948c-1a162524da39,"Yo, my bank transfer into my account keeps getting denied—can you help me spot the issue and walk me through finishing it?",65,transfer_into_account,gen_z_slang
e2102ad9-35bb-46ce-aa9f-aa8890c09d53,"Hey, I’m trying to top up my account using a bank transfer, but it won’t complete—what info should I enter, and what should I do if it keeps glitching?",65,transfer_into_account,gen_z_slang
f1a656cd-b59c-4afd-9e9a-e8bf91f83ef0,"Yo, I keep attempting a transfer to fund my account and it keeps failing—how can I set it up so it actually goes through?",65,transfer_into_account,gen_z_slang
5724499e-c5f4-4819-a2c5-325475519771,"Hey, what’s the easiest way to load money into my account, and roughly how long do transfers usually take?",65,transfer_into_account,gen_z_slang
ce4fa71b-235a-4356-90de-599bf979b518,"Yo, I need to send funds to my account from another bank—what’s the process, and when should I expect the money to land?",65,transfer_into_account,gen_z_slang
482143bf-2d93-4e57-bed3-589d6e63934d,"Hi, I want to add money to my account, but I don’t know how to transfer from my bank account to my account. Can you help me please?",65,transfer_into_account,non_native_speaker
4f14e1f6-1425-40ba-95b9-090599e881db,"Hello, I’m trying to deposit funds into my account, but I’m not sure what to do. Could you guide me through the process?",65,transfer_into_account,non_native_speaker
4760d0ec-a4bb-41dc-9cd1-64c50b3a61bc,"Hi, I attempted to transfer money to my account, but something isn’t working. Can you explain the correct steps and what information I should enter, and also the expected time?",65,transfer_into_account,non_native_speaker
d65d1bf0-b204-421a-8d8c-944af5afdfc5,"Hi there, I want to add money to my bank account, but the transfer keeps failing. Please tell me how to send the money and what actions I need to take.",65,transfer_into_account,non_native_speaker
eeeffcd0-8a6d-4828-a4e4-5c40fc59fa4f,"Hello, I need to put funds into my account, but I don’t understand how to complete the bank transfer. Can you walk me through it step by step?",65,transfer_into_account,non_native_speaker
9143ff08-fcab-4de3-9414-656097fe5458,"Hi, I just checked my bank account and it shows balance is low. How can I put money into my account? Please tell me step by step, I am confused.",65,transfer_into_account,non_native_speaker
387d4218-b942-48bc-905e-3feda7aaa241,Transfer money into my account? How?,65,transfer_into_account,short_wording
bd505f36-d88e-4add-987a-466773b15c79,Incoming transfer to my account; steps? required details?,65,transfer_into_account,short_wording
e4f21f34-9f4f-40c4-a514-e2060af5e001,How do I move funds into my account?,65,transfer_into_account,short_wording
ffbba0d2-8848-4cd8-b693-f75457576eaa,What does a transfer into my account mean?,65,transfer_into_account,short_wording
e55e7886-832d-4fa4-b0e8-fb71d2a82ccc,Can I receive a bank transfer—what are the steps?,65,transfer_into_account,short_wording
3e7321de-dd17-4782-a1ec-0863f2b9354b,How can someone send a transfer to my account?,65,transfer_into_account,short_wording
a99eb435-e9a4-4b30-8987-ccd9ca783c77,"I sent money to my buddy and they still don’t have it—what the hell is going on, how long am I supposed to wait for this mess to get fixed?",66,transfer_not_received_by_recipient,angry_layperson
11dfe538-1cd2-4cad-b808-83211b06ae49,"I wired funds to my mate a while back and they still don’t have them—so where is the transfer, and why am I the one begging for answers?",66,transfer_not_received_by_recipient,angry_layperson
43878d19-c013-402a-a73b-b66c4533a82d,"I sent money two days ago and it hasn’t reached my friend. This is a joke—I verified everything, so explain why the recipient hasn’t received it.",66,transfer_not_received_by_recipient,angry_layperson
93135bef-f8fe-4796-8ea1-be008e22e09a,"My payment status says it’s completed, but my landlord insists he hasn’t received a cent. How can that be? Look into the transfer and ensure the recipient actually gets it.",66,transfer_not_received_by_recipient,angry_layperson
281e4996-55df-4565-a32e-35929b8356a8,"I sent money to a person and it still hasn’t landed on their side—what’s the delay, and why am I stuck dealing with this mess?",66,transfer_not_received_by_recipient,angry_layperson
d8b36396-7c2f-4b41-860d-7a697c664b4f,I sent funds a few days ago and they haven’t received anything. What’s going on here—when will this be resolved so the transfer actually goes through?,66,transfer_not_received_by_recipient,angry_layperson
5f8b0dba-7827-4fd4-9530-2e1e1b23d694,I sent money to my recipient and they still did not get it This has been hours now I need it confirmed now Please tell me why the transfer is stuck and when it will arrive I cannot wait any longer,66,transfer_not_received_by_recipient,panicking_emergency
619ab374-7fec-4029-9b44-a0f4a8a07c0b,"I sent a transfer to my landlord yesterday it says completed on my side but they still have not received it today  
I checked the account details and they are correct  
Please verify if the payment really left my account and where it is now  
I need this fixed urgently",66,transfer_not_received_by_recipient,panicking_emergency
5fddfd9d-cf23-42ad-8dba-0208c65b2e41,"My transfer was sent a few hours back, but the recipient isn’t seeing it at all. I have the payment reference, yet no money has reached them. Can you track it immediately and confirm the expected arrival time?",66,transfer_not_received_by_recipient,panicking_emergency
91671766-b18f-477b-b63a-f67c8e81d8ef,I made the payment to my recipient several days ago and they still don’t have it. There’s also nothing showing as confirmed on their end. Please tell me where the funds are right now and resolve this ASAP.,66,transfer_not_received_by_recipient,panicking_emergency
16ffe6fd-4d8a-4468-83bd-71b91e69551b,"I initiated a transfer two days ago and it hasn’t been delivered to the recipient. I’ve already been notified that the money should have left my account, but it’s stuck in transit. Please investigate the transfer status and give me an arrival estimate.",66,transfer_not_received_by_recipient,panicking_emergency
f1a67ad2-616e-47ee-b13e-d828f845130d,"I sent funds to the recipient earlier today, but they can’t locate them or access the transfer. This is an emergency—please check what’s happening and provide the current status right away.",66,transfer_not_received_by_recipient,panicking_emergency
d5e004e3-8b0b-4519-9dd9-5cb625dc4f2e,"Hello, I would like to report that I initiated a bank transfer to my recipient, but they have not received the funds yet; could you please check the transfer status and confirm whether it has been processed or is still pending, and advise on the expected timeframe for delivery? The transfer was made recently, and the recipient requires the money urgently.",66,transfer_not_received_by_recipient,polite_expert
81faf0a9-bf27-4a6a-a9d9-9ea7d8ebe496,"Hi there—I'm following up on a transfer I sent to the recipient, but they’re still saying they haven’t received it. Can you look into the transaction’s current stage and tell me when it’s likely to complete, and whether you need any reference details from me?",66,transfer_not_received_by_recipient,polite_expert
b04bb6cf-d13b-42f4-991f-c100012f3cd2,"Good afternoon. Two days ago I scheduled an internal transfer to my recipient, yet the funds never became available on their end. Please check the routing/settlement status and let me know if it’s still awaiting processing, was returned, or successfully completed—using the transaction information I can provide.",66,transfer_not_received_by_recipient,polite_expert
e8df3da6-3abf-4f93-af4d-aed365422a8e,"Hello, I need help with a payment that was debited from my account, but the recipient hasn’t received it. Could you investigate what stage the transfer is in and share the likely delivery window, plus any steps I should take if action is required?",66,transfer_not_received_by_recipient,polite_expert
49433298-4366-4d89-82b2-fdc406cd440c,"Hi—my transfer has been sent to the other party, but they report not receiving the money. What is the usual processing time, and which status checks can your team run to confirm whether it’s settled, still pending, or needs something from me?",66,transfer_not_received_by_recipient,polite_expert
7b6b32d8-47c9-4eae-80f0-77f4e2da71f3,"Hello, I would like assistance because I initiated a money transfer to the intended recipient, but they have not received the funds yet; could you please advise on the current status of the transfer and the expected timeline for delivery?",66,transfer_not_received_by_recipient,polite_expert
269f8b5a-26df-4ec3-b700-e55945722bc5,"Yo, I made a transfer to my friend earlier today, but they still haven’t gotten the money. Can you check the status on my side and tell me what’s going on?",66,transfer_not_received_by_recipient,gen_z_slang
92b3058a-a081-432a-8034-13be9a61a988,"Yo, I already wired the cash to my buddy earlier, but they’re still claiming they haven’t got it. Can you look into it and tell me what’s causing the delay?",66,transfer_not_received_by_recipient,gen_z_slang
c6c28f8c-09a6-41d6-b537-053de37759f5,Aight so I sent my friend money yesterday and it’s still not showing up on their end. Can you check the transfer status and let me know what happened?,66,transfer_not_received_by_recipient,gen_z_slang
ce835670-b817-4e22-8fd9-4de28800a915,"Heyyy I sent a payment to my friend about 48 hours ago, but they still don’t have it. Any chance you can confirm where it’s at and when they’ll see it?",66,transfer_not_received_by_recipient,gen_z_slang
b0b1b60a-4003-4577-a675-839132f045a3,"Yo I transferred money to my friend yesterday, but they haven’t gotten it yet. Do you know why it might be stuck and when it should land?",66,transfer_not_received_by_recipient,gen_z_slang
0a6ddeeb-fb7b-45b3-83a8-f48f64927bce,"Okay so my transfer went through on my side, but the recipient still says they can’t see the funds. What’s going on with the payment?",66,transfer_not_received_by_recipient,gen_z_slang
b759f6a5-c87b-4101-a52d-c265d8cd478d,"Hi, I sent a money transfer yesterday, but the receipient still doesn’t see the money. Can you help me check what is wrong and when it will arrive?",66,transfer_not_received_by_recipient,non_native_speaker
e3e43e25-210b-4c17-bc38-6b9b92d6604f,"Hello, I transferred funds to my friend yesterday, but it hasn’t reached them yet. Could you look into the status and tell me when they should receive it?",66,transfer_not_received_by_recipient,non_native_speaker
e4b2fe21-cd48-490d-8733-25d1c3c335fa,"Hi, I made a bank transfer this morning, and the recipient says they haven’t received anything. I already confirmed the account number is correct twice—can you check the transfer and estimate the arrival time?",66,transfer_not_received_by_recipient,non_native_speaker
98cbbfe1-2f17-490b-9e69-fe1c47d9f223,"Hello, I sent money to my friend yesterday, but it still doesn’t show in his account. This is time-sensitive for him—can you investigate and let me know how long it usually takes?",66,transfer_not_received_by_recipient,non_native_speaker
852475b0-f91f-4904-a294-4c7e57ac75f5,"Hi there, I made a transfer to my friend yesterday and my app shows it as completed, but she hasn’t received it yet. Please help me figure out what went wrong.",66,transfer_not_received_by_recipient,non_native_speaker
cb6e1678-a8e0-49ff-9ceb-31cc865779f3,"Hello, last week I sent a payment to my friend, but they haven’t gotten it. I believe the details were correct—could you check the transfer and confirm when it will arrive?",66,transfer_not_received_by_recipient,non_native_speaker
a7e700f5-6a9a-4d7c-80b9-c69ccf95ee1b,"Transfer sent, not received yet. Recipient status?",66,transfer_not_received_by_recipient,short_wording
36c8c037-e15a-4bee-8ff5-82ee36d7e66c,They haven’t gotten it yet.,66,transfer_not_received_by_recipient,short_wording
532e33e0-64b3-44f4-8172-52b96377769f,I sent it—still no sign on their end. Any update?,66,transfer_not_received_by_recipient,short_wording
6a7c856c-e3ec-4e31-9754-a4b6eaf8c4f1,"Payment is out, but recipient hasn’t received it.",66,transfer_not_received_by_recipient,short_wording
aeab3236-8058-4dcb-9884-16050ee08c30,Transfer went through—when will they receive it?,66,transfer_not_received_by_recipient,short_wording
86839ee5-a5e7-4168-a522-878dc2de6ad2,"Marked complete, but recipient still hasn’t received.",66,transfer_not_received_by_recipient,short_wording
3da1dc0a-7973-4b75-b66a-532e30d195bf,"I sent money out and it’s been taking forever, so how long am I stuck waiting for it to actually show up—when is it going to arrive, days or what?",67,transfer_timing,angry_layperson
8c3b301a-97c4-4803-a53b-347546463b2a,"My transfer was supposed to be quick, but it’s dragging on—can you tell me the exact timeline for when the funds hit my account? I can’t keep waiting.",67,transfer_timing,angry_layperson
101283e3-2f48-4583-afaa-c9334a63d642,"I initiated the money transfer days ago and nothing has shown up. What’s the hold-up, and when will I finally see it in my account?",67,transfer_timing,angry_layperson
0341c636-174c-4938-a55f-718958457556,"How long does this transfer take? I already sent the money, and it still isn’t in my account—tell me when it’s going to arrive.",67,transfer_timing,angry_layperson
0db9acff-44b4-40e2-a1d7-f58529f48faa,I sent the funds out and now I’m stuck waiting with no update. Can you confirm how many days it usually takes for the transfer to post to my account?,67,transfer_timing,angry_layperson
6de16d94-ee02-4900-af12-0985599c383e,"This transfer has taken far too long. I sent it already—when will the money actually appear in my account, and why is it taking this long?",67,transfer_timing,angry_layperson
8fed83eb-a2db-42bd-8308-bc19c63e24c4,I sent an urgent transfer this morning and it still has not arrived. How long is it going to take. Please tell me the exact timing now. I cannot wait any longer.,67,transfer_timing,panicking_emergency
ddcc7296-8b84-4429-881e-c9548d00f289,"My payment was sent earlier today, but the balance hasn’t updated. Can you give me a precise ETA for when it will land, and confirm whether it’s already on the way or possibly delayed? I’m on a tight schedule and need an answer immediately.",67,transfer_timing,panicking_emergency
10a70560-e528-40fe-b902-b5cfd88df86c,I initiated a transfer and it hasn’t arrived yet—this is urgent. Please tell me the expected delay and the exact time I should see it in my account today. I can’t keep waiting past the deadline.,67,transfer_timing,panicking_emergency
69b1c027-9d6e-4aac-9485-33127247cb18,"I just made a transfer and it’s still not reflected. I need the funds ASAP—what’s the usual posting time, and when should I expect it to show up? Please don’t give a vague estimate; I need the timing now.",67,transfer_timing,panicking_emergency
3f4bb3f6-0204-461d-bfe9-8a7a4b643c6c,"I sent a bank transfer moments ago, and I require it to be received today. How long does it typically take to reach the U.S. bank, and when will the recipient actually have access to the money? I’m very worried—please confirm the exact ETA.",67,transfer_timing,panicking_emergency
f8c5d140-0278-477d-a3bf-562821c26978,"It’s been a few hours since I submitted the transfer, and it’s still marked as processing. Where is it right now, and when will the funds finally post to my account today? I need a direct arrival time.",67,transfer_timing,panicking_emergency
4383103d-1afa-4a39-9eeb-d50cc86ed773,"Good day, I would like to understand the expected transfer settlement timeline: I initiated an international bank transfer to my recipient on [date], and I would appreciate confirmation of when the funds should be credited to their account, including whether any additional processing time applies based on the originating country and transfer method.",67,transfer_timing,polite_expert
e079966a-0645-4a19-9012-f519668ec35b,"Hi there—please let me know the typical timeframe for an international wire once it’s been sent. When should the recipient’s account reflect the incoming funds, and is there any reason it might take longer than usual?",67,transfer_timing,polite_expert
ee4ecabf-1269-41c1-a270-d53d92bc62e9,"Hello, I’m checking on a recent cross-border transfer. Could you confirm the normal settlement window for when the money is credited to the beneficiary, and whether there are any standard processing steps that could delay it?",67,transfer_timing,polite_expert
c3dc3d8a-5f1d-423f-9bc8-a1160fa9b411,"Good afternoon—if I place an international bank transfer today, what delivery date should I plan for? Also, does the estimated arrival time change based on the beneficiary’s country or the transfer channel used?",67,transfer_timing,polite_expert
7de80689-8ed3-43a8-ad7a-b45fe011350c,"Hello, I’ve submitted an international transfer and would like an estimate of how long it takes to be completed. How many business days does it usually take for the funds to land in the recipient’s account, and what common variables can affect that schedule?",67,transfer_timing,polite_expert
938d65c6-abca-4552-bb33-77a6431eddf4,Hi—could you advise on the expected timeline for an international transfer I started recently? I’d like to know when the funds will be credited to the recipient and when the transaction will appear on my account statement.,67,transfer_timing,polite_expert
6dcd78b4-d569-46c4-aef8-522b86ecfa6a,"Hey, I just sent a transfer—how long does it usually take to show up in the recipient’s account, like what’s the expected delivery date?",67,transfer_timing,gen_z_slang
2ea277d1-2fa6-4343-8575-cee709e5fff1,"Yo, I made a transfer yesterday and it’s still not in my balance—how long do these usually take, and when should it pop up?",67,transfer_timing,gen_z_slang
cb701a79-e0d0-47d9-875f-b3d609f5c7b3,"Quick question—how long should I wait before my transfer shows up in the other bank account? Instant, or more like a few business days?",67,transfer_timing,gen_z_slang
08b4346b-ddff-410b-9f8a-134bf3933959,"Hey, I sent a bank transfer earlier and it hasn’t landed yet—what’s the typical processing time, and when will it actually go through?",67,transfer_timing,gen_z_slang
3822b906-76c6-462c-9a02-6122832e1c54,Yo I sent my transfer a while back—when can I expect it to reach my account? Like what’s the usual ETA for outgoing ones?,67,transfer_timing,gen_z_slang
15404aba-b83d-4ef7-8aee-e7787c68afe1,"Hey, I just did a bank transfer and I’m wondering—how long does it typically take to process and actually show up on the other end?",67,transfer_timing,gen_z_slang
5191e647-3561-48de-b86e-d416f5137bac,"Hi, I make a transfer yesterday, but I still don’t see the money in my account. How long it normally take to arrive?",67,transfer_timing,non_native_speaker
08eae543-2223-46c9-86fd-881162175235,"Hello, I transferred funds to my friend’s account yesterday, but he hasn’t received them yet. What is the usual waiting time?",67,transfer_timing,non_native_speaker
ddde9424-5a61-4131-bd1a-a53503004045,"Hi, I completed a bank transfer yesterday, and the balance hasn’t changed. How long does it typically take to show up?",67,transfer_timing,non_native_speaker
6a52f7ec-c6ad-4841-be18-f4eb5cafd7a6,"Hello, I sent money to another bank this morning, but it still hasn’t arrived. When should I expect the transfer to be completed?",67,transfer_timing,non_native_speaker
342d3f51-2685-4043-8e9c-8ef066b42068,"Hi there, I made a transfer yesterday, but the funds are not in my account yet. Usually, how many hours or days does it take?",67,transfer_timing,non_native_speaker
b710b55f-1111-4809-bdf7-c655b89ac95d,"Hello, I moved money to another bank account yesterday, but my balance is still the same. How long until the transfer is reflected?",67,transfer_timing,non_native_speaker
b1f7d1c8-aea0-403b-b491-d5ea00b172c5,How long for transfer to arrive?,67,transfer_timing,short_wording
e717e515-20cc-4dfb-8ab1-e93aa35eca41,What’s the ETA for an international transfer?,67,transfer_timing,short_wording
e0ec531c-dfd3-4d6b-9bf8-c5de39af0f29,My transfer is still processing—when should it show up?,67,transfer_timing,short_wording
e7f11e81-bcec-4f8c-8214-bcdb4d72c53a,When will the overseas transfer land in my account?,67,transfer_timing,short_wording
743fe433-2857-46ba-a920-dff265619f24,How many days does an international transfer take?,67,transfer_timing,short_wording
03d178f5-1c01-4cc8-970b-edeb6b2b7fd5,It says pending—when will it be completed?,67,transfer_timing,short_wording
52f68ffe-31e9-44cf-a493-154f7ee0a949,"What the hell is going on? I’m trying to verify my ID and it keeps failing, and nobody will tell me why—this is ridiculous, sort it out.",68,unable_to_verify_identity,angry_layperson
840d08f6-7005-4266-84ec-18f12ba102e5,"I’m done with this—every time I try to log in, the system claims it can’t confirm my identity. I uploaded the ID and the required photos, but it still refuses to verify me. What is the problem?",68,unable_to_verify_identity,angry_layperson
02e0e989-ce5d-4065-97ba-e6e1fdd22d51,"Your service won’t accept that it’s me. My ID verification keeps failing, and now it’s locking me out of my account. I’ve attempted this over and over—please fix the verification process or explain what’s wrong.",68,unable_to_verify_identity,angry_layperson
9b093eb6-2fa5-45d0-b86d-601d2098a876,"This makes no sense. You can’t verify who I am, and now my account is being blocked anyway. I followed every instruction, yet I still can’t access it.",68,unable_to_verify_identity,angry_layperson
0cf8c924-b148-4f10-a711-bf70487de7dd,Why won’t your app accept my identity check? I keep running the ID verification and it instantly rejects it. Either fix whatever’s wrong on your end or tell me exactly what you need so I can get into my account.,68,unable_to_verify_identity,angry_layperson
067803e0-5a71-4ca3-ba49-826c3d5eb7f6,"Stop telling me you don’t recognize me—I can’t complete ID verification at all. I’m locked out of my own account, and nothing gets resolved. Please do something about it.",68,unable_to_verify_identity,angry_layperson
45b32623-e27f-4d56-aca3-427b59f354f1,I cannot get verified right now I keep failing the identity check in the app I already sent my ID twice and it still says it cannot confirm it is me please fix this fast I need access today,68,unable_to_verify_identity,panicking_emergency
81fc0da0-caf0-4dc7-8c82-bf1678724d05,"The app won’t let me pass identity verification—every attempt says it doesn’t recognize me. I’m currently unable to log in, so I need this corrected right away.",68,unable_to_verify_identity,panicking_emergency
a39bbe4f-86d8-4f63-90e3-5ac897f82ba9,Verification is failing again and my ID is being turned down by the system. I’m stuck without access—please resolve it as soon as possible.,68,unable_to_verify_identity,panicking_emergency
e2cab931-6a94-475c-90b7-4dc152686c30,"I submitted my documents for identity verification, but the process still won’t complete and my account is blocked. Please either fix the issue urgently or walk me through the exact steps to clear it.",68,unable_to_verify_identity,panicking_emergency
183ae36d-aabf-47bb-9cef-9749922b160a,I’m stuck because identity verification won’t go through. I need to regain access today—can you tell me the next action to take to fix it quickly?,68,unable_to_verify_identity,panicking_emergency
378d03e4-8a32-43e3-8a78-018ca7b6df07,"My identity check keeps failing in the app, rejecting both my ID photo and my selfie. I’m locked out at the moment—please fix it immediately so I can get in.",68,unable_to_verify_identity,panicking_emergency
0cec737b-b98d-40db-8d3d-ce077a73a421,"Good day, I am unable to complete identity verification in your banking application, and the process repeatedly fails when I submit my details, so I cannot proceed with my account access; could you please advise what information or documents I should use and how I can resolve the verification failure?",68,unable_to_verify_identity,polite_expert
d53d777b-eae0-4b74-b19b-1bcf689ee020,"Hi, I’m stuck at the identity check when I sign in—my information isn’t being validated, so I can’t finish logging in. Which types of documents or details are accepted, and what are the most frequent causes of this verification being rejected?",68,unable_to_verify_identity,polite_expert
9b2f9eda-764a-4481-acf1-42725468f933,"Greetings—identity verification keeps failing for me in the banking app/site. Each time I try to confirm who I am, the process stops and blocks account access. Could you let me know what I should submit and what troubleshooting steps I can try?",68,unable_to_verify_identity,polite_expert
97c7b87c-31da-4ffb-942e-50f21a79103e,"Hello, I can’t get through identity verification in your banking platform right now. The system rejects the details I enter, and this stops me from using my account services. Please advise the correct information/documents to use and how to fix the verification error.",68,unable_to_verify_identity,polite_expert
f24f0b7f-ebad-468c-9f08-d394c6cf6e68,"Hi there—when I attempt identity verification for my account, it won’t accept what I provide even though I input everything carefully. What exact data or document types (including any required format) do you need, and what steps should I take to get verification approved?",68,unable_to_verify_identity,polite_expert
57296f95-dcf5-4517-914f-569231d52b47,"Good day. During login, I’m unable to complete the identity verification step because the system won’t proceed. As a result, I can’t access my account. Could you explain what documents or actions are required to pass verification and restore access?",68,unable_to_verify_identity,polite_expert
7b846fcc-6f08-4b53-adcf-1f0c9d25e0b4,"Hey, I’m trying to finish signing up but it keeps failing the identity check—what am I supposed to do to get verified?",68,unable_to_verify_identity,gen_z_slang
24bcbb21-091e-4209-b5aa-df258d36cdd3,"I’m getting blocked at the identity step—every time I attempt login, it flags my verification and won’t let me through.",68,unable_to_verify_identity,gen_z_slang
98b26734-2b4c-4c07-9ffb-466175114f32,"Bruh, I keep trying to confirm my identity in the app, but it keeps straight-up denying me like it doesn’t know who I am.",68,unable_to_verify_identity,gen_z_slang
bf7423b0-60f1-4140-9626-7f3d9d41b6f1,"Yo, the app won’t validate my ID—it says it can’t confirm it, and I’m basically stuck until it works. Any tips?",68,unable_to_verify_identity,gen_z_slang
9f38de97-af46-4820-af64-d6afcd237222,I’m mid sign-up and the verification keeps failing—apparently my ID isn’t being accepted. What should I do to fix it?,68,unable_to_verify_identity,gen_z_slang
1eac542c-26d6-4405-8d49-82de6f1102c2,"I’m trying to verify my identity, but the check keeps erroring out and won’t complete—can someone help me troubleshoot this?",68,unable_to_verify_identity,gen_z_slang
c04a532c-1092-4c20-a0d6-5f1c9de49793,"Hi, I try to login and open my account, but I can’t prove my identity. It says they can’t verify me, and I don’t know what I should do next.",68,unable_to_verify_identity,non_native_speaker
44a03d03-bb01-4fd6-b95e-b63543ebe05f,"Hello, I’m stuck with identity verification for my account—every attempt is rejected. I submitted the required files, but the system reports it can’t validate them. Can you tell me why and what steps I should take?",68,unable_to_verify_identity,non_native_speaker
f90c0df8-32ed-4271-b993-423543200a86,"Hi there, when I sign in to the app, I get a message saying my identity can’t be verified. I’ve uploaded my documents already, but it still won’t let me through. Please advise what I should do so I can access my account.",68,unable_to_verify_identity,non_native_speaker
8b337129-3fdd-4286-a34e-cada5bdbf8f1,"Hello, I’m trying to confirm my identity inside the app, but it won’t accept my ID. It keeps showing that I can’t pass verification, even though I’ve retried multiple times. What should I change to make it work?",68,unable_to_verify_identity,non_native_speaker
7dbb4f14-b8aa-4a3b-b0b1-676debfcfef7,"Hi, I can’t use my account because the app says it can’t confirm that I’m the right person. How do I restart the ID check, and which documents are required?",68,unable_to_verify_identity,non_native_speaker
804f5afd-792d-4ef4-9c67-08ea36f5a673,"Hello, I’m unable to access my banking app. Each time I try, it says it can’t verify my identity and the process fails. I reviewed my information already, but it still doesn’t work—what can I do next?",68,unable_to_verify_identity,non_native_speaker
b8cb2a4f-3fa0-45fb-9d82-20a3c81b704c,"Face/ID check failing again, can’t verify me",68,unable_to_verify_identity,short_wording
807473a7-133f-4fbd-aaba-7aede5975c18,The upload didn’t pass verification—my identity can’t be confirmed.,68,unable_to_verify_identity,short_wording
9188cf0c-d3d8-4db9-b545-51c295075ddf,Your system says my ID can’t be verified right now.,68,unable_to_verify_identity,short_wording
99ffa640-ca59-46a5-929f-1dae669777dd,I’m unable to get verified through the website.,68,unable_to_verify_identity,short_wording
7a9d8245-9f0a-4e19-bea0-d37a61374b47,Verification in the app didn’t work; it won’t confirm who I am.,68,unable_to_verify_identity,short_wording
4039b6fb-f5bb-47fa-a464-429635f501d9,"Verification was unsuccessful, so I can’t continue.",68,unable_to_verify_identity,short_wording
1688d246-34b8-40ef-9d7e-8c04ac40d68b,"I’m trying to verify who I am and it’s getting ridiculous—what the hell do you need from me to get this done, and why are you making it so hard?",69,verify_my_identity,angry_layperson
8f5fe1e1-f04a-4628-9096-2e42a61819ec,"Stop turning me away—I'm being forced to prove my identity again and again. What documents do you want, and what are the steps to finish this verification?",69,verify_my_identity,angry_layperson
2078c693-3bff-4bbe-8b13-07f0041570fb,"Let me into my account already. You keep demanding I confirm who I am, but I need to know exactly what to submit and how long the check will take.",69,verify_my_identity,angry_layperson
4b3bd299-2d76-457c-8ff5-dc2081cfac30,"I’m trying to complete identity verification, but the whole thing keeps dragging. Tell me what you require from me—no vague answers—so I can be done.",69,verify_my_identity,angry_layperson
2289237e-3a6b-47a2-9717-320ecdede96c,"You keep blocking me and asking for extra proof. What exactly do I need to provide, and when will this verification finally be completed?",69,verify_my_identity,angry_layperson
fcb28c8c-5958-478d-88f0-2393f70df580,"This is ridiculous—my account is frozen until you verify my identity. Name the exact information you need and how I can submit it, because I’m done waiting.",69,verify_my_identity,angry_layperson
f921cf2b-e00c-4d46-b524-cd9194b65a29,I am locked out and I cannot access my account I need to verify my identity right now Please tell me the exact steps and what documents you need I am worried this will delay payments,69,verify_my_identity,panicking_emergency
1918a3f0-94a7-418a-bb51-f37282d5d7e2,My account got locked again and I’m panicking—I need identity verification immediately. Can you tell me which documents to upload and the precise sequence to finish it? I can’t stay blocked any longer.,69,verify_my_identity,panicking_emergency
4a8ea4c9-6fdc-40cb-91e8-ddff5c041ce2,"Urgent: verification is being requested, but the system keeps stopping me from signing in. I already have the required paperwork—please walk me through the quickest way to complete the identity check.",69,verify_my_identity,panicking_emergency
8be92e0b-0d46-4cef-b289-407bdc28af62,"I’m stuck right now because my profile is locked and it won’t let me proceed without identity verification. What files should I prepare, and what are the steps to complete the process today?",69,verify_my_identity,panicking_emergency
09e9090d-2155-4fc1-87a4-dd23a9bb4811,"I just received a message saying my identity verification is required. I can’t log in at all—what documents do you need, and how quickly can this be verified so I can regain access?",69,verify_my_identity,panicking_emergency
04344a5c-4eba-47d2-a57f-019cac0999a2,"I need help verifying my identity right away. My account is locked, so I can’t access my funds, and I’m worried about delays. What documents are required, and what exact steps should I take to pass verification?",69,verify_my_identity,panicking_emergency
48ce1731-8c91-4e09-ac21-549a536ae452,"Good day; I would like to complete the identity verification for my account—please advise what documents or information I need to provide, along with the exact steps and any acceptance requirements, so I can ensure the process is completed successfully.",69,verify_my_identity,polite_expert
9f0d9e12-6ce2-42d1-befb-092d374c0040,"Hi there—could you tell me what I need to submit to finish my identity check, which documents are accepted, and what the typical turnaround time is?",69,verify_my_identity,polite_expert
e372a127-4b6e-4753-8318-951ae1109153,"Hello, I’m trying to verify who I am for my account. Please share the exact procedure and list which documents qualify for this verification.",69,verify_my_identity,polite_expert
f37ca287-848e-40e9-b289-97b7f4a76abd,Good day. I need to complete the verification step for my account—can you let me know which details or documents are required and how closely they must align with my profile?,69,verify_my_identity,polite_expert
22d75d18-dd65-4e00-a10a-1ec81eeb48f0,"Greetings—I'd like to complete my identity verification with you. Could you confirm the specific documents needed, the steps to follow, and the submission method (where/how to send them)?",69,verify_my_identity,polite_expert
689092f1-eb0a-4f6d-ba47-514af855449d,"Hello, I want to finish the identity verification process. Please advise which documents or information you require and the step-by-step actions I should take to complete it successfully.",69,verify_my_identity,polite_expert
e313c076-1b4c-4a51-942f-fbbcd65db010,"Hey, I’m trying to get my account sorted but it keeps asking me to verify my identity—what do I need to submit, and how long does the check usually take?",69,verify_my_identity,gen_z_slang
1ac6ddf7-f285-475d-9b1f-48a2f8a5095f,"Yo—my account won’t let me through until I do the identity check. What are the exact files I should upload, and does my profile info need to match the ID exactly?",69,verify_my_identity,gen_z_slang
09213103-d6c6-4cfb-94a9-0891026caf3b,"Hi, I’m stuck because it keeps asking me to prove I’m me. What do I need to submit to wrap up the verification?",69,verify_my_identity,gen_z_slang
24cdd69e-70e8-44b8-9380-2ac3bd214f10,"Can someone help? I’m doing identity verification, but I don’t know what they want from me. What docs/info are required, and what’s the actual process?",69,verify_my_identity,gen_z_slang
85fd2863-d04b-4ecc-bb55-7f6b28da55d3,"Heyyy, I’m trying to finish setting up my account, but it’s stuck on verifying my identity. What steps do I take, and which documents should I expect to upload?",69,verify_my_identity,gen_z_slang
cdf88ec1-6313-4f97-ab60-b33eb8b64bc1,"I’m trying to get my account ready, but it keeps prompting me to verify who I am. What should I have queued up—like which documents or info do they ask for?",69,verify_my_identity,gen_z_slang
15565230-e4e1-4122-a540-67d2875b9458,"Hi, I want to verify my identity. What documents do I need, and where I can upload them?",69,verify_my_identity,non_native_speaker
741a4a4a-c549-4ee8-89e1-9bf4cfe8622a,"Hello, I received a request to confirm my identity, but I’m not sure how the process works. Which files should I upload?",69,verify_my_identity,non_native_speaker
274e91a2-3bdb-45e0-9699-ed29d7773975,"Hi there—I'm trying to complete identity verification, but I’m unsure which documents are required. Could you explain what I should provide and the next steps?",69,verify_my_identity,non_native_speaker
7851e530-9821-4672-a311-bbc1a93e6663,"Hi, I need to verify my account identity. What procedure should I follow, and which documents do I need to present?",69,verify_my_identity,non_native_speaker
dea117e4-f054-4aeb-81f6-edc23aff5751,"Hello, I want to confirm who I am. How do I complete verification, and what supporting documents should I submit?",69,verify_my_identity,non_native_speaker
0c0a37a2-8ed2-4bb8-99fc-a59398bcd5b4,"Hi, can you help me finish identity verification? I’m confused about what documents to send and what I need to do first.",69,verify_my_identity,non_native_speaker
6dd83923-9106-4688-9710-cb3cd590a29e,Identity check needed? What documents?,69,verify_my_identity,short_wording
d2d97497-0c04-4c1e-9c8e-9cb5fdb7e7d1,I couldn’t verify my identity—what should I do next?,69,verify_my_identity,short_wording
4d37d9ef-d418-4397-9f5e-d380092f51e9,How do I complete an identity verification?,69,verify_my_identity,short_wording
dd83e85b-2733-42b6-9b9e-5fea7d459361,What’s the process to verify my identity?,69,verify_my_identity,short_wording
e84dd08c-ca68-4dd7-bf27-964d4b153276,"To verify me, which documents are required?",69,verify_my_identity,short_wording
e29c6edb-e679-44ad-9f55-0819c54b88a7,Do I need to submit documents for identity verification?,69,verify_my_identity,short_wording
9cdbdfbc-3c34-4afe-9b3e-ccfe0f85d59c,Why are you people dragging me around asking where my money comes from? I just want to get my funds sorted and stop blocking everything—tell me what you need and get it done.,70,verify_source_of_funds,angry_layperson
05be5c82-762d-4721-96b5-0a36f52bd042,"Stop with the constant “prove it” questions—just tell me what documentation you’re demanding for my income and funds, and let me finish this so I can access my money.",70,verify_source_of_funds,angry_layperson
61100774-fd3e-484c-a534-2c46c320eec6,"My account was marked for review, and now you want proof of where the money originated. Name the specific items you need, and confirm the timeline to resolve it.",70,verify_source_of_funds,angry_layperson
d0fb45bb-8790-4243-9ea7-36df73790e17,"Who exactly are you accusing my funds of coming from? If you need verification of the source, tell me the details and where I can submit it—no more runaround.",70,verify_source_of_funds,angry_layperson
bee9e285-dd8d-4c58-ae3a-6a8f601ab6e8,"I’m frustrated because you keep saying you’ll “check” my money’s origin, but you never spell out what counts as acceptable proof. What do you want me to provide, and how can I do it quickly?",70,verify_source_of_funds,angry_layperson
8cd45d6c-3c77-4d8c-b5ba-38f5c0bb13a5,I need clarity immediately: where are my funds being traced back to? Provide the exact steps and the source-of-funds requirement so I can stop getting delayed.,70,verify_source_of_funds,angry_layperson
5be19424-cc8a-4ca3-9f33-ff25012c50e1,I need my funds source verified now I have a transfer pending and support keeps asking where the money comes from I do not understand what documents you need I am not trying to hide anything I need clear steps right away to prove the source and release the transfer,70,verify_source_of_funds,panicking_emergency
2a78c331-2ece-41b1-b47d-68d91e3a5220,"Urgent: I’m being blocked from accessing my balance, and I need to confirm the origin of the deposit immediately. Can you list the required paperwork and the expected turnaround time? I need an update today.",70,verify_source_of_funds,panicking_emergency
4bdf72c3-7b83-4484-9785-579f1acebf66,My outgoing transfer got flagged and I’m stuck until the funding source is confirmed. Please tell me which documents to provide and the exact upload location—this needs to be resolved as soon as possible.,70,verify_source_of_funds,panicking_emergency
6978b7dc-7bbe-4f06-b7dd-8ab01493dfa0,"Right now my funds can’t move because the account is restricted, and I need verification of where the money originated. I already submitted documents, but it’s still pending—what else do you require from me today?",70,verify_source_of_funds,panicking_emergency
7f491819-23ac-4465-b727-046df340e82b,Please verify the source of my funds immediately—my account has been frozen. Tell me exactly which documents you want and how quickly you can complete the review today. I can’t wait.,70,verify_source_of_funds,panicking_emergency
c574823b-b2d7-448b-bb2c-a723d72fce88,"I need a rush review of where the money in my account came from. Your team keeps requesting proof, but I’m not sure what to submit—please provide specific instructions and confirm the process can be completed today.",70,verify_source_of_funds,panicking_emergency
36bde6dd-0023-46b4-a513-e88204e2aea7,"Good day, I would like to confirm and provide evidence for the origin of the funds used in a recent transaction, and I require guidance on the specific documentation and verification process needed to complete this review.",70,verify_source_of_funds,polite_expert
59e7478c-5871-4687-92ff-a25b7caa731f,Hi there—could you help me check where the money in my account came from? Please let me know what details you can see and what actions I need to take to finish the verification.,70,verify_source_of_funds,polite_expert
876f6a5a-a593-4eb8-a716-454c29fee4a7,"Hello, I’m trying to confirm the provenance of funds from a recent deposit. Can you tell me what documentation you typically require and how you review it?",70,verify_source_of_funds,polite_expert
3ca202b7-15ba-4ba0-a707-fb6b2bb03f35,Good day. I’d like to verify the origin of funds that were credited to my account. What information should I submit so you can confirm the source?,70,verify_source_of_funds,polite_expert
d3a70a92-433e-40cf-acc2-26be6d664bf3,Hello—could you explain how you verify the source of funds for a transaction? I’d also like to know which documents or forms of proof you accept for this kind of review.,70,verify_source_of_funds,polite_expert
23ec5a64-a60b-461b-b8e0-c1977c2d541c,"Good day. I need help confirming the source of funds for an incoming transfer. What paperwork is required, and what specific details should I provide to complete the checks?",70,verify_source_of_funds,polite_expert
617a3b51-f3c5-4608-b2a5-efbaf252d7f9,"Hey, I need to get the source of where my money is coming from verified for my account—can you tell me what you need from me and how long it usually takes?",70,verify_source_of_funds,gen_z_slang
99285a3c-2b48-4c4b-bd7f-51e7f74607d0,"I’m stuck mid-onboarding—every time I try, it asks me to prove where the funds in my account come from. What info do you need, and how do I complete verification?",70,verify_source_of_funds,gen_z_slang
086762dd-3179-4f28-afcd-07932907082e,Can you help me check the origin of the money showing in my account? I wanna know what the available-balance source is and which documents I might have to submit.,70,verify_source_of_funds,gen_z_slang
d5246e6d-43da-49d8-9005-7c3c61f50b53,"Yo, can you break down where my account funds are coming from? I’m trying to verify the trail and understand what those deposits relate to.",70,verify_source_of_funds,gen_z_slang
2501ce10-b3f8-4c36-af76-885842c43b29,I need to get this sorted—how do I verify where my money originates? Tell me what you want from me so you can confirm the source of funds.,70,verify_source_of_funds,gen_z_slang
541b7dca-5728-41ca-99e9-91a4969f59dd,"Hey, quick question—can you help me confirm where my money is coming from? I need the source of the funds for my account.",70,verify_source_of_funds,gen_z_slang
e3a65f47-5f2f-400f-95c0-ef2f83541ce1,"Hi, I want to check where my money is coming from. Can you tell me what documents you need and how I can verify the source of my funds?",70,verify_source_of_funds,non_native_speaker
1b219e62-5ecd-44d9-9340-da4219560a1c,"Hello, I would like to confirm the origin of my funds. Could you explain which papers I should provide and the procedure to complete so I can prove where the money comes from?",70,verify_source_of_funds,non_native_speaker
be1c0a20-9668-415f-ac55-8846db00d000,Hi there—how can I verify the source of the money that was deposited into my account? Please tell me where to find this information.,70,verify_source_of_funds,non_native_speaker
a43d0b56-ce7a-41bc-8e62-26b096dc0eeb,"Hello, I made a deposit, but the bank says I must show proof of where it originated. What documents do you require, and what specific details should I include?",70,verify_source_of_funds,non_native_speaker
28e6093c-f137-45f8-8518-ca028fadc2d9,"Hi, I need assistance confirming where my funds are coming from. Can you help me check the source in my account and let me know what I should do to confirm it?",70,verify_source_of_funds,non_native_speaker
2eab9605-deb6-40f5-8b50-d8c0ce0bba30,"Hello, I’m trying to understand why the bank requested a source-of-funds check. What information or documents do I need to provide to verify the origin of the money in my account?",70,verify_source_of_funds,non_native_speaker
9c7d72a6-48c1-4acc-8d18-a8cf4263393e,Source of funds verification request,70,verify_source_of_funds,short_wording
fdc57951-e4fb-4456-8ae9-347ab7807831,Can you confirm where the money came from? Please list what paperwork is required.,70,verify_source_of_funds,short_wording
7187a76e-55dc-4444-8898-68ffce47757b,I need the account’s funding sources and a brief timeline of transactions.,70,verify_source_of_funds,short_wording
22826fe5-efb2-464e-9b54-84389b9c495b,Please validate the funds’ origin and share supporting evidence plus the related payment trail.,70,verify_source_of_funds,short_wording
752c8664-d6a7-4580-aeae-0b0da0839c70,Do you need to check where the funds originated?,70,verify_source_of_funds,short_wording
18b63a2d-5b02-4eca-a827-a605328bdd30,"To verify the source of funds, which files should I submit?",70,verify_source_of_funds,short_wording
d46ffce7-f3f5-489f-a961-745497b85d28,"I already topped up and now I’m stuck—how the hell do you verify that top-up and get it approved, and what exact info do you need from me?",71,verify_top_up,angry_layperson
f3ec158c-0c42-46b2-8e11-c39a729ba474,"I attempted a top-up and it’s asking me to verify—where exactly do I enter the details, and why am I being made to complete verification after I already initiated it?",71,verify_top_up,angry_layperson
3f6cc91c-b722-4ac3-8cf8-db769b932e27,My top-up is stuck because I can’t locate the verification code. Can you tell me where it appears and what steps I should follow so I don’t have to guess or wait?,71,verify_top_up,angry_layperson
b24780c3-acfa-47b9-89a9-1d8960c7f244,"I’ve completed the top-up, but it won’t clear without verification. Please explain where the verification information is found and how I can confirm it immediately.",71,verify_top_up,angry_layperson
626f2daf-7ac5-4162-ab12-0b7cef2ddcd5,Why do I need to do verification for a top-up I already paid for? I just want the transaction to complete—what’s the correct way to submit the verification?,71,verify_top_up,angry_layperson
ccd234cc-cb01-4478-8979-656c975a29a4,I’m unable to get my top-up approved—each attempt gets stuck. Tell me the exact information you require from me so I can finish verification right now.,71,verify_top_up,angry_layperson
0c4a75d5-f36a-4ca2-a81f-74b5c58bd929,I tried topping up and it stops and asks me to verify the top up again and again What is this verification and why is it blocking my payment I need it fixed now,71,verify_top_up,panicking_emergency
63ce9702-01bc-4ba7-aea5-225815297947,My top-up keeps getting blocked by a verification step. I’m not seeing any code in the app—please resolve it and let me know once the top-up is marked as verified so my payment can go through.,71,verify_top_up,panicking_emergency
6c446807-e4f0-4093-9221-960cf660fbeb,"I’m trying to add funds, but the system demands verification and I can’t complete it because I never received any code or directions. Can you check what’s happening on my account and help me finish verification right away?",71,verify_top_up,panicking_emergency
3c09a656-8dd0-4ca0-93a5-3bf6c376e140,"Just attempted a top-up—now it’s asking me to verify, but I don’t have the verification code. What exact steps should I take immediately to get this approved?",71,verify_top_up,panicking_emergency
676843d2-a76f-423e-b32c-a4f6fe0e3834,"The top-up didn’t go through because verification wasn’t completed, and I’m stuck with no funds transferred. Please confirm the verification status immediately—this needs fixing ASAP.",71,verify_top_up,panicking_emergency
25967c04-e72a-4c6b-bdf8-c144f082a5cc,"I’m being prompted to verify a top-up right now, but I haven’t received any verification code. Where is it supposed to come from? My payment is failing, so I need this sorted urgently.",71,verify_top_up,panicking_emergency
cc9c6c6e-9b8b-4124-8752-74357ec78835,"Hello, I would like to confirm the status of the verification required for my recent top-up, as I cannot locate the verification code or where it should be entered; could you please guide me through the correct steps so that the top-up can be completed successfully?",71,verify_top_up,polite_expert
f1c0ca71-9821-4f7c-926e-6a5e2fc60735,"Hi there—could you tell me if my latest card top-up needs an extra verification check? If it does, please explain what prompts that check and how I can finish it correctly.",71,verify_top_up,polite_expert
80b1a202-922b-41ca-8b2f-ad414f9b277c,"Greetings. I’m trying to complete the verification for a recent top-up, but I can’t find the code or the relevant card details. Where should I look, and what should I do to verify it?",71,verify_top_up,polite_expert
9c9ba862-9bf1-4f0f-99bb-aa8ffe290fc7,"Hello, I’d like to check whether the top-up on my account is verified. Can you let me know how to get the verification code and the exact steps to complete the process?",71,verify_top_up,polite_expert
d564d0c6-7f78-4a48-80b3-58ab9cf0ddf9,"Good day. I’m checking a recent top-up to see if it was confirmed. If it isn’t, what details or actions do I need to provide to complete verification so the money lands in my account promptly?",71,verify_top_up,polite_expert
f1f376c2-9c62-4538-8a99-e7d2074f6d83,"Hi! I want to verify a recent top-up transaction, but I’m unsure what I’m required to do. Please confirm the verification steps and where I can find the code or transaction reference to finish.",71,verify_top_up,polite_expert
b3e609a6-61c8-4c50-af32-88b3e4277e35,"Hey, I’m trying to add money but it keeps asking me to verify the top-up—can you tell me what I’m supposed to do and where to enter whatever code/info it wants?",71,verify_top_up,gen_z_slang
6f10071d-b96b-4fe7-bbfa-e5a5284ecf41,"Yo, I’m topping up and it pops a “verify” screen—what info do they want me to type in to finish it?",71,verify_top_up,gen_z_slang
d655e482-61cf-43dd-a2da-9d5364beb56b,"I just sent a top-up through, but now I have to verify—where do I grab the verification code, and what card stuff should I use?",71,verify_top_up,gen_z_slang
1dd10a41-0911-4f5a-ae35-ddde46525a68,"I’m trying to add funds rn, but is there a verification step? If yes, where would the verification code be located?",71,verify_top_up,gen_z_slang
2e2ed6b9-f42b-4cd1-9240-296dfd96cfe8,My top-up won’t go through because it wants a verification code—can you point me to how to get it and where to punch it in?,71,verify_top_up,gen_z_slang
2dd6ac15-e5ae-42f2-978d-ff7f268c0554,"I’m stuck verifying my top-up—can’t spot the code anywhere. Where do I actually retrieve it, and what’s the last step to confirm?",71,verify_top_up,gen_z_slang
6a780119-6afe-4432-adde-e9b9c49dd6e6,"Hi, I need help please. I want to make a top up, but it says I must verify it. Where can I get the code and how to do this step?",71,verify_top_up,non_native_speaker
021155b8-9c54-4b42-a399-fdb754c47a41,"Hello, my top-up won’t go through because it requires verification. What’s the process to complete the verification, and how can I receive the code?",71,verify_top_up,non_native_speaker
898b7c4c-2c0b-418a-bf5d-48c38a519dcd,"Hi there—when I attempt a top-up, it shows a message that verification is needed. Where do I obtain the verification code, and what should I do after that?",71,verify_top_up,non_native_speaker
fd7d9bc3-bee4-47fd-9182-8b2dca49496d,"Hello, I need assistance confirming my top-up. Where can I locate the verification code, and what are the steps I should follow?",71,verify_top_up,non_native_speaker
cd432302-2a51-4242-a203-b0041840ff5c,"Hi, I’m trying to add funds, but the app is requesting a verification code. I can’t find where that code comes from—can you explain what I should do?",71,verify_top_up,non_native_speaker
afa79d0f-500a-4cae-ae27-28673e1f685d,"Hi, can you please help me? I’m attempting a top-up, but it asks for verification first. How do I get the code, and what exact information is needed to finish verification?",71,verify_top_up,non_native_speaker
16af22d3-b10b-4f69-91f4-af118539a11f,Top-up verification failed again?,71,verify_top_up,short_wording
dee28e5e-13e5-44fd-807c-1236d425338c,Need top-up verification code? Where?,71,verify_top_up,short_wording
be096bae-c9ad-4849-b40b-bcbe41226a7b,Your top-up couldn’t be confirmed—right?,71,verify_top_up,short_wording
769c7bf7-e2dd-4065-b23b-fcb1aa40d91b,"I tried to verify the top-up, but the code never came through.",71,verify_top_up,short_wording
e0a9eab5-9125-4e7f-b52f-e233c31ddd75,Verify top-up status? Which card?,71,verify_top_up,short_wording
dc09b7e6-d89d-4586-a68a-f3e21acc6a5a,Can you resend my verification code for the top-up?,71,verify_top_up,short_wording
9fd816e5-b120-4997-b9c5-f40a3a095657,"My no-physical card just keeps getting declined every time I try to pay online, and I’m sick of it—what the hell is going on and how do I get it working again right now?",72,virtual_card_not_working,angry_layperson
c4e9929e-f270-41f1-8d12-0d928d5a318a,"I can’t get my digital card to go through at checkout—every attempt gets declined. Seriously, why is it failing and how do I make it work again?",72,virtual_card_not_working,angry_layperson
ee05cc39-40b8-4f0f-8e29-9c457cf9b636,"Every time I enter my virtual card details online, the transaction is rejected. I need this sorted immediately because I have payments due.",72,virtual_card_not_working,angry_layperson
2c18c630-c6a6-443a-8af7-210c5c1d57d1,"My virtual card isn’t functioning—payments keep getting turned down, and I’m stuck waiting. What’s causing this, and what should I do to resolve it?",72,virtual_card_not_working,angry_layperson
7b61ae0d-675f-49dc-af0d-1b30731d7055,"My temporary digital card keeps failing at checkout. I’m fed up—what’s wrong with it, and how can I get charges to go through?",72,virtual_card_not_working,angry_layperson
7616505c-ea4b-4e26-b0e4-f0c2bd314c0a,"I’m trying to pay online using my virtual card, but it keeps getting rejected. Can someone tell me what the issue is and when it’ll be fixed?",72,virtual_card_not_working,angry_layperson
5a8bd47e-c1e4-4dea-9d02-8bb8812242bc,My virtual card is not working right now I keep getting payment rejected every time I try to use it I need this fixed immediately I cannot complete any transaction please help fast,72,virtual_card_not_working,panicking_emergency
f892f18f-6dc6-4dc8-bcb9-5f09e347f78f,Urgent—my virtual card won’t approve payments at checkout. It keeps getting refused and I can’t finish my order. Can you investigate what’s blocking the charge and resolve it right away?,72,virtual_card_not_working,panicking_emergency
2e8455ce-6ef7-42aa-ac41-a0b251525d2f,"Please help, my virtual card is failing every transaction right now. Both online and in-store attempts are being declined. What steps should I take immediately to get it working again?",72,virtual_card_not_working,panicking_emergency
b57e94be-52f4-4ddf-bf15-c1284da123fa,"Something changed—my virtual card was fine yesterday, but today every purchase is rejected. I need to use it right now. Please verify the card status and whether any authorization is stuck.",72,virtual_card_not_working,panicking_emergency
cb70dac7-579a-4d26-aa88-101cb602bab0,Help! My virtual card has suddenly stopped working. Charges are being refused repeatedly and I’m stuck unable to complete payments. Please fix it urgently or tell me the exact next steps.,72,virtual_card_not_working,panicking_emergency
7f020397-0789-4f6d-bd13-714e0ad53127,My virtual card isn’t functioning right now—each transaction is rejected and I can’t make any payment. Please get this resolved immediately so I can use it today.,72,virtual_card_not_working,panicking_emergency
543c11b9-1a5e-4c5a-ad23-65ce77119d9f,"Hello, I would like assistance because my virtual card is being consistently rejected during online purchases, and I am unable to complete transactions; could you please advise on the necessary checks or steps to restore its functionality?",72,virtual_card_not_working,polite_expert
0b1cb28f-fa9f-42c4-98cc-72603768b8a6,"Hi, my virtual card keeps getting rejected at checkout. Each time I try to pay online, the authorization fails—can you help me figure out the most likely causes and the troubleshooting steps to get it working again?",72,virtual_card_not_working,polite_expert
5bb18d4f-54aa-4950-b74d-7c6ba1b5255f,"Hello, I’m having trouble using my virtual card online—every purchase attempt is declined. What should I check on my account (verification, limits, or funding) to restore successful payments?",72,virtual_card_not_working,polite_expert
ed41b9a7-a0b2-4dc6-b089-35938f3fa19b,"Hi there, my virtual card isn’t working properly: payments are being declined even though I believe there are enough funds. Can you tell me what diagnostics I should run and whether you need to review anything on your side?",72,virtual_card_not_working,polite_expert
ffd6aefc-5527-4b12-9f44-56f8b5e89337,"Hello, my disposable virtual card is failing online payments and the transaction gets declined. Please advise how to confirm the card is active, whether the available balance is sufficient, and what I can do to get authorizations approved.",72,virtual_card_not_working,polite_expert
4f733baa-18b4-4e63-9c95-85f8a1a334f6,"Hello, I am experiencing an issue with my virtual card: it is not being accepted for online purchases at the moment, and I would like assistance in determining why the transactions are failing and what steps I should take to restore functionality.",72,virtual_card_not_working,polite_expert
36c9eac2-7ace-40e2-bd2e-70b9383e83cd,"Yo, my virtual card keeps getting declined every time I try to pay in-store and online—what’s going on and how can I fix it?",72,virtual_card_not_working,gen_z_slang
b6a05a0b-3467-43fe-8dde-b71bea8118f7,"My virtual card keeps failing—every time I attempt a payment online it gets rejected, and I’m stuck without being able to use it. Any troubleshooting tips?",72,virtual_card_not_working,gen_z_slang
7c97f030-6205-47b6-9aa0-2489da1aa163,"I can’t get my virtual card to process at all. Online payments keep getting declined, so nothing goes through—what could be the issue?",72,virtual_card_not_working,gen_z_slang
ffbca997-1d59-479a-85ea-109db7d3e6d3,"Yo, my virtual card is basically unusable right now—when I try to pay online it either declines me or says it can’t be used. How do I fix this?",72,virtual_card_not_working,gen_z_slang
481f3477-595b-4861-a982-7c6608202c09,"My virtual card won’t approve any purchase. I keep getting declined when I pay, and I have no idea what to do next.",72,virtual_card_not_working,gen_z_slang
5f57f800-928b-4b24-9eaf-8027e7f02200,"Whenever I try to pay with my virtual card, it gets declined even though my balance looks good. What’s going on here?",72,virtual_card_not_working,gen_z_slang
29ef503d-5b59-42f7-abb4-a55efd859322,"Hi, my virtual card not working today. I try to pay for online subscription, but it always gets rejected. Can you help me please, what should I do?",72,virtual_card_not_working,non_native_speaker
66f06c52-aab4-4baa-a2d2-05bfbfb45bff,"Hello, my virtual card stopped working yesterday. Every time I attempt an online subscription payment, it comes back as declined. Could you advise what steps I should take?",72,virtual_card_not_working,non_native_speaker
734b713f-fce5-4638-8746-2998647fafc0,"Hi, my virtual card isn’t working right now. I’m trying to complete an online purchase today, but the transaction keeps getting rejected. What should I do to resolve this?",72,virtual_card_not_working,non_native_speaker
6aa4c368-b234-4939-8fd6-2471804da7e1,"Hello, my virtual card is failing again. When I try to pay online, the charge is always declined. Can you help me figure out why?",72,virtual_card_not_working,non_native_speaker
edec3b81-0262-4ce2-a81a-97ba239e5c3f,"Hi there, I’m having trouble with my virtual card. I attempted to pay in a store today, but the card payment was rejected. How can I fix this?",72,virtual_card_not_working,non_native_speaker
b6697868-484b-44f9-9cee-a5ec10f87ce8,"Hello, my virtual card is not working at the moment. I keep trying to make an online payment, and it always gets declined. What do you recommend I do?",72,virtual_card_not_working,non_native_speaker
ab9121c9-3bc9-453b-8247-f5fcd8e175e1,Virtual card denied in-store online.,72,virtual_card_not_working,short_wording
31b25912-b759-4e7a-bdc1-5c88dd4cbe9a,My virtual card gets rejected when I try to pay online.,72,virtual_card_not_working,short_wording
3c27b2b4-052b-4d17-8fcc-ef568ca3d0c6,The disposable virtual card won’t go through online—can someone assist?,72,virtual_card_not_working,short_wording
9b46601f-ee6e-4dcb-8183-d0c75831beed,I can’t use my virtual card; it’s being declined at the register.,72,virtual_card_not_working,short_wording
5a8b9ed0-5e51-426b-913c-9b69030442a9,Virtual card keeps failing at checkout. Please help me fix this.,72,virtual_card_not_working,short_wording
b6408646-615f-42e9-887c-4542711a75aa,"At checkout, my virtual card is rejected—what should I do?",72,virtual_card_not_working,short_wording
be40c3ca-bb1a-4ae1-9c6f-7ad6084c617b,"Why the hell can’t I figure out if your card is Visa or Mastercard? I just need to know which one you support, don’t make me chase this around.",73,visa_or_mastercard,angry_layperson
a50c583e-287a-4d2a-9d92-328b4c7d4c75,"Your support keeps dodging the question—does my card use Visa or Mastercard? I need the exact network and I want to know if I can pick, because this song-and-dance is wasting my time.",73,visa_or_mastercard,angry_layperson
f018492e-f15d-4764-9227-9bc07b146ccf,"I’m tired of being given the runaround. Can you tell me whether I’m able to select Visa versus MasterCard for my card, and what I should do if you keep sending the wrong type?",73,visa_or_mastercard,angry_layperson
4b738e46-1dd7-4799-9834-f92ca5ef6c06,"For the love of—just confirm whether you use Visa or Mastercard. I’m trying to pay right now, and it shouldn’t feel like you’re keeping it hidden.",73,visa_or_mastercard,angry_layperson
f5ca9d16-e1e9-47a9-96f9-0fc9428fc40c,Why can’t anyone answer what my card is actually tied to—Visa or Mastercard? I’m fed up with the back-and-forth; I need a definitive answer today.,73,visa_or_mastercard,angry_layperson
ff35c701-38dc-4b97-8763-7d7349ec6697,Stop being vague. Is my card Visa or Mastercard? I just want to know what I’m getting—no more excuses or circular explanations.,73,visa_or_mastercard,angry_layperson
dae4b2e0-e97a-4f1e-9f15-7714de407e22,I am trying to pay right now and it is failing. Do you accept both Visa and Mastercard. I need this fixed immediately.,73,visa_or_mastercard,panicking_emergency
ba6a2773-cf03-4742-9ed8-3bea265948b4,I’m panicking because my payment won’t go through and I’m out of options. Can you verify whether your checkout supports Visa and Mastercard? I need an answer ASAP.,73,visa_or_mastercard,panicking_emergency
124ce9db-bfed-4485-8b13-b9c0eccc3d0f,I’m at the payment screen and it won’t let me select the right card type. How can I use Visa instead of Mastercard when the app won’t switch? Please resolve this right now.,73,visa_or_mastercard,panicking_emergency
2b3c0624-9060-468e-ba34-7e582bd0271f,"Checkout is stuck—it's asking me to choose between Visa or Mastercard, but I can’t figure out how to change it. Which one will be processed? I need the transaction completed immediately.",73,visa_or_mastercard,panicking_emergency
e8561e53-75ce-49ff-9c1e-8415e0cc0917,"My card keeps getting declined at the moment, and I’m in a hurry. Please confirm whether you accept Visa and Mastercard so I know what to try next.",73,visa_or_mastercard,panicking_emergency
39fb3bd1-22f6-429b-8a85-6a3798449225,"I’m trying to complete a purchase right now, but I need clarity fast. Do you accept both Visa and Mastercard, or only one network? Tell me immediately so I can proceed.",73,visa_or_mastercard,panicking_emergency
af07f405-040a-474f-b31c-616380d968a6,"Good day, I would like to confirm whether your bank currently supports both Visa and Mastercard payment cards, or whether only one of these networks is available for my account.",73,visa_or_mastercard,polite_expert
c282e3bd-0887-444a-ae3c-009a58c45bbb,"Could you please clarify whether my account lets me select either Visa or Mastercard, or if you automatically determine the network? Also, how does that choice (or assignment) influence merchant acceptance and overseas payments?",73,visa_or_mastercard,polite_expert
0ef0ce1a-3696-4cef-8732-c39315d7a8b4,"Please let me know which payment card brands you support—do you accept both Visa and Mastercard, or only one of them?",73,visa_or_mastercard,polite_expert
fbd9b038-e881-4798-9623-8db344158902,"I’d like to ask whether I can receive two cards—one Visa and one Mastercard—linked to the same account. If your policy allows only a single network per customer, could you explain that and share any relevant charges and delivery estimates?",73,visa_or_mastercard,polite_expert
760b131a-ef86-4680-8bc2-b7ad821e14b4,"Do you offer cards on both international networks (Visa and Mastercard)? If yes, what is the process for requesting the network I prefer during the application?",73,visa_or_mastercard,polite_expert
1fa54d79-9a80-4c4b-9269-b1605d7e2af7,"I’m trying to confirm what card scheme I can get for my account. Will it be Visa or Mastercard, and does the outcome depend on my eligibility or on availability in my location?",73,visa_or_mastercard,polite_expert
3271fae9-cce2-44e2-b9ad-9cbe66b2eaef,"Hey, quick question—when I’m setting up my card, how do I know if it’ll be a Visa or a Mastercard? Is there a way to pick which one I get?",73,visa_or_mastercard,gen_z_slang
34e4e2f3-5dde-4c52-b285-d1cb39bce4aa,"Yo—when I’m getting a card, do I get to choose between Visa and Mastercard, or is it just whatever you assign?",73,visa_or_mastercard,gen_z_slang
9bf5d278-4cd3-4ffd-89ec-272b15188687,"Quick one: for card payments, is it Visa/Mastercard both, or do you only support one network?",73,visa_or_mastercard,gen_z_slang
4227ff7c-ddfc-48c5-ac10-fe32d8f57373,"I’m about to set up my card—can I select Visa vs Mastercard, or is it randomly picked for me?",73,visa_or_mastercard,gen_z_slang
f2b44089-b509-45a4-8ca2-73952c2a0df9,Can I request a Visa card only? I’m trying to avoid Mastercard.,73,visa_or_mastercard,gen_z_slang
0787ea92-e6de-45f8-8239-caccbc071a5a,"Which card brands do you support—Visa, Mastercard, or both? And if I’m eligible, how do I choose the network for my card?",73,visa_or_mastercard,gen_z_slang
da3a120e-6167-4ba1-988f-c84169e88a3f,"Hi, I want to know can I pay with Visa or Mastercard? Are both card types accepted for my account, or only one?",73,visa_or_mastercard,non_native_speaker
13db6731-5bec-4a6e-ae38-e6f1a5c764a6,"Hello—when I pay, do you accept Visa and Mastercard? Is it possible to use either brand, or is my account limited to just one?",73,visa_or_mastercard,non_native_speaker
d2c16476-f440-4790-84fb-fb2678bdea1c,"I’m planning to pay by card, but I’m unsure if my Visa or my Mastercard will work here. Can you confirm which card type is accepted?",73,visa_or_mastercard,non_native_speaker
1adecaf7-a96a-4352-a4eb-f4cc9548add0,"Hi, I’m checking the options for card type. Do you provide Visa cards, Mastercard cards, or both? I’m traveling soon and need to know.",73,visa_or_mastercard,non_native_speaker
82c0989e-459f-4314-9fd4-90958d0ce729,"Hello, I want to know whether you issue Visa and Mastercard cards. Can customers obtain both, or only one of the two?",73,visa_or_mastercard,non_native_speaker
fa51a3cc-75f6-4989-88c1-f72ba3ba9041,"Hi there. For payments at your shop, which brands are accepted—Visa or Mastercard? I need help deciding based on what you take.",73,visa_or_mastercard,non_native_speaker
96acfec8-93e7-43bb-9221-ba3921fc7992,Visa vs Mastercard choice?,73,visa_or_mastercard,short_wording
536ea2c9-bbb1-431e-8e04-a9791cc0fee6,Which card network should I use: Visa or Mastercard?,73,visa_or_mastercard,short_wording
d33409d0-73e7-4122-914e-16f172f5bde1,"Do they take Visa and Mastercard, or only one?",73,visa_or_mastercard,short_wording
c5085c9d-b6b9-4f19-af29-b7fbab04f56a,"What payment types are supported—Visa, Mastercard, or both?",73,visa_or_mastercard,short_wording
6993d1a1-e375-4b16-844c-1f2e6a8a78ed,I need to pick between Visa and Mastercard—what do you recommend?,73,visa_or_mastercard,short_wording
2adc7edd-7f9f-4c3b-ab6e-87ea685953d1,Are Visa and Mastercard both accepted here?,73,visa_or_mastercard,short_wording
f949c6ce-ed52-4ae9-aac3-6259b3b3201b,"Why the hell are you still asking me to verify my identity again and again when I already sent everything—this is locking me out of my account and it’s driving me nuts, fix it.",74,why_verify_identity,angry_layperson
5f090136-1488-4b95-ac56-517866dd3f97,"Seriously, why are you still forcing another identity verification? I already handed over my details—so what’s the purpose of this, and why won’t you just let me access my account?",74,why_verify_identity,angry_layperson
f3a04d4a-21a0-4e19-a7a2-3be074c7d1b3,Do I really need to jump through hoops every time I log in? I’m tired of being interrogated—can’t I sign into my own account without more proof?,74,why_verify_identity,angry_layperson
fe496158-807b-4b9a-bdc8-5cbc00bb0f71,You already made me verify my identity—so why am I being asked to do it again? This keeps wasting my time and blocking me when I’m trying to use my account.,74,why_verify_identity,angry_layperson
245551b4-bc81-4888-8668-2ca5b2fb6b18,Stop with the identity check already. I just want to use my account without constant verification—what setting am I supposed to change to end this?,74,why_verify_identity,angry_layperson
eaa21e63-6a57-476c-99d0-a881dba0a662,"Why am I being asked to verify my identity a second time when I already submitted everything? If this is going to keep stalling me, then tell me how to get access back.",74,why_verify_identity,angry_layperson
04c331bc-8909-4ef3-8387-f0b645a0f67f,I am trying to sign in and it keeps asking for more identity details again and again why do you need so much information right now I cannot complete this while I am stuck on these repeated requests please stop and tell me exactly what you need and why,74,why_verify_identity,panicking_emergency
fc6bcc09-9c0c-49a0-932e-3d70b696ba91,I’m getting blocked during sign-in because it wants identity verification again. I verified earlier today—why is it still requesting more? I can’t keep uploading files; please tell me what I can do right now to regain access.,74,why_verify_identity,panicking_emergency
ae2f637c-3667-415a-8b38-5dad289c9c0f,"My account won’t let me through because it keeps prompting an identity check. I don’t see the point since I already completed this once—what’s the purpose of this extra step, and what’s the fastest way to finish it?",74,why_verify_identity,panicking_emergency
a22ce246-c9d5-46ec-aa98-5022716ad6ef,"I’m being pushed back into identity verification immediately, and I’m confused about why it’s necessary again. I’m uncomfortable sharing additional documents—are there alternative ways to continue without doing another verification?",74,why_verify_identity,panicking_emergency
935f8bb9-a1ec-4b7e-a3a2-19d8911813d9,"Every time I try to log in, the system stops me and demands another identity check. It’s requesting additional documents repeatedly, and I’m not sure why. Can you explain what you need and roughly how long it will take so I can get back in?",74,why_verify_identity,panicking_emergency
6b8609d6-ab44-4905-8386-1c8107faa7b3,"I can’t get logged in—each attempt triggers a request to prove my identity again. I don’t understand why this is required, and I’m worried my account will be locked. I already submitted documents once; please fix this now.",74,why_verify_identity,panicking_emergency
86ea9608-48a4-4671-b284-a80e28d7f341,"I would like to understand why an additional identity verification is required at this stage, what specific information is necessary for the check, and whether I can continue using my account services—such as making transfers—while the verification is in progress.",74,why_verify_identity,polite_expert
a28cec3f-b3c8-4e0c-bf9c-0f0bb343316f,"Hi there—could you clarify the reason behind the identity check right now, and list the exact items I need to provide (and in what format) to finish promptly?",74,why_verify_identity,polite_expert
101b0a51-1898-4f8f-aafd-db57011b378a,"Please help me understand the motivation for this additional verification and what it’s intended to confirm. Also, will it limit access to my account while it’s underway, and is a repeat check likely later?",74,why_verify_identity,polite_expert
af808084-b3ed-4ab1-9bf4-a5e452f83ed0,Hello—what’s the rationale for asking me to verify my identity now? I’d also like to know whether the requirement applies to all activities or only specific actions on my account.,74,why_verify_identity,polite_expert
d90d1efa-4117-48a6-a156-aad8cfabb3fb,"Good day. Can you tell me why the verification hasn’t been completed yet, what limitations I should expect until it’s resolved, and when I can realistically anticipate the process to finish?",74,why_verify_identity,polite_expert
30b11f72-c6e7-4260-b8b0-8ca8c8435dca,Could you explain why the system is flagging my account for mandatory identity verification today? Please also confirm the precise details or documents you need from me so I can submit everything correctly.,74,why_verify_identity,polite_expert
e441e04b-e02d-4e33-9c88-af9081e19b62,"Hey, quick question: why do I have to verify my identity in the first place, and is it something I’ll need to do every time I log in or use my account?",74,why_verify_identity,gen_z_slang
16751cee-0f25-4378-891a-e11246d9fcec,What’s the deal with the identity verification step—do I need to do it just to keep using my account or when I make transfers too?,74,why_verify_identity,gen_z_slang
a5678ffa-ad60-4236-93ff-468b4fcd58ba,"Do I really need to do identity verification to wrap this up? If it’s optional, can I postpone it or just dodge it?",74,why_verify_identity,gen_z_slang
59a78d20-3f01-4565-8cd1-bf03bd425ce9,"Why am I getting forced into an identity check at this moment? What’s the actual purpose, and what details are you collecting from me?",74,why_verify_identity,gen_z_slang
b2e7636d-461a-43ab-8daa-b468a920bfa3,"Why am I being asked to verify my identity right now? What’s the point of the check, and is there a quicker way to get it done?",74,why_verify_identity,gen_z_slang
dba2a6c3-58bf-4c2e-9b1b-3bb57e72c2cc,"Why does the app keep prompting me to verify who I am before I can access my account? What’s the reason, and how much longer is this gonna take?",74,why_verify_identity,gen_z_slang
4476f0a2-6671-49c8-83f3-f08d2dd346e4,"Hi, I want to ask why you need me to verify my identity again. I already did it before, so why I must give my ID details one more time?",74,why_verify_identity,non_native_speaker
16c42ec3-c786-478a-bc6c-26a754071a84,"Hello, I’m trying to sign in, but the system keeps requesting identity verification. Could you tell me why this step is required, and whether I can access my account if I postpone it?",74,why_verify_identity,non_native_speaker
29b46922-60c8-44fc-9c00-c418a9b81ca4,"Hi there—every time I attempt to access my account, I’m asked to verify my identity again. What’s the reason for this, and when will I be able to use the account normally?",74,why_verify_identity,non_native_speaker
e93d1ca7-2544-4aa7-80e5-a7482cafa486,"Hello, can you explain why my identity verification is required once more? I provided my information earlier—what is the reason for requesting it again, and what happens if I don’t complete it now?",74,why_verify_identity,non_native_speaker
b25df10f-3245-44fa-8a84-3b9af1be6f6b,"Hi, I don’t understand why I’m being asked to complete identity verification. What is the goal of this check, and is it a requirement for my specific account?",74,why_verify_identity,non_native_speaker
62407a6c-b66f-4a2b-bc3b-f235550e6ee1,"Hello, I’m attempting to log in, but it won’t let me proceed without identity verification. Why do I need to do it, and will I be prompted every time I sign in?",74,why_verify_identity,non_native_speaker
12352eb6-9fd9-4db1-bb2a-73dcf0576b55,Why required identity check?,74,why_verify_identity,short_wording
91b61ad2-f112-4d06-a460-3ec9d9e6fd5c,Identity not verified yet; access blocked—why?,74,why_verify_identity,short_wording
927eb946-1d8b-45f2-a372-e88f08eb5903,What’s the reason for the identity check?,74,why_verify_identity,short_wording
427a654f-eab0-4bc4-84b3-93b900bf092c,Do I have to verify my identity for each time I sign in?,74,why_verify_identity,short_wording
5137cbdb-fcba-4009-ac65-60a11337f70a,Why are you asking me to confirm who I am?,74,why_verify_identity,short_wording
9824e66e-6a29-47d8-a1a0-2f1749560f2b,For what purpose is identity verification required?,74,why_verify_identity,short_wording
87b16d96-1b7c-49fa-b59c-2359fb4fac19,"I just went to withdraw cash and I asked for $100, but the machine only spat out $20—what the hell is that, and where’s the rest of my money?",75,wrong_amount_of_cash_received,angry_layperson
d007fcf0-e591-473b-ac39-95427a18ca5a,"The ATM cut my withdrawal short—when I requested the full amount, it dispensed less than it should have. I’m not waiting around; I need the difference added back immediately.",75,wrong_amount_of_cash_received,angry_layperson
51e3e976-f8f0-4122-afc8-bceeee0af1bc,I came to withdraw cash and the machine gave me far fewer bills than I selected. This situation is ridiculous—tell me how I can get the remaining money back today.,75,wrong_amount_of_cash_received,angry_layperson
d9a5c383-61b8-4531-b40e-62572bdf4626,I tried to take out cash and the amount I received doesn’t match my request. Fix this and return what’s missing right away.,75,wrong_amount_of_cash_received,angry_layperson
1ca2518a-2990-4de3-a7cc-d7edaead6636,"I used the ATM to withdraw, and the cash I got was incorrect. I requested $30 and only received $10—where is the rest of it? I want this corrected now.",75,wrong_amount_of_cash_received,angry_layperson
0ee788b4-d666-485d-b829-5ad5edae40f4,I attempted a cash withdrawal today and the ATM didn’t dispense the amount I chose. That’s not acceptable—please correct it and make sure I receive the full total.,75,wrong_amount_of_cash_received,angry_layperson
c675f8d6-e3b2-4829-a73b-25b242697710,I withdrew cash from my account today and the ATM gave me less bills than I requested. I only received part of the amount. The rest is missing. Please fix this now. I need the correct cash amount credited today.,75,wrong_amount_of_cash_received,panicking_emergency
ed6d33ee-2c34-41de-80ee-b296ee13eb1d,"The ATM dispensed the wrong sum when I withdrew money. I selected 200, but I was only handed 60. This is an emergency—please correct the discrepancy and refund the missing 140 as soon as possible.",75,wrong_amount_of_cash_received,panicking_emergency
241144c1-3a81-427e-8df8-7b32489c8bdb,"I took cash from an ATM today and it shorted me right away. I didn’t receive the full amount I chose, and I’m missing money. Can you tell me where the rest went and fix it immediately?",75,wrong_amount_of_cash_received,panicking_emergency
842a35bb-e846-4409-9fc5-34358d46c0bc,I withdrew cash and the machine gave me far less than what I requested. I asked for $100 but received only $20. I’m stranded and can’t cover my bills—please sort out the missing $80 right now.,75,wrong_amount_of_cash_received,panicking_emergency
1338fedf-0e3c-4d8b-975b-3c5b9c359184,"I’m at the ATM because my withdrawal didn’t go through correctly. I requested $100 and it only issued $20, leaving me short by $80. This can’t wait—please fix the cash amount immediately using my receipt.",75,wrong_amount_of_cash_received,panicking_emergency
0b739af0-1bdc-41d8-a4db-f5f82aa4e6fb,"I tried to withdraw money from the ATM and it dispensed an incorrect amount. I requested 200, but the machine only counted out 40. I need the remaining balance restored urgently—please resolve this now.",75,wrong_amount_of_cash_received,panicking_emergency
4530215c-0372-449d-9f31-097cbea939e0,"Good day, I withdrew cash from one of your ATMs for a selected amount, however I received a different cash sum than what was requested. The amount debited and shown in my account/app does not match the cash I actually received, and I would like your assistance in correcting this discrepancy and arranging a refund or top-up of the missing balance.",75,wrong_amount_of_cash_received,polite_expert
c0852949-403c-4b8c-8be1-510446ee6e94,"Hi, I need help with an ATM withdrawal error. I chose £30 and the machine only paid out £10. Please tell me how to file the claim for the missing £20 and whether you need the receipt and the ATM’s transaction/reference number.",75,wrong_amount_of_cash_received,polite_expert
73d83106-1639-4e4e-8b8d-14c96f580150,"Good day—when I withdrew cash from your ATM, I got the wrong amount. My banking app and the receipt show a higher figure than the cash I actually received. What should I do to have the difference reviewed and reimbursed, and are there any actions I should take right away?",75,wrong_amount_of_cash_received,polite_expert
380604ee-de24-471d-884b-e4b1f89d4daa,"Hello, I’m contacting you about a mismatch on an ATM withdrawal. I selected [£/€/$ X], but the dispenser only provided [£/€/$ Y]. Could you confirm the process for correcting the transaction and restoring the missing amount, and whether it will be refunded or topped up?",75,wrong_amount_of_cash_received,polite_expert
5c7795cd-b8a6-4788-be1a-1a3455e2fce7,"Hello, I’d like to report that my latest ATM cash withdrawal did not dispense the amount I requested. I received less money than expected, though the transaction appears to have gone through normally. Please advise how I can get the shortfall resolved.",75,wrong_amount_of_cash_received,polite_expert
66089ee3-28f9-4970-babd-cb2a990821ed,"Good day, I attempted to withdraw cash from your ATM for the amount I selected, but I received significantly less money than requested; could you please advise on the next steps to have the shortfall investigated and corrected?",75,wrong_amount_of_cash_received,polite_expert
65184e29-1a9a-4b9a-9480-da288947924a,"Hey, I just withdrew cash from the ATM and it printed “$100 dispensed,” but I only actually got $20—what’s going on?",75,wrong_amount_of_cash_received,gen_z_slang
c41d64ca-af7c-4c7d-b2dd-daf5b4a66eed,"I made an ATM withdrawal, but the amount I actually got doesn’t match what I chose. The receipt/app shows one number and my hand got another—how can I claim the missing cash?",75,wrong_amount_of_cash_received,gen_z_slang
b6909e21-2935-4596-8c31-d0bc5894eb87,"My ATM withdrawal glitched or something— I picked a higher amount, but I only received a smaller stack of bills. Any idea how I can get the difference back?",75,wrong_amount_of_cash_received,gen_z_slang
b731c347-ed4d-4f58-ac33-8cac6c9d01b0,I requested $X at the ATM and it shorted me. What steps should I take to dispute it and get the remaining money?,75,wrong_amount_of_cash_received,gen_z_slang
cb996904-ec16-49c5-8734-399281fa7495,"The ATM showed $50 on the screen, but I only got $20 in cash. Since my banking app confirms the $50 went through, how do I recover the missing $30?",75,wrong_amount_of_cash_received,gen_z_slang
85ce6e9d-87cc-4184-9d9e-eb12430e253c,"I tried to withdraw $100, but the ATM only dispensed $40. How do I fix this and request the rest of the money?",75,wrong_amount_of_cash_received,gen_z_slang
6f8311a8-0edd-4f1d-95b6-7ed7df454e6b,"Hi, I went to the ATM and I get cash, but it was not the right amount. I asked for more money, but I got less cash. Please help me check this.",75,wrong_amount_of_cash_received,non_native_speaker
a3654323-05bd-4e66-b6e1-f698d6bc06ac,"Hello, I used an ATM to withdraw cash, but the total I received was short. I selected a higher amount, yet the machine dispensed less. Could you please investigate and help me resolve it?",75,wrong_amount_of_cash_received,non_native_speaker
4b342da5-dc85-40f9-ba94-f632d8090924,"Hi, I tried to take out money from the ATM earlier. I chose $100, but it only printed $20. Can someone explain why this happened and help me fix it?",75,wrong_amount_of_cash_received,non_native_speaker
9a71c5c3-a019-4061-9c80-d548efc9a189,"Hello, I withdrew cash from an ATM today and the amount was incorrect. It gave me less than expected, while my account/app indicates a higher withdrawal. Please help me claim the missing funds.",75,wrong_amount_of_cash_received,non_native_speaker
d418caee-e5a9-41ad-9bf2-89a0aed9a50b,"Hi, I’m home now and I realized something went wrong with my ATM withdrawal. I requested 50 pounds, but only 20 pounds came out. What steps should I take to get the remaining amount?",75,wrong_amount_of_cash_received,non_native_speaker
501eac47-2905-448f-a032-cd60f2f59f53,"Hi there, I attempted a cash withdrawal today and the ATM dispensed less than the amount I requested. My app shows a higher figure, but I actually received a smaller sum. Please help me figure out what happened.",75,wrong_amount_of_cash_received,non_native_speaker
12895f65-fdd8-4346-a9c3-e4416f7f550d,ATM short cash; received less than requested.,75,wrong_amount_of_cash_received,short_wording
c5d0aa2b-4cd3-4b66-86a7-e0b1a2a901b4,My withdrawal was underpaid—ATM gave me fewer bills than I asked for.,75,wrong_amount_of_cash_received,short_wording
58bed620-975c-4263-bd18-ad3c409821a2,ATM dispensed less cash than requested; charged full amount in app,75,wrong_amount_of_cash_received,short_wording
9e557cf5-b85a-47de-8a99-e416572ce784,"Requested cash $120, received $90 only.",75,wrong_amount_of_cash_received,short_wording
81c8e26a-4cff-49dc-8529-bdb47dc03b97,ATM shorted my cash withdrawal,75,wrong_amount_of_cash_received,short_wording
b711bd2d-7212-4cfe-986f-137962af0f9f,I asked for $100 but the machine paid out $20.,75,wrong_amount_of_cash_received,short_wording
e2f3b67e-bdb4-49d8-86ea-ed18e7c0df5b,"I just tried to pull cash and the exchange rate they used is straight-up wrong—I’m getting hit way harder than what it should be, and I’m pissed because I need the money for right now, not some inflated bullshit rate.",76,wrong_exchange_rate_for_cash_withdrawal,angry_layperson
63e9ef20-2a50-44b0-804c-6fd626128557,"I tried withdrawing cash using my foreign currency, and the conversion rate you applied was wildly off. I feel like I’m being overcharged just for taking out my own money from an ATM.",76,wrong_exchange_rate_for_cash_withdrawal,angry_layperson
bd9c98c7-52c1-447a-98a4-fdd76ea919ed,"I withdrew cash in a different currency and the exchange rate was absurdly unfavorable. I ended up with much less than expected, and I’m angry because that’s not what was supposed to happen.",76,wrong_exchange_rate_for_cash_withdrawal,angry_layperson
67d591a4-07aa-4038-8bb5-27cadfc26c17,I took out cash from your ATM and the exchange rate you used doesn’t line up with the real one. Now I’m stuck having lost money because of it.,76,wrong_exchange_rate_for_cash_withdrawal,angry_layperson
f6a54a90-b29a-45c9-b89b-7922d3b8bf48,"Your ATM gave me a terrible exchange rate when I withdrew cash, and the charges ended up higher than I anticipated. I want an explanation for why the rate was wrong, and I want it corrected.",76,wrong_exchange_rate_for_cash_withdrawal,angry_layperson
9783adc4-46aa-44c7-81cb-e92c4d6923d0,"When I withdrew cash overseas, the exchange rate shown/used was clearly made up, and I got shorted immediately. This is unacceptable—tell me how you’re going to fix it.",76,wrong_exchange_rate_for_cash_withdrawal,angry_layperson
a8f43a1c-845a-4fff-9523-6deebb266021,I just withdrew cash at the ATM abroad and the exchange rate they used is wrong I checked the live rate and it is way off They took more in my account than they should have and the receipt shows the bad rate I need this fixed immediately I need confirmation and a refund if the rate was incorrect,76,wrong_exchange_rate_for_cash_withdrawal,panicking_emergency
89fd50f7-01b1-4a76-b577-05daa52a3e3f,"My cash withdrawal in a foreign currency yesterday looks like it used the wrong FX rate—when I compare it to the rate I saw at the time, the figures don’t line up. Please investigate and credit back the overcharged amount as soon as possible.",76,wrong_exchange_rate_for_cash_withdrawal,panicking_emergency
2576c89f-b2b5-435f-a2bb-7ae4a29d8b47,I took out cash yesterday and the ATM converted my money at an unexpectedly poor exchange rate. I checked the market/app rate and it was higher than what was applied. I want the correct withdrawal rate and an immediate refund of the difference.,76,wrong_exchange_rate_for_cash_withdrawal,panicking_emergency
92cc29b8-4d7e-4515-a9f9-36b5fc147eae,"Today I withdrew cash abroad and the final amount is incorrect because the exchange rate charged isn’t the one shown for my card. I verified the rate, and the ATM used something else. Please correct the FX rate and refund the gap right away.",76,wrong_exchange_rate_for_cash_withdrawal,panicking_emergency
b33ab302-98f1-4531-b514-bce7694853df,"After using your ATM for a cash withdrawal, I noticed the FX calculation doesn’t match what I selected—my converted total is much lower than expected. My receipt and the amount posted to my account disagree. Please fix the exchange rate and return the difference.",76,wrong_exchange_rate_for_cash_withdrawal,panicking_emergency
4402b4dd-7561-4d3e-9d14-87516791c21e,I withdrew cash at your ATM while abroad and the exchange rate came out wrong again. My account was debited more than it should have been. Please apply the correct rate or refund my money immediately.,76,wrong_exchange_rate_for_cash_withdrawal,panicking_emergency
81ecc2da-938f-403f-9e16-151467530a31,"Good day, I would like to report that during my cash withdrawal from an ATM abroad, the foreign currency conversion rate applied to the transaction appears to be incorrect; as a result, I received less cash than I expected based on the exchange rate that was advertised or should have been applied, and I would appreciate a review of the rate used, the transaction timestamp, and any applicable fees or margins so you can confirm the correct calculation.",76,wrong_exchange_rate_for_cash_withdrawal,polite_expert
99eaafc3-c79d-4da2-b4f5-4a1d54b25d4f,"Hello, I’d like to flag an issue with the FX rate used for my cash withdrawal at an overseas ATM. The rate that was applied to my account seems different from what I expected when I withdrew, and I’m requesting that you check the calculation and process an adjustment or repayment if the rate was applied incorrectly.",76,wrong_exchange_rate_for_cash_withdrawal,polite_expert
59794117-fe47-424e-aac7-da8b1742c65a,"Good day—after withdrawing cash abroad in a foreign currency, I noticed the exchange rate used doesn’t match the rate that was displayed at the moment of the transaction. Could you confirm the exact rate, whether any conversion charges or commissions were added, and explain how the final debit amount was computed?",76,wrong_exchange_rate_for_cash_withdrawal,polite_expert
480449d4-be07-4d5e-9df9-5b1118ce254a,"Hi, I’m contacting you because the exchange rate applied to my ATM cash withdrawal overseas looked much worse than the rate shown for that currency. This caused my home-currency charge to be higher than expected. Please review the FX conversion used and correct the transaction if needed.",76,wrong_exchange_rate_for_cash_withdrawal,polite_expert
ebc1e5d0-a5ad-4b04-9910-5fbf5fe63fd6,"Hello, I believe the FX conversion rate for my cash withdrawal from your ATM was not applied correctly. I confirmed the rate around the time I withdrew, but the rate reflected on my receipt and/or statement is different from what was shown. Please investigate and fix the rate if an error occurred.",76,wrong_exchange_rate_for_cash_withdrawal,polite_expert
5e15f832-45e7-4b95-a825-bf1d6e1d2a11,"Good day, I’m writing regarding my foreign-currency cash withdrawal. The exchange rate that was applied appears to be wrong, which affected the final amount charged to my account. Please verify the rate used at the time of withdrawal and let me know whether you will correct the charge or refund any difference.",76,wrong_exchange_rate_for_cash_withdrawal,polite_expert
c63def8a-69b7-463e-a45d-0cef19c50eca,"Yo, I just withdrew cash abroad and the ATM used some super off exchange rate—way worse than what the rate was showing, so I got hit with a way bigger charge than expected.",76,wrong_exchange_rate_for_cash_withdrawal,gen_z_slang
8ceca448-5ad5-4a8b-b5bc-2b52b2bc5c4d,"Yo, I took out cash overseas and the ATM’s exchange rate was straight-up wrong—like, I got shorted in local money compared to the real rate.",76,wrong_exchange_rate_for_cash_withdrawal,gen_z_slang
5e88acb1-a9b9-4137-a445-3825977c8507,I withdrew cash abroad and the rate the machine used felt off. I ended up with way less than I calculated—can you confirm the exact rate they applied?,76,wrong_exchange_rate_for_cash_withdrawal,gen_z_slang
d51115a6-2622-477c-a752-e2eb6fd6cd70,"Hey, I just tried withdrawing cash from an overseas ATM and the exchange rate they charged was way higher than the one I saw on rate apps. Any chance you can adjust it?",76,wrong_exchange_rate_for_cash_withdrawal,gen_z_slang
be29a933-36e1-476e-9a7a-5285ff9a6432,"Yo, I pulled cash from your ATM while I was traveling, and the exchange rate seems way off from what I’m seeing online. Can you look up the rate used and correct it if it’s wrong?",76,wrong_exchange_rate_for_cash_withdrawal,gen_z_slang
be5170aa-a82a-4d3b-ab61-051da86117a4,I withdrew cash overseas and the ATM lowkey swapped in a worse FX rate than what I expected. I got way less than the estimate—can you check the rate and fix the charge?,76,wrong_exchange_rate_for_cash_withdrawal,gen_z_slang
b67615fa-c3f2-4baf-bf3a-355d0273c257,"Hi, I withdraw cash today, but the exchange rate they use was wrong. I see a different rate than what I expected, so my cash amount looks less. Can you please check and fix it?",76,wrong_exchange_rate_for_cash_withdrawal,non_native_speaker
0c9c019d-e39e-4820-807b-2c17c06f80eb,"Hello, I made a cash withdrawal in a different currency using my card, but the ATM applied an incorrect conversion rate. Because of that, I received a smaller amount than expected. Could you confirm the rate used and correct it?",76,wrong_exchange_rate_for_cash_withdrawal,non_native_speaker
67640ba3-381d-4f6b-8f1a-59c98f9c08d4,"Hi there—when I withdrew cash overseas from your ATM, the conversion rate seemed off. I ended up paying more/receiving less than I thought based on the normal rate. Please review the calculation and adjust it if needed.",76,wrong_exchange_rate_for_cash_withdrawal,non_native_speaker
8b097390-e668-4563-a10f-b18a55f4e2ea,"Hello, I withdrew cash from your ATM while traveling last weekend. The exchange rate shown on the transaction was not right, so the charge ended up higher than it should be. Can you check the rate and fix the amount?",76,wrong_exchange_rate_for_cash_withdrawal,non_native_speaker
711c08ee-5f82-41a5-9798-487b24cef2bf,"Hi, I attempted a cash withdrawal at an ATM using a foreign currency. The rate applied by the machine doesn’t match what I see on my banking app, and I received less money than expected. Please investigate and correct the exchange rate used.",76,wrong_exchange_rate_for_cash_withdrawal,non_native_speaker
c51b6585-e4ea-4f5c-aa06-6146cc9b602e,"Hi, I withdrew cash in another country from your ATM, but the exchange rate looks incorrect. I received less than what I expected to get. Please check the conversion and fix it.",76,wrong_exchange_rate_for_cash_withdrawal,non_native_speaker
8739ef07-6488-41dd-882a-71a09adde812,"Cash withdrawal abroad, bad FX rate shown.",76,wrong_exchange_rate_for_cash_withdrawal,short_wording
0fd2ec5d-3063-48cb-a8d1-24bd52f20c96,"ATM cash withdrawal, wrong exchange rate, charged extra.",76,wrong_exchange_rate_for_cash_withdrawal,short_wording
fdd6e73d-177e-4136-b5b9-ede49360b089,Wrong exchange rate applied to my cash withdrawal.,76,wrong_exchange_rate_for_cash_withdrawal,short_wording
547cb46b-6167-4f7b-a066-d72a316b3883,I withdrew cash from an ATM and got an incorrect FX rate.,76,wrong_exchange_rate_for_cash_withdrawal,short_wording
a36a50c7-c532-4ef1-b07b-e23e0432a6e0,ATM cash withdrawal used the wrong currency conversion rate.,76,wrong_exchange_rate_for_cash_withdrawal,short_wording
d84f3ad0-a3c8-40b5-8d82-44df43faed29,ATM withdrawal in EUR used bad exchange rate—charged more than expected. Why?,76,wrong_exchange_rate_for_cash_withdrawal,short_wording
