id,text,label,label_text,persona
4ab11b30-5602-4ffc-aac1-92fa4b3c8646,"I requested a refund from a merchant like days ago, and it still hasn’t shown up in my account—stop telling me to “wait,” because I’ve been checking nonstop and there’s nothing there, so what the hell is going on?",51,Refund_not_showing_up,angry_layperson
01a4922b-63fe-4734-9403-e36c409e216e,"I’m sick of this— I requested a refund and it’s been ages, but the money still isn’t back in my account. I’ve checked my statements over and over and nothing shows up, so fix this and put my money back where it belongs.",51,Refund_not_showing_up,angry_layperson
507d4abc-118b-4ee2-8e08-f88277447a8c,"I’m seriously pissed off because I was told my refund would be back by now, but it still isn’t in my account and I can’t see a damn thing in my statement—what the hell is going on and when am I getting my money?",51,Refund_not_showing_up,angry_layperson
5980d814-ea43-45db-bd2a-6bb8f945d2bf,"I returned the stuff and they said the refund was processed weeks ago, but the damn money still isn’t showing up in my account and it’s driving me crazy—what’s going on?",51,Refund_not_showing_up,angry_layperson
06f76888-21d5-422e-8c8d-97a84ee1a015,"I’m sick of this—my refund was supposed to be processed already, but it still hasn’t shown up anywhere, and I’m out of my money. How long is this gonna take before you people actually put it back?",51,Refund_not_showing_up,angry_layperson
9c5ab4c5-8606-497e-9c61-7df5532f9ee8,"My refund was supposed to be back already, and it’s still not showing up in my account—this is ridiculous. I’ve been waiting forever, and nobody can give me a straight answer. Where the hell is my money?",51,Refund_not_showing_up,angry_layperson
cb8249ff-aaad-43f2-b2cf-07c742c6cf1e,I requested the refund days ago and it still is not back in my account. I checked again today and nothing. The seller says it was sent already. I need the money returned now. Please investigate immediately and confirm the status.,51,Refund_not_showing_up,panicking_emergency
93d1ef69-14dd-4fc6-9d44-046077354a9e,I need the refund back in my account and it is not showing up yet I already waited days and checked my statement again and again nothing is there I was told it would post and it has not please fix this now I am out of patience,51,Refund_not_showing_up,panicking_emergency
d913bbbe-c69b-4e0a-b023-7df961544674,I requested a refund weeks ago and it is still not showing in my account I keep checking and nothing has come through I need this resolved now I want the exact status and when the money will land,51,Refund_not_showing_up,panicking_emergency
732c323b-0268-4e1e-b954-a09ffcb1e36b,I need help right now I requested a refund days ago and it was approved by the merchant but the money is not in my account I keep checking and nothing shows up I am panicking I need to know where it is and when it will post,51,Refund_not_showing_up,panicking_emergency
dbbc66b5-970b-401a-af5b-c0b3c90353c3,I was promised a refund last week and it still hasnt hit my account balance. I checked today and nothing changed on my statement. Where is it now. I need it urgently.,51,Refund_not_showing_up,panicking_emergency
b1f1452b-3847-4dff-b27a-a20e5d127439,I requested a refund weeks ago from a merchant It was approved by them I still see nothing in my bank account I check daily and it never shows up I need this fixed now please,51,Refund_not_showing_up,panicking_emergency
4fd260f2-b690-4cce-afc7-6e6e9973e250,"Hello, I would like assistance because a refund I was issued for a recent card purchase has not yet appeared on my account or on my statement, and I would appreciate it if you could verify the refund status and the expected posting timeline.",51,Refund_not_showing_up,polite_expert
26896e13-fea8-4077-b151-c916c9ead3c6,"Good day, I am writing because I requested a refund from a merchant some time ago, but the credited amount is not appearing in my account yet; I have checked my recent transactions and account balance multiple times and I still cannot see any refund pending or completed. Could you please advise where I should expect the refund to display and what steps I should take to confirm its status, including whether there is any reference or timeframe I should use?",51,Refund_not_showing_up,polite_expert
f9db8f5a-414d-4883-9a05-e00600070b91,"Hello, I would like assistance regarding a refund that was expected for a recent purchase; although the merchant indicated the transaction has been reversed, the refunded amount is not yet appearing in my account, and it does not show on my latest statement. Could you please verify whether the refund has been processed and advise the expected timeframe for it to be credited?",51,Refund_not_showing_up,polite_expert
4c831f7a-6a8e-4cb8-95b0-e23cea31b53d,"Good day, I submitted a refund request with the merchant approximately one week ago, but the refunded amount has not appeared in my bank account yet; could you please investigate the status and advise when I should expect the funds to be credited?",51,Refund_not_showing_up,polite_expert
f9d8d978-cefc-4015-bdb7-8974aa0a73d6,"Hello, I am writing because I have not yet received a refund that was confirmed as processed by the merchant; it has been several business days, and the credited amount is still not appearing on my account statement or transaction history, so I would appreciate your assistance in checking the status and expected posting date.",51,Refund_not_showing_up,polite_expert
384e848a-9573-418d-a09c-423023e7b8af,"Good day, I would like to report that a refund I was issued for a returned purchase has not appeared in my account yet; could you please check the refund status and advise when the funds should be credited to my balance?",51,Refund_not_showing_up,polite_expert
05b5763c-9980-4319-8f00-19ac397d350b,"Hey, I requested a refund from a merchant like a week ago, but it still hasn’t shown up on my account/statement—can you check what’s going on?",51,Refund_not_showing_up,gen_z_slang
25ba39d9-9ead-4d8c-9e79-42ff50863777,"Hey, I returned a purchase and the refund was approved like 5–7 days ago, but it still hasn’t hit my account balance—what’s going on?",51,Refund_not_showing_up,gen_z_slang
bdcdf989-9243-4c7c-8f48-b4aa3264e29a,"Hey, I was expecting a refund from a purchase last week, but it still hasn’t shown up in my account or statement—any idea what’s going on?",51,Refund_not_showing_up,gen_z_slang
947f82ec-f54c-43e2-9d30-dca64fe89f21,"Hey, I requested a refund from a merchant like a week+ ago, but it still isn’t showing up in my account—keeps not appearing on my statement. Can someone check what’s going on and tell me when I should expect it?",51,Refund_not_showing_up,gen_z_slang
9257483e-87ce-4b00-9b4b-2bf83074023a,"Hey, I requested a refund like a week ago but it still isn’t showing up on my account/statement—any idea what’s going on or when I should expect it?",51,Refund_not_showing_up,gen_z_slang
94a109f0-f979-48d4-8bb4-3379d31231ed,"Hey, I was supposed to get a refund back on my card a few days ago, but I still don’t see it showing up in my account or on my statement—any idea when it’ll actually post?",51,Refund_not_showing_up,gen_z_slang
c7fe51ff-aaca-4afe-94ae-432d9d68a7e2,"Hi, I returned an item and it was marked as refunded, but the money still not show up in my account. Can you please check why and when it will come?",51,Refund_not_showing_up,non_native_speaker
e4327f32-597a-414b-b08e-aa4383c37c17,"Hi, I should get a refund back, but it not showing on my bank statement yet. Please check what happened and when I can see it.",51,Refund_not_showing_up,non_native_speaker
45f02f64-d158-40e8-b8a3-babd5c6a6cfc,"Hi, I asked for a refund last week, but I still don’t see it in my account balance. Why it not showing up yet? Can you please help me.",51,Refund_not_showing_up,non_native_speaker
4081e853-6910-4df4-9bd3-c14d7d978081,"Hi, I made a refund request long ago, but it still not showing up in my account or statement. It is already more than a few days. Please help me check where my money is. Thank you.",51,Refund_not_showing_up,non_native_speaker
68e2ff76-c325-4455-b492-86e2008e02e9,"Hi, I asked for a refund last week, but money not coming yet. I check my bank account all the time and nothing is showing up. Can you please help me and tell me what is going on?",51,Refund_not_showing_up,non_native_speaker
ca737b4d-94a3-4444-b8cf-dd9d0ca1096f,"Hi, I asked for a refund last week, but my money still not showing in my account. I already check many times, nothing changed. Can you please help me find where my refund is and when it will come?",51,Refund_not_showing_up,non_native_speaker
18ac2c47-2f75-4a33-8ea6-04609c966c56,Refund requested last week; not received yet.,51,Refund_not_showing_up,short_wording
f3d753e2-4a3b-48bb-a1be-148c4839c896,"Refund missing statement, when?",51,Refund_not_showing_up,short_wording
f40c7a59-389c-4eff-970d-499cdd853dbc,"Refund issued, no credit yet",51,Refund_not_showing_up,short_wording
000d7c9e-484d-4c97-b3bd-0b0a52d55c85,"Refund pending, not received yet; balance unchanged after 7 days.",51,Refund_not_showing_up,short_wording
4e562b8a-1b9d-41b4-b140-fc2cf0930861,"Refund requested, not received, no credit yet",51,Refund_not_showing_up,short_wording
c13fd5ef-16a7-4b4c-8678-1ba5cd8da534,"Refund requested, not received yet; pending status for a week. Please check.",51,Refund_not_showing_up,short_wording
13ca3f45-1a72-44b0-9655-eda5708e9008,I can’t use my damn card because nobody told me how to activate it—what the hell do I do to get it working?,0,activate_my_card,angry_layperson
fa777e02-e50a-4404-acb1-d1fbf864071c,"I just got my new card and it’s useless right now—how the hell do I get it activated, step-by-step, because I’m not wasting another minute on this.",0,activate_my_card,angry_layperson
e1ba58a7-3e0c-4af0-ba4f-1d47797cdb2b,"I just got my new card and I can’t use the damn thing—nobody told me how to get it working. Tell me how to activate it right now, because I’m sick of wasting time on this.",0,activate_my_card,angry_layperson
dfed5de0-1879-489e-b1be-bf23b84fa145,I’ve got a brand-new card and I can’t get it to work because I can’t activate it—this is ridiculous. Can someone fix this for me right now?,0,activate_my_card,angry_layperson
5ded0795-c87d-4ed9-8466-a3e7d15fcd74,My card still isn’t working and I’m sick of it—can you please get my card activated so I can use it right now?,0,activate_my_card,angry_layperson
6a16ff3b-6e00-46b0-bd7a-7f18989646d2,I just got my new card and I can’t use it because nobody activated it yet—how the hell do I get this thing turned on right now?,0,activate_my_card,angry_layperson
a47e3d7f-5a22-42eb-8b15-7fcdee619ae8,I just got a new card right now and it will not work I need it activated immediately please tell me how fast please now my account depends on it,0,activate_my_card,panicking_emergency
9f15e61c-fee5-407b-81e9-717fdc1cab12,I NEED MY CARD WORKING NOW. IT ARRIVED TODAY AND STILL WILL NOT ACTIVATE. WHAT DO I DO RIGHT THIS MINUTE. I CANNOT MAKE ANY PAYMENTS WITHOUT IT.,0,activate_my_card,panicking_emergency
cadf8666-9c66-43c7-a8f0-596c5abceb8f,I just got my new card and I cannot use it yet It says to activate but I do not know the steps Please tell me how to activate it right now I need access today,0,activate_my_card,panicking_emergency
426be207-b6f3-429a-b25e-b40dc27e202b,I just got a new card and I need it working right now. It is not activated. How do I activate it immediately. I cannot wait. Please tell me the exact steps and where to do it.,0,activate_my_card,panicking_emergency
14af04b3-8e20-43ba-94e5-17c0b9465c65,I just got my new bank card and it will not work I cannot use it yet I need it activated right now please tell me the exact steps and do not make me wait,0,activate_my_card,panicking_emergency
8bc4a5ea-8d88-46cd-b49c-da3a30c0f694,MY CARD ARRIVED AND I NEED TO ACTIVATE IT NOW PLEASE TELL ME WHERE TO GO I CANNOT USE IT YET I AM STUCK AT THE START DO NOT MAKE ME WAIT,0,activate_my_card,panicking_emergency
085f2a05-6fca-4dc7-8b74-4de47dd101d1,"Hello, I have just received my new debit card, and I would like to know the correct steps to activate it so that I can begin using it for purchases and ATM withdrawals.",0,activate_my_card,polite_expert
6c9e2744-a4b6-4e23-91d9-15eedb6329b9,"Hello, I have just received my new bank card and I would like guidance on how to activate it correctly, as I want to ensure it is ready for secure use as soon as possible.",0,activate_my_card,polite_expert
14e8269d-dc2f-40db-bcc8-03ff215a2ab3,"Good day, I recently received a new debit/credit card and would like to activate it so I can begin using it immediately; could you please guide me through the correct activation steps and confirm what information you need from me?",0,activate_my_card,polite_expert
99c8d3e4-63a2-4192-804c-d5e2fffe554b,Good day; I have just received my new debit card and would like to complete its activation as soon as possible—could you please advise me of the exact steps required and any information I should have available to verify my identity?,0,activate_my_card,polite_expert
eb0ec9da-232a-4886-801d-e6e4216e5a7b,"Good day, I have received my new debit card and would like to have it activated so I can begin using it; could you please guide me through the correct activation steps and confirm what information you will require from me?",0,activate_my_card,polite_expert
e1994627-db76-434f-b8e1-1628f87ebf69,"Good day; I have just received my new bank card and would like to activate it—could you please provide the exact steps required to complete the activation successfully, including any verification details I should be ready to provide?",0,activate_my_card,polite_expert
33e9dba1-13a0-4f73-855b-0a1fb5d44c80,"Yo, I just got my new debit/credit card and I can’t figure out how to activate it—can you tell me the steps?",0,activate_my_card,gen_z_slang
f13e8ad0-da76-408b-961f-7e94f261920b,"Hey, I just got a new card and I can’t figure out how to turn it on—can you help me activate it so I can use it?",0,activate_my_card,gen_z_slang
cdc5cd17-5971-4fa9-8f3a-33e34cd614ba,"Yo, I just got my new card and I can’t seem to activate it—how do I get it working so I can use it?",0,activate_my_card,gen_z_slang
4859ee10-40e5-452a-9548-26b45e6df57e,"Hey, I just got my new card and I can’t figure out how to activate it—can you help me get it going?",0,activate_my_card,gen_z_slang
3640b655-77a8-466a-8e0a-7027c4dc2d80,"Hey, I just got a new card—how do I get it activated so I can start using it?",0,activate_my_card,gen_z_slang
3abcf5a8-876c-4e6b-81c9-ee2f4f606291,"Yo, I just got my new debit card and it won’t let me activate it—can you tell me what I’m supposed to do to get it working?",0,activate_my_card,gen_z_slang
22b5154b-f78e-4950-bcaf-06850435ec5f,"Hi, I just got a new card today. How can I activate it? I don’t know what I need to do, please help me.",0,activate_my_card,non_native_speaker
8bf6ffb3-16ed-4012-8e29-e20b98d5a69e,"Hi, I just got my new card, but it is not working yet. Can you please tell me how to activate it, step by step?",0,activate_my_card,non_native_speaker
13bf9f9d-c9f0-49ee-98ad-c35609d746ff,"Hi, I just got my new card, but it is not working yet. How can I activate it, please?",0,activate_my_card,non_native_speaker
88a38d42-dd03-4a8e-9773-d044392b3292,"Hi, I just got my new bank card, but it still not working. How can I activate it? Please tell me steps, thanks.",0,activate_my_card,non_native_speaker
965d9515-25b3-43e9-a8bf-44ca492538b8,"Hi, I just got my new card, but I can’t use it now. Can you help me activate it, please? How long it take?",0,activate_my_card,non_native_speaker
f8cb4dad-272a-488d-836b-ae5afe14c9dd,"Hi, I got my new bank card today, but I can’t use it yet. Please help me activate it, how can I do it?",0,activate_my_card,non_native_speaker
3a955f2a-ce35-4fef-aa80-79d0d19aae17,Card activation failed? New card not working,0,activate_my_card,short_wording
9c60acae-d2a2-4fa2-afaf-0e09837ce19f,"New card arrived, how activate?",0,activate_my_card,short_wording
5f545d11-d753-473d-913c-81710c8bc7f0,New card activation failed. How to activate?,0,activate_my_card,short_wording
4edc18db-a920-4be6-a846-b13969e8bc5c,New card activation help,0,activate_my_card,short_wording
612370bd-30b0-4038-b144-a608a4483400,Activate new debit card,0,activate_my_card,short_wording
b294f4ad-4c4d-4cb2-b0df-8e741af20b74,"New card, activation help please.",0,activate_my_card,short_wording
14fbb338-c924-4984-b165-76c6d5d940d4,"What the hell is the age requirement for opening an account here? My kid is not a baby, so stop dodging the question—how old do they have to be to sign up?",1,age_limit,angry_layperson
e6bae2a1-2d64-497b-bb7a-fdaf504ce94f,What’s the deal with your stupid age rule? I’m only 17 and you won’t let me make an account—so are you seriously saying I can’t do anything just because I’m not old enough? Fix this or tell me exactly what my options are.,1,age_limit,angry_layperson
4b652875-e65a-48e4-a236-7e734c3d9e84,"I’m 17 and you’re acting like I can’t do anything—what’s the deal with your age rule? I need to know right now if I can open an account or not, because this is ridiculous.",1,age_limit,angry_layperson
e2c813a7-0e7f-403d-b654-9020dab1fa31,"I can’t believe you’re blocking me—what’s the damn minimum age to open an account with you? I’m not trying to do anything sketchy, I just need clear answers.",1,age_limit,angry_layperson
d01792eb-ffc9-40ea-be11-d8248d5d36ee,"This is ridiculous—what’s the damn minimum age requirement to open an account? I keep getting blocked and nobody tells me straight, so I need you to tell me the exact age limit and stop wasting my time.",1,age_limit,angry_layperson
982d570e-461c-4e2b-a3fc-4583805ddfd3,"I’m trying to open an account for my kid, but you people keep blocking it with some dumb age rule, and nobody can tell me straight what the age thing is. What the hell is the minimum age and how do I get this done?",1,age_limit,angry_layperson
849a4e13-bb65-4249-98df-cae7e676f760,I am panicking I just tried to open an account but it says I do not meet the minimum age requirement I am 17 I need to know what age you allow immediately I need help now I cannot complete signup,1,age_limit,panicking_emergency
359d6685-749a-4e21-b039-19b9e42f0ded,I need to open an account right now but I cannot find the age requirement for minors. My child is not a baby but not an adult either. What is the minimum age to open an account and do we need a parent or guardian involved.,1,age_limit,panicking_emergency
f933f576-2233-4bb5-bae4-0c711fc7f5f2,I am panicking right now My son is 16 and the app keeps blocking him Saying he is too young What is the exact minimum age to open an account and use online banking I need this fixed today,1,age_limit,panicking_emergency
bea2aabd-b95d-477e-b3c6-a399f11cc5cd,I cannot open my account because it keeps saying my age is not allowed I am getting blocked again and again I need the exact minimum age and whether there is any exception for my situation right now please fix this immediately,1,age_limit,panicking_emergency
dc89b8b3-334f-40de-83e8-c73e2cb6c8d6,I need to open an account right now but you keep rejecting my application for age reasons. How old do I have to be exactly. What are the options if I am younger. I cannot wait. Fix this today,1,age_limit,panicking_emergency
3933a73f-230b-47c5-a517-63ad8a924cce,I am trying to open an account right now and it keeps saying I am outside the allowed age range I am not sure what the minimum and maximum age are I need this fixed immediately so I can complete my application today,1,age_limit,panicking_emergency
52e81f2c-7426-4fd6-b588-8c6208306374,"Good day, I would like to confirm the minimum age requirement to open and operate an account, and please advise what documentation or consent is necessary if the account holder is under the age of majority.",1,age_limit,polite_expert
2313fbcd-31dc-4da7-adef-9ee76c04fa6a,"Good day, I would like to confirm the minimum and maximum age requirements for opening and maintaining an account, including whether a minor can be the account holder and, if so, what documentation or permissions are required.",1,age_limit,polite_expert
429e59aa-2f34-42c9-b195-472514abcbb3,"Good day, I would like to confirm the minimum age requirement to open an account, and whether it is possible for a minor to open an account with parental consent, including what documentation would be required.",1,age_limit,polite_expert
24229efa-977c-451a-9d30-5cae2fba3f83,"Good day; I would like to confirm the minimum age requirement to open an account with your bank, and whether there are any additional age-related conditions for account access or ongoing transactions.",1,age_limit,polite_expert
837a3b3a-7811-4619-b1d0-ad713c2d5e8d,"Good day, I would like to confirm the minimum and maximum age requirements for opening an account with your institution, as I am currently 17 years old and need to know whether I am eligible to proceed and, if applicable, what documentation or parental/guardian authorization is required.",1,age_limit,polite_expert
37b7c11f-d726-4316-89d6-f87ee6305f3c,"Good day, I would like to confirm the age eligibility requirements for opening and using an account with your bank, as I am concerned about whether my current age meets the minimum threshold for registration and full account access.",1,age_limit,polite_expert
aeb754ef-1e22-4fd2-acc4-7ce959436fc7,"Hey, quick question—what’s the minimum age to open an account with you? I’m trying to figure out if my kid can get one too.",1,age_limit,gen_z_slang
2a5583d2-3a85-4d50-92d5-26f2ad7098ee,"Hey, quick question—what’s the minimum age to open an account with you, and is there an age cap too?",1,age_limit,gen_z_slang
4236eea5-80f2-46b5-b7fa-8668756e3dca,"Hey, quick question—what’s the minimum age requirement to open an account, and if my kid isn’t that age yet, is there a way to set something up for them?",1,age_limit,gen_z_slang
f68c9a34-e67f-4ea7-a12b-06e0a9258540,"Yo, what’s the minimum age to open an account? I’m trying to figure out if my kid can make one too—like are there any age limits?",1,age_limit,gen_z_slang
edaf35a8-3a63-443e-9883-92ddd8f86f40,"Yo, I’m trying to open an account, but what’s the minimum age requirement to open one on my own?",1,age_limit,gen_z_slang
b0f85c4a-74d8-4146-8846-ba1efa9e00a3,"Hey, quick q—what’s the minimum age to open an account? I’m 17 and tryna figure out if I can still get one or if I need a parent/guardian.",1,age_limit,gen_z_slang
aadaad2f-fd28-416c-9aff-af2f1527bada,"Hello, I want to open an account, but I am not sure what age limit for this. Can you tell me the minimum age, please?",1,age_limit,non_native_speaker
d74a969d-0685-4d27-bd8c-590d1cd57291,"Hi, I want to open a bank account, but I’m not sure about the age rule. My child is not adult yet. What is the minimum age to open account?",1,age_limit,non_native_speaker
a2751fc6-e67f-4ee2-8aed-a7138d2ce0fc,"Hi, I want to open an account, but I am not sure about the age rule. What is the minimum age to open an account, and can my child open one too?",1,age_limit,non_native_speaker
39a74f2c-cc77-4fef-bf43-708afcf373c6,"Hi, I want to open an account. What is the minimum age I need? My child is 16, can she open by her self or with parent?",1,age_limit,non_native_speaker
44f63676-641e-4147-a866-485764effb1a,"Hi, I want to open an account for my child. What is the minimum age to start, and can we open it with parent help if child is under that age?",1,age_limit,non_native_speaker
f5a5dbad-58fe-470f-a41c-0c6f5b9a430a,"Hi, I want to open an account, but I am not sure about the age rule. How old I need to be? If I open for my child, what age they need to start?",1,age_limit,non_native_speaker
5e9dc0bb-885a-4f0e-bca3-5204a9571d26,Minimum age to open account?,1,age_limit,short_wording
b4527f6f-35fd-48a5-9175-cdf689c3c767,Minimum age to open account?,1,age_limit,short_wording
79713cae-3953-4af7-9f09-18cbeaa221c1,Minimum age for account? My son is 16.,1,age_limit,short_wording
6e34af79-cc2a-475c-a030-bde34e4e4b54,Minimum age to open account?,1,age_limit,short_wording
aff5134e-8e29-4b3b-9295-3d13566efea1,Minimum account age?,1,age_limit,short_wording
da735098-ded0-414b-8031-1695a157cd7a,Minimum age to open account?,1,age_limit,short_wording
d310954d-20c2-4e4c-9d85-06cbd041a448,"This is ridiculous—why can’t I use Apple Pay or Google Pay to top up my account? It keeps getting rejected every time, and I’m sick of wasting my time trying to figure out what the hell is going on.",2,apple_pay_or_google_pay,angry_layperson
8209d5d5-8579-4e20-950c-5e4b860d3314,"What the hell is going on with my card not working in my Apple Pay—half the time it won’t even let me use it, and I can’t figure out why. Can you fix this or tell me what I’m supposed to do?",2,apple_pay_or_google_pay,angry_layperson
2b8fa262-e3bb-4d08-a380-e2852c7e531c,Why the hell can’t I use Apple Pay or Google Pay to top up my account? I keep trying and it just won’t let me—tell me what’s going on and how I’m supposed to add money without getting jerked around.,2,apple_pay_or_google_pay,angry_layperson
090195a1-7c19-406a-a104-5c3ffa787127,"I’m sick of this crap—my Apple Pay top-ups won’t go through, it just keeps failing and wasting my time. Can you fix it or tell me what the hell is going on, for real?",2,apple_pay_or_google_pay,angry_layperson
7ceeef23-97ae-4128-a231-bd9d41ffa2f0,"I’m trying to top up and it keeps refusing my phone payment with Apple Pay or Google Pay—what the hell is going on, why won’t this work, and how do I actually add money without jumping through hoops?",2,apple_pay_or_google_pay,angry_layperson
d42832a9-0bdb-45c2-b48b-ad08c18c892f,"Why the hell won’t this thing let me pay with my phone like I’m supposed to—Apple Pay or Google Pay just keeps failing, and I’m stuck standing here with no way to fix it.",2,apple_pay_or_google_pay,angry_layperson
88dcba96-1e0f-4388-9829-3ab6747e94be,I need help right now My mobile wallet top up keeps failing It will not let me add money Using Apple Pay or Google Pay It just rejects the transaction Please fix this fast I cannot complete payment,2,apple_pay_or_google_pay,panicking_emergency
74854378-6d0e-4dac-b5dc-2dc268ed9ceb,I cannot top up using my phone wallet I tried Apple Pay and Google Pay it keeps failing and my balance stays the same what do I do right now please stop this and tell me the correct way to add money,2,apple_pay_or_google_pay,panicking_emergency
40a8aec8-c767-45dd-80b9-61e486e9c522,I cannot add funds to my account using my mobile wallet app. It used to work then it stopped. Now every top up fails. I need this fixed fast. What do I do right now to get the option back and complete the payment,2,apple_pay_or_google_pay,panicking_emergency
80e008c7-c200-430f-8da8-1da9d2c8e08f,I tried to pay with my phone today and it failed again. It will not let me use Apple Pay or Google Pay. The checkout keeps rejecting it. Funds are fine but the payment is blocked. What is wrong and how do I fix it now,2,apple_pay_or_google_pay,panicking_emergency
091dd7a3-61bf-4d26-9871-961b1f9c16fc,I am trying to add money using my phone wallet Apple Pay but it fails every time. It keeps rejecting the payment. I need my top up right now. What is wrong and how do I fix it fast.,2,apple_pay_or_google_pay,panicking_emergency
ff9c951e-c55c-4e22-9838-dd95bd843f46,Panic now. I can not top up using my phone wallet. Apple Pay keeps failing at checkout. Or I try Google Pay and it fails too. I need it fixed today. What is blocking the top up on my account now,2,apple_pay_or_google_pay,panicking_emergency
182aa474-9d6c-4018-b9a6-acb28005ded8,"Good day, I would like to confirm whether I can add funds using Apple Pay or Google Pay, and if so, what the exact steps are to complete a top up successfully.",2,apple_pay_or_google_pay,polite_expert
e98f0eb0-f78e-4c6b-850b-0a80b7918727,"Good day, I would like assistance with adding funds to my account using a mobile wallet, as I am currently unable to confirm whether I can top up successfully through Apple Pay or Google Pay, and I would appreciate clear instructions on the correct process and any eligibility requirements.",2,apple_pay_or_google_pay,polite_expert
dfccc1b4-efd0-452f-8c3d-cc8c0221b58b,"Hello, I would like assistance confirming whether I can use my mobile wallet for card top-ups, and if so, how to set it up and complete a top-up successfully on my device.",2,apple_pay_or_google_pay,polite_expert
b5fdb1ae-1257-405a-9eab-7c1a620abd68,"Hello, I would like to ask whether I am able to use Apple Pay or Google Pay to top up my account, and if so, which card types and top-up methods are currently supported.",2,apple_pay_or_google_pay,polite_expert
3098ea16-3449-4264-a8ea-fb36839ac061,"Good day, I am attempting to add funds by making a top up using my mobile wallet payment method, but the transaction is being declined; could you please advise what card types or verification requirements are supported and what I should check to make the top up work successfully?",2,apple_pay_or_google_pay,polite_expert
1431b268-ec8c-4865-987d-41b139eca653,"Good day, I would like to confirm whether it is possible to add funds to my account using Apple Pay or Google Pay, and if so, whether there are any limitations regarding supported card types, minimum or maximum top-up amounts, and the expected processing time.",2,apple_pay_or_google_pay,polite_expert
838226b3-9eb0-4043-bd03-fab883168993,"Hey, quick q—can I add money/top up using Apple Pay, or do I have to use Google Pay instead?",2,apple_pay_or_google_pay,gen_z_slang
fbb7228a-6fb8-4178-9d88-6f6abfde27fa,"Hey, quick Q—can I add money to my account using Apple Pay or Google Pay, or is it only cards/wallet transfers?",2,apple_pay_or_google_pay,gen_z_slang
39fb810d-7ba0-4d71-a672-520e38fa6c6d,"Yo quick q—can I use tap-to-pay with just my card, or do I need to set up Apple Pay/Google Pay first? And if I can, is there an option to add money/top up in the app?",2,apple_pay_or_google_pay,gen_z_slang
975b1788-fe9e-42a6-ad90-bb17a0591e35,"Hey, I tried topping up in my wallet but it won’t go through—should I use Apple Pay or Google Pay for this, and why is it failing?",2,apple_pay_or_google_pay,gen_z_slang
cc1a32ee-8c03-4c38-b879-759ffec7638e,"Hey, I just linked my American Express to my phone wallet, but top-ups keep failing—can someone help me get it working with Apple Pay/Google Pay?",2,apple_pay_or_google_pay,gen_z_slang
63b3b305-e7d4-4ae7-9300-7aa72b3bf5bd,"Yo, quick question—can I use Apple Pay for a top up, or is it only Google Pay? My card’s linked but the top up option doesn’t show up, can you help?",2,apple_pay_or_google_pay,gen_z_slang
6af40362-cb4a-441e-94e5-e9d25734108f,"Hi, I try to add money to my account, but I can’t use Apple Pay or Google Pay. It says failed every time. Why this happen, and how can I fix it?",2,apple_pay_or_google_pay,non_native_speaker
55c2ad73-3b3f-4825-9825-d15c7d9847e6,"Hi, I try to add money using my Apple Pay or Google Pay, but the top up is failing every time. Can you help me, why it not working?",2,apple_pay_or_google_pay,non_native_speaker
409d5378-699b-4089-b6ce-625058170414,"Hi, I try to pay with Apple Pay, but I want to add money to my account and it is not working. Can you help me, please?",2,apple_pay_or_google_pay,non_native_speaker
8b9ebe83-ce76-4e50-ae85-6c4da260421b,"Hi, I try to use my card in my phone pay (Apple Pay), but the top up is not working. Money not add. Why?",2,apple_pay_or_google_pay,non_native_speaker
e9812235-0712-4e53-b45c-41b84079182b,"Hi, I want to pay with my phone (apple pay or google pay), but it is not working in my bank app. How can I set it up and make it work?",2,apple_pay_or_google_pay,non_native_speaker
94cb445f-b6f2-4a1d-afdf-b07655d46389,"Hi, I have a card from you, but I can’t use it with my mobile pay. It says it is not working. Can you help me please?",2,apple_pay_or_google_pay,non_native_speaker
aac6b997-4e77-4857-95fa-d52ae99e6a5d,Apple Pay not working for top up,2,apple_pay_or_google_pay,short_wording
32d4b912-b4f9-4e27-8983-203d5913b6b3,Top up with Apple Pay?,2,apple_pay_or_google_pay,short_wording
6668c60d-281d-4069-a7b2-f5b77fe8867c,Apple Pay or Google Pay top up? Setup needed?,2,apple_pay_or_google_pay,short_wording
48f655d4-f242-48cb-a620-6ba217a5279a,Can I top up with Apple Pay?,2,apple_pay_or_google_pay,short_wording
e88d8dc0-8ca6-47d1-a5bf-0fe71d497114,Top up not working with Google Pay,2,apple_pay_or_google_pay,short_wording
6ae220ee-88cc-4d2c-98cd-91613743af65,Apple Pay/Google Pay top-up failing?,2,apple_pay_or_google_pay,short_wording
6e2d0879-8951-4ad6-b904-45ea96f9fdf0,"Your damn ATM won’t work and I need cash right now, so where are the nearest working machines I can actually use near me?",3,atm_support,angry_layperson
b47ed25f-da89-4ecf-a407-ed399ee86170,My card won’t work at the ATM again—what the hell is going on? I’m sick of getting rejected and wasting my time; tell me why it keeps happening and what I’m supposed to do next.,3,atm_support,angry_layperson
7f0dad94-a1db-43a7-a7e6-19a3c3796358,"That ATM ate my card and won’t give my cash—what the hell is going on, and where’s my money now?",3,atm_support,angry_layperson
88f6def9-e320-42ab-8b35-0ddafa0145cb,"My card’s been getting swallowed by your ATM and then it just freezes and I’m stuck with no cash—what the hell is going on, and when am I getting my money back?",3,atm_support,angry_layperson
1bb3c9b0-f21e-4bea-940d-c15df3b54132,"My card is getting rejected at the ATM every single time, and it’s messing up my day—where the hell can I withdraw money that actually works, and why won’t this machine take it?",3,atm_support,angry_layperson
034f9562-231b-42a8-9f39-54e1856b0ca9,"My ATM ate my card and didn’t give me a damn cent, and now I’m stuck with no cash and no help—what the hell is going on and when am I getting my money back?",3,atm_support,angry_layperson
74e86915-cf66-4f3d-bf3d-1aa3726297ec,My ATM ate my card and now it shows no cash dispense no receipt What do I do right now I need cash today immediately,3,atm_support,panicking_emergency
e7075d3b-9724-46fc-9bda-058d92f329f7,ATM took my card again today no cash no receipt screen stuck message need help right now I cannot withdraw my money and I am stranded at the machine stop payment freeze card confirm status immediately,3,atm_support,panicking_emergency
0a684e07-0086-4daf-9661-4164747006e9,ATM ate my card in branch on 5th street now I cannot withdraw cash I need help immediately tell me where to get my card back and how fast I will get access to my money,3,atm_support,panicking_emergency
1450be34-9232-42fd-9ec5-d21085fae064,My card was kept by the ATM and it shows no cash dispensed I need money now Please tell me where to get my card back and how to reverse the transaction immediately,3,atm_support,panicking_emergency
7cbabf0f-e0b0-4bb6-8162-4e47a91fc4cf,"My card was accepted but the ATM gave no cash and now it says try again later  
Which ATM locations can actually dispense cash for this card  
I am stuck and need money now",3,atm_support,panicking_emergency
81cc2855-abb9-4127-91eb-91102a09d75c,My card got declined at the ATM again I need cash now The machine took my card and will not dispense What do I do immediately to fix this and get my money back,3,atm_support,panicking_emergency
4cc61e0e-f966-4eb4-b7a3-b0d8ba5cfc9d,"Good day, I am experiencing an issue with a nearby cash machine: my card is being declined despite having sufficient funds, and I would like to confirm which specific ATMs accept my card type and whether any restrictions or temporary network outages may be affecting authorization.",3,atm_support,polite_expert
8963981e-ade4-4bb9-b2e4-de8adda4150d,"Good day, I would like assistance locating a nearby ATM that accepts my card, as I am unsure whether the machines in my area support my network and I want to avoid an unsuccessful transaction; could you please advise where I can find an appropriate list or nearest options?",3,atm_support,polite_expert
6c6ffd59-1435-417a-a77e-990302ae136b,"Good day, I would like to confirm where I may withdraw cash using my card, as I am currently unsure which ATMs accept it and whether there are any restrictions by location or network.",3,atm_support,polite_expert
62b08e68-295b-4642-af9c-645f6881cc03,"Good day, I would like assistance locating and using an ATM to withdraw cash with my card; could you please confirm which ATM networks or specific machines are compatible, and advise any applicable withdrawal limits or fees for my account?",3,atm_support,polite_expert
c5090930-61f9-494c-905b-8c8b962c5ac7,"Good day, I attempted to withdraw cash at an ATM, but the transaction was not completed and the machine displayed an error without dispensing any money; could you please advise what steps I should take to confirm whether my account has been debited and how long the reversal typically takes?",3,atm_support,polite_expert
1909a9e7-6aa8-4571-9e02-911ff32cee29,"Good day, I would like assistance because a cash withdrawal from an ATM did not complete successfully, and I need to confirm whether the transaction was declined or whether the funds may still be pending on my account; could you please advise on the next steps to resolve this?",3,atm_support,polite_expert
ff8ed386-77b4-430c-adbb-9ee729746bd7,"Hey, quick q—can I use my card at ATMs, and if so, what kinds/models can I use (like which banks/locations)?",3,atm_support,gen_z_slang
3d86046e-c581-4868-9252-8673789b3e9f,"Hey, quick question—my card keeps getting declined at the ATM, like it won’t let me withdraw, and I’m not sure why. Where can I withdraw or what’s the issue?",3,atm_support,gen_z_slang
42629b3b-dbf9-462f-b300-7237a7802a2a,"Hey, I tried using my card at an ATM and it wouldn’t take it—what ATMs are actually compatible with my card, and how can I find one near me that will work?",3,atm_support,gen_z_slang
77692b35-7e44-4316-8c8d-07927f6eb3f2,"Hey, I tried withdrawing cash from the ATM and it kept declining the transaction—what’s going on and how can I fix it?",3,atm_support,gen_z_slang
fa88d1d9-5b6a-408a-b484-4177e226f7aa,"Hey, I tried using my card at an ATM and it kept rejecting it—like what ATMs are actually supported, and how can I find one near me that’ll work?",3,atm_support,gen_z_slang
5778a4ae-6f15-4c0d-9602-3777fc3ab836,"Yo, I’m trying to withdraw cash from an ATM and it keeps getting declined—can you help me figure out what’s going on or tell me where I can use my card to actually work?",3,atm_support,gen_z_slang
797adc36-3b42-4edd-a0a6-c62933a93f90,"Hi, good day. I try to take cash from ATM but it says error and my card stuck. What I should do now and how I can get my card back?",3,atm_support,non_native_speaker
fddbc2db-9759-4b9a-8e4a-b95e0265ef87,"Hi, please help me. I need cash but my card not working in the ATM, and I don’t know why. Can you tell me what to do now?",3,atm_support,non_native_speaker
3712b90e-59ea-4765-892c-3d9d6fd4a57d,"Hi, I try to use my card at the ATM, but it says error and my cash not come. Can you help me please?",3,atm_support,non_native_speaker
850b730b-91ac-44f0-a43c-6751957cb0e7,"Hi, my card is stuck in the ATM and I need my money back. It shows error and no money come out. Please help me, what I can do now?",3,atm_support,non_native_speaker
204f4870-b0f0-4d79-9d6d-8d4421e74936,"Hello, my card is ok but the bank machine near me gives no money. I put my card and pin, but it says error and stop. Please help me, where is the nearest ATM that works?",3,atm_support,non_native_speaker
0374da9e-2518-46d0-8b44-00794e9bc0bd,"Hi, please help me. I want to use the cash machine near me, but I don’t know where it is. Can you tell me the nearest one and the address?",3,atm_support,non_native_speaker
39ea0233-5c0c-439a-b749-e014887beb06,ATM cash withdrawal failed,3,atm_support,short_wording
4e13c16f-122b-4def-9808-9fad92eac5db,Cash withdrawal failed ATM error,3,atm_support,short_wording
1bb03af2-5ede-46cb-b948-f5c96dce79d8,ATM cash withdrawal failed; card retained.,3,atm_support,short_wording
a0836eb6-2132-4d78-a0af-6efb580d8c1f,ATM cash withdrawal failed,3,atm_support,short_wording
24cc5cd0-9eec-4076-bf86-03d9012773e1,ATM use locations?,3,atm_support,short_wording
8fa82443-d9a0-478b-ad56-8c7ff4811108,ATM cash withdrawal failed. Screen error.,3,atm_support,short_wording
3f43d09d-ff87-43e4-b009-7550ee3eef0e,"Why the hell isn’t the auto top-up kicking in? I’m running low on cash and it’s just sitting there doing nothing—fix it or tell me what to change, because this is getting ridiculous.",4,automatic_top_up,angry_layperson
863c85a4-50ca-48b6-afd5-584548f5231f,Why the hell can’t I find the option to automatically top up my account? I’m sick of manually adding money every time—where the hell is that feature and how do I turn it on?,4,automatic_top_up,angry_layperson
0732f62c-3a82-4f13-aff8-289d3678922c,Why the hell isn’t my card automatically topping up when my balance is low? I’ve got bills to pay and it just sits there refusing to add money like it’s broken—fix it.,4,automatic_top_up,angry_layperson
32e2db1c-6d41-447a-8637-8764aabbd32c,"Why the hell won’t the auto top-up kick in when it’s supposed to? I set it up, I’ve got money in my account, and it’s still not topping up—fix this mess or tell me what you need from me.",4,automatic_top_up,angry_layperson
949430a8-9749-4097-8044-53bd9528a2d2,"I’m sick of this—every time my balance gets low it doesn’t automatically add money like it’s supposed to, and I end up stuck with nothing. Why is my auto reload not working and how do I fix it right now?",4,automatic_top_up,angry_layperson
23471d79-6557-4451-99e3-e3bae73296fe,"Why the hell won’t this thing automatically add money when my balance is low? I’m always short and it just sits there like a useless brick, and now I’m stuck dealing with it again.",4,automatic_top_up,angry_layperson
349ea34d-98d1-4535-ab8a-002fbf0ca72a,I set up auto top up last week and it stopped working today No top up came through I need it to pay rent now Please tell me why it failed and how to restart it fast,4,automatic_top_up,panicking_emergency
728e0f80-ec53-40e3-9bb7-4e36937f2ad8,My auto top ups stopped again today. The money did not load into my account. I need it working right now. Please fix it immediately.,4,automatic_top_up,panicking_emergency
7d57c50d-0818-4b2f-b006-e8cb5875dfc5,My automatic top up stopped working today I have low balance right now please fix it now I need funds to go through the payments are failing I never changed anything last night,4,automatic_top_up,panicking_emergency
067c68e3-a082-4ca4-b0e3-d294ec85236e,I set up automatic top ups and they stopped working overnight. My balance dropped and no transfer happened. Please fix it now. I cannot rely on this. Where is the setting and why did it fail.,4,automatic_top_up,panicking_emergency
3ff627b9-19ba-4d44-b479-a7cbbe174aad,My auto top up stopped working I checked my balance it is going down fast I need to reload automatically today I keep missing payments please fix this now tell me where the setting is and why it turned off,4,automatic_top_up,panicking_emergency
db7b722e-4b10-49b2-895d-36119518d53d,I set up auto top ups weeks ago and now they stopped. No top up happens even when my balance is low. I need this fixed today. I cannot find the setting again in the app. Please check my account and tell me why it is not triggering.,4,automatic_top_up,panicking_emergency
e1944b5d-c826-43f7-bd42-a3864313e299,"I recently enabled my card’s recurring top-up feature, but it has not been adding funds automatically as expected; could you please verify whether the service is active on my account and advise what steps I should take to get it working correctly?",4,automatic_top_up,polite_expert
99f91368-26ae-418a-b779-da3260693582,"Good day, I would like to inquire about the auto top-up feature on my account—specifically, whether it is available, what minimum and maximum limits apply to each automatic replenishment, and where I can review or modify those settings in the banking application.",4,automatic_top_up,polite_expert
c9d29b8f-9811-4487-94ae-d8bdfecf7149,"Hello, I would like to inquire about the automatic top-up feature on my account: could you please confirm whether there is a minimum remaining balance threshold and a maximum limit or cap per top-up, and advise how I can verify or update the current settings?",4,automatic_top_up,polite_expert
cc7d8509-5530-469b-9b33-40dc3efecf80,"Good day, I would like to request assistance setting up an automatic top-up for my account, as I have been unable to locate the relevant option in the app or complete the setup successfully—could you please guide me through the correct steps or verify whether the feature is available for my account?",4,automatic_top_up,polite_expert
d52a0dfc-864f-49e3-858e-334114ca57c8,"Hello, I would like to set up an automatic top-up for my account, but I am concerned that it may not trigger reliably; could you please confirm how often it can be scheduled, what the minimum and maximum top-up limits are, and whether there are any conditions that would prevent it from completing successfully?",4,automatic_top_up,polite_expert
df333de5-2b98-4cb9-81bb-fe3e618264aa,"Good day, I would like to understand whether my card is eligible for an automatic top-up feature, and if so, how I can configure the minimum balance threshold and repayment frequency to ensure it replenishes funds without my manual intervention.",4,automatic_top_up,polite_expert
f85db7d4-8bfb-4ae8-912f-2ee8c4e2dd7a,"Hey support, my auto top-up just stopped working—can you help me get it back on?",4,automatic_top_up,gen_z_slang
ca988b0a-b031-4a8e-97e4-b029fd72608b,"Hey, can you help me set up the auto top-up? I can’t figure out where the option is, and I wanna know if it’ll refill my card automatically when my balance gets low or if I have to do it manually.",4,automatic_top_up,gen_z_slang
18c7e628-5e99-409f-b183-42d67d58fce8,"Hey, is there a way to set my card so it auto-adds money when my balance gets low? Like I don’t wanna manually top up every time—can you help me get that turned on?",4,automatic_top_up,gen_z_slang
b696216f-093b-4af1-940d-f234eb10dc3a,"Yo, I tried to set up the automatic top-up, but it’s not topping up when my balance gets low—how do I get it working?",4,automatic_top_up,gen_z_slang
ff09b173-7671-46e3-92dc-82cd60eaa432,"Hey, quick Q—does my card top up automatically when the balance gets low, or do I need to do it myself?",4,automatic_top_up,gen_z_slang
7fb10e15-b660-4d58-bdc6-2ce5f7bc2d05,"Hey, quick question—do you have an auto top-up feature, and is there a max limit on how much it can top up each time? I can’t seem to find the setting in the app.",4,automatic_top_up,gen_z_slang
a6b1b5f2-15a3-4841-acf0-863185af26d3,"Hi, I try to turn on my auto top up, but it is not working. It says error, and I can’t activate it. Can you help me please?",4,automatic_top_up,non_native_speaker
86035ebd-5084-4387-89e3-b89ec1fef7e6,"Hi, I try to set my account to add money automatically, but it not top-up by itself. Why it not work, and how I can fix it?",4,automatic_top_up,non_native_speaker
0fdf731a-d4c8-4bff-b0f9-6f6512177286,"Hi, I set up my auto top-up, but it don’t work. Money not getting added automatically. Can you check what is wrong?",4,automatic_top_up,non_native_speaker
4b526b29-1cd9-407d-b616-fb958bbd6e6e,"Hi, I can’t find the auto top up option in my account. Can you tell me where it is and how to turn it on? I want it to add money by itself when my balance is low, not do it manual.",4,automatic_top_up,non_native_speaker
f26180fa-a166-44a4-9ceb-2694f7a5a205,"Hi, I want to add money to my account automatically, but it not working. How can I turn on auto top up, please?",4,automatic_top_up,non_native_speaker
5b417d01-679d-4b91-89db-a9ede4d8b0eb,"Hi, I have auto top up but it stops sometimes. Why there is limit on how often it can add money, and can I change the frequency?",4,automatic_top_up,non_native_speaker
cc1b2126-5d51-403e-9223-0f81a1e6a256,Auto top up not working,4,automatic_top_up,short_wording
2482f151-9873-4814-b00b-fae819aae7d3,Auto top-up not working; why?,4,automatic_top_up,short_wording
e0e7f3c4-57af-4ee3-bff1-13e12f86fa5b,Auto top-up not enabling after setup,4,automatic_top_up,short_wording
abd18f33-b322-4626-9b06-6963232e021a,Auto top-up not triggering,4,automatic_top_up,short_wording
b7f51628-3308-4be7-8a08-574bd1cdbc91,Auto top up not working,4,automatic_top_up,short_wording
47db1ea9-aefa-4655-b586-74cac7fb4f7f,Auto top-up not working after balance low.,4,automatic_top_up,short_wording
db12d0fb-9638-4e73-9fbd-aa555d2cf93b,"What the hell, I sent a transfer and my money still isn’t showing up in my account balance, where is it and how long do I have to wait?",5,balance_not_updated_after_bank_transfer,angry_layperson
4806531b-6638-470c-810b-d510ca7122ae,I sent money from my bank a few hours ago and my balance still hasn’t changed—this is ridiculous. Can you stop messing around and check that the transfer actually went through?,5,balance_not_updated_after_bank_transfer,angry_layperson
48910736-3f3c-4c70-ae20-899f97ca1ff5,"I sent money to my account and it’s been ages, but my balance still hasn’t changed—what the hell is going on, seriously?",5,balance_not_updated_after_bank_transfer,angry_layperson
98142deb-5350-4f6c-b445-6a9f13e147b3,I sent money from my bank account a couple hours ago and it still hasn’t shown up in my balance—this is ridiculous. Can someone look into it right now?,5,balance_not_updated_after_bank_transfer,angry_layperson
0a87a809-e081-4d50-a566-b2f693e81fc1,"I made a bank transfer hours ago and my balance still hasn’t changed, this is ridiculous—why is my money not showing up in my account yet?",5,balance_not_updated_after_bank_transfer,angry_layperson
5c6aa694-a777-457a-9828-a9ba7a9a27b6,"I sent money from my bank account a few hours ago and it’s still not showing in my balance—this is ridiculous, can you please check what’s going on and fix it?",5,balance_not_updated_after_bank_transfer,angry_layperson
6e4f9742-be63-476b-82ea-8c0be1defebd,My balance still did not update after the bank transfer I sent yesterday. Money left my account already. Transfer shows as completed on my side. I cannot see it in my balance right now. How long is this going to take I need the funds today.,5,balance_not_updated_after_bank_transfer,panicking_emergency
015c642a-db87-4889-a3a8-866ac5fb8105,My balance did not update after I made a bank transfer. I submitted it yesterday. Still showing the old amount. Where is the money. How long do I have to wait. This is urgent. Please check it now.,5,balance_not_updated_after_bank_transfer,panicking_emergency
6973d75c-3361-44f3-8410-bafd1a2407e9,I just made a bank transfer today and my account balance did not update at all. It still shows the old amount. Transaction says completed on my side. Money is missing from my balance. Please fix this now.,5,balance_not_updated_after_bank_transfer,panicking_emergency
a41b2567-52e2-420f-821c-d5d0a3a75519,I just made a bank transfer today and my account balance still has not updated I checked the confirmation it says sent and completed but my available balance is unchanged now I need this fixed immediately what is the delay and when will it show up,5,balance_not_updated_after_bank_transfer,panicking_emergency
4a2fe999-9390-48b1-abdf-29f7ca71df32,I made a bank transfer into my account this morning and the money has not shown up at all. It still shows the old balance. It should be there already. Please check the transfer status now. I need it urgently.,5,balance_not_updated_after_bank_transfer,panicking_emergency
dfafa57c-95ca-43ef-99a4-b71c55410631,My bank transfer says it is completed but my available balance still shows the old amount. Money is missing right now. How long until it shows up in my account. I need the exact timing and what to do next.,5,balance_not_updated_after_bank_transfer,panicking_emergency
f49823f5-95ff-4780-b1fb-83b72126a857,"Good day, I would like to report that I initiated a bank transfer to my account on [date] in the amount of [amount], and although the transfer has been confirmed by my sending bank, the available balance in my account has not yet been updated; could you please advise when the new balance will reflect the incoming funds and whether any additional information is required to complete the posting?",5,balance_not_updated_after_bank_transfer,polite_expert
83ebf3cb-cecd-4d21-985a-b870a0c22686,"Good day, I have initiated a UK bank transfer from my account earlier today, and the funds have not reflected in my balance yet; could you please verify whether the transfer has been received and, if applicable, advise the expected timeline or whether any additional confirmation is required?",5,balance_not_updated_after_bank_transfer,polite_expert
2ce611b6-40df-48a7-89fc-1525884b7180,"Good day, I would like to request assistance because my current account balance has not been updated after I initiated a bank transfer into my account; could you please confirm the transfer status and advise when the funds should reflect in my available balance?",5,balance_not_updated_after_bank_transfer,polite_expert
3802fb6b-1952-4e30-a241-bd531e5b74bb,"Good day, I would like assistance because I recently completed a bank transfer from another institution, but the funds are not yet reflected in my available balance, and the transaction does not appear to have been applied to my account. Could you please review the transfer status, confirm whether the payment has been received, and advise when the updated balance will be shown?",5,balance_not_updated_after_bank_transfer,polite_expert
11411999-2462-46cd-ad7e-7c87c084d863,"Good day, I am writing because I do not yet see the balance update for a bank transfer I initiated a few hours ago from my UK bank account; could you please investigate the status of that transfer and confirm when the credited amount should appear on my account?",5,balance_not_updated_after_bank_transfer,polite_expert
06d51deb-8f82-425b-bbf5-7b3a85db9f3b,"Hello, I transferred funds from another bank into my account on [date] at approximately [time], but the available balance has not yet reflected the payment. Could you please advise the expected processing time and confirm whether the transfer has been received and credited successfully?",5,balance_not_updated_after_bank_transfer,polite_expert
5f5d763f-73dc-4f5c-8292-be193a9dd1be,"Yo, I just sent a bank transfer into my account and the money hasn’t shown up—my balance still hasn’t updated.",5,balance_not_updated_after_bank_transfer,gen_z_slang
d7595f4c-964c-407e-babd-69354a96e329,"Hey, I just did a bank transfer like a few hours ago, but my account balance still hasn’t updated—should I be worried or is this a normal delay?",5,balance_not_updated_after_bank_transfer,gen_z_slang
a923d5ad-5f05-4dba-803b-277f53f9836c,"Yo, I sent a bank transfer like a few hours ago and the money still hasn’t shown up in my balance—can someone check if it actually went through?",5,balance_not_updated_after_bank_transfer,gen_z_slang
346aaf71-f8d0-407c-a228-ce723715f5ae,"Hey, I sent a bank transfer a couple hours ago and the balance still hasn’t updated on my end—any idea when it’ll show up?",5,balance_not_updated_after_bank_transfer,gen_z_slang
7905cc1a-f981-499b-96be-31927896f1bb,"Hey, I just finished a bank transfer like an hour ago, but my balance still hasn’t moved and the transaction isn’t showing up—usually it’s faster than this, so I’m kinda worried everything went through okay.",5,balance_not_updated_after_bank_transfer,gen_z_slang
00cd1796-605f-4cb4-a090-caa5ed7dcdf6,"Hey, I just sent a bank transfer earlier today and my account balance still hasn’t moved at all—like it’s stuck on the same number. How long does this usually take to update?",5,balance_not_updated_after_bank_transfer,gen_z_slang
6e060677-ed7c-4d5e-ad37-02411f7d672e,"Hi, I did a bank transfer yesterday, but my account balance still not updated. Money leave my bank, but in my account it still shows old amount. How long it take and what I need to do?",5,balance_not_updated_after_bank_transfer,non_native_speaker
5b74729b-2999-4028-a16c-07124985da1f,"Hi, I just made a bank transfer into my account, but the balance still shows the same and it not updated. The money was sent already, so why I can’t see it?",5,balance_not_updated_after_bank_transfer,non_native_speaker
ef370d2a-470c-403b-90db-7649688e8a31,"Hi, I made a bank transfer yesterday, money was sent, but my account balance still the same today. Can you please check why it not updated yet?",5,balance_not_updated_after_bank_transfer,non_native_speaker
3a34dc8e-fcb6-4805-ba59-de64d1d18349,"Hi, I just made a bank transfer to my account yesterday, but the balance still not updated. It shows old amount. How long it take to show the new money?",5,balance_not_updated_after_bank_transfer,non_native_speaker
c4650abf-200b-4caa-973d-c40cba310a2f,"Hi, I made a bank transfer yesterday and the money is not in my account yet. The balance still looks the same, but I think it should be updated. Can you please check what is happening?",5,balance_not_updated_after_bank_transfer,non_native_speaker
57e9b008-f95d-45a0-9451-de0e00ce852a,"Hi, I made a bank transfer yesterday, but the money still not show in my balance. Can you check why it is not updated yet and when it will appear?",5,balance_not_updated_after_bank_transfer,non_native_speaker
52421fbf-52ba-48b6-bdd0-385ca984ea67,"Transfer sent, balance not updated yet. How long?",5,balance_not_updated_after_bank_transfer,short_wording
c1729b97-f5a4-4927-8bdb-310ed8eb4854,"Transfer sent yesterday, balance unchanged",5,balance_not_updated_after_bank_transfer,short_wording
59f5907f-5e5b-4a53-9635-35e54d56c75f,"Bank transfer sent hours ago, balance not updated",5,balance_not_updated_after_bank_transfer,short_wording
19a2165a-cd9a-404a-a200-990c3d9be0e0,"Bank transfer sent 3 days ago, balance not updated.",5,balance_not_updated_after_bank_transfer,short_wording
cdd04e71-4ed2-4fc4-9a94-d7aab4c7e8a7,Transfer sent; balance not updated. ETA?,5,balance_not_updated_after_bank_transfer,short_wording
573de600-b1fc-4c2d-9311-1a01f1f6ac10,"Transferred yesterday, balance not updated",5,balance_not_updated_after_bank_transfer,short_wording
da073814-8101-41c1-a807-12171b09bb91,"I dropped off a cash deposit and a cheque like a week ago, and my balance still hasn’t changed at all—this is ridiculous, I need that money now and nobody’s fixing it.",6,balance_not_updated_after_cheque_or_cash_deposit,angry_layperson
02db7207-7dd4-4a91-baa2-fda3a33de655,"What the hell, I deposited cash/cheque and my balance still hasn’t changed—this is ridiculous, I need it fixed right now.",6,balance_not_updated_after_cheque_or_cash_deposit,angry_layperson
73f29be5-1483-47cb-a867-03f6996dea74,"I dropped cash into my account and it still hasn’t shown up—this is ridiculous, how hard is it to update my balance, where the hell is my money?",6,balance_not_updated_after_cheque_or_cash_deposit,angry_layperson
8d10c4c8-4f6e-4cd2-81f9-ec2ca94eea6e,"I deposited cash/cheque and it’s still not showing up in my account—what the hell is going on, I need my money reflected right now, not some BS delay.",6,balance_not_updated_after_cheque_or_cash_deposit,angry_layperson
605b6289-b805-4a19-9389-a867fc9e2f07,"I deposited cash this morning and it still hasn’t shown up in my balance—what the hell is going on, did you just take my money and leave me hanging?",6,balance_not_updated_after_cheque_or_cash_deposit,angry_layperson
580242e8-2a79-4a57-bf8f-701abf153f5f,"I deposited cash into my account and it still hasn’t shown up—this is ridiculous. I’ve been waiting for days, and now I can’t see my money. What the hell is going on and when are you fixing it?",6,balance_not_updated_after_cheque_or_cash_deposit,angry_layperson
f7f15048-ee54-4e68-9104-d500971790e5,I deposited cash and a cheque this morning it should be in my balance now but it still shows the old amount no update at all I need this corrected urgently today I checked the receipt and the funds left my hand,6,balance_not_updated_after_cheque_or_cash_deposit,panicking_emergency
c39949aa-fc29-47d2-903d-cf39c98b7dac,I deposited cash yesterday and my available balance is still the same No update at all I need the funds today I checked the receipt it was accepted Where is it My balance is wrong now I am stuck paying bills,6,balance_not_updated_after_cheque_or_cash_deposit,panicking_emergency
e22bf392-75d2-454a-90ba-958e34d8a334,I deposited cash this morning and the balance still shows the old amount. It was confirmed at the counter. No change in the app. Please fix it now I need access to my money urgently.,6,balance_not_updated_after_cheque_or_cash_deposit,panicking_emergency
d47a307c-b2ea-47de-8d1c-1fff240cb7f2,I deposited cash yesterday and the balance still shows the old amount No credit yet I need the funds today Please fix this now I am checking app and nothing updated,6,balance_not_updated_after_cheque_or_cash_deposit,panicking_emergency
9bf1e505-cda8-4077-a41b-bb7c203725c1,My balance still has not updated after my cash deposit. I deposited it earlier today and it is still showing the old amount. I need this fixed now. Where is my money shown in my account.,6,balance_not_updated_after_cheque_or_cash_deposit,panicking_emergency
b9e152d2-7d3d-407d-b708-24cdea965bdc,I deposited cash at the counter yesterday and the amount still not showing in my balance today. I need it fixed right now. I have the receipt. Where is the money.,6,balance_not_updated_after_cheque_or_cash_deposit,panicking_emergency
315de52f-c4d2-4537-9ee3-68937c25abb3,"Good day, I would like to request assistance because my account balance has not been updated following a cheque and cash deposit that I made a few days ago; could you please review the status of the deposit and confirm when the funds should be reflected in my available balance?",6,balance_not_updated_after_cheque_or_cash_deposit,polite_expert
0208de8c-ac20-4995-b871-706a2753dbaf,"Good day, I would like to report that a cheque/cash deposit I made on [date] has not yet been reflected in my account balance; the deposit was processed by the branch/through the teller, however my available balance still shows no update, and I would appreciate it if you could urgently investigate the status and confirm when it will be posted.",6,balance_not_updated_after_cheque_or_cash_deposit,polite_expert
ae9ed5ec-5484-4967-8f86-1c8d22a78ab2,"Good day, I would like to report that my account balance has not been updated after I made a cash/cheque deposit, and I would appreciate it if you could confirm whether the deposit has been received and processed, as well as the expected timeframe for the funds to reflect in my available balance.",6,balance_not_updated_after_cheque_or_cash_deposit,polite_expert
9c941f4a-9f83-4ca8-b827-c51e83f0b5bf,"Good day, I would like to report that I made a cash and/or cheque deposit recently, yet the available balance shown in my account has not been updated accordingly, and the transaction does not yet reflect on my statement; could you please advise on the expected posting timeframe and check whether the deposit has been received and processed successfully?",6,balance_not_updated_after_cheque_or_cash_deposit,polite_expert
5a697d92-e7e1-4c4b-9a52-9a10b38fd936,"Good day, I would like to report that I made a cash deposit and the corresponding cheque deposit has also been processed on my side, yet my account balance has not been updated accordingly; could you please investigate the deposit posting status and confirm when the funds will reflect in my available and current balance?",6,balance_not_updated_after_cheque_or_cash_deposit,polite_expert
31b2b051-077e-41ad-ba29-87d48fd004ac,"Good day, I deposited a cheque/cash into my account on [date] and the funds have not yet reflected in my available balance; could you please verify the deposit status and advise when it will be credited or made available for use?",6,balance_not_updated_after_cheque_or_cash_deposit,polite_expert
6b183bb6-9907-4169-8ab3-4ddafb48316d,"Hey, I dropped a cash/cheque deposit into my account this morning, but the balance still hasn’t updated—any idea when it’ll show up?",6,balance_not_updated_after_cheque_or_cash_deposit,gen_z_slang
869eab4a-8710-4306-af76-d31c8f214d0c,"Hey, I deposited a cheque/cash into my account a couple days ago, but the balance still hasn’t updated—any idea where it’s stuck or when it’ll show up?",6,balance_not_updated_after_cheque_or_cash_deposit,gen_z_slang
b51197e1-b474-4ac0-91de-c100bf0bde4b,"Hey, I deposited cash/cheque yesterday and the money still isn’t showing in my available balance—like it says the same as before. Can someone check what happened?",6,balance_not_updated_after_cheque_or_cash_deposit,gen_z_slang
76059ee1-7ed4-44da-91ed-773e105d3fa3,"Yo, I dropped off a cheque/cash deposit earlier today but my account balance still hasn’t updated—when am I gonna see it show up?",6,balance_not_updated_after_cheque_or_cash_deposit,gen_z_slang
32a6a94b-0a31-4d61-a713-183a72dda8a1,"Hey, I deposited a cheque/cash into my account earlier today, but my available balance still hasn’t updated—can someone check what’s going on?",6,balance_not_updated_after_cheque_or_cash_deposit,gen_z_slang
a370850b-63ae-4f27-ab3d-af2fefbbca81,"Hey, my balance still hasn’t updated after I deposited a cheque/cash last week, and it’s not showing on my app or statement yet—can you check what’s going on?",6,balance_not_updated_after_cheque_or_cash_deposit,gen_z_slang
03242786-b12e-40f2-adb9-1b3eb5913e60,"Hi, I deposit cash and also a cheque this morning, but my account balance still not update. It shows old amount, even after some hours. Can you please check what happen and when it will be updated?",6,balance_not_updated_after_cheque_or_cash_deposit,non_native_speaker
c1f84e6e-34a8-4b34-94f1-6edf8433c44f,"Hi, I deposit cash and also a cheque to my account last week, but the balance still not update. Why this happen? It’s almost 7 days now, please check and update asap, I really need the money.",6,balance_not_updated_after_cheque_or_cash_deposit,non_native_speaker
0c5e2c63-a8ea-42e8-b5f1-57caf737b820,"Hi, I deposit cash in my account yesterday, but the balance still not updated. I need that money now, please check and tell me where it is. How long you need to fix it?",6,balance_not_updated_after_cheque_or_cash_deposit,non_native_speaker
389fef9f-6272-492c-9238-f59508ee8837,"Hi, I deposit cash/cheque into my account two days ago, but my balance still not updated. Please can you check why and when it will show?",6,balance_not_updated_after_cheque_or_cash_deposit,non_native_speaker
68568d86-376a-4835-bca6-acccd9aa39ee,"Hi, I deposit cash and a cheque last week, but my account balance still not update. I check many times, but it shows old amount. Can you please help check why this delay and when it will update?",6,balance_not_updated_after_cheque_or_cash_deposit,non_native_speaker
452ff430-92d2-4221-854b-1f1fff052b2a,"Hi, I put cash deposit into my account this morning, but the balance still not updated. It shows nothing yet. When can I see the money in my account?",6,balance_not_updated_after_cheque_or_cash_deposit,non_native_speaker
7db0c91f-18df-4ad9-b5e1-b27881c0b199,"Cash deposit made 5 days ago, balance still not updated.",6,balance_not_updated_after_cheque_or_cash_deposit,short_wording
ccc8119c-8245-46f3-aeb5-bd2de8828b08,"Cash/cheque deposit pending, balance not updated.",6,balance_not_updated_after_cheque_or_cash_deposit,short_wording
e0582fe9-b37b-4bab-aca7-67edc1954abd,Cheque cash deposit pending balance not updated,6,balance_not_updated_after_cheque_or_cash_deposit,short_wording
37799fe2-265d-47fe-a42c-050c3acd43c1,Cash/cheque deposit pending; balance not updated.,6,balance_not_updated_after_cheque_or_cash_deposit,short_wording
d800fbe9-afac-46aa-a854-477c0e6a2337,Cheque/cash deposit; balance not updated yet. Please check.,6,balance_not_updated_after_cheque_or_cash_deposit,short_wording
7fce7cfc-8a5c-4c9c-ba58-471ff270028b,Cheque cash deposit pending balance not updated,6,balance_not_updated_after_cheque_or_cash_deposit,short_wording
54043033-a1c6-442e-b4a5-d1232f739ccb,"I’m trying to send money to someone and your system keeps blocking it every time, saying I’m not allowed to add or use them—this is ridiculous, fix it now or tell me what the hell is going on.",7,beneficiary_not_allowed,angry_layperson
bf6caae8-fa1f-47e5-92ad-ba52825caa72,"I’m trying to send money to the person I set up, but the transfer keeps getting blocked and it won’t let me use that beneficiary at all—this is ridiculous, fix it now.",7,beneficiary_not_allowed,angry_layperson
f49b977b-50a7-4f18-b36d-81e874813d4d,"I’m trying to send money to this person and it keeps getting rejected like they don’t even let me add or use their damn account—what is going on, why won’t the transfer go through?",7,beneficiary_not_allowed,angry_layperson
28d1f85d-e83d-4957-8ff1-8e5a30ac136c,"What the hell is going on? I’m trying to send money to the same person I’ve sent to before, and now your system says I’m not allowed to use them as the recipient. Fix it or tell me exactly why this is happening, because this is messing up my payment.",7,beneficiary_not_allowed,angry_layperson
c379d3f0-6b1a-4d94-81c4-74c8e952082c,"What the hell, I’m trying to send money to the person I already set up, and it keeps getting rejected saying I’m not allowed to do it. This is ridiculous—why won’t it let me send and what do I have to do to fix it?",7,beneficiary_not_allowed,angry_layperson
cb25dd51-a912-447d-9bb9-c49a28db5ac5,"Why the hell won’t my transfer go through—every time I try to send money to that person, it just gets rejected and says they’re not allowed, even though I’m sending to the right account. Fix this or tell me what you need from me.",7,beneficiary_not_allowed,angry_layperson
8d610f29-37d1-44bc-ac9d-7e27ecd35ebd,I am trying to add a beneficiary and send money right now and it will not allow it. Every time I submit the transfer it blocks me. What is wrong with my account. I need this fixed immediately.,7,beneficiary_not_allowed,panicking_emergency
c8348f39-c9b8-4427-bb13-409bb89f4434,STOP my transfer is failing again I added the beneficiary and it says I am not allowed to use them How can that be I need the payment sent right now please fix this urgently,7,beneficiary_not_allowed,panicking_emergency
a5631e3b-445e-4e60-92a8-ba188a7ece2f,I tried to send money to a saved beneficiary and it is not allowed. Transfer keeps getting blocked. I need this fixed right now. I cannot complete the payment. Please tell me why the beneficiary is rejected and what I must do immediately.,7,beneficiary_not_allowed,panicking_emergency
5bb42ef3-74d5-4466-953e-4d5d413e4aea,I tried to add and use my beneficiary for a transfer and it was rejected again No matter what I enter it says beneficiary not permitted Why is this happening I need the money urgently Explain the rule and what I must do now,7,beneficiary_not_allowed,panicking_emergency
a078df08-9c96-40d4-822f-2c50f52b700d,I am trying to send money to a new beneficiary and it keeps getting blocked I cannot complete the transfer please stop this error and tell me exactly what to do right now I need the payment to go through today,7,beneficiary_not_allowed,panicking_emergency
e37d0657-1175-471a-8a2e-19636b74b271,I am trying to send money to a beneficiary right now and it keeps failing. The app says beneficiary not allowed. I have used this beneficiary before. Now it refuses the transfer. Please fix this immediately or tell me what requirement I am missing so I can complete it.,7,beneficiary_not_allowed,panicking_emergency
80d85b6f-b43c-45f0-a2d9-59b2977ed83b,"Thank you for your message. I am attempting to make a bank transfer to the intended recipient, however the transaction is being rejected because the beneficiary account is not permitted for transfers at this time; could you please advise what needs to be updated or verified so that I can complete the transfer successfully?",7,beneficiary_not_allowed,polite_expert
37435081-7636-4069-b68b-fcbaddf8adbd,"Hello, I am attempting to make an international transfer, but the recipient account is being rejected and the system is not allowing the beneficiary to be added or used; could you please advise why the transfer is being blocked and what steps are required to enable it?",7,beneficiary_not_allowed,polite_expert
fd2fe259-c7e6-424f-b797-e92f1a0bdda4,"Good day, I am attempting to make a bank transfer to a saved beneficiary, but the transaction is being rejected with a notice stating that this beneficiary is not permitted, and I would appreciate your assistance in identifying the reason and correcting the eligibility so I can complete the transfer.",7,beneficiary_not_allowed,polite_expert
6ac345d7-aba3-43f2-a534-f7aa1542be66,"Good day, I am trying to make a bank transfer to a specific beneficiary, however the system is preventing me from adding or selecting that beneficiary, and the transfer cannot be completed; could you please clarify why this beneficiary is not permitted and what steps I need to take to enable the transfer?",7,beneficiary_not_allowed,polite_expert
f34383e8-c8c2-4acf-8670-db8667282646,"Good day, I am attempting to make a transfer to a saved beneficiary, but the transaction is being blocked and I am unable to proceed; could you please explain why the beneficiary is not eligible for transfers from my account at this time and advise what steps I need to take to restore approval?",7,beneficiary_not_allowed,polite_expert
6f56dbc5-c9b5-49e9-9918-f59822607d90,"Hello, I am attempting to make a bank transfer to a designated recipient, however the transaction is being rejected each time with a message indicating that the beneficiary is not eligible to receive the funds; could you please confirm the exact reason for this restriction and advise what steps I need to take so the transfer can be completed successfully?",7,beneficiary_not_allowed,polite_expert
e20920b2-bc3d-4654-a855-1eeb6ce4fd7d,"Hey, I’m trying to send money to this new person’s bank account, but the transfer keeps getting rejected saying it’s not allowed—what gives?",7,beneficiary_not_allowed,gen_z_slang
acc09261-aac1-4e1d-96de-c833b193dfe0,"Hey, I’m trying to make a transfer to my saved beneficiary, but it keeps saying the beneficiary isn’t allowed—can you tell me why and how I can fix it?",7,beneficiary_not_allowed,gen_z_slang
3131fcea-e350-4420-89f6-fac6a913ba87,"Hey, I tried to send money to the beneficiary again, but the transfer keeps getting blocked and won’t go through—what’s the rule here and how can I fix it?",7,beneficiary_not_allowed,gen_z_slang
c704b0cb-0491-4d14-a077-78e7ee5ab7af,"Yo, I’m trying to send money to a beneficiary, but every time I attempt the transfer it gets rejected and says the beneficiary isn’t eligible—can you tell me why that’s happening and what I need to fix so it goes through?",7,beneficiary_not_allowed,gen_z_slang
b7f39d63-fcf7-4dd4-9424-ccd3760ff793,"Yo, I tried sending money to the saved beneficiary, but the transfer keeps getting rejected and it won’t let me complete it—any idea what’s going on?",7,beneficiary_not_allowed,gen_z_slang
ce262085-5720-406d-8f09-d9fcc52c2ced,"Hey, I’m trying to add/transfer to a beneficiary and the bank keeps blocking it, like the app says it’s not allowed—can you please tell me what’s going on and how I can fix it?",7,beneficiary_not_allowed,gen_z_slang
f1c869a5-ccf6-400f-868c-12972bce4617,"Hi, I try to send money to a beneficiary but the transfer not allowed. Can you please tell me why and what I need to do to make it work?",7,beneficiary_not_allowed,non_native_speaker
0f90275f-bc17-4aa8-bd72-9f1b416b67eb,"Hi, I try to add a new beneficiary and send money, but it never goes through. I always get an error and they say beneficiary is not allowed. Can you check why and tell me what to do to fix it?",7,beneficiary_not_allowed,non_native_speaker
03b6bee9-761f-41c6-aa6e-49fc68f21959,"Hi, I try to send money to my beneficiary, but system stop it and say it not allowed. I already did same transfer before, why now not working?",7,beneficiary_not_allowed,non_native_speaker
1674ab75-5da9-4087-8248-b0cb1697b75a,"Hi, I try to send money to my beneficiary, but it says I am not allowed. Please tell me why this happen and how I can fix it?",7,beneficiary_not_allowed,non_native_speaker
04acbaf3-270f-4938-8484-629d28198389,"Hi, I try to send money to my beneficiary, but the transfer is not allowed. I see an error message and it will not go through. Please check and fix it.",7,beneficiary_not_allowed,non_native_speaker
00ca9bd5-9781-4009-bc51-71f08e133ca0,"Hi, I try to send money to my beneficiary, but it says transfer is not allowed. I never had this problem before. Can you please check why and tell me how to fix it?",7,beneficiary_not_allowed,non_native_speaker
57b872ce-b956-4993-8450-30b7f46fc6d6,Beneficiary transfer denied again,7,beneficiary_not_allowed,short_wording
7bb3d83b-c8c9-4225-9735-863791a705d3,"Transfer says beneficiary not allowed; done before, now blocked. Fix and advise.",7,beneficiary_not_allowed,short_wording
fc1400e7-0ec1-49a2-b0fb-467192b0a268,Beneficiary not allowed for transfer,7,beneficiary_not_allowed,short_wording
b0820438-5674-4c06-bc78-00a8491b9e94,Beneficiary denied transfer—why?,7,beneficiary_not_allowed,short_wording
b7da6131-86d3-4783-b136-a7c311cf1bfc,Transfer to saved beneficiary blocked—why?,7,beneficiary_not_allowed,short_wording
fcbd2ee0-4a07-41d8-9bd7-6a5fc1d6242f,Beneficiary not accepted for transfer,7,beneficiary_not_allowed,short_wording
5aee11a4-82e9-4d75-a929-61a171a66ff9,"I already sent the money and now I want to yank it back and stop it from going through, but nobody’s helping—how the hell do I cancel this transfer right now before it’s too late?",8,cancel_transfer,angry_layperson
a28a388f-c1a5-4b56-85bc-ed6f75825335,"I need you to stop this transfer right now, it was a total mistake—cancel it immediately before it goes through, because I’m not waiting around for this nonsense.",8,cancel_transfer,angry_layperson
0da49168-aa32-482d-a8cd-24bfba4840fb,"I need to cancel a transfer I just sent—like right now—because I made a mistake. Stop it immediately and tell me how to fix this fast, because this is a total mess.",8,cancel_transfer,angry_layperson
022d577f-5392-4845-8622-e74b2c88e83c,I messed up and sent a transfer I shouldn’t have—how the hell do I cancel it right now?,8,cancel_transfer,angry_layperson
583869d1-c82e-4da3-9013-68e787ce30ba,I just made a transfer by mistake and I need it stopped right now—how the hell do I cancel it before it goes through?,8,cancel_transfer,angry_layperson
bdefdc19-7aeb-4b17-b3a5-6864abdc7c7c,I just sent money by mistake and I need it stopped right now—how the hell do I cancel this transfer before it’s too late?,8,cancel_transfer,angry_layperson
b6e5c692-e170-4045-bfef-7d62dcdf99a6,I just sent a transfer by mistake I hit confirm already I need it stopped right now before it clears Please cancel it immediately I cannot wait,8,cancel_transfer,panicking_emergency
67f69f7e-630c-4927-96f7-934a25bc9a8e,I made a transfer by mistake and I need it stopped right now Please cancel it immediately It is still processing I cannot wait Please confirm the cancellation fast,8,cancel_transfer,panicking_emergency
93a41601-38ee-414a-83ad-cb7a79889603,I just sent a transfer and it is wrong account name and amount. I need to stop it immediately. Please cancel the transfer right now. I cannot wait.,8,cancel_transfer,panicking_emergency
f967ea13-4078-4b9c-abf5-4f3293fc10dc,I sent a bank transfer just now and I need it stopped immediately before it completes Please cancel it right away I sent it to the wrong recipient and I cannot wait,8,cancel_transfer,panicking_emergency
3d4690c9-3394-4b5c-b6dc-50bf66a41c4d,I just sent a transfer by mistake it is still pending please stop it right now I need it canceled immediately do not let it go through I cannot wait,8,cancel_transfer,panicking_emergency
d2e08de1-c8a6-43b5-9ad2-e724dd920542,URGENT PLEASE HELP I sent a transfer by mistake I need it stopped right now I did not mean to send that money immediately reverse the transfer I am panicking please confirm if it can be canceled before it completes,8,cancel_transfer,panicking_emergency
76061648-1d94-4f32-9013-909910e13e39,"Good day, I would like to request the immediate cancellation of a bank transfer that I initiated in error; the transfer has not yet been completed on my side, and I kindly ask you to assist promptly to prevent it from processing.",8,cancel_transfer,polite_expert
66400007-ca8e-43c9-83a0-ead003e0706d,"Good day, I would like to request the reversal of a bank transfer I initiated earlier today, as it was sent in error to the wrong beneficiary; could you please advise what cancellation options are still available and what information you require to proceed?",8,cancel_transfer,polite_expert
01f6d43e-7094-49ff-bbf9-256c296d624a,"Good day, I respectfully request assistance because I initiated a transfer earlier today in error, and I would like to cancel it and confirm whether the funds can still be recalled or reversed before completion.",8,cancel_transfer,polite_expert
bcba42fb-1b19-4afe-9f5d-6b5999fab2d2,"Good day, I recently initiated a bank transfer but realized immediately afterward that the recipient details are incorrect; could you please advise the fastest way to cancel or reverse the transfer before it is processed, and what information you need from me to locate the transaction?",8,cancel_transfer,polite_expert
3ae31ce6-da7c-4bd4-8b30-e29100517de1,"Good day, I would like to request the cancellation of a bank transfer that has been initiated but should not be completed; could you please advise whether it can still be reversed at this stage and what information you require to process the request?",8,cancel_transfer,polite_expert
aa4e195b-f68f-45d1-a8bd-a41ebb5b1c80,"Good day, I previously initiated a bank transfer but have since realized it was a mistake; I would like to cancel that transfer and confirm whether it can still be reversed before it is processed.",8,cancel_transfer,polite_expert
d5616a0f-ce5c-4712-8439-52f4bfdb6f16,"Hey, I just sent a transfer and realized it’s wrong—how do I cancel it ASAP before it goes through?",8,cancel_transfer,gen_z_slang
7cc64910-4f9f-4315-aab9-6ce574613831,"Hey, I just sent a transfer by accident—can I cancel it and get that money back?",8,cancel_transfer,gen_z_slang
01e58a17-71e8-4d0b-82d2-7f93f7a657ae,"Yo, I just sent a transfer a few mins ago but I messed up the details—can I cancel/reverse it before it goes through?",8,cancel_transfer,gen_z_slang
edef1955-843e-45e1-b1e3-94d5c8f7531b,"Yo, I just sent a transfer to the wrong account by mistake—can you help me cancel it ASAP?",8,cancel_transfer,gen_z_slang
e2fa8fe8-c54e-418d-bede-eafbf453921d,"Hey, I just sent a transfer and realized it was a mistake—can I cancel it ASAP?",8,cancel_transfer,gen_z_slang
54fb4f9f-7cbd-441e-84d2-467418ea0daa,"Hey, I just sent a transfer to the wrong account and I need to cancel it ASAP—can you help me stop/reverse it?",8,cancel_transfer,gen_z_slang
f2381e33-4cf5-4666-ad30-f7444417e5b8,"Hi, please help me. I want to cancel the transfer I just sent. I make mistake and I need to stop it before it goes through. Can you cancel it now?",8,cancel_transfer,non_native_speaker
de6daa06-d12c-4aa3-adfe-a1aab0bd8f39,"Hi, I made a transfer by mistake, and I dont want it to go through now. Please cancel it as soon as possible.",8,cancel_transfer,non_native_speaker
969493ac-cf5c-469b-a1b2-f946f5acc493,"Hi, I just sent money now, but I want to cancel it. Can you stop or reverse this transfer for me?",8,cancel_transfer,non_native_speaker
553f529c-9af7-4294-b16a-b70b871f7936,"Hi, I sent money by mistake. Can you help me cancel this transfer? I need it stop now.",8,cancel_transfer,non_native_speaker
c05705bf-ff0a-46ec-a827-110d2d64c874,"Hi, I did a transfer but now I want to cancel it. I send it to wrong person and I need help fast. Please tell me how to stop it.",8,cancel_transfer,non_native_speaker
8666d960-705f-4887-b320-56a811dfff30,"Hi, I made a transfer this morning, but I don’t want it to go through now. Can you help me cancel it and stop the money from leaving my account?",8,cancel_transfer,non_native_speaker
599eb78b-cad0-41c0-bd2c-b5fc06a3810f,Cancel transfer made this morning,8,cancel_transfer,short_wording
85ed78aa-23c2-4e44-a7b2-7999b03f1e0e,Cancel my transfer now; wrong recipient. Please stop it before it completes.,8,cancel_transfer,short_wording
f497253a-eed6-4e9b-8242-484824969d26,Cancel transfer request? Mistake made.,8,cancel_transfer,short_wording
1e0cd178-a2a1-485c-83d0-d5055e038834,Wrong recipient transfer. Cancel now.,8,cancel_transfer,short_wording
501e3ae9-6fed-4175-b7b7-65b5f5216181,Cancel transfer request—possible?,8,cancel_transfer,short_wording
c7ce4d18-9bb2-4a15-9c80-a962dc987cd9,Cancel bank transfer request—wrong recipient. Please stop it and confirm.,8,cancel_transfer,short_wording
27c44583-0443-497d-a204-febbddf07ecc,My damn card expires next month and I have no idea how to get a new one sent out—are you just gonna leave me stuck without a working card or what?,9,card_about_to_expire,angry_layperson
0465356d-0071-4517-a269-205c87634ea4,My damn card is about to expire and I need a replacement ASAP—how much is it gonna cost and when will the new one actually show up?,9,card_about_to_expire,angry_layperson
ddb24ac6-9945-44c1-b400-f84c1225a877,My card’s about to expire and you people still haven’t sorted it out—how the hell do I get a new one ASAP before it’s useless? I need it replaced right away.,9,card_about_to_expire,angry_layperson
5e3c1110-c7af-4ceb-ac77-639743d9eea9,My card is expiring in like a month and nobody’s telling me what the hell I’m supposed to do—am I getting a new one automatically or do I have to order it myself?,9,card_about_to_expire,angry_layperson
17a1f36a-d215-41f6-8924-6b45d6bf1233,"My damn card is about to expire and nobody told me anything—what the hell am I supposed to do, and will I still be able to use my money after it’s done?",9,card_about_to_expire,angry_layperson
b4e5c1c0-cc22-4819-b4bd-2d125f3c2f76,"My card is about to expire and nobody told me anything—this is ridiculous. When am I getting a replacement, and how do I order it before it shuts me out?",9,card_about_to_expire,angry_layperson
0a48019c-98d0-42d2-8e6f-45842e5560a6,My card expires soon and I am freaking out. I need a replacement sent immediately. Tell me the exact cost and when I will receive it. Also confirm my current card will still work until the new one arrives.,9,card_about_to_expire,panicking_emergency
c9832927-0c54-4901-824c-60299411e1cf,My debit card expires soon I am freaking out I need to know how to get a replacement fast and where it will be delivered and will my account still work until the new card arrives,9,card_about_to_expire,panicking_emergency
5cf472a8-2653-4f79-98a2-8737ff444d3f,My debit card expires in less than a month I need it replaced now please I cannot risk any payments failing Can you send a new card and tell me when it will arrive,9,card_about_to_expire,panicking_emergency
270ae55c-73af-45af-bcd9-1d65874c1987,My card expires next month and I am freaking out. Do I need to order a new one right now. Will my account keep working if the card expires. What do I do today to avoid being locked out.,9,card_about_to_expire,panicking_emergency
5c2ea8ae-d3bc-47c6-b047-f86d110d6cdb,My card expires soon I need a replacement immediately I cannot make payments I need to know how fast you can send a new card and whether there is any fee right now please respond urgently,9,card_about_to_expire,panicking_emergency
25b6c493-82e1-4953-bb53-618b7421836c,My card expires next month and I am freaking out I need a replacement ASAP how do I order a new one today and when will I receive it and will my payments keep working in the meantime,9,card_about_to_expire,panicking_emergency
e6a3e1ea-251d-4466-a9f0-0b8479d7a3a6,"Good day, I would like to report that my payment card is nearing its expiration date, and I need clarification on the replacement process, including whether an automatic new card will be issued, the expected timeline for delivery, and any associated fees or required actions on my part.",9,card_about_to_expire,polite_expert
516645d4-5e2b-465f-a15a-b483c3d99d27,"Good day, I would like assistance because my debit card is nearing its expiration date, and I would appreciate confirmation of the replacement process, any applicable fees, and the expected timeframe for receiving the new card.",9,card_about_to_expire,polite_expert
f26f3c4e-c936-4611-9470-66b9b24e24d8,"Hello, I would like to request assistance because the expiration date on my debit card is approaching, and I am concerned about uninterrupted card usage; could you please advise the next steps to renew or replace the card and confirm when I should expect the new card to be issued?",9,card_about_to_expire,polite_expert
636e5e26-367b-4b07-a456-8f71e936327b,"Hello, I am contacting you because my payment card is approaching its expiry date, and I would like to understand whether you automatically issue a replacement card or whether I need to request one; additionally, please advise the expected delivery timeline and any associated fees for the reissued card.",9,card_about_to_expire,polite_expert
c101d52a-4560-4544-843a-771fe112715a,"Hello, I would like to request guidance regarding my payment card, which is approaching its expiry date; could you please advise the correct process to obtain a replacement card before it becomes unusable, including any timing expectations and any actions I need to take on my account?",9,card_about_to_expire,polite_expert
0b7a56da-e59a-4707-81c3-621798db335e,"Hello, I would like to request assistance because my payment card is approaching its expiration date; could you please advise the exact procedure to replace it, including any fees involved, the expected delivery timeframe, and whether my card number or payment details will change in the process?",9,card_about_to_expire,polite_expert
311c25eb-f89e-4ced-9347-16cc78c27540,"Hey, my debit card expires next month—do I need to reorder a new one, and if so how much does the replacement cost and when would it arrive?",9,card_about_to_expire,gen_z_slang
ee3838bb-9077-414e-a975-c821ad14d857,"Hey, my debit/credit card says it’s expiring next month—what do I need to do to get a replacement, and will my new card show up automatically?",9,card_about_to_expire,gen_z_slang
ad89ebc8-199c-4f0f-a188-8e7c9f4edbe0,"Hey, my debit card expires next month—do I need to order a new one, or will you automatically send a replacement, and when should I expect it?",9,card_about_to_expire,gen_z_slang
545f052f-7748-41cf-b700-0f0b4eb3ca7e,"Hey, my debit card expiry date is coming up soon—what do I need to do to get a replacement, and will my account info/auto-pay stuff stay the same?",9,card_about_to_expire,gen_z_slang
e7908da0-d069-49b9-855a-4c005d91bab2,"Hey, my card’s expiration date is coming up soon—what do I need to do to get a replacement, and when would I get the new one?",9,card_about_to_expire,gen_z_slang
62e6c6a2-fc5f-4a71-857c-30c2b45b6bdf,"Hey, my debit card’s expiration date is coming up fast—can you tell me what the replacement cost is and how long it’ll take to arrive?",9,card_about_to_expire,gen_z_slang
c3039140-b43b-4231-b203-bd3e1a195fb6,"Hi, my bank card is about to expire. What I need to do now, and will I get a new one automatically?",9,card_about_to_expire,non_native_speaker
76b301b2-d9ed-47d2-b141-37d4bd708354,"Hi, my debit card will expire soon, and I don’t know what I need to do to get a new one. Can you help me please?",9,card_about_to_expire,non_native_speaker
46e05433-e949-42e8-a4fe-6d5687150521,"Hi, my bank card expiration date is coming very soon, maybe in a few weeks. Can you send me a new card automatically, and how long it will take to arrive?",9,card_about_to_expire,non_native_speaker
28bc754a-0f5e-413c-8722-9ade1d95c4be,"Hi, my bank card will expire soon. How can I get a new one before it ends, and what is the price and time to receive it?",9,card_about_to_expire,non_native_speaker
609e31dd-45b1-4654-ac5c-0e7aad9ccb0a,"Hi, my bank card will expire soon. Will you send me a new one automatically, or I need to order it? And how long time to arrive?",9,card_about_to_expire,non_native_speaker
c6ab8c94-0c61-40e8-9874-374c38c23aad,"Hi, my bank card will expire very soon, like next month. Do I need to order a new one, or will you automatically send a new card for me?",9,card_about_to_expire,non_native_speaker
3b61d616-0405-4376-bdf9-b01bd03a963a,Card expiring soon—how renew?,9,card_about_to_expire,short_wording
066b8896-fa7c-4d9a-be09-0b01e4953cd1,Card expires in 3 weeks—need replacement?,9,card_about_to_expire,short_wording
f984ff29-4c47-4bc1-b3c2-8abba40f0094,Card expiring soon—replacement?,9,card_about_to_expire,short_wording
02d1e1f1-9b4d-4784-891c-009e5bb701e9,"Card expiring soon—replacement cost, delivery time?",9,card_about_to_expire,short_wording
6e399a76-c96e-4e10-9818-4553fa4a9af6,Card expires next month—how to get replacement now?,9,card_about_to_expire,short_wording
db639497-5f84-4d49-9e6a-a24f020ecd9e,Card expiring soon. Replace?,9,card_about_to_expire,short_wording
56fca82b-9620-4d67-a3ae-9470fc5a6010,"My card gets refused everywhere I try—what the hell is going on, and who actually accepts it? I need it working today, not excuses.",10,card_acceptance,angry_layperson
f144cfef-74a6-4160-86c5-836d70ae3bd2,"My card won’t get accepted anywhere—every time I try to pay, the cashier looks at me like I’m lying, and the machine just keeps refusing it. Where can I actually use this damn thing?",10,card_acceptance,angry_layperson
7ed16058-e13b-4164-b522-6145c85df441,"My damn card keeps getting rejected at the checkout, and I’m sick of wasting time—why won’t it work anywhere and what am I supposed to do to get it accepted?",10,card_acceptance,angry_layperson
a47fd3a6-7c3e-42c4-b87e-bf0406f58093,"My damn card won’t work anywhere—what the hell is going on? I’m standing there trying to pay and it keeps getting rejected, and you’re telling me I’m the problem. Fix this and tell me where my card is actually supposed to work.",10,card_acceptance,angry_layperson
fb7db5cf-8e1f-4650-8bf9-5bc0305ad07e,"Your stupid card won’t get accepted anywhere I try, and I’m sick of wasting time at checkout—where the hell is it supposed to work, and why won’t it work at basic places like stores and restaurants?",10,card_acceptance,angry_layperson
ebf3c406-1407-4c2e-bab8-4fc54d47c927,"Why won’t anyone take my card? I’m trying to pay and every shop keeps rejecting it like it’s junk—what’s going on, and when are you fixing this?",10,card_acceptance,angry_layperson
24f9564b-404b-4a32-81cc-069442df84e9,My card is getting refused every time at the store. I cannot pay. I need it to work now. Please tell me where it is accepted and why it is blocked.,10,card_acceptance,panicking_emergency
ffa20dc0-ceb3-4c89-a583-88cb109d300c,My card is being declined every time I try to pay today. It works nowhere. I need to know where it is accepted and why it suddenly stopped. I cannot get cash or pay at any store. Fix this now please.,10,card_acceptance,panicking_emergency
1b8b26db-24af-4033-a959-1d3ef1da30c1,My card is being declined at every store I try today. Cashiers say they dont accept it. Online too. I need to pay right now. Please tell me what is going on and how to fix it fast,10,card_acceptance,panicking_emergency
47460965-b2aa-42d1-bd01-2e998db584d7,Stop please my card is being rejected everywhere I try to pay it at stores restaurants and gas stations Nothing works I need to know which places will actually accept it and how to fix this now,10,card_acceptance,panicking_emergency
30bf0dd2-6f88-476e-a54c-3322e80f2ffb,My card gets declined everywhere tried multiple stores same result. No payment goes through. I need to know where it will actually be accepted right now and why it stopped working.,10,card_acceptance,panicking_emergency
426bbd6e-e9bf-4a6c-adcb-fbc4ab713893,I cannot use my debit card anywhere today. Every machine rejects it. Teller says payment is denied. I need to pay rent and groceries now. What is wrong with my card and how do I fix acceptance immediately.,10,card_acceptance,panicking_emergency
c803ae45-7e7b-424f-ae8f-b1ad875432b3,"Good day, I would like to confirm the merchant-acceptance scope of my card, as I am finding that certain retailers decline it at the point of sale; could you please advise which types of merchants and payment terminals accept it, and whether there are any regional or network restrictions affecting authorization?",10,card_acceptance,polite_expert
7d677787-c6c9-4dad-ada3-1a0d7594304e,"Hello, I would like to confirm whether my debit card can be used for payments at merchant terminals in my area and, if there are any limitations, please advise which types of retailers or payment locations may not accept it.",10,card_acceptance,polite_expert
dfc278b9-4f0c-4731-b830-f9128ac8a5fe,"Good day, I would like to confirm where my card can be used for everyday payments, specifically which merchants and locations accept it, and whether there are any restrictions by country, merchant type, or transaction method that I should be aware of.",10,card_acceptance,polite_expert
ce195ffd-5188-462d-a133-8569de3b4ea1,"Good day, I would like to confirm where my debit card can be used for card-present payments, as I am experiencing uncertainty regarding merchant acceptance and would appreciate a clear explanation of which locations and merchants support the card, including any limitations by country, terminal type, or payment network.",10,card_acceptance,polite_expert
f7f45e76-4919-43fb-afd7-b9d1e9dfd960,"Good day, I would like to confirm where my card is accepted and whether it can be used at all merchants, as I am currently uncertain about the locations or types of establishments that support it.",10,card_acceptance,polite_expert
87f86eb8-18cf-4385-9fd3-37b5e5a6c623,"Good day, I would like to confirm where my card can be used successfully—specifically, which merchants and types of locations currently accept it, and whether there are any common situations or regions where card payments may be refused.",10,card_acceptance,polite_expert
8aeeb87d-8b64-4d4a-ada1-a26eea5a5394,"Yo, I tried paying with my card at this store and it got declined—can you tell me where my card is actually accepted and if there are any merchant/location limits?",10,card_acceptance,gen_z_slang
4b60e688-b5e4-46be-a047-ccce02197c46,"Yo, quick question—why isn’t my card getting accepted at this store? Like the machine keeps declining it even though I’ve got money in my account. Is there any place I can’t use it?",10,card_acceptance,gen_z_slang
9d6e61cd-313d-4b8f-a5a9-3fb2233442dd,"Hey, quick Q—where exactly can I use my card? Like, will it work at most stores/online, or are there specific places I should avoid?",10,card_acceptance,gen_z_slang
9afbf3e2-50fa-4e89-86f1-2b20ed5c00a3,"Hey, quick q—can I use my debit card everywhere, or are there certain places/stores where it won’t go through?",10,card_acceptance,gen_z_slang
902f2bb9-4631-4a74-b1f6-6d1f5a8b9682,"Hey, quick one—where exactly can I use my card? Like what merchants/places actually accept it, and are there any spots where it won’t go through?",10,card_acceptance,gen_z_slang
289fa0ca-6bd9-432d-be88-7009ed0169aa,"Hey, I’m tryna use my debit card at a couple places and it keeps getting declined—what stores/merchants can I actually use it at, and is there some setting or limit I need to check?",10,card_acceptance,gen_z_slang
92d44d5a-a88f-4d56-b861-8a38962fe496,"Hi, I try to pay with my card in a shop, but it say it is not accepted. Can you check why this happen and if my card works anywere or only some places?",10,card_acceptance,non_native_speaker
aaa2953e-e279-402d-8f50-5a9a66a18cfd,"Hi, I try to pay in store today, but it says my card not accepted. Why this happen and what I can do?",10,card_acceptance,non_native_speaker
eecbcfaf-b6e7-4843-aa9b-1e27dca17dc6,"Hi, I have a problem: my card not accepted in some shops. They say “declined”. Where I can use it? Is it only for some stores or countries?",10,card_acceptance,non_native_speaker
9cabb737-23a5-4f9f-99bc-b30794199bf0,"Hi, I want to pay with my card, but in some shops it is not accepted. Can you tell me where my card can be used and if there is any limit?",10,card_acceptance,non_native_speaker
a5b824ba-c5cb-4be3-b5e0-99bad1a676dd,"Hi, I have a problem. My card is not accepted in some shops, and the payment always failed. Can you tell me who can accept my card, and why it fails?",10,card_acceptance,non_native_speaker
2cd9fc90-a13a-451e-bca6-84fe0a24002f,"Hi, I have a problem with my card payment. Some shops say they don’t accept it. Which places can take my card, and how I check before I go?",10,card_acceptance,non_native_speaker
f1ea2c03-8cbf-414e-95b5-de8652744d97,Where can I use my card?,10,card_acceptance,short_wording
fb5a5199-4fb9-4a1f-b47e-eff89430a2d5,Where is my card accepted?,10,card_acceptance,short_wording
60fd67ff-35a2-4750-804d-9a7ca2ea4539,Merchant won’t accept my card,10,card_acceptance,short_wording
92081092-abe4-4b4d-9877-24a2fb725540,Card not accepted at merchant,10,card_acceptance,short_wording
3da1c46b-06c3-4318-b448-0ff722522ce9,Card not accepted at checkout,10,card_acceptance,short_wording
fa0bda49-e028-488f-9e7c-c8da38bb6500,Card payment not accepted—why?,10,card_acceptance,short_wording
41aea73f-183e-488f-9878-e9b38ba36e9b,"This is ridiculous—my new card was supposed to show up already and it’s been ages. I still haven’t received it, and I’m sick of waiting around with no updates. Where the hell is my card?",11,card_arrival,angry_layperson
601f2fb9-2539-40d0-a1d4-351dbb96c575,"I’m still waiting on my damn card and it’s been way too long—where the hell is it? Is it lost, or are you people going to send a real update for once?",11,card_arrival,angry_layperson
ad019ef8-4d67-40fa-9275-1f21ec39ada4,"I still haven’t gotten my damn card in the mail, and nobody can give me a straight answer—where is it and what’s the tracking number, because it’s been too long.",11,card_arrival,angry_layperson
9a096612-1033-443e-a032-ac31a891c34a,I’ve been waiting forever for my bank card and it still hasn’t shown up—what the hell is going on and when am I getting it?,11,card_arrival,angry_layperson
4669d426-a37b-4d13-a6c5-60648b6a9d6a,"I ordered a new card and it still hasn’t shown up, and it’s been way too long—where the hell is it? I’m sick of waiting.",11,card_arrival,angry_layperson
c3602ae7-d267-42c8-9b56-7dc6b842d775,"My damn card still hasn’t showed up and it’s been ages—where the hell is it? I’m sick of waiting, just tell me what’s going on.",11,card_arrival,angry_layperson
79913eec-5960-4103-8910-04fe344e1f69,My new card was supposed to arrive last week. It is not here. No tracking. No updates. Please tell me where it is right now. I need it urgently.,11,card_arrival,panicking_emergency
7044a5f8-e4fe-4e9e-b5ae-285963af99de,"I still have not received my new card  
It was supposed to arrive already  
Its been days and nothing  
Please tell me where it is right now  
I need it urgently",11,card_arrival,panicking_emergency
7f9edffc-9dd4-41f6-b1f4-785e3fe08b39,My card still has not arrived I ordered it weeks ago I need it now Please tell me where it is and if it is lost I cannot wait any longer,11,card_arrival,panicking_emergency
ed44ca42-1a4a-490f-9148-e26b1b5f169f,I ordered a new debit card and it has not arrived yet. It has been 14 days. Please tell me where it is now. I need it for payments today.,11,card_arrival,panicking_emergency
dbeea4ff-529b-48ed-938f-17a918b72d23,My replacement card was supposed to arrive already. No mail today. No tracking number. What is the status right now. I need it urgently. Please tell me the exact delivery date and why it is delayed.,11,card_arrival,panicking_emergency
2ab60802-0484-4fcb-b3b9-f0a9de1769bb,My card has not arrived yet I ordered it weeks ago I need it now Please tell me the delivery status and when it will actually show up,11,card_arrival,panicking_emergency
60708c60-253a-4116-9407-76d69d0a9ffc,"Good day, I am writing because I have not yet received my newly ordered payment card despite the expected delivery date having passed; could you please verify the current dispatch and delivery status and advise on the next steps to ensure it reaches me promptly?",11,card_arrival,polite_expert
82c5fc2a-f555-4bb6-bef4-99d592d18029,"Good day, I am writing to confirm when my replacement debit card will arrive, as it has not been delivered yet despite my order being placed over a week ago, and I would also appreciate any available delivery status or tracking details.",11,card_arrival,polite_expert
8d5ef8e4-165d-4290-ac05-5551e52e4b69,"Good day, I am writing because my replacement debit card has not yet arrived; I placed the order approximately two weeks ago and would like to confirm the shipment status and the expected delivery date, as well as whether the card may have been misrouted.",11,card_arrival,polite_expert
766875e6-4273-4484-976c-635b6209f259,"Good day, I would like assistance because I have not yet received the payment card I ordered, and I am concerned about its delivery status; could you please advise how I can confirm its whereabouts and the expected arrival timeline?",11,card_arrival,polite_expert
323ba314-c92e-4dd0-b5c0-937fc5a326a1,"Good day, I ordered a replacement debit card and it has not arrived yet; could you please advise how I can track its delivery status and what the next steps are if it remains undelivered after the expected timeframe?",11,card_arrival,polite_expert
cf2ca80a-901e-480d-a26b-41bd08cad833,"Good day; I would like to report that my newly ordered debit/credit card has not yet arrived, and I would appreciate confirmation of the expected delivery timeline and whether there are any issues with the shipping status for my address.",11,card_arrival,polite_expert
9eeebbf2-05f1-44fd-b2ec-4c49deec6437,"Hey, I ordered a replacement card like 10 days ago and it still hasn’t shown up—can someone check the status for me?",11,card_arrival,gen_z_slang
64145749-1e1b-4d9e-a973-a857c7abbef8,"Hey, I ordered my debit card like 2 weeks ago but it still hasn’t shown up—what’s the status and is there a way to track when it’ll arrive?",11,card_arrival,gen_z_slang
0d2877d9-4495-44ba-a02c-77925e44800d,"Yo, I’m waiting on my new card and it still hasn’t shown up—how do I track the delivery, and should I be worried after this long?",11,card_arrival,gen_z_slang
bd8a0524-b080-49a0-8be7-33e84a5c052e,"Hey, my new debit card was supposed to arrive already but it hasn’t shown up yet—can you check where it’s at and when I should expect it?",11,card_arrival,gen_z_slang
19dc3e6c-7307-4a8d-8281-5584e03265c0,"Hey, I ordered my debit/credit card like 7 days ago and it still hasn’t shown up—can you check the delivery status for me and tell me when I should expect it?",11,card_arrival,gen_z_slang
23efd0c1-a376-45ba-ab28-dd0f1e8de27c,"Hey, I’m still waiting on my new card—any idea when it’ll actually arrive, and is there a tracking number/link I can use to check the shipment status?",11,card_arrival,gen_z_slang
e405fced-52ab-4eeb-95b9-e10d671571ac,"Hi, I ordered a new bank card, but it still did not arrive. It is already many days. Can you check where it is and when I can get it?",11,card_arrival,non_native_speaker
433ae0d5-6487-421a-8356-28b8cbe93cb6,"Hi, I ordered a new card, but I still don’t receive it. Can you please tell me when it will arrive, or if there is any problem with the delivery?",11,card_arrival,non_native_speaker
9d6a6be5-94d4-400c-81f1-209157da4adb,"Hi, my new card still has not arrived. It was shipped, but now I wait very long time. Can you please check where it is and tell me when I can get it?",11,card_arrival,non_native_speaker
eaa19fa2-f2b6-419b-b0e2-1b259b04811a,"Hi, I was waiting for my new bank card, but it not arrived yet. I ordered it about 2 weeks ago. Can you check why the delivery is late and what I should do now?",11,card_arrival,non_native_speaker
c0ab4972-1358-4163-84db-42341032c0b5,"Hi, I ordered my new bank card like 3 weeks ago, but I still don’t get it. Can you tell me when it will arrive and what I need to do now?",11,card_arrival,non_native_speaker
f37ae177-5d3b-42b0-b70f-4a8c1d67e965,"Hi, I order a new card last week, but I still don’t get it. Is it normal to wait so long? Please help me check where my card is.",11,card_arrival,non_native_speaker
ad3c37ae-3802-499e-8161-388805c59ac4,New card not arrived yet. Any tracking?,11,card_arrival,short_wording
3e0b22f1-e12a-4866-99fa-a6a51823f66e,"Card not arrived yet, where is it?",11,card_arrival,short_wording
a61cc9cf-49cc-41d5-853c-1cb62f0cd8cb,Card not arrived yet. Tracking no update. How long?,11,card_arrival,short_wording
b2f1fde3-901a-4e54-941d-6202a8783d51,Card not arrived yet—tracking says shipped. How long?,11,card_arrival,short_wording
26bd5a80-fcad-4c27-ac7c-46b06bdd53b8,"Card not arrived yet, how long?",11,card_arrival,short_wording
1ce646d5-0504-44b5-bb92-c22128a379d4,Card not arrived yet,11,card_arrival,short_wording
6e8e6541-f4e6-4d25-8216-51d5d4cd4c9f,"I’m seriously pissed off—when the hell is my card actually getting delivered? I’ve been waiting forever and nobody can give me a straight answer, so tell me the exact date or at least a real time window, not vague nonsense.",12,card_delivery_estimate,angry_layperson
526f50d7-5376-4c87-9161-1b87ccab7f05,"My card better not take forever. Can you tell me when it’s actually going to show up, like a real delivery date? I’m tired of guessing and waiting around for nothing.",12,card_delivery_estimate,angry_layperson
15524e83-5a77-40e8-9111-6bdd381098e3,"I ordered my card forever ago and now you’re telling me nothing—when the hell is it actually going to show up in the US? Give me a real delivery date, not some vague nonsense.",12,card_delivery_estimate,angry_layperson
e0218c1b-6875-4d86-876d-ffd4aaa4d822,"My card was supposed to be here way sooner, but it’s just not showing up. How many days is this going to take and can you tell me when it’s actually arriving, because I need it by this weekend.",12,card_delivery_estimate,angry_layperson
ded60081-a2e4-47bb-8ed0-ba23f4feba13,"I ordered my card and it’s been forever—when the hell is it actually going to show up at my address? I need it soon, so tell me the real delivery date, not some vague guess.",12,card_delivery_estimate,angry_layperson
e0c5e6da-2e41-4e4f-a57d-3b39ae05cb56,"I ordered my card ages ago and I still don’t have it—what the hell is the delivery date, and why is it taking so long? Give me a real ETA, not excuses.",12,card_delivery_estimate,angry_layperson
9fc964e9-e93b-4a08-8d6b-87343071c1af,"I ordered a new debit card and it still has not arrived  
How long is this supposed to take  
I need it for payments now  
Please tell me the delivery timeline and the tracking status right away",12,card_delivery_estimate,panicking_emergency
bb15794f-e3b5-41f2-bf36-fc8af5edc0c2,I need my card ASAP. When exactly will it arrive. I ordered it and still nothing. Please tell me the delivery date and tracking now.,12,card_delivery_estimate,panicking_emergency
9b471bf0-da71-4d7a-b63c-cdc9e2f98e5f,I ordered my new debit card weeks ago and it still has not arrived. What is the exact delivery ETA now. I need it urgently. Tell me the latest date for US delivery.,12,card_delivery_estimate,panicking_emergency
289c339c-5bbe-4502-951e-d1ceb2da29f1,I ordered a new debit card and the delivery estimate is too long. I need it delivered ASAP today or tomorrow. What is the fastest option available and when will it actually arrive. I cannot wait weeks. Please check my order now and tell me the exact delivery date.,12,card_delivery_estimate,panicking_emergency
b5e16144-3067-4ffc-9071-745ddeff4331,I need my debit card ASAP. When will it actually arrive today or tomorrow. Tracking says nothing. I cannot wait. Please give me the exact delivery date and time window now.,12,card_delivery_estimate,panicking_emergency
d89a70a8-5a7d-41cc-8939-9637bb37f819,My card is not here yet. How many more days. I need it immediately. Tracking shows nothing changing. Please tell me the exact delivery time right now. I am stuck without it.,12,card_delivery_estimate,panicking_emergency
a6c5bebd-f50a-4f6e-b798-0bd2562f27e9,"Hello, I recently placed an order for a new debit/credit card and would like to confirm the expected delivery timeframe to my address in the United States, as I need to plan accordingly—could you please check the current delivery status and provide the most accurate estimated arrival date?",12,card_delivery_estimate,polite_expert
33d6c72a-bfc3-41ba-a33c-0c64f84172fc,"Dear Customer Support, I would like to confirm the expected delivery date for my newly ordered debit card and, if possible, obtain an estimated delivery window based on my current shipping address, as I need to plan accordingly.",12,card_delivery_estimate,polite_expert
4dedc919-d682-4fd9-8b41-ebd377d64dbb,"Good day, I would like to confirm the expected delivery timeframe for my card, as I am planning around its arrival and would appreciate your estimate for the country and postal code to which it will be sent.",12,card_delivery_estimate,polite_expert
8f4c502e-cad5-476e-a94c-8c4b461bd5eb,"Good day; I would like to confirm the expected delivery timeline for my new card to my address in the United States, including the estimated date it should arrive and whether there are any delays currently affecting standard shipping.",12,card_delivery_estimate,polite_expert
bdc9bf38-ccea-4e1c-a7e3-b8c7c75fa75a,"Good day, I would like to confirm the expected delivery timeframe for my new debit card, as the tracking information is not yet providing a clear date; could you please advise when I should realistically receive it at my address and whether any factors could affect the schedule?",12,card_delivery_estimate,polite_expert
28209dfc-d3fc-488b-974f-fa7a7ade04fe,"Good day, I would like to confirm the expected delivery timeframe for my newly issued card and, if possible, advise whether it is currently in transit or still being processed, as I am planning around when it should arrive.",12,card_delivery_estimate,polite_expert
bfe739e7-91f8-4fab-9fa1-4246bce7c3c7,"Hey, when should my new card arrive? I’m trying to figure out the delivery date/ETA and whether it’ll come in time for me.",12,card_delivery_estimate,gen_z_slang
3c14d779-4ae7-4729-9e35-9810e9ea532e,"Hey, I just ordered a new debit card and I’m tryna figure out when it’ll actually arrive—what’s the estimated delivery date for my address?",12,card_delivery_estimate,gen_z_slang
8a06b479-52a2-4b8d-8d85-f48aba3e3d05,"Hey, quick q—how long should I expect my debit/credit card to arrive? I ordered it and it’s been a few days, just tryna know the delivery timeline.",12,card_delivery_estimate,gen_z_slang
082a9999-1cc4-47d2-9bad-0728d8401c4e,"Hey, I just ordered my new card and it’s been like a week—what’s the usual delivery timeline, and is there any way to pick a specific delivery date?",12,card_delivery_estimate,gen_z_slang
e44ea58e-5933-4fcc-afb1-35f8af42226d,"Hey, I ordered a new debit card and the delivery date in the app looks kinda vague—what’s the exact timeframe for when I should expect it to arrive?",12,card_delivery_estimate,gen_z_slang
b6bd141f-bf4b-42d0-9e0e-d4c9cff2cf22,"Hey, quick q—how long is the delivery timeframe for my new card, like when should I expect it to arrive?",12,card_delivery_estimate,gen_z_slang
c6a53cfa-2c6d-48ad-b049-9c05d5fe94c5,"Hi, I want to know how long it will take to deliver my new card to my address in US. Can you tell me the exact time, please?",12,card_delivery_estimate,non_native_speaker
db2c7504-86f9-464b-a8a2-c36d2aab96ea,"Hi, I just ordered my new card, but I want to know how long it will take to arrive. When should I expect it at my address?",12,card_delivery_estimate,non_native_speaker
d0d1643e-5b7c-4c7c-a7b8-6b766ed0e2d3,"Hi, I just ordered a new debit card and I live in the US. How long is the delivery time, and when can I expect it to arrive?",12,card_delivery_estimate,non_native_speaker
5439afd5-c2e3-444d-b9af-fb72ec2b7683,"Hi, I am waiting for my new card. The delivery date is not clear for me, can you tell me when it will arrive? I need it by Friday if possible.",12,card_delivery_estimate,non_native_speaker
a93312bf-27b6-431d-8e3e-ec9de866387f,"Hi, I want to ask, when I can get my new bank card? The delivery date not clear for me, please tell me how many days left.",12,card_delivery_estimate,non_native_speaker
022c86bd-c06c-48af-9f5f-4a225be50d46,"Hi, I order new debit card last week, but still no card. Can you tell me the delivery time for the US, like exact ETA?",12,card_delivery_estimate,non_native_speaker
f05e1cc9-a4e7-4fed-b33c-6d91e5ae012c,Card delivery timeline? Arrival date?,12,card_delivery_estimate,short_wording
428fdbe3-71f5-4c13-9083-6cb2a4d70584,Estimated card delivery time?,12,card_delivery_estimate,short_wording
9809537b-f0d3-47bc-b07e-51b31b07a1ef,Delivery time for my card?,12,card_delivery_estimate,short_wording
7d067355-0e22-4aed-b2c4-062395c8602d,Card delivery timeline? Tracking shows delayed. ETA for arrival?,12,card_delivery_estimate,short_wording
e00f89fc-3096-4450-95db-660754c3b340,Delivery date estimate? When arrive?,12,card_delivery_estimate,short_wording
9b7d1205-8a7d-4d22-a099-06cbf23fd7a8,Expected delivery time? Card arrival date?,12,card_delivery_estimate,short_wording
5bf78051-a77d-47ac-854d-1a074ed48cd3,"I’m sick of this, I got a new card and I can’t get it to show up in the app or get it tied to my account—what the hell am I supposed to do, seriously?",13,card_linking,angry_layperson
ec73ca54-005b-46fa-a374-b7a5e731592c,"I’m trying to hook up my card and it’s not working—where the hell do I even go to link it, because the site keeps blocking me and I’m sick of wasting my time.",13,card_linking,angry_layperson
1e29b32e-4bf8-4a9c-9cbc-dbfb417b4731,"I just got my new card and I’m trying to hook it up in the app, but it keeps refusing—what the hell is going on, and how do I get this thing linked already?",13,card_linking,angry_layperson
5252b26f-0d87-4cfc-8c07-c95affacb3f5,"I just got a new card and I can’t get it to work—where the hell do I go in this app to link it, because nothing I tap lets me add the damn card and I’m sick of wasting my time.",13,card_linking,angry_layperson
e633b064-693a-4662-8513-0353aaa7f9ba,"I just got my new card and I can’t get it to show up in the app or get it linked—what the hell is going on? I’m tired of jumping through hoops, tell me exactly how to fix it.",13,card_linking,angry_layperson
28292aca-3dd7-4b14-995b-e129477345cc,"I’m trying to hook up my card and it keeps failing every time—what the hell is going on? I can’t figure out where to put the card details in the app, and nobody’s giving me a straight answer.",13,card_linking,angry_layperson
0518de11-3152-43e0-ba20-0f9729ae812c,I tried linking my card and it fails every time. It says verification not completed. I need access today. Where do I go and what exact steps. Please fix this now.,13,card_linking,panicking_emergency
f866d205-783b-412e-9d34-a4deaa079969,I cannot link my card right now It keeps failing at the step where I enter the card details I need it working today I am locked out and the app shows nothing useful Please tell me exactly where to go in the app and what to fix fast,13,card_linking,panicking_emergency
b487a979-2059-4c01-960b-b30e2f405460,I cannot link my card right now it just fails every time I try I need it working today I do not know where the link option is on your app and support is not answering please tell me exactly what to do step by step right now,13,card_linking,panicking_emergency
1def30ff-b7fb-4736-a232-c6631bab4aab,I am trying to link my new card right now and it keeps failing. It says verification not working. I cannot make purchases. I need it linked today. Please fix immediately.,13,card_linking,panicking_emergency
8f457e63-451f-4695-985c-04fa54799b2a,I just got a new debit card and I cannot link it in the app. The app keeps rejecting it. I need payments today. What do I do right now to make it work.,13,card_linking,panicking_emergency
87405cf4-fc12-4e24-9870-9168b1cb38c2,I cannot link my card in the app it keeps failing every time I try I already have the physical card but it does not show up please help right now I am locked out and need this for payments today,13,card_linking,panicking_emergency
c035dbb5-e01c-4504-ba85-5edad04d3790,"Hello, I have received my replacement debit card, but it is not appearing in my mobile banking app; could you please guide me on how to link the new card so that it becomes usable for transactions?",13,card_linking,polite_expert
afdd024b-36ed-47e8-9bd4-0965aa410ba0,"Hello, I have just received a new debit card and I would like assistance linking it to my account in your mobile banking application; however, the process is not completing successfully on my end, and I would appreciate step-by-step guidance to ensure the card is properly verified.",13,card_linking,polite_expert
dc8eee32-67bb-4d78-bb82-7ac52d0d5072,"Good day, I would like to link a new payment card to my account in the mobile banking application, but I am unable to complete the card verification step—could you please advise where I should do this and what information I need to provide to ensure the card is successfully activated for transactions?",13,card_linking,polite_expert
2696a2a3-6d12-4648-9b4d-1e3f8f8a3c16,"Good day, I would like to link my new bank card to my account, but I am unable to find the correct option in the app or website; could you please advise the exact steps to complete the card verification and successful linking?",13,card_linking,polite_expert
fe05d7e7-069c-4cc9-bacf-5cac7a0b9ea4,"Good day, I would like assistance with linking the debit card I recently received to my account, as the mobile app is not offering any option to complete the card registration—could you please advise the correct steps or check whether my card is eligible to be linked?",13,card_linking,polite_expert
47295e2b-b568-4065-a3a4-fc7ec37912c2,"Good day, I have just received my new debit card and I would like assistance linking it to my existing account within the mobile banking application, as I am unable to complete the setup during verification—could you please guide me through the correct steps and confirm what information you will need from me?",13,card_linking,polite_expert
e9a593dc-5cfa-4117-8d7a-96d56c902314,"Hey, I’m trying to add my debit card to the app but it won’t show up or let me link it—can someone help me figure out what I’m doing wrong?",13,card_linking,gen_z_slang
cafeaa93-9044-4b4b-b51f-a6ddf97831cc,"Hey, I just got a new card and I can’t figure out where to link it in the app—can someone point me to the right spot and what I gotta do?",13,card_linking,gen_z_slang
f7308757-d736-4c37-bd1c-abddf3216118,"Hey, I just got a new debit card—how do I add it to the app so it’s linked and ready to use?",13,card_linking,gen_z_slang
ce1cdf9d-cb47-4e51-9aec-cf57e177507b,"Yo, I just got a new debit card and I can’t seem to add it to my account in the app—what steps do I need to follow to get it linked?",13,card_linking,gen_z_slang
8d06877f-0d53-4fd5-b29c-632716cbcf1c,"Hey, I just got my new debit card—how do I add it to the app? I can’t find where I’m supposed to enter the card details, pls help.",13,card_linking,gen_z_slang
0e5b4d53-3ccf-4ec7-a9ad-25a53858a13e,"Hey, I just got a new card and I can’t figure out how to connect it to my account—every time I try, it either fails or won’t show up. Can you help me get it linked?",13,card_linking,gen_z_slang
599dad65-dbfe-4123-bcde-73fb9eb114e1,"Hi, I need help to connect my bank card to the app. I have the card already, but it can not link in the app. Please tell me what I need to do, step by step.",13,card_linking,non_native_speaker
590e965c-5ce0-474d-a471-693c24fb972a,"Hi, I have a problem to connect my new card. I try many times, but it always says failed. Can you help me link it to my account?",13,card_linking,non_native_speaker
a7e21a80-e2e3-4872-95c0-1cc6d8be8592,"Hi, I have my new card now, but it is not showing in the app. How can I connect it to my account? Please help.",13,card_linking,non_native_speaker
e2815a93-484d-49d3-98ed-ea28aa9daaff,"Hi, I need help please. I try to connect my new card, but it says not working. I enter all info right, but still can not link it. Can you help me fix this?",13,card_linking,non_native_speaker
6438cbe0-2cda-40a7-9fc4-cc09e1ae980f,"Hi, I just got my new bank card. I try to add it in the app, but it don’t work. Can you tell me how to link it step by step, please?",13,card_linking,non_native_speaker
5deced7c-60ba-4805-a0a7-cac3efa946ab,"Hi, I try to link my new card in the app, but it not show and not accept. How can I do it, please?",13,card_linking,non_native_speaker
28b83747-a5ce-4a45-b888-61f2fb97aecb,Received new card; not showing in app. How to link?,13,card_linking,short_wording
161140d8-b2ab-4d6a-b94f-275b04450782,Link new debit card not working,13,card_linking,short_wording
46b82ba1-cabe-48a1-8d6b-3a50cf5b9729,New card received; add to app?,13,card_linking,short_wording
1bf641fa-2c5f-4d47-a46d-2104315900f5,"New card, not showing app",13,card_linking,short_wording
207c151c-e506-4b28-9916-2fe22fd99d33,New card won’t link to account.,13,card_linking,short_wording
5fecce65-7031-4287-9788-6bf300091777,Can’t link my card to app,13,card_linking,short_wording
a6fd1905-ad42-4bcb-b248-a390d0edb571,"My card is not working at all—swipe, tap, nothing—what the hell is going on, and why am I being left stuck like this?",14,card_not_working,angry_layperson
9111e017-dd2f-4541-a0d2-15f7b95afb03,"My card just stopped working out of nowhere today, and I’m stuck unable to pay—this is ridiculous, fix it or tell me what the hell to do next.",14,card_not_working,angry_layperson
e005aa65-90b1-422b-beb2-78d5965e0296,"My card straight up doesn’t work at all—ATM says no and every shop just declines it, and I’m sick of this nonsense.",14,card_not_working,angry_layperson
f6168d2c-b86d-499a-8592-8451c9e5145e,"My damn card won’t work at all—every time I try to pay, it just gets denied, and I’m sick of getting the runaround.",14,card_not_working,angry_layperson
20b58dda-a746-4b7e-b54c-9b69800a6b17,"My card is straight up not working anymore—every time I try to pay it gets declined like it’s dead, and I’m fed up.",14,card_not_working,angry_layperson
d2171d23-4acc-4767-bedf-5d41e65ba2b8,"My damn card won’t work at all when I try to pay—this is ridiculous. I’ve tried multiple times and it keeps getting declined, and I need it fixed right now.",14,card_not_working,angry_layperson
0ca78be7-4971-4a17-a009-228c8a210913,My card just stopped working at the store. It gets declined every time. ATM also fails. I cannot pay rent right now. Please tell me how to fix this fast. I need access today.,14,card_not_working,panicking_emergency
ec42b98e-ec48-4380-9e95-c273667e0bf8,Urgent help now my bank card is not working at the ATM and at the store it keeps getting declined I need money today I have tried again and again please fix this fast,14,card_not_working,panicking_emergency
7039d1ff-b682-45b8-b485-2cdf3ab29f52,I am panicking my bank card will not work at all at the ATM and at the store it just gets declined again and again I need cash today please fix this now,14,card_not_working,panicking_emergency
9754f6e1-fae4-4c82-adaa-654c30672eab,My card stopped working today at the ATM and at the store. It keeps getting declined. I need to pay now. I did not deactivate it. Please tell me what to do immediately.,14,card_not_working,panicking_emergency
a29b8178-e62d-4e73-b225-d77ecebb3a3c,My card is not working right now. I tried in two places it keeps getting declined. I need cash and I cannot pay. Please tell me what is wrong and what to do next now.,14,card_not_working,panicking_emergency
4e1c6848-f489-40fa-a80b-2fdcaaf72138,My card will not work at all. The ATM declines it. The shop says declined too. I need cash now. Please fix this immediately.,14,card_not_working,panicking_emergency
b27f44b5-7463-488f-b1f5-cc820c27ffe0,"Hello, I would like your assistance because my payment card is currently not being accepted at the point of sale, and transactions are being declined; could you please advise what might be causing this and what steps I should follow to resolve it?",14,card_not_working,polite_expert
73c31abc-3c22-451b-b748-f7fc6601dfec,"Good day, I am contacting you because my bank card has stopped working; when I attempt to make a purchase, the transaction is rejected, and I would like assistance in determining the cause and restoring functionality.",14,card_not_working,polite_expert
55f229a2-1417-462f-9d82-af506f82ece1,"Hello, I would like your assistance because my bank card is not being accepted during transactions, and it fails to go through even when I attempt it at different merchants; could you please help me identify the cause and advise on the next steps to restore proper card functionality?",14,card_not_working,polite_expert
dda9fcbd-01e4-4c7c-a6fa-8850a87374d3,"Good day, I am experiencing an issue where my payment card is not working at all, and I would like to understand what could be causing the decline and what steps I should take to restore successful transactions as soon as possible.",14,card_not_working,polite_expert
bd3083db-91c2-467a-b958-40767a94cfdd,"Hello, I am experiencing a problem with my debit card: when I attempt to make a payment, the transaction is declined and the card does not work at the terminal. Could you please advise on the most likely causes and the next steps I should follow to resolve this?",14,card_not_working,polite_expert
18b488e7-68e6-42f4-aa7b-6013704a1a7b,"Hello, I hope you are well. My payment card is not working at the moment; I attempted to use it today at a purchase terminal, and the transaction was declined, so I would like your assistance in determining the cause and the appropriate next steps.",14,card_not_working,polite_expert
4575e66f-3161-4bfa-a7c6-66f0859ea339,"Hey, my debit card just randomly stopped working at the ATM and in-store—keeps getting declined even though I know I’ve got funds. Can you help me figure out what’s going on?",14,card_not_working,gen_z_slang
592f35a2-2d1f-426e-b0bb-0e3585a30fcf,"Hey, my debit card just won’t work at all—ATM says it’s declined and stores can’t charge it either. Can you help me figure out what’s going on?",14,card_not_working,gen_z_slang
9c97ca06-6f67-4685-9ee0-204b9e6c94a7,"Yo, my debit card keeps getting declined—I've tried a few times at different places and it still won’t go through. What’s up?",14,card_not_working,gen_z_slang
44387a4a-dd1d-4f59-b9f3-524f9a192379,"Yo, my debit card isn’t working—ATM keeps declining it and card readers say “not accepted.” Can you help me figure out what’s up?",14,card_not_working,gen_z_slang
b476fa25-6018-4fb8-9e8d-f0f1c315b650,"Hey, my debit card just won’t work—tried it in a store and at an ATM a few times and it keeps getting declined. Can someone help me figure out what’s going on?",14,card_not_working,gen_z_slang
d7e4b75e-ee30-41ba-a9bf-ab7efc5361f7,"Hey, my debit card just won’t work—it gets declined every time I try to pay, even at different places. Can you help me figure out what’s going on?",14,card_not_working,gen_z_slang
08dc184d-42de-4b47-a78e-7ec05e70d5a3,"Hi, please help me. My card does not work today, I tried in the shop and also at the ATM, but it always gets rejected. Can you tell me what is wrong?",14,card_not_working,non_native_speaker
502d5806-a5ee-444b-8dc4-16684f5898b8,"Hi, my bank card is not working at all. I try to pay and also at the ATM, but it always says denied. Can you help me please?",14,card_not_working,non_native_speaker
15ed4088-24ec-4fa1-94c4-0751d3f29858,"Hi, my card is not working at all. I try to pay in store and it always fails. What can I do now?",14,card_not_working,non_native_speaker
e7fc6b66-e7c9-4813-b67f-7f390b1c7b30,"Hi, please help me. My bank card does not work today. When I try to pay, it always gets denied, and I can’t use it.",14,card_not_working,non_native_speaker
41280d33-ed5d-4e5c-b39e-4980b84e0628,"Hi, my bank card not working today. It was working before, but now every shop says card declined. Please tell me what I need to do.",14,card_not_working,non_native_speaker
40efbe23-d6cf-4ff6-b4d6-0c71a1f988ef,"Hi, I need help. My payment card is not working today, nothing goes through, it gets declined again and again. Please help me check what is wrong.",14,card_not_working,non_native_speaker
4ba1e8f9-4454-4f91-bd98-6d98e0492ad0,Card won’t work at ATM/terminal,14,card_not_working,short_wording
953ebf67-06f9-4c26-9939-e67a241f30a0,Card not working in store/ATM,14,card_not_working,short_wording
1a73f193-cf5f-4ab0-9a06-91f3fe5e7d77,Card not working at ATM,14,card_not_working,short_wording
3c11ed2a-4dc5-49f8-9de3-a3d1f8a3f5bb,Card not working at checkout.,14,card_not_working,short_wording
65c3669b-0547-4bed-99b4-36c3ea6e5239,Card not working at ATM.,14,card_not_working,short_wording
5b50c2ad-f73c-4927-96e6-43c8c0894355,Card not working at checkout. Declined.,14,card_not_working,short_wording
d7cf3a23-5011-400e-ae05-4973d44e70ff,"What the hell, you charged me a fee just because I paid with my card—nobody told me that. I want that money back and an explanation, right now.",15,card_payment_fee_charged,angry_layperson
c48724f2-4b54-4456-8b3a-16cdf9b1cf90,"What the hell is this extra charge on my card payment for? Nobody told me I’d get hit with some additional fee, and I’m not paying for surprises—this needs to be explained and sorted out now.",15,card_payment_fee_charged,angry_layperson
ca28b8d7-8dae-46db-8cca-482e6ada0e2d,"I just got hit with an extra charge on my card payment and I have no idea why—this is straight-up bullshit, you need to explain it and fix it right now.",15,card_payment_fee_charged,angry_layperson
cb0e43c5-ce48-4da4-90f5-7f9e9fe677c4,"What the hell, I used my card and now you slapped an extra fee onto my account for no reason—how do I know what you’re charging me and can you reverse it right now?",15,card_payment_fee_charged,angry_layperson
d504d770-fa33-4a06-9e15-f5c41141e4a9,Why the hell did you hit me with an extra fee on my card payment when nobody told me anything about it first?,15,card_payment_fee_charged,angry_layperson
40ea29a7-bbce-4414-9f29-7dbcf6433f2b,"You’ve just charged me a fee for using my card, and I didn’t agree to that crap—tell me why you took extra money and refund it now.",15,card_payment_fee_charged,angry_layperson
367900c7-da21-4ee3-8275-6b98cde85a49,I just paid with my debit card and you charged me an extra fee again This is wrong I did not authorize any extra charges Please stop it now and refund the fee immediately I need confirmation today,15,card_payment_fee_charged,panicking_emergency
7dcd9fbd-ec25-4122-94f4-87ea766db01a,I got charged an extra fee after a card payment today. I did not agree to any fee. Please reverse it immediately. Tell me exactly why it happened and where the charge shows up. I need this fixed fast.,15,card_payment_fee_charged,panicking_emergency
8a5f49a8-6b57-4fae-9ab6-a5237dc77f14,I just got charged extra on a card payment I made today I was not told about any fee I need this reversed now show me exactly what fee this is and why it was charged,15,card_payment_fee_charged,panicking_emergency
406bfa32-e79a-4e2e-baba-39c4fac73481,I got charged an extra fee when I paid with my card at checkout. I did not agree to any fee. Please stop this and tell me why it happened. I need the fee reversed immediately.,15,card_payment_fee_charged,panicking_emergency
e03f667f-15fc-4dee-b2fd-f3ba6bb73318,I got charged a card payment fee today for a purchase I already paid for I did not agree to any extra charges What is this fee and can you refund it now,15,card_payment_fee_charged,panicking_emergency
61747740-acd9-4cd5-9a7d-6f7b6ee769e3,I got charged an extra fee on a card purchase today. I did not agree to any extra charge. Why is this fee showing up now. Please refund it and explain it immediately.,15,card_payment_fee_charged,panicking_emergency
2c317100-18a9-45cb-9a17-bfd35bd5760b,"Good day, I am contacting you because I have noticed an additional fee has been charged on my card account following a recent card purchase, and I would like to understand the reason for this charge and confirm whether it is correct.",15,card_payment_fee_charged,polite_expert
ada5f563-aa36-42bd-ae39-b6ff19e56843,"Good day, I would like to ask for clarification regarding a fee that appears to have been charged on my recent card purchase; could you please confirm the reason for this additional card payment fee and advise how it is calculated and where it is disclosed on my account?",15,card_payment_fee_charged,polite_expert
63508b72-9c97-44db-b4db-2990bd669bad,"Good day, I would like to report that I have recently made a card payment, and an additional fee appears to have been charged on my statement; could you please confirm why this fee was applied and whether it is refundable or avoidable on future transactions?",15,card_payment_fee_charged,polite_expert
a6750c16-beba-47fd-9f16-751a68975456,"Hello, I would like to understand why an additional fee was charged to my account following a card payment; could you please confirm the reason for this charge, specify the amount and the applicable fee rule, and advise whether it will be credited or reversed if it is not consistent with the tariff I agreed to?",15,card_payment_fee_charged,polite_expert
acb18dbc-376c-4fd3-8d58-b1d65e1d5ac7,"Good day, I would like to report that I was charged an additional fee for a recent card purchase, and I would appreciate it if you could confirm the reason for this extra charge and whether it should be refunded or corrected.",15,card_payment_fee_charged,polite_expert
1c50bf74-8e03-4c73-ab54-ff2dcbda7a9b,"Good day, I would like to report that a fee has been charged to my account following a card purchase, and I would like you to confirm the exact reason for this charge, the applicable fee percentage or fixed amount, and whether it is associated with the specific merchant transaction or with my card usage generally.",15,card_payment_fee_charged,polite_expert
03167b0a-b05e-4d4d-8edf-b7d008e5d6ec,"Hey, I just got charged a fee for a card payment and I’m confused—can you tell me why this fee showed up and where it’s listed in the terms?",15,card_payment_fee_charged,gen_z_slang
2d54fb19-d48f-4a88-8c3a-7caac8aa6b96,"Yo, I just got charged an extra fee on my card purchase and I don’t get why—what is this fee for and how can I check if it’s legit?",15,card_payment_fee_charged,gen_z_slang
f933f307-4af1-4647-9853-16942c9bba4b,"Yo, I just paid with my card and got hit with an extra fee—can you tell me why and how I can get it fixed?",15,card_payment_fee_charged,gen_z_slang
55317e59-f6ef-44a6-8aa1-5e8907278a7e,"Yo, I just got hit with an extra fee on my card payment—can you tell me why that charge happened and how to get it sorted?",15,card_payment_fee_charged,gen_z_slang
68ef60b7-7bff-44c8-8f58-698054f075a8,"Yo, I used my card for a purchase and now there’s an extra fee charge showing up—can you tell me why it got added and what it’s for?",15,card_payment_fee_charged,gen_z_slang
d71f9a2b-9488-47cb-9ec4-4d0fc3b04868,"Yo, I just got charged an extra fee on a card purchase and idk what it’s for—can you check why that fee got added?",15,card_payment_fee_charged,gen_z_slang
50f4d2f6-342d-4973-b21a-4aaa2ee236df,"Hi, I have a problem. I paid with my card for a normal purchase, but later I see extra fee charged. Why this fee charged to me? Please help.",15,card_payment_fee_charged,non_native_speaker
9b69e676-0b58-427c-b52b-b16e93625f6f,"Hi, I see a charge on my account for using my card, but I don’t know why there is a fee. Can you check please and tell me what this payment fee is for?",15,card_payment_fee_charged,non_native_speaker
22f456ab-04fb-47bb-8494-74a056910d66,"Hi, I paid with my card for a normal purchase, but later I see extra money taken as a fee. Why I am charged this extra, and can you help me check it and get it back if it is mistake?",15,card_payment_fee_charged,non_native_speaker
58c821ab-a496-4064-83ee-a295789a9246,"Hi, I am very confused. Today I paid with my card, but then I see extra money charged as a fee. Why this fee happen, and how can I know the exact amount?",15,card_payment_fee_charged,non_native_speaker
86c086be-2450-46f9-a738-7ba9a33120e9,"Hi, I check my bank app and I see extra charge after I pay by card. Why I get this fee, and can you help me remove it or refund?",15,card_payment_fee_charged,non_native_speaker
b757ab37-6332-46ef-9951-ff17e6e55fe7,"Hi, today I see a extra charge on my account. They charged me a fee when I paid by card, but I don’t know why. Can you check and tell me what is this charge for?",15,card_payment_fee_charged,non_native_speaker
7e3d4bd2-8f83-4921-99da-d750baa28e40,Card payment fee charged. Why?,15,card_payment_fee_charged,short_wording
322df725-6aef-433c-8888-86d687fc6cf1,Charged fee on card payment—why?,15,card_payment_fee_charged,short_wording
a9f15e85-21e4-4f75-9cde-b9f136f14b69,Extra card payment fee charged. Why?,15,card_payment_fee_charged,short_wording
76fa008c-9c22-4912-a67e-b17e14933bfd,Unexpected card payment fee charged. Why?,15,card_payment_fee_charged,short_wording
1259e063-da74-4f27-aea0-cccbae3e5dea,Extra fee charged after card payment. Why?,15,card_payment_fee_charged,short_wording
c4f08f98-e640-4acf-bffe-502a2c87c794,Charged extra card payment fee,15,card_payment_fee_charged,short_wording
4ce43562-2f02-4396-9589-f8e985ebe376,"Some payment just popped up on my card and it’s not something I made, and I’m sick of this bullshit—what the hell is going on, and can you block the card right now while you sort it out?",16,card_payment_not_recognised,angry_layperson
b725fa1c-e39a-43bf-a5b9-7f8a2e359e19,"What the hell, I just looked at my statement and there’s a payment on there that I don’t recognize at all, and I sure as hell didn’t buy anything—how do I get this fixed right now?",16,card_payment_not_recognised,angry_layperson
eaff0413-a97a-4582-8500-c8e2a5523aab,"What the hell, I’ve got a payment showing up that I didn’t make—this is not my purchase. I want it investigated and removed right now, because this looks like someone’s messing with my card.",16,card_payment_not_recognised,angry_layperson
9ea13f96-8f54-4c9c-ad51-a799cb3e9f50,"What the hell, I just got hit with a card payment I don’t recognize, and nobody has explained it. I want this sorted out and removed right now, because I sure as hell didn’t make that purchase.",16,card_payment_not_recognised,angry_layperson
87284474-e46e-4707-90af-0b5a8990ac86,"I got charged for some payment I didn’t make, and your app isn’t even making it make sense—this is straight-up fraud or a mix-up, and I need it fixed right now.",16,card_payment_not_recognised,angry_layperson
1bca49eb-36c8-4cf5-8cf7-d5ba04ee1d60,"What the hell is going on—my account shows a payment I didn’t make, and I’m not just watching this happen. I need this stopped right now. Is my card stolen or hacked, and am I getting my money back?",16,card_payment_not_recognised,angry_layperson
b5012d54-d9fb-41fc-86e6-3ef09fda0edf,I just got a notification for a card payment and it is not recognized by me. I did not make this charge. The merchant name means nothing to me. Please stop this and investigate immediately.,16,card_payment_not_recognised,panicking_emergency
773c5dcd-520a-4877-a46c-a5b6aa413e17,My card payment is not showing as recognized I got charged but the merchant claim fails I cannot confirm it I need this fixed now I do not recognize the transaction,16,card_payment_not_recognised,panicking_emergency
b215d9b8-5332-432c-aa5b-ea0ece4f8fdc,I just noticed a card payment in the app that is not mine. I did not make this purchase. Please freeze my card now. I need this stopped and investigated immediately.,16,card_payment_not_recognised,panicking_emergency
1c915be9-15df-4b38-b1e2-e402478e6868,My card payment is not showing up or being recognized I see a charge on my statement that I do not recognize It was not me I need this stopped and investigated now,16,card_payment_not_recognised,panicking_emergency
bb3ab76b-e603-40c2-ad05-0d946af60772,Stop I need help now. A payment just hit my card and it is not one I made. I do not recognize the merchant. I am terrified this is fraud. Please block the card immediately and tell me how to dispute this charge.,16,card_payment_not_recognised,panicking_emergency
f6c03f19-d752-41a5-9ce7-cc32d74ed26a,I tried to pay today and the store said it was declined then a payment shows up on my account as not recognized I did not make it I need this stopped now freeze my account and investigate immediately,16,card_payment_not_recognised,panicking_emergency
5534c17e-cca2-44c4-8d47-bf0388daa55d,"Good day, I would like to report that a recent payment made with my debit/credit card has not been recognized in my online banking application, although I can see a corresponding entry on my statement; could you please advise whether it may be pending, misattributed, or require further verification, and what steps I should take to resolve it?",16,card_payment_not_recognised,polite_expert
0e97981c-0f08-407f-987a-a5bb57b42df2,"Hello, I am seeing a payment charge on my account statement that I do not recognise, and I am unable to determine where it originated; could you please advise how I should verify the transaction and whether there are any immediate steps I should take in case my card or account has been compromised?",16,card_payment_not_recognised,polite_expert
4318780e-616b-4870-be13-8ab0be96141b,"Hello, I am contacting you because a payment I made by card is not showing as recognised in my account, and it is unclear whether it has been authorised or if it was rejected; could you please investigate the transaction details and advise on the correct status and any required next steps?",16,card_payment_not_recognised,polite_expert
e7aeafea-ff25-4397-84a8-d8f143495df1,"Hello, I would like to report that I have been charged on my account for a purchase that I do not recognize, and I need assistance confirming whether this transaction is legitimate and, if not, arranging the appropriate resolution and card security checks.",16,card_payment_not_recognised,polite_expert
d2b44000-de53-4824-9435-dea2ac52315c,"Hello, I would like your assistance in investigating a recent payment that appears on my card statement under a merchant name I do not recognize; I did not authorize this transaction, and I would appreciate guidance on the appropriate next steps, including whether my card should be temporarily frozen while you review the details and confirm the payment’s status.",16,card_payment_not_recognised,polite_expert
33cfb156-a656-4ea5-9b76-4f39ae2607f8,"Hello, I would like assistance because a card payment has recently been charged to my account, yet I do not recognize the merchant name or the transaction details, and I am concerned it may have been made without my authorization. Please advise the next steps to verify the charge and, if necessary, begin the appropriate dispute or protection process.",16,card_payment_not_recognised,polite_expert
031acf6f-1f3f-44de-b035-6f55e0f4baa4,"Hey, I’m seeing a card payment on my account but I don’t recognize it at all—can you check why it’s showing up and help me sort it out?",16,card_payment_not_recognised,gen_z_slang
8a8e3eb9-fc63-4d66-b976-bca4851b9ac7,"Yo, I just checked my statement and there’s a card payment on there that I don’t recognize—what do I do to get it looked at and reversed?",16,card_payment_not_recognised,gen_z_slang
9a687026-238b-435e-9204-6d1cee86509d,"Hey, I just checked my card and there’s a payment on there that I don’t recognize—the merchant name looks unfamiliar and I definitely didn’t make that purchase. Can you help me figure out what it is and sort it out?",16,card_payment_not_recognised,gen_z_slang
cdd7ac9d-fbab-46d9-9088-1c64e5f88ae9,"Hey, I’m seeing a couple card charges on my account that I don’t recognize at all, and it’s freaking me out—what do I do to stop this and get the transactions reversed/refunded?",16,card_payment_not_recognised,gen_z_slang
2179270a-26d0-4c24-9a7d-c4eca5432f2c,"Hey, I just saw a payment in my banking app that I don’t recognize, and I didn’t make it—can you help me figure out what’s going on and what to do next?",16,card_payment_not_recognised,gen_z_slang
ac5a8b2b-9b71-4299-acf4-89febdf1884f,"Hey, I just noticed a charge on my card in the app and I don’t recognize the merchant at all—I didn’t make that purchase, can you check it for me?",16,card_payment_not_recognised,gen_z_slang
996021f6-dd87-41c5-87f1-7157c8ce6569,"Hi, I just saw a card payment on my bank statement, but I don’t recognize it. I did not make this purchase. Can you please check and help me?",16,card_payment_not_recognised,non_native_speaker
b6e78a5e-ac10-4a5d-902a-d753ea981971,"Hi, I have a problem with a card payment. In my bank statement I see a payment and I don’t recognize it. Can you help me check what is this and how I can fix it?",16,card_payment_not_recognised,non_native_speaker
a057be89-206c-4161-8c2a-3c6a6a59aaf0,"Hi, today I see a payment on my bank account made by my card, but I don’t recognize it at all. I didn’t make this purchase. Please help me check it and stop it if you can.",16,card_payment_not_recognised,non_native_speaker
5a34f678-5a62-4524-9abb-025c7b61d734,"Hi, I see a payment in my bank app, but I dont make this. It shows on my card and looks like from a shop I never used. Can you check why this is happening and help me stop it?",16,card_payment_not_recognised,non_native_speaker
4dece507-5614-4f72-96d2-50301c5adc93,"Hello, I have a problem with my card payment. In my bank app and statement there is a payment from today that is not mine. I did not make this purchase, can you please check and help me?",16,card_payment_not_recognised,non_native_speaker
b233ae0e-4245-4913-bff5-cd90822147b8,"Hi, I see a card payment in my statement, but I don’t recognize it. It is not from my side. Please help me, what can I do?",16,card_payment_not_recognised,non_native_speaker
1e1d60f2-a773-4ed2-a51b-a5ba35a929e6,"Unrecognized card payment  
Amount pending/charged  
Please investigate, refund if needed",16,card_payment_not_recognised,short_wording
c4805892-2c69-453c-b23b-c681e7a150ea,Payment not mine; not recognized transaction on statement,16,card_payment_not_recognised,short_wording
3aaa638d-fc94-4e6d-a3dd-30458363ea88,Payment posted I didn’t make; merchant not familiar.,16,card_payment_not_recognised,short_wording
d480d1be-c57c-4acb-8f50-5c249df646db,Unrecognized card payment; please help.,16,card_payment_not_recognised,short_wording
6c80b79a-f205-4088-b77a-f05d418ba076,"Payment posted, not mine",16,card_payment_not_recognised,short_wording
23f2ed35-4e20-4107-acfa-b6a3bab692ee,"Unrecognized card charge—didn’t make it. Freeze card, dispute charge.",16,card_payment_not_recognised,short_wording
25e26f06-2aa6-4b5b-bc2c-17935b6c9805,"What the hell, my card purchase shows a totally wrong exchange rate—why am I getting ripped off like this, I checked and the number doesn’t match what it should be.",17,card_payment_wrong_exchange_rate,angry_layperson
269fd7dc-c62d-40df-9eb0-85ebbb375279,I just got charged for something and the exchange rate they used is totally wrong—this is straight-up bullshit and I want it fixed and my money put back the way it should’ve been charged.,17,card_payment_wrong_exchange_rate,angry_layperson
c3044497-51af-4763-ae29-1f70d7bec2fc,"I just paid with my card for something in another currency, and they ripped me off with some messed up exchange rate—why the hell did you charge me more than it should’ve been?",17,card_payment_wrong_exchange_rate,angry_layperson
1c52823b-8b19-449a-b5e8-25f4a2fcce5e,"I just got hit with a foreign purchase and the exchange rate they used is totally wrong—I paid way more than I should have, and I’m pissed because this looks like they’re screwing me over.",17,card_payment_wrong_exchange_rate,angry_layperson
ca7045a2-1f43-4b6e-b684-9fc558c1dee5,"I just paid for something overseas and the rate they used is clearly wrong—you're ripping me off with a stupid exchange rate on my statement. Fix it and give me the correct amount, right now.",17,card_payment_wrong_exchange_rate,angry_layperson
c76c05c8-52c1-4e31-b7a2-a76be527f763,"I just got charged for a card purchase in a foreign country and they used some crazy exchange rate that’s totally wrong—this is not even close to what it should be, and I want it fixed and my money put back.",17,card_payment_wrong_exchange_rate,angry_layperson
8c92606a-25ca-4752-94de-9f4b5ab6984d,I just got charged for a foreign purchase and the exchange rate is clearly wrong I paid way more than expected I need this fixed now please check the rate used and reverse the difference immediately,17,card_payment_wrong_exchange_rate,panicking_emergency
fc9572bf-c780-4f3e-944a-973bd73feae3,I just got charged for a card purchase and the exchange rate is wrong I was charged way more than it should be for the currency conversion Please fix it immediately and reverse the difference I cannot wait,17,card_payment_wrong_exchange_rate,panicking_emergency
bd26d3de-ea12-4718-a53c-feee0eb88cb9,I am being charged way more on a card purchase abroad. The exchange rate looks wrong. I need this fixed now. Payment was taken and I can see the rate used is not the one I expected. Please reverse the overcharge and confirm the correct rate immediately.,17,card_payment_wrong_exchange_rate,panicking_emergency
36968a68-d89b-4959-ab90-683dc1b1ff08,"I just paid by card and the exchange rate used is wrong  
It charged me way more than it should  
I need this fixed now  
Show me the real rate used and reverse the extra charge immediately",17,card_payment_wrong_exchange_rate,panicking_emergency
3117d09a-d7e6-40fa-8b9c-17ef58232c9d,My card was charged in a foreign currency and the exchange rate used is wrong It came out way higher than it should be Please stop this and fix the rate immediately I need the correct rate for that exact transaction today,17,card_payment_wrong_exchange_rate,panicking_emergency
c7d4035b-c65d-47b7-91a8-bc8d0573fb97,I just used my card overseas and the exchange rate on my statement is wrong. I got charged way more than expected. Please fix this immediately and reverse the difference. I need an urgent investigation now.,17,card_payment_wrong_exchange_rate,panicking_emergency
baa21ae9-b043-4502-b9ab-46237a160bd5,"Good day, I would like to request a review of a recent card purchase because the exchange rate applied at the time of authorization appears to be incorrect; could you please verify the rate used against the official interbank rate and confirm whether any adjustment or refund is required?",17,card_payment_wrong_exchange_rate,polite_expert
114feb6b-12e9-40f4-be7c-3e7b0b1206b1,"Good day, I would like to report that for a card purchase I made, the exchange rate applied to the transaction appears to be incorrect; as a result, the amount charged to my account does not match the expected rate for that day’s conversion.",17,card_payment_wrong_exchange_rate,polite_expert
f20c7e59-3848-4f5c-85fa-2323e84b9233,"Hello, I would like to report that my recent card purchase made abroad was converted using what appears to be an incorrect exchange rate, and the final amount charged on my statement is significantly higher than I expected based on the rate at the time of the transaction. Could you please investigate the conversion applied to this specific payment and confirm whether any adjustment or correction is possible?",17,card_payment_wrong_exchange_rate,polite_expert
ebcec407-ba76-4a40-b46c-591d4a1bbae8,"Hello, I am writing because the exchange rate applied to a recent card purchase made abroad appears to be incorrect; could you please review the transaction details and confirm which exchange rate was used, and if necessary correct the billed amount or process a refund for any overcharged difference?",17,card_payment_wrong_exchange_rate,polite_expert
1060ddd9-5353-4e96-bb15-637520def197,"Good day, I would like to report that, after purchasing an item in a foreign currency, the card transaction was converted using an exchange rate that appears to be incorrect; could you please review the applied rate and advise whether the difference can be corrected or refunded, and what documentation you would need from me?",17,card_payment_wrong_exchange_rate,polite_expert
fa14f8c5-acc4-4133-a00a-7f556beda4c8,"Hello, I would like to report that for a card purchase made in a foreign currency, the exchange rate applied appears incorrect, resulting in a higher (or lower) amount than expected; could you please verify the rate used for that specific transaction and confirm the correct converted total?",17,card_payment_wrong_exchange_rate,polite_expert
7a624418-a0f4-4eda-a052-8a0859097f92,"Hey, I just bought something using my card and the currency conversion they used seems off—the exchange rate charged me way more than what it should’ve been. Can you check it and fix/refund the difference?",17,card_payment_wrong_exchange_rate,gen_z_slang
ab3bcf60-894a-4db4-95a3-5edc4234527d,"Yo, my card got charged while I was abroad and the currency conversion looks totally off—it's way higher than what the exchange rate is showing, so the final amount doesn’t make sense.",17,card_payment_wrong_exchange_rate,gen_z_slang
2635db5d-2c30-407f-8585-d38683fc8f70,"Yo, I used my card for a purchase in another currency and the exchange rate they used looks off—charged me more than I expected based on the real rate.",17,card_payment_wrong_exchange_rate,gen_z_slang
e956c02c-096e-4a2d-9d62-5140c0be7360,"Yo, I just got charged for a card purchase abroad and the exchange rate you used looks way off—like it’s not matching what it should be, and I’m pretty sure I got the wrong rate applied.",17,card_payment_wrong_exchange_rate,gen_z_slang
7dcfc269-bff9-4321-9e38-7afed0857f62,"Hey, I just bought something abroad and my card got charged using the wrong exchange rate—I checked the real rate and it’s way off, so the final amount looks incorrect.",17,card_payment_wrong_exchange_rate,gen_z_slang
598e4aa5-687f-482c-8963-dbea6887dc8c,"Hey, I just checked my card statement—there’s a purchase where I got charged with a way worse exchange rate than what I expected for the foreign currency. Is there any way you can fix the rate and refund the difference?",17,card_payment_wrong_exchange_rate,gen_z_slang
f5642378-7105-4318-ba28-518647ffcbb2,"Hi, I have a problem with my card payment. I bought something in another country, but the exchange rate they used was wrong. Can you check please? The amount in my statement is higher than it should be.",17,card_payment_wrong_exchange_rate,non_native_speaker
a3bcdd20-465f-46a3-bf87-427446e5efec,"Hi, today I pay with my card in another currency, but the rate looks wrong. They charge me much more than expected for the exchange, I don’t understand why. Can you check my card payment and fix it if needed?",17,card_payment_wrong_exchange_rate,non_native_speaker
c95fe8a5-890d-401e-ba45-a921315ee793,"Hi, I paid with my card in another currency, but the exchange rate you used is wrong. The amount on my statement is much higher than expected, and I think the rate was not correct. Please check this transaction and fix it.",17,card_payment_wrong_exchange_rate,non_native_speaker
23dffb02-82c8-427a-8726-8115e35e6818,"Hi, I paid by card when I was outside my country, but the exchange rate looks wrong. The amount in my bank statement is higher than what it should be. Can you check this please and fix it?",17,card_payment_wrong_exchange_rate,non_native_speaker
a7513947-6afe-4c96-bec5-286e87f4c5d1,"Hi, I paid by my card today, but the money was changed with a wrong exchange rate. The amount in my account looks incorrect compared to what I expected. Please check and fix it.",17,card_payment_wrong_exchange_rate,non_native_speaker
d86bc4b0-759d-408a-b836-e725b4358a42,"Hi, I paid with my card last Friday in another currency, but I think you used wrong exchange rate. I got charged more money than it should be. Please check the rate you used and fix it if it was wrong.",17,card_payment_wrong_exchange_rate,non_native_speaker
bae3a0c5-7a85-4031-8e96-3606f215ce0b,Card charged wrong exchange rate,17,card_payment_wrong_exchange_rate,short_wording
3fbaff35-a108-437a-8514-14d196175ec1,Charged wrong exchange rate abroad purchase.,17,card_payment_wrong_exchange_rate,short_wording
a2b450c7-6936-411f-bedd-3a3b07aa75b8,Wrong exchange rate charged on card purchase.,17,card_payment_wrong_exchange_rate,short_wording
b1d4f4ff-d5c9-4210-a19c-051ab838c144,Card purchase currency rate wrong. Charged higher than expected.,17,card_payment_wrong_exchange_rate,short_wording
7cb4f3ab-9550-48ff-8fd4-a713b32b8790,"Foreign purchase, wrong exchange rate applied. Charged more than expected.",17,card_payment_wrong_exchange_rate,short_wording
530a0a48-fff1-45d3-aafc-b797fa6bc46c,Card payment charged wrong FX rate,17,card_payment_wrong_exchange_rate,short_wording
972d43c8-1a1e-4310-a698-e8e598e14155,"That damn ATM just ate my card and kept it, and now I’m stuck without my money—how the hell do I get it back and fix this fast?",18,card_swallowed,angry_layperson
56511ad6-6f0e-4057-b267-faa92306e7d7,"My card got straight up eaten by the ATM and I can’t get it back—this is ridiculous. I need help right now, because I’m stuck without my card and I don’t know what to do.",18,card_swallowed,angry_layperson
6c8d2f5a-b22c-44a8-a9b1-5afed198c994,That damn ATM at your branch on High Street swallowed my card and now I’m stuck without it—what the hell do I do to get it back and fix this today?,18,card_swallowed,angry_layperson
a4563b80-b07e-4297-a8b4-5f327c54ac61,That damn ATM swallowed my card and kept it—now what the hell am I supposed to do to get my own card back and access my money?,18,card_swallowed,angry_layperson
9591f90b-d1ce-4d1b-9234-c0b9421f9ba7,"My ATM ate my card and won’t give it back, and I’m stuck right now—this is ridiculous. I need someone to fix this ASAP and tell me how to get my money and my card back.",18,card_swallowed,angry_layperson
d112e7e5-729a-4948-aa33-58a5d4cdb9fc,"That ATM just ate my card and won’t spit it back out, and I’m stuck without money—fix this now and tell me how to get my card back.",18,card_swallowed,angry_layperson
917a7972-b417-4170-9d32-32e73d719a5c,ATM took my card it just swallowed it mid transaction no receipt no way to get it back now I am stuck please stop the account if needed and tell me the fastest way to recover or replace the card right now,18,card_swallowed,panicking_emergency
131c4d97-f8ce-4508-afbe-9cacebd8b5f0,ATM kept my card and it will not spit it out. I am stranded with no access to my money. Please block the card immediately and tell me the fastest way to get a replacement. The ATM was at Metro bank on High St Kensington.,18,card_swallowed,panicking_emergency
dc760585-b0f2-4d16-b36f-4f991b744d79,My card got trapped inside the ATM It did not come back The screen just froze I need it back right now I cannot access my money today Please cancel any charges stop any withdrawals and tell me where to report this immediately,18,card_swallowed,panicking_emergency
c3e255d0-08e7-4dd3-a3ed-6ceef4c55d32,ATM took my card and kept it inside. I am standing here right now. Please block the card immediately and tell me the fastest way to get it back or issue a replacement. I need help now.,18,card_swallowed,panicking_emergency
fd079db5-6297-4e86-97c7-9ec3ad0bb883,Emergency my debit card got taken by the ATM and it kept it inside. I need it back right now. ATM location was on High Street Kensington at Metro bank. Cash withdrawal failed and card not returned. What do I do to recover it and stop fraud.,18,card_swallowed,panicking_emergency
afcd0b4b-cd51-425b-b069-cfc6714a2623,ATM ate my card during cash withdrawal I need it back right now Teller says they will take hours I am locked out of my account I need urgent help and a cancellation immediately Tell me what to do next,18,card_swallowed,panicking_emergency
3acefecf-f953-43a8-b62b-af778d981eec,"Good day, I am writing because an ATM retained my debit card during a cash withdrawal attempt, and the machine will not return it to me; could you please advise the immediate steps I should take to secure my account, and what the expected process and timeframe are for retrieving or replacing the card?",18,card_swallowed,polite_expert
2b5ad9da-b367-47c4-96cc-b57236e8881d,"Good day, I would like your assistance because my bank card was retained by an ATM during a withdrawal; the machine did not return it to me, and I require guidance on the immediate next steps to secure the card and ensure my account remains protected.",18,card_swallowed,polite_expert
f11a62a0-b6d8-4550-b1d4-4cba659971d5,"Good day, I am experiencing an issue where my payment card was retained by an ATM during a withdrawal attempt, and it did not return to me; could you please advise the immediate steps to secure my account and arrange for the card to be recovered or replaced?",18,card_swallowed,polite_expert
76f4bd9b-0ce5-4cc3-be0b-a99d907f7bcc,"Hello, I attempted to withdraw cash at an ATM at your partner location on High Street in Kensington, and the machine has retained my debit card without completing the transaction; could you please advise the immediate steps I should take, including how to secure my account and how to arrange for card replacement while the bank is currently closed?",18,card_swallowed,polite_expert
a3cfd050-ccf3-438a-8b83-027726f56e2b,"Good day, I attempted to use my debit card at an ATM and the machine retained it; the transaction appears to have completed, but I cannot retrieve my card, and I would like assistance with recovering it and confirming whether any funds were debited.",18,card_swallowed,polite_expert
1993d89b-c373-45cc-8fc8-038fd617658d,"Good day, I attempted to withdraw cash at an ATM, but the machine retained my bank card and did not return it to me; could you please advise the immediate steps to secure my account and arrange a replacement card as quickly as possible?",18,card_swallowed,polite_expert
f3b54a9d-16a1-400b-9906-8d856503ce08,"Yo, the ATM just took my card and won’t give it back—how do I get it retrieved?",18,card_swallowed,gen_z_slang
db8db6d2-2979-4656-ae5c-a84b3594d520,"Yo, I went to withdraw money at an ATM on High St and it just grabbed my card and kept it—no warning, nothing. The bank’s closed rn. How do I get my card back ASAP and make sure I’m not liable for anything?",18,card_swallowed,gen_z_slang
4b3453f4-e4e2-4c71-b127-7d7800558fc3,"Yo, I just tried to withdraw cash and the ATM literally took my card and won’t give it back—can someone help me get it sorted ASAP?",18,card_swallowed,gen_z_slang
38132f19-13c0-424b-af2f-0acc991d22ef,"Hey, I tried to withdraw cash at the ATM and it just kept my card—machine won’t give it back, and my transaction is showing as failed/unfinished. What do I do next?",18,card_swallowed,gen_z_slang
083db0a9-ab13-4af7-8059-e604567e83f7,"Yo, my ATM just ate my debit card and didn’t give it back—what do I do to get it retrieved, and how fast can I get a replacement?",18,card_swallowed,gen_z_slang
d1c01666-ba4f-480f-b124-827ce2e1cf2a,"Yo, I just tried to withdraw cash and the ATM kept my card—it's like it ate it. How do I get it back and stop any weird charges?",18,card_swallowed,gen_z_slang
0643edcb-8408-47c1-8ffb-a651aae29daf,"Hi, the ATM swallowed my card at Metro bank on High St. Kensington. I tried to get cash, but the machine did not give card back. Now I can’t pay and bank is closed. What I should do now?",18,card_swallowed,non_native_speaker
6bda18ca-9f8a-4c2b-8fe7-7907e0f40466,"Hi, I was using the ATM to get cash, but the machine took my card and now I can’t get it back. What I need to do to take my card and my money back?",18,card_swallowed,non_native_speaker
acd3e405-ff63-43ac-85fb-0c5ac1b5d96f,"Hi, I went to ATM today and it swallowed my debit card. The ATM did not give it back, and now I can’t use my card. Please help me what to do next.",18,card_swallowed,non_native_speaker
fb86b51b-8ed7-4dc6-b084-30b5022c392f,"Hi, today my ATM ate my card. The machine took it and I did not get it back. What I must do now?",18,card_swallowed,non_native_speaker
ec755ced-9a50-4709-9648-62c185a218fc,"Hi, I try to take cash from ATM, but the machine kept my card and I can’t get it back. What I should do now to get my card back, please?",18,card_swallowed,non_native_speaker
8a495cc0-94a3-4bd1-bb36-97c8c2b6ef47,"Hi, my ATM took my card and won’t return it. The screen still shows processing, but I already waited long time. Please help me to get my card back or block it.",18,card_swallowed,non_native_speaker
c204ec31-d03a-4d95-bac3-b7a6e08898d1,ATM swallowed my debit card. Need card retrieval steps.,18,card_swallowed,short_wording
f0401e99-99bc-4d41-8569-c4a97405fc66,ATM ate my card—what now?,18,card_swallowed,short_wording
b1060402-7088-4485-905d-655702b956a0,ATM kept my debit card—help?,18,card_swallowed,short_wording
b3b525bc-79fa-4244-b9c1-3134c32420ef,"ATM took my card, please help.",18,card_swallowed,short_wording
7f75f7ce-5b89-40e6-9178-39413678954d,ATM kept my debit card. What now?,18,card_swallowed,short_wording
7f5ec908-0eab-450c-af3b-3b71023925fb,ATM kept my debit card; need it back.,18,card_swallowed,short_wording
b7026476-3f35-46b6-ab3f-58681a8878c2,"I went to the ATM and pulled out my own cash, and now you hit me with some stupid extra fee—why the hell am I being charged for withdrawing my money?!",19,cash_withdrawal_charge,angry_layperson
d0976298-c8ca-4702-867a-2b7fb9b298a0,"What the hell—why are you charging me every time I pull cash out? I thought withdrawals were free, but today I got hit with a fee and nobody warned me. How much am I supposed to pay for this stunt?",19,cash_withdrawal_charge,angry_layperson
3e9befc5-3993-4787-882a-f28e0f0b4df2,Why the hell am I getting charged extra just for withdrawing my own cash—what kind of scam is this?,19,cash_withdrawal_charge,angry_layperson
55d367d4-7029-4064-b80c-e3b84979e7f7,I just went to pull cash out and now you people slapped a fee on me again—how the hell is it not free anymore? I want that charge explained right now and I want it fixed.,19,cash_withdrawal_charge,angry_layperson
10b18c6c-75a1-4767-9d26-6c6d66af4432,"I’m pissed off—every time I pull cash out, you people slap me with some extra charge, and I never agreed to that. When did you start charging me just to get my own money, and why should I pay it?",19,cash_withdrawal_charge,angry_layperson
735e9911-f474-47c4-b1c0-1afe0068c435,"I just pulled out cash and they hit me with some extra fee for it, which is total crap—why am I getting charged just for getting my own money?",19,cash_withdrawal_charge,angry_layperson
4d0707a9-4613-4614-bc21-c34989a46551,I withdrew cash from an atm and got charged a fee I did not expect This is urgent I need it reversed now I checked the receipt it still shows the fee,19,cash_withdrawal_charge,panicking_emergency
c3b3b4f4-0d92-43a2-b0af-19df9a03b3d6,I just withdrew cash at an ATM and now I see an extra fee charged to my account I did not agree to any charge I need this reversed immediately why am I being charged for a withdrawal and how do I get the money back today,19,cash_withdrawal_charge,panicking_emergency
f87900b2-3942-4132-b1c9-db76f43165f9,I just checked my account and I see a cash withdrawal fee I did not expect I was charged after using an ATM Please tell me why this fee happened and how I can get it reversed I need this fixed urgently,19,cash_withdrawal_charge,panicking_emergency
70b5d42a-b804-48ff-9fde-346bf7b43157,I just tried to withdraw cash and I got hit with an extra fee I did not agree to I need to know why it was charged and how to get it back now,19,cash_withdrawal_charge,panicking_emergency
6aad0fe1-4b67-4972-b73a-0311c26fe824,I just tried to withdraw cash from an ATM and now I see a fee charged on my account I did not agree to any extra charge I need to know why this fee happened and how I can get it reversed right now,19,cash_withdrawal_charge,panicking_emergency
7f5515ec-7736-468f-8496-53d1c42addc8,I just tried to withdraw cash at an ATM and I got charged a fee too Why was I charged when I took my own money I need this reversed now Please check the transaction immediately and fix it,19,cash_withdrawal_charge,panicking_emergency
5c5b798b-f194-4d3b-ba17-d9953bac20e4,"Good day, I would like to request clarification regarding a fee that was charged on my recent cash withdrawal; could you please confirm the reason for the charge, the amount assessed, and whether any applicable monthly or promotional withdrawal allowances were applied?",19,cash_withdrawal_charge,polite_expert
4e784768-7e7b-4521-b34e-bb8f2f0a7a01,"Good day, I would like to inquire about an unexpected cash withdrawal fee: I was charged an amount in connection with a cash withdrawal, and I was not informed in advance that any fee would apply—could you please confirm whether this charge is correct, specify the fee amount and how it was calculated, and advise whether it can be reversed?",19,cash_withdrawal_charge,polite_expert
330bfe1d-265f-47c4-aec9-64771a6de24c,"Good day, I would like clarification regarding a fee that was charged to my account when I withdrew cash; could you please confirm the reason for the charge and the exact amount applied, and advise whether any conditions or limits affect cash withdrawal fees on my specific account?",19,cash_withdrawal_charge,polite_expert
ec9e8886-544c-4612-abb0-e8617b5bfa1d,"Good day, I would like assistance regarding a recent cash withdrawal from an ATM; after the transaction was completed, I observed an additional charge listed on my account statement, and I was not informed of this fee at the time. Could you please explain why this charge was applied and advise how it can be reviewed or potentially reversed?",19,cash_withdrawal_charge,polite_expert
2c809892-8be9-4516-90a0-bfa17f514a90,"Good day, I would like to request clarification regarding a fee that appears to have been charged on my account for withdrawing cash, as I do not recall being informed of any applicable ATM or withdrawal charges at the time of the transaction; could you please explain the reason for this debit and confirm whether it can be reversed if it was assessed in error?",19,cash_withdrawal_charge,polite_expert
f82e7597-5c9f-4d1e-bf85-c6e4b4ab3cd5,"Good day, I would like to request assistance regarding a recent cash withdrawal from an ATM, as I noticed an unexpected withdrawal-related fee was charged to my account even though I was not informed of any additional charges beforehand; could you please review the transaction details and advise how I can obtain a refund or clarification?",19,cash_withdrawal_charge,polite_expert
95739af2-d265-4ca8-88ac-3967e4cb1822,"Yo, I just tried to withdraw cash and got hit with an extra fee—can you tell me why I’m being charged for it?",19,cash_withdrawal_charge,gen_z_slang
8c1af080-e34d-4e8a-853b-a4f8079eb6ee,"Yo, I just tried to withdraw cash from the ATM and got hit with a fee—why was I charged for withdrawing when I’ve never had this happen before?",19,cash_withdrawal_charge,gen_z_slang
87b24c48-e224-42ae-b866-dc69abd10e02,"Yo, I just withdrew cash and got hit with a fee on the transaction—why was I charged extra for that?",19,cash_withdrawal_charge,gen_z_slang
fe5b5ea3-39c6-449b-aa01-7e792f9c67a2,"Yo, I just tried to pull cash and my account got hit with a fee—can you tell me why I was charged and what the exact amount is?",19,cash_withdrawal_charge,gen_z_slang
5ca23c53-2fd6-4537-a114-2df062e689de,"Hey, I just tried to withdraw cash from an ATM today and got hit with an unexpected fee—when did you start charging for withdrawals?",19,cash_withdrawal_charge,gen_z_slang
de6b623e-4a29-4ce3-a773-df98604b1c21,"Hey, I just withdrew cash and got hit with a fee I didn’t expect—can you tell me why I was charged and exactly how much the charge was for?",19,cash_withdrawal_charge,gen_z_slang
ec1567c3-d18e-4c53-8316-44c43bce6f37,"Hi, I withdraw cash from ATM today, but I see extra charge on my account. Why I am charged for this small amount? Please check and tell me how to fix it.",19,cash_withdrawal_charge,non_native_speaker
332976c8-5662-420c-bc9c-0939b393a061,"Hi, I just withdraw cash from my ATM, but they charge me extra fee. Why I get charged for my own money? Please check my account and tell me why.",19,cash_withdrawal_charge,non_native_speaker
03d7b8fe-b00a-43ca-91cd-623d779495e0,"Hi, today I tried to withdraw cash from ATM, but they charge me extra fee. I already use my card for my own money, why I get this fee?",19,cash_withdrawal_charge,non_native_speaker
ce80d55f-31ff-41bd-8b51-93eb05e9fdcf,"Hi, I withdraw cash from ATM yesterday, but I see extra fee on my account. Why they charged me, and can you remove it?",19,cash_withdrawal_charge,non_native_speaker
eb8ffa65-ff5d-4136-891c-a29b157db7be,"Hi, I withdraw cash yesterday from an ATM, but you charge me extra fee. Why this fee charged on my account? Please check and return it if it is wrong.",19,cash_withdrawal_charge,non_native_speaker
76d1d9a1-d0ee-4ff2-93c7-3ab17e60f16d,"Hi, I try to take cash from my ATM today, but I got charged an extra fee. Why I must pay this, I just want my own money. This fee is new for me, please check and help back.",19,cash_withdrawal_charge,non_native_speaker
46452a38-acc2-4505-a686-ed05d8d86267,Cash withdrawal fee charged; why?,19,cash_withdrawal_charge,short_wording
e6d68e97-8be9-42e0-bff3-39230a054247,Cash withdrawal fee charged—why?,19,cash_withdrawal_charge,short_wording
22a5d6ff-61d0-40d7-86c7-6a301b8de2c3,Unexpected ATM cash fee charged. Why?,19,cash_withdrawal_charge,short_wording
511e32d7-3e4c-41fe-895d-d126c68b7763,ATM withdrawal fee charged again,19,cash_withdrawal_charge,short_wording
ba638ede-59aa-4bc2-a3fa-0926e6e965ce,ATM withdrawal fee charged—why?,19,cash_withdrawal_charge,short_wording
a9d6fa92-d08f-48ea-8421-3008b0569cff,Charged fee on ATM withdrawal. Why?,19,cash_withdrawal_charge,short_wording
d9ecdce5-033b-4971-85d3-4ed60cb036b1,"I’m pissed off—someone just took cash out from my card and it’s not me. I don’t recognize the withdrawal at all, and I need you to stop this crap and fix it right now.",20,cash_withdrawal_not_recognised,angry_layperson
1d995327-dc24-4b75-a2ad-eba6a8b23802,"What the hell is going on? I just checked my account and it says money was pulled out in cash, but I sure as hell didn’t do it. This is not right—fix it and stop the damage now, because I’m not paying for some random withdrawal I didn’t make.",20,cash_withdrawal_not_recognised,angry_layperson
bf03d6e4-7f61-4e2a-afe6-5643044dd6a0,"I just checked my bank app and it says money got pulled out at an ATM that I never used, and I’m pissed—this is wrong and I want it fixed right now.",20,cash_withdrawal_not_recognised,angry_layperson
3c00c65f-8dfe-437a-8afd-358e964966f8,"What the hell is going on? I didn’t authorize any cash withdrawal, but money is still getting yanked out of my account anyway, and you people aren’t recognizing it—fix this immediately and put my money back.",20,cash_withdrawal_not_recognised,angry_layperson
77f4c833-2567-4200-9f64-e59b9848e7f7,"I just checked my account and it shows a cash withdrawal at an ATM that I never made—what the hell is going on? This is not okay, and I want it fixed right now.",20,cash_withdrawal_not_recognised,angry_layperson
44b05961-5f3f-4396-9fce-1c06b3cfe71b,"What the hell is going on—there’s a cash withdrawal showing on my account that I didn’t do, and I want this stopped and fixed right now.",20,cash_withdrawal_not_recognised,angry_layperson
5b40bbba-0973-4169-bb17-2f414b31f4b7,I just checked my account and cash was taken from an ATM but I never withdrew anything. My balance dropped right away. I need this stopped and reversed now. Please investigate immediately and tell me what to do next.,20,cash_withdrawal_not_recognised,panicking_emergency
f9841494-549f-4b37-9f2b-64c736df485d,I just checked my account app and there is a cash withdrawal listed from an ATM I never used. I did not withdraw any money. No cash came out of the machine. Please stop this and investigate immediately. I need it reversed today.,20,cash_withdrawal_not_recognised,panicking_emergency
f1cb62a5-20a9-48de-9263-260b4b8e9222,I just checked my banking app I did not withdraw any cash from an ATM today and it still shows an ATM withdrawal and the amount taken I have not received the money This is urgent please stop the charge and tell me how to file a dispute right now,20,cash_withdrawal_not_recognised,panicking_emergency
aeab9650-a63a-479e-8c65-96a0cad5e01b,I just checked my app and it says cash was withdrawn from my account at an ATM I never used I did not take any money I am terrified this is fraud Freeze my account now and investigate immediately I need this stopped today,20,cash_withdrawal_not_recognised,panicking_emergency
8ae8ef03-1767-492f-b063-a1c874311009,I just checked my account and a cash withdrawal is showing that I did not make I still have my card with me I did not authorize this I need this investigated immediately and I want the money reversed now,20,cash_withdrawal_not_recognised,panicking_emergency
698155ac-51f9-406b-959d-04f08b643d6c,I just checked my banking app and it shows a cash withdrawal that I did not make. No ATM cash in my hand. Card was with me today. I am terrified someone is using my account. I need this stopped right now and investigated immediately.,20,cash_withdrawal_not_recognised,panicking_emergency
10c259bc-7f5d-4bd4-8eb9-9be727bc5578,"Hello, I would like to report that my account shows a cash withdrawal entry that I do not recognise, and I did not receive any cash from an ATM; could you please investigate this transaction, advise whether it can be reversed, and let me know what immediate steps I should take to protect my account?",20,cash_withdrawal_not_recognised,polite_expert
91d97149-1dda-4d3c-8714-937fe47701d4,"Good day, I am writing because my mobile banking application is showing an ATM cash withdrawal as having been completed, yet I did not make any such transaction at that time, and I would like this discrepancy investigated and corrected as soon as possible.",20,cash_withdrawal_not_recognised,polite_expert
fd1d5b19-8f19-4f8b-8fe5-b5c572fc6ef0,"Good day, I am contacting you regarding an unexpected cash withdrawal that has appeared on my account: I still have my card in my possession, yet the account shows a withdrawal that I did not authorise, and I would like this transaction urgently investigated and reversed if it proves to be fraudulent.",20,cash_withdrawal_not_recognised,polite_expert
8ef72b99-d6a7-4907-9463-f277f0447fa9,"Hello, I would like assistance because my mobile banking app is showing a cash withdrawal from an ATM on my account, yet I did not make any such withdrawal, and the transaction is already impacting my available balance; could you please advise how this can be investigated and resolved?",20,cash_withdrawal_not_recognised,polite_expert
e3a8dece-70f6-438a-b802-178e017d471c,"Hello, I would like to report an issue with my account activity: my mobile banking application shows a cash withdrawal for an amount and time that I did not authorize or receive, and it appears under my account as a completed transaction; could you please investigate this discrepancy and advise on the next steps to secure my account?",20,cash_withdrawal_not_recognised,polite_expert
8aa5b475-a2ef-48bc-939f-85a4e2c29ea7,"Hello, I would like to report that my account statement shows a cash withdrawal at an ATM that I did not initiate, and I am concerned this transaction has not been properly recognized; could you please investigate immediately, advise whether the funds can be recovered, and take the necessary security steps to protect my account?",20,cash_withdrawal_not_recognised,polite_expert
d899d7fd-fdb9-4819-ba4c-2926b667ff41,"Yo, I just checked my bank statement and there’s a cash withdrawal on there that I definitely didn’t make—can you help me lock my card and sort this ASAP?",20,cash_withdrawal_not_recognised,gen_z_slang
aa32253d-0555-452c-917a-0555afb3a7f2,"Yo, I just checked my banking app and it shows a cash withdrawal that I didn’t make, and it’s freaking me out—can you help me figure out what happened?",20,cash_withdrawal_not_recognised,gen_z_slang
2f28f3f2-07a4-4169-86da-058349342857,"Yo, I just noticed my app shows a cash withdrawal I never made from an ATM, and it’s messing with my balance—can you help me get it sorted?",20,cash_withdrawal_not_recognised,gen_z_slang
81e4a309-091c-429e-b79b-bbb6594a60b8,"Yo, I tried to withdraw cash earlier and the amount still shows up on my account, but I never got the money—can you help me sort out this unrecognized cash withdrawal?",20,cash_withdrawal_not_recognised,gen_z_slang
9d638a05-df33-4a87-b74e-03a6a78d9c26,"Yo, I just checked my banking app and it’s showing a cash withdrawal I didn’t make—can you guys help me figure out what happened and reverse it?",20,cash_withdrawal_not_recognised,gen_z_slang
ac2b4c84-68fb-436d-bd15-296abdeaa160,"Yo, there’s a cash withdrawal showing in my banking app for today that I definitely didn’t make—what do I do to get this sorted and stop any more charges?",20,cash_withdrawal_not_recognised,gen_z_slang
c5b34024-b5c0-4351-b53e-9d4f83d9c246,"Hi, I see a cash withdrawal in my bank app and on my statement, but I did not make it. What I should do now?",20,cash_withdrawal_not_recognised,non_native_speaker
06ee2e30-3296-44b1-becd-6c6fc721944d,"Hi, my online app shows I made an ATM cash withdrawal, but I did not do that. I see the transaction, but I never got any cash. Please help me check this.",20,cash_withdrawal_not_recognised,non_native_speaker
a406f1cc-8057-47de-bc51-9a12f85574f0,"Hi, today I see a cash withdrawal in my banking app, but I never went to ATM and I never got this cash. Please help me check, because it is not my action.",20,cash_withdrawal_not_recognised,non_native_speaker
f2007fb4-2763-4fd1-8bf1-faa66c1ebc82,"Hi, I see cash withdrawal in my app, it says I took money at an ATM, but I didn’t do it. Please help me, because it still looks pending/active.",20,cash_withdrawal_not_recognised,non_native_speaker
f96479bf-775d-416b-ad7d-f9f5e070009e,"Hi, I see in my app a cash withdrawal at an ATM, but I did not withdraw any money. It shows the amount already from my balance. Can you please check and fix this?",20,cash_withdrawal_not_recognised,non_native_speaker
686f4f49-1c5e-42e3-9710-fbe91fedee3a,"Hi, I see a cash withdrawal in my bank statement, but I did not do it. Can you please check and help me fix this?",20,cash_withdrawal_not_recognised,non_native_speaker
534c2031-befa-4583-a490-5d3ce5c2fcf1,"ATM cash withdrawal shown, I didn’t make it.",20,cash_withdrawal_not_recognised,short_wording
bbf97af4-b23b-436c-85c3-64b98b693655,Unrecognized cash withdrawal on account.,20,cash_withdrawal_not_recognised,short_wording
58762790-c19f-4173-bcc3-664736d1b209,Unknown ATM cash withdrawal; I didn’t do it.,20,cash_withdrawal_not_recognised,short_wording
ff5ad8f0-7271-4480-9cb7-e022f0840d31,Cash withdrawal not mine; I didn’t make it.,20,cash_withdrawal_not_recognised,short_wording
495d9957-6c14-4f66-b54d-8d4cea41c27a,App shows cash withdrawal; I didn’t take it.,20,cash_withdrawal_not_recognised,short_wording
a4ee691b-1de0-4217-aef0-99cf8a2cff3d,"Cash withdrawal shows up, not mine.",20,cash_withdrawal_not_recognised,short_wording
605eb2af-2ff8-4149-a7c8-08fc95d61319,"I’m trying to change my card PIN and it’s not letting me—this is getting ridiculous, I’ve been stuck for hours and I need it sorted right now.",21,change_pin,angry_layperson
cec2f9be-5861-4a98-8e42-8fb201eeddd2,"My damn PIN is wrong and I need to change it right now, but I can’t figure out how to set a new one—tell me what to do, step by step, because this is driving me crazy.",21,change_pin,angry_layperson
9492d116-dee7-4170-a190-ec05af0b5c68,I’m sick of this—how the hell do I change my PIN to a new number on my account?,21,change_pin,angry_layperson
38b29298-ef7e-4fb2-af2b-5b43d859dbdb,"I’m trying to change my PIN and I can’t figure out where the hell to do it—every screen I hit just gets me stuck, so tell me exactly how to change it, now.",21,change_pin,angry_layperson
eb70b7dc-45c4-49ea-a558-709373f71772,"I’m sick of this—how the hell do I change my card PIN? I can’t find anywhere to do it, and every time I try it just turns into a mess.",21,change_pin,angry_layperson
391360e1-5ee6-4ef2-ac0a-bfca4408d2d9,"I’m trying to switch my card’s secret number to something I can actually remember, but it won’t let me—what the hell is going on, and how do I change it?",21,change_pin,angry_layperson
7bbcf213-ebb6-4260-82b0-519826793f23,I cannot log in because my PIN is wrong and I need to change it right now I am stuck at the ATM and the app will not let me set a new one please tell me the fastest way to update my PIN today,21,change_pin,panicking_emergency
1870a796-d2fd-4af2-880d-78c50a4ca0b1,I need to change my card PIN now I cannot log in with the old one it keeps failing I am locked out please help immediately,21,change_pin,panicking_emergency
306344db-6bb7-4981-aef0-f474ba6ca5a7,I cannot access my account because the card pin is wrong. I need to change the pin immediately today. How do I do it right now.,21,change_pin,panicking_emergency
c8991031-ba47-4057-bb0e-bde652d01ec0,I need to change my card PIN right now I cannot use the card It keeps failing I am locked out I need the steps and I need them fast,21,change_pin,panicking_emergency
a3f0edb1-3f70-43ab-a767-03f701d0cd4d,I cannot remember my ATM PIN and I need to change it right now Please tell me how to update my PIN immediately I am stuck at the machine and it keeps rejecting me,21,change_pin,panicking_emergency
75efa479-2eff-4dba-9c0d-fdce87f72770,I need to change my card PIN right now. How do I do it at an ATM or in branch. I cannot log in until this is fixed. Please tell me the exact steps and what I need.,21,change_pin,panicking_emergency
64c1bb95-d4b7-4a80-84c8-a492e7ef0162,"Good day, I would like to request assistance in changing the PIN associated with my account, and I would appreciate clear instructions on the available methods, any eligibility requirements, and the steps I should follow to complete the update securely.",21,change_pin,polite_expert
7f8f76b3-bc91-493e-9ab4-a720f64fa8d4,"Good day, I would like to update the Personal Identification Number (PIN) associated with my account; could you please advise the correct procedure and where I can complete the change safely?",21,change_pin,polite_expert
60a6d942-17eb-4e68-8d97-9b1914b8ccf2,"Good day, I would like assistance updating the Personal Identification Number (PIN) for my account, and I would appreciate step-by-step instructions on the correct process to ensure the change is completed securely.",21,change_pin,polite_expert
75404c67-d000-4dbd-b21b-397359238dc1,"Good day, I would like to request assistance with changing the personal identification number (PIN) on my account, and I would appreciate clear instructions on the exact steps required and what identification or verification may be necessary to complete this securely.",21,change_pin,polite_expert
97f6eab9-1284-459c-9d34-169101fdd1e9,"Good day, I would like assistance changing the personal identification number (PIN) on my bank card, and I would appreciate it if you could confirm the available methods and any verification steps required to complete the change safely.",21,change_pin,polite_expert
a7339c5f-3de7-4f40-ab7e-d9fbb7a253f7,"I would like to change the PIN on my account, and I would appreciate guidance on the available options—particularly whether I can update it at one of your cash machines, and what identification or card requirements apply.",21,change_pin,polite_expert
1d598e7e-8019-426f-9078-9a76eb023b10,"Hey, I need to change the PIN on my card—can you tell me how to do it, and if I’m traveling overseas will the process be any different?",21,change_pin,gen_z_slang
6c8c0cbb-d15f-4ac7-9814-44971aaa2066,"Hey, I need to update my card PIN but I’m not sure how to do it—can you tell me the fastest way to change it and what I need to have on hand?",21,change_pin,gen_z_slang
1c37ac92-55d0-4ef8-876b-8e2701336876,"Hey, I wanna switch my card PIN, but the ATM isn’t asking me anything—can I change it some other way, like in the app or branch?",21,change_pin,gen_z_slang
b8986eb2-b43e-4ef1-bce9-bf851a29f2ef,"Hey, how do I change the PIN on my card? I need to update it ASAP but I’m not sure where to do it.",21,change_pin,gen_z_slang
e67e0c57-bad4-4ff5-a825-7879459b3636,"Yo, can I change my card PIN at an ATM near me, or do I have to do it somewhere else?",21,change_pin,gen_z_slang
8c60adab-d4b4-4d59-a67a-8241dc792114,"Yo, I need to change the PIN on my card—can you tell me the steps and where I can do it (ATM or app), and if there’s any limit on how many times I can change it?",21,change_pin,gen_z_slang
3aa679ff-881b-46ff-82b0-1392ed9ab47f,"Hi, i want to change my card PIN, but i don’t know how to do it. Can you tell me where i can change it near me or what steps i need?",21,change_pin,non_native_speaker
5553a874-7058-4409-a342-402ffee0eb84,"Hi, I want to change my card PIN, but I don’t know how. Can you tell me where I can do it, and what I need?",21,change_pin,non_native_speaker
d2353ad3-9937-436d-a513-82f8136d9fa7,"Hello, I want to change my card PIN, but I don’t know how to do it. Can you tell me the steps, please?",21,change_pin,non_native_speaker
fb0da20a-a7c5-4def-80c7-496313120630,"Hi, I want to change my card PIN, but I don’t know how to do it. Can you tell me the steps, please? I can use my app or I must go to a branch?",21,change_pin,non_native_speaker
dba37fa2-0e37-4ca0-880c-3c93eebc9aa5,"Hi, I want to change my card PIN today, but I don’t know where I can do this. Is it only in ATM or I can do it in the bank too?",21,change_pin,non_native_speaker
d0f3ae66-508e-43a2-b7eb-082d848459d9,"Hello, I need help to change my card PIN, but I don't know how to do it. Can you tell me the steps, please?",21,change_pin,non_native_speaker
5d20232e-00e7-4757-b0dc-aafa14d99ce6,Need change PIN now. Steps?,21,change_pin,short_wording
bceaf915-bd7a-4594-9076-f4d8af38ed14,Need to update my ATM PIN.,21,change_pin,short_wording
8e740e97-5038-44da-939d-1524b7f05be7,Change ATM PIN? Steps?,21,change_pin,short_wording
d357caa9-a3c2-45e5-ad47-b4fa847bf403,Update card PIN—how?,21,change_pin,short_wording
5bcecb52-83c8-496f-8347-5ff020cee3c3,"PIN change request, how do I do it?",21,change_pin,short_wording
f1f4777d-d3a5-4eb6-82eb-0fcbe9f6bb3d,Need change PIN. How to do at ATM?,21,change_pin,short_wording
9d19fbb2-416e-4d6e-8158-23cb3878fc01,"My card got used without me, and now random charges are showing up like crazy—I need you to stop this crap right now and help me get it fixed, because I’m not paying for anything I didn’t do.",22,compromised_card,angry_layperson
5be46f2a-9751-49df-8c81-04461c8f0685,"My card got messed up and I’m getting hit with charges I didn’t make—someone’s using my money and I want this shut down right now, I’m not paying for some scammer’s crap.",22,compromised_card,angry_layperson
7186f603-81d6-4ed1-af5b-a82684ea823f,"I’m seriously pissed—my card’s been used by someone else and I don’t know how, and I want it shut down right now and someone to tell me what the hell to do next.",22,compromised_card,angry_layperson
2a6ed562-2bd2-42f3-8f90-04f8460d1320,"My card’s been messed with and I don’t recognize a bunch of charges—some scammer clearly got my card info—fix this now, I want it shut off and those bogus charges taken care of, yesterday.",22,compromised_card,angry_layperson
28813779-8177-4235-9279-43a642758f11,My card got stolen or somebody hacked it—random charges are showing up and I didn’t do a damn thing. How do I freeze it right now and stop this mess before they drain everything?,22,compromised_card,angry_layperson
48a15f09-7bd9-420c-b0ab-111c148471b2,"My card’s been compromised, and I’m getting hit with purchases I never made—someone’s using my money and I want it stopped right now and my card blocked immediately.",22,compromised_card,angry_layperson
aaa2ee98-f332-4ff3-94c4-a06f909d917b,My card may be stolen or used without me. I just noticed new charges online. I need it frozen immediately. Also freeze my account. Call me now and tell me the next steps.,22,compromised_card,panicking_emergency
3ecf43e9-5b57-44a8-92a0-da0d6e3b8718,My card is compromised I see charges I did not make right now I need it frozen immediately and I need fraud disputed today I cannot wait I am scared someone is still using it,22,compromised_card,panicking_emergency
04d63938-0c20-4544-baf7-567aa0d36326,My card is compromised I think someone is using it right now I need it frozen immediately How do I stop further charges and get a replacement card today,22,compromised_card,panicking_emergency
ba7fcea1-f8d7-4fd5-801a-c53ce50842f3,My card is not safe Someone used it already I see transactions I do not recognize I need it frozen right now I cannot wait Please stop all charges and tell me the next steps immediately,22,compromised_card,panicking_emergency
cf05edf8-9528-44f3-854f-8111cf9e7858,Someone used my card and I did not make those charges. I need it frozen immediately now. Fraud alert on my account. Please stop any more transactions today.,22,compromised_card,panicking_emergency
93d9a713-5cde-4b7c-ab08-15bab290ef51,My card is compromised now Someone used it for charges I never made I need it frozen immediately I cannot wait Please lock the card and stop any more transactions right now,22,compromised_card,panicking_emergency
5615d3c4-a501-494a-9fe6-c736dbf30fb1,"Hello, I am contacting you because my debit/credit card appears to have been used without my authorization for several purchases, and I would like to have the card immediately frozen or blocked, along with guidance on the next steps to dispute the fraudulent transactions.",22,compromised_card,polite_expert
7b0271b5-d513-4be3-9003-2cd3060ec215,"I am concerned that my payment card may have been compromised, as I have observed unauthorized transactions and suspicious activity; please urgently freeze the card and advise on the immediate steps to secure my account and restore proper access.",22,compromised_card,polite_expert
3bef4e37-3c3e-4723-8cdc-a29fa95731b1,"Hello, I need assistance because I believe my payment card has been used without my authorization; I have noticed one or more transactions that I do not recognize, and I want to understand what immediate steps I should take to secure my account and prevent further unauthorized activity.",22,compromised_card,polite_expert
00f3bdd3-2283-49c6-ae04-06424e0f6e33,"Hello, I would like assistance because I believe my card has been compromised; I have noticed one or more transactions that I do not recognize, and I want to understand the fastest way to secure my account, freeze the card, and initiate a dispute or chargeback while requesting a replacement card if necessary.",22,compromised_card,polite_expert
6f05e324-e1f4-42b0-a402-a63cbae8d8bd,"Good day, I would like urgent assistance because I believe my debit card has been compromised; I have noticed unauthorized transactions and I need to freeze the card immediately and initiate the dispute process for the fraudulent charges.",22,compromised_card,polite_expert
ee129ced-db51-4e46-b218-2e1c6fadd34c,"Hello, I am contacting you because I discovered recent card transactions that I do not recognize, and I am concerned that my card details have been used without authorization; please advise on the immediate steps to secure my account and reverse any unauthorized charges.",22,compromised_card,polite_expert
299434d7-1b7f-4342-818a-8e9e55f96a17,"Yo, I just noticed a couple charges on my account that I didn’t make—like my card must’ve been used by someone else, can you help me lock it down and dispute the transactions?",22,compromised_card,gen_z_slang
64aaf378-ac0f-4396-a57f-079589b760a8,"Hey, my card got used for a bunch of purchases I didn’t make and I’m freaking out—can you freeze it ASAP and help me figure out what’s going on?",22,compromised_card,gen_z_slang
f88b289d-f563-4362-8e62-2de3fde3c284,"Hey, my card got compromised or something—there are a couple charges I don’t recognize and I didn’t make them. Can you freeze the card ASAP and help me sort this out?",22,compromised_card,gen_z_slang
c9900461-6bbc-4406-b3c3-20741321adf8,"Yo, I’m seeing a bunch of transactions on my card that I didn’t make, and I’m pretty sure my card got compromised—can you help me lock it asap and sort it out?",22,compromised_card,gen_z_slang
7cb05ecc-3b3c-47f8-b268-0da01798defb,"Hey, I just noticed a couple charges on my card that I don’t recognize, and I’m pretty sure someone’s using it without my permission.",22,compromised_card,gen_z_slang
a40391fb-ef21-4c76-8a50-664aed7e85fd,"Hey, I just noticed a couple charges on my card that I didn’t make, and I’m pretty sure someone got access without my permission.",22,compromised_card,gen_z_slang
2ec626c0-2bf4-423c-8be4-77af153fb326,"Hi, I think my card is not safe. I see some payments on my account that I never did. I did not buy anything in those places, and I was not there. Please tell me what I should do now to stop it and get refund.",22,compromised_card,non_native_speaker
ae7ebd6d-350e-4e1d-a9e5-1d8d6b439ccc,"Hi, I think my card was used by someone else without me. I see strange transactions today and I am very worried. Can you please freeze my card right now?",22,compromised_card,non_native_speaker
1cc65c53-f382-4041-a0e9-82c87bf0b037,"Hi, my card has suspicious charges and I don’t recognize them. I think someone get my card info. Can you please block my card right now and tell me what to do next?",22,compromised_card,non_native_speaker
105efbba-0e49-452c-b83b-e3fdf7b21c7c,"Hi, I think my card is not safe. I see some transactions that I did not make, and I am scared someone else is using it. What should I do right now to stop it and protect my money?",22,compromised_card,non_native_speaker
8c248330-89a4-4295-874b-634f0b25d7e0,"Hi, my card is maybe stolen or hacked. I see some transactions I don’t know, and I am scared. How I can block my card now and stop more charges?",22,compromised_card,non_native_speaker
3215b859-f6ee-46f5-a290-e800f34693bf,"Hi, my card is not safe. I see some payments on my account that I did not make. I did not go to that shop, so please block my card right now and stop any more money use.",22,compromised_card,non_native_speaker
6b783e9f-98eb-4b8c-99da-32c99d042bdf,"Unknown charges, freeze card now.",22,compromised_card,short_wording
135941a3-5969-4964-803e-1da486ac1264,Card used without my consent; how freeze and dispute charges?,22,compromised_card,short_wording
80958deb-18d4-4b00-a55b-40e0710afdea,Unrecognized card charges. Freeze card now.,22,compromised_card,short_wording
6ed0cace-5c56-467b-bf59-9c68760e86db,"Card used fraudulently online, freeze now.",22,compromised_card,short_wording
db481361-3606-4d1c-baa6-1a97326c7d79,Unrecognized card charges online—freeze now,22,compromised_card,short_wording
8facd07d-6eba-4e07-904f-833317252080,"Random charges today; card used without me. Freeze card, investigate.",22,compromised_card,short_wording
9d4bd3d9-4408-4cc3-ae27-2b4e97ba4c49,"My damn contactless pay won’t work at all—every time I tap the card, it just gets rejected. I’m sick of standing there like an idiot. How do I fix this?",23,contactless_not_working,angry_layperson
c55afd1a-77fa-428b-8b93-07b818691f64,"I’m sick of this crap—my card won’t let me pay without tapping, and every time I try it just gets denied. This has been happening for days, and I need it fixed now.",23,contactless_not_working,angry_layperson
ed7e06c6-5490-4e17-a4d0-4d0ef973ed9d,"My tap-to-pay just stopped working—every time I try it, it declines and the machine just sits there. I tried in multiple places today and it’s the same crap. Fix it or tell me what’s going on, because this is ridiculous.",23,contactless_not_working,angry_layperson
24c1e927-ac22-4f17-9d31-5d6aed5fa59f,"My contactless card won’t work at all, and it’s driving me nuts—every time I tap, it just refuses and I end up standing there like an idiot waiting for the cashier. How do I fix this right now?",23,contactless_not_working,angry_layperson
6ef9f2fd-d37f-4f43-b49e-87e1240b65bf,My card’s tap-to-pay thing is not working at all—I've tried multiple times in stores and it just gets rejected. This is ridiculous. How do I fix this right now?,23,contactless_not_working,angry_layperson
8743f2ac-44c8-46cf-8af3-f5bb1815b39b,"My card’s tap-to-pay stopped working and it’s pissing me off—every time I try to pay, it just won’t work. What the hell is going on and how do I fix it?",23,contactless_not_working,angry_layperson
44023bc8-5ff5-4879-a522-8ed8405b3857,My contactless payments stopped working right now. I tap and nothing happens. The terminal just rejects it. I need to pay today. Please tell me what to do immediately.,23,contactless_not_working,panicking_emergency
5ac0a86c-cf8f-498e-8a69-3bec70454927,I am panicking my card contactless will not work at all today I tap and nothing happens it keeps getting rejected at the terminal I need this fixed now I have no time to queue for chip payments please tell me what to do immediately,23,contactless_not_working,panicking_emergency
19f70c51-4b59-49f0-9236-7bbb273ce37b,My card contactless is not working I tap and nothing happens It says try again every time I need to pay right now Please tell me what to check immediately,23,contactless_not_working,panicking_emergency
b6efe237-a780-4321-ae36-3b6154cd194a,My card contactless is not working right now I tap at the terminal it just fails over and over I am stuck and late Please fix this today I need to pay immediately,23,contactless_not_working,panicking_emergency
126d8963-1d8d-4f0f-920d-c2fd8da808f3,My contactless payment just will not work at all I tap and nothing happens at the terminal I tried twice today and it keeps declining I need this fixed urgently please tell me what to do now,23,contactless_not_working,panicking_emergency
0e479a2d-8906-4214-962c-7b5c07c57e98,My contactless just stopped working today I tap and it says decline every time I tried multiple terminals nothing works I need to pay now please tell me what to do fast,23,contactless_not_working,panicking_emergency
dbf861f6-09d9-4b67-9f81-388058e8df4f,"Good day, I am experiencing difficulty with my card’s contactless payments, as it is not working when I attempt to tap at the terminal; could you please advise on the likely causes and the steps I should take to restore functionality, or confirm whether a replacement may be necessary?",23,contactless_not_working,polite_expert
a5ee95fc-8ff4-48e4-bfc7-f405efa1df29,"Hello, I am experiencing an issue with my contactless card payments: when I hold my card against the terminal, the transaction does not complete, and it is declined or rejected. Could you please advise what steps I should take to resolve this and whether my account or card requires any verification or settings adjustment?",23,contactless_not_working,polite_expert
b52c7d65-660a-4f79-be11-6bd3610c0133,"Good day, I would like to report that my contactless payment feature is not working as expected; I attempted to make a payment at a terminal today and it was repeatedly declined, and I am unsure what I may need to adjust or verify on my account. Could you please advise on the likely causes and the next steps to restore functionality?",23,contactless_not_working,polite_expert
dafadaf8-eb36-4888-a876-c0391be2c481,"Good day, I am experiencing an issue with my card’s tap-to-pay function: when I attempt contactless payments, the terminal repeatedly declines the transaction, despite having sufficient funds and the card working normally for chip or swipe purchases; could you please advise the appropriate steps to resolve this?",23,contactless_not_working,polite_expert
bea2ef1f-aa67-46de-a5df-9642180296e5,"Good day, I would like assistance because my contactless payments are not working at the moment; when I tap my card at the terminal, the transaction does not go through, and I would appreciate guidance on what checks to perform and whether there is anything on your side that may be preventing it.",23,contactless_not_working,polite_expert
fc1f0693-7ddb-4e2b-9570-470ed6348c0b,"Good day, I would like assistance because my card’s tap-to-pay feature is not working at the terminal; could you please advise what checks I should perform and whether there is any activation or security setting that needs to be reviewed?",23,contactless_not_working,polite_expert
b9503b44-407c-449d-a939-21ac2c18cf82,"Hey, my tap-to-pay just won’t go through—every time I try it gets rejected at the terminal. Can you help me figure out what’s wrong and how to fix it?",23,contactless_not_working,gen_z_slang
88d67521-a562-4a0b-b8e0-33cf274d6945,"Hey, my card’s contactless just won’t work—tapping at the terminal doesn’t get approved, even after I try a bunch of times. Any idea what’s going on or how to fix it?",23,contactless_not_working,gen_z_slang
f498ae37-efde-4fb8-9ba2-cac10968da8e,"Hey, my card’s tap-to-pay just won’t go through lately—like the reader keeps declining it no matter where I try. Any idea what I should do or if it needs resetting?",23,contactless_not_working,gen_z_slang
f6f0c46a-3a47-4d0f-9e81-ad1bc16a2b0c,"Hey, my tap-to-pay keeps failing—like I’ll hold my card near the reader and it just won’t go through. Can you help me figure out what’s wrong and how to fix it?",23,contactless_not_working,gen_z_slang
10042f97-9a04-4082-a309-66e768d9e0f0,"Hey, my card’s tap-to-pay just won’t work—every time I try, the terminal rejects it. Can you help me figure out why and get it working?",23,contactless_not_working,gen_z_slang
150dd81d-a1a1-49d9-bbdf-7a2baca642a4,"Yo, my contactless just keeps getting declined—tried paying at a shop and the terminal wouldn’t read it, even after I held the card there for a few secs. What gives?",23,contactless_not_working,gen_z_slang
6538f4f4-24bd-4149-8801-ae4b6c19a4d6,"Hi, my card contactless not working today. I try to pay in shop and the terminal says no, again and again. What I can do now, please?",23,contactless_not_working,non_native_speaker
38b5673e-d2b7-416f-8f54-c4afaf4e7e25,"Hi, please help me. My card tap pay is not working today. I tried many times in shop but it always says fail. What can I do?",23,contactless_not_working,non_native_speaker
97481c62-8d35-4bce-80cb-30ca84e3ce98,"Hi, my card pay without tap is not working. I tried to pay at shop today, but the terminal say failed. Can you help me please?",23,contactless_not_working,non_native_speaker
94486db8-51e2-458a-bdc3-097501a0430a,"Hi, today I try to pay with tap-to-pay, but it didnt work at the shop. I tap card and nothing show, then it ask to use chip. Why this happen?",23,contactless_not_working,non_native_speaker
5dadbf12-5f0b-4eae-8339-f9f8028f2653,"Hi, today I try to pay with tap-to-pay, but it not work. The terminal says error and I can not finish payment. Can you help me?",23,contactless_not_working,non_native_speaker
fedabc62-044a-4076-b6ca-94d58fcfe9bc,"Hi, my card contactless not working now. I try to pay, but it always says fail and the machine not accept. Can you help me please?",23,contactless_not_working,non_native_speaker
3a8dc19b-c011-4562-9bc1-b4f20aa42bde,Contactless payments not working,23,contactless_not_working,short_wording
18af172b-0763-4df3-9465-06e110a58787,Contactless payments not working. Tried twice today at store. Fix?,23,contactless_not_working,short_wording
123917e4-4e52-459c-8d0c-9f794fcd95f6,Contactless payment fails transit store,23,contactless_not_working,short_wording
5ba5305e-5537-4396-a28d-19769d314004,Contactless not working. Payment declined. Tried at multiple terminals.,23,contactless_not_working,short_wording
19fb6ad8-c34c-40f9-979d-476aa79e570d,Contactless payment failing; card not accepted,23,contactless_not_working,short_wording
c0030218-1c0a-4320-ae0b-cfc7a793be42,Contactless not accepted today,23,contactless_not_working,short_wording
caa3241e-01cf-4e9f-a4f9-cf8dade3c022,"I’m sick of this—what countries do you actually work in, and why can’t I just find a straight answer on where you’re available? I need to know if you’ll support me where I live, not this runaround.",24,country_support,angry_layperson
32078da8-8953-41e4-b006-bead3db02378,"What the hell, why isn’t my country supported? I’m not in the UK and I can’t even get a card or do anything—this is ridiculous, sort it out.",24,country_support,angry_layperson
4244d764-6fed-443e-a096-109adaf99f0a,"Why the hell won’t you tell me which countries you actually support? I’m trying to sign up and it keeps acting like my country doesn’t count, but nobody gives a straight answer.",24,country_support,angry_layperson
f2dedaf5-fe0d-43ad-b982-0e12263d8f05,"Why the hell can’t I figure out what countries you actually work with? I’m trying to get a card and it keeps getting blocked like you’re hiding the info—tell me straight where you support and how I can get one from my country, not some vague nonsense.",24,country_support,angry_layperson
b98b31ad-4d77-4ca7-91de-9fda7fc44174,"Why the hell do I keep getting blocked because I’m not in the UK—can you just tell me where you actually support people from, and whether I can still get anything or not?",24,country_support,angry_layperson
6a8f6024-aa68-4625-9d3b-d4f9965821a6,"What the hell, I’m in the US and nobody tells me if you even support people here—so what countries do you actually cover, and how am I supposed to get a card if you’re not working where I live?",24,country_support,angry_layperson
03274522-14f2-4a21-9c54-37cc8e457d78,I need help right now I live in Canada I cannot get my account set up It keeps saying my country is not supported I need a quick solution please tell me what I can do today,24,country_support,panicking_emergency
edc23f5a-401c-4a64-a54a-17359d70e313,"I cannot find where this service is available country by country  
My account works but travel is coming  
Tell me which countries I can use my card in today  
I need the supported countries list now  
If my card fails there I will be stranded",24,country_support,panicking_emergency
1aa59560-cc2e-42c9-95f0-ac8117a8c7b7,I need to know if my country is supported right now. My account is blocked or restricted. I cannot use my card. What countries do you service. Tell me immediately.,24,country_support,panicking_emergency
74054ce4-f7ee-4629-9463-fd1c3d4f0b46,I need to know if my country is supported right now I am stuck outside the supported list My location is not matching Please tell me what countries you support and confirm whether mine works,24,country_support,panicking_emergency
3798fd53-5fc7-4376-a219-928e09227572,I am panicking right now. Can I get my card in my country. I am outside the UK and I need it working now. Are you available where I live. Please confirm fast.,24,country_support,panicking_emergency
6f4c2f62-b4a8-4c76-ae4b-4a9f3454bda8,I am not in the UK right now I need my card urgently I cannot access my account please tell me if you support customers outside the UK and how I get help from here now,24,country_support,panicking_emergency
f33f7f84-96bb-41ea-a5b3-2222c560c596,"Could you please confirm in which countries the bank currently offers its services, and whether I am eligible to open an account or obtain a card if my residence is outside the UK?",24,country_support,polite_expert
9f63bd02-5d83-4285-a544-841fa24ddc02,"Good day, I would like to confirm which countries you currently support for customer onboarding and card usage, and whether my location in [Country] is eligible for the services I intend to use.",24,country_support,polite_expert
269966ff-7804-4817-9b5e-6a5020bc8354,"Good day, I would like to confirm whether my country of residence is currently supported for opening an account and for receiving your banking services, and if so, what eligibility requirements apply to customers in that jurisdiction.",24,country_support,polite_expert
3fc94d68-a117-41d4-b9e8-766221837b49,"Good day; I would like to confirm which countries your bank currently supports for account access and card usage, and whether there are any restrictions or different terms depending on the country where the card is being used.",24,country_support,polite_expert
4658c347-4533-48a3-b25e-0362c070ab23,"I would like to confirm whether I am eligible to open an account and obtain a debit card while residing in a country other than the one where my documents were issued, and which supported countries are currently eligible for onboarding.",24,country_support,polite_expert
002e4fd3-8998-4241-8e45-43e766919666,"Good day, I would like to confirm which countries are currently eligible for your banking services, including where you are able to issue accounts or payment cards, and whether my country is covered.",24,country_support,polite_expert
7ad56852-5c08-456f-8867-b14c41293b0b,"Hey, quick question—what countries is my card actually supported in? Like, where can I use it without it going weird or getting declined?",24,country_support,gen_z_slang
c1b3a450-1dc4-4e7c-b805-67c778ec106c,"Hey, what countries do you actually support for accounts/cards? Like is there a full list of where you operate?",24,country_support,gen_z_slang
2006100f-1de6-4d23-8b81-5a64f1d3caac,"Hey, I’m trying to figure out if I can open an account/use your services—what countries are supported, and are there any limits depending on where I live?",24,country_support,gen_z_slang
f4c6725f-a16d-4eef-b9e1-aa4c378660c8,"Hey, I moved to the US and I’m trying to figure out how to get my bank card—what’s the process and what info do you need from me?",24,country_support,gen_z_slang
9a08a1fd-9b7b-4c8c-bc80-33b51f8bdacf,"Yo, quick Q—can I still open a bank account and get a debit card if I’m currently living outside your supported country (like, I’m abroad right now)?",24,country_support,gen_z_slang
36765efa-4d90-49e4-b4f7-7e20f60e7934,"Hey, I’m trying to figure out where your bank actually works—what countries do you support, and do you still offer stuff like accounts/cards if I’m outside your main region?",24,country_support,gen_z_slang
38c1613b-7793-49e0-901a-271aeda2ffda,"Hi, I want to ask, in what countries my bank card will work? I am not sure, can you tell me the supported countries and if it works in my country too?",24,country_support,non_native_speaker
4a375e29-dd2b-4bfd-9d49-a503eadb37be,"Hi, I’m not in your home country. Can I still use my card here, and in what countries it will work?",24,country_support,non_native_speaker
0adc1fc7-48a1-46ba-82f7-4a373fe4b2a7,"Hello, I live in Canada now, before I was in another country. Can I still use my bank account and get a debit card here? Please tell me what I need to do.",24,country_support,non_native_speaker
e8855180-d7e2-474b-a479-f4860c890836,"Hi, I want to ask, in what countries I can use your bank service? I am not sure if my country is supported, can you tell me please?",24,country_support,non_native_speaker
a954fd2c-1885-4d83-9eb8-ad60efae58ae,"Hi, I want to ask about countries. In what countries you support your bank services? Can I use your card or account when I travel to another country? Please tell me.",24,country_support,non_native_speaker
f812c0de-f83e-4028-a4e6-c0f57b6d9381,"Hi, I need help for my account, but I am not sure what country I must live in. I live in another country now, can you tell me if I still can use your banking service and get support?",24,country_support,non_native_speaker
37bce2f6-4d89-4b5b-8ef1-c561143d27c5,"Not in the US, card eligibility?",24,country_support,short_wording
b98b7115-f24b-4628-be40-9fbc5de4fa36,Which countries supported?,24,country_support,short_wording
44a48e3a-d5e5-4823-9cc2-ae115a38c706,Available countries for account?,24,country_support,short_wording
9dde604e-581b-4622-8210-443f005e5a70,Do you support my country?,24,country_support,short_wording
93391a95-9968-4db2-a34b-21431a206c53,Do you support my country?,24,country_support,short_wording
d8d9d7eb-d1ef-4828-9a79-5dc2449703d7,I live in France. Can I get support?,24,country_support,short_wording
67c906b5-c9e8-4edf-a124-6b7234ba8487,My card payment got refused again and I’m sick of this crap—why won’t it just go through when I’m standing there trying to pay?,25,declined_card_payment,angry_layperson
c088f6c2-3432-4f99-a5f6-0895f54054be,"My card payment got rejected again, and I’m sick of this nonsense—there’s money in my account, so why the hell won’t it go through at the store?",25,declined_card_payment,angry_layperson
05a51d0d-34bb-493a-b848-88b1ad881c01,"My card payment keeps getting rejected even though there’s money in my account—what the hell is going on, and why am I getting blocked at the checkout for no reason?",25,declined_card_payment,angry_layperson
71df281d-c7ec-41e6-b863-7dd7efa7f9bf,"My card payment got rejected again at the store—seriously, what the hell is going on? I’ve got money in the account, I’m trying to buy stuff, and it keeps getting declined like I’m some kind of criminal. Fix this ASAP.",25,declined_card_payment,angry_layperson
afbd1b4d-2484-422a-8b85-6dcf6e7e7033,"My card keeps getting rejected at checkout and the payment never goes through, this is ridiculous—what the hell is going on with my card?",25,declined_card_payment,angry_layperson
a1eea877-f835-408c-8635-12cc2258acf7,"My card payment got denied over and over at the store today, and I’m getting sick of this crap—what the hell is going on and why won’t you get it fixed?",25,declined_card_payment,angry_layperson
501d905c-2a17-4abb-b8c0-d6a822c5aa76,My card payment was declined again right at checkout I have money in the account What is going on I tried twice now It should have worked today Please fix this fast I need to complete the purchase now,25,declined_card_payment,panicking_emergency
bdfc3a22-1336-40c5-8411-ef58faaaee64,My card payment was declined again at the checkout right now. Money already set aside I think. I need this to go through immediately. What is blocking it.,25,declined_card_payment,panicking_emergency
9234b97b-b579-4e6c-9ff4-28989904c4cd,My card payment was declined at the checkout again and again. I am stuck without access to my money. Please fix this now. What is blocking it and how do I get it approved today.,25,declined_card_payment,panicking_emergency
937232cd-6d3e-4ff2-ae9d-67a0633d4ca1,My card payment just got declined again right now I cannot complete checkout The bank is refusing it for no reason What is going on I need this fixed immediately,25,declined_card_payment,panicking_emergency
0941c7fc-6126-4cf8-9113-9e9401171998,My card payment keeps getting refused at the register again and again. I tried twice today both times declined. I need this fixed now. Please tell me why and what to do next.,25,declined_card_payment,panicking_emergency
62a6d640-8c79-4abd-ab70-06924c3c014b,"I tried to pay at the store and it was declined again  
Card payment would not go through  
I need this fixed now  
Please check my account and card status immediately",25,declined_card_payment,panicking_emergency
9e305091-f741-4df1-b613-8a431f4fc719,"Good day, I attempted to make a card purchase today, and the transaction was declined despite having sufficient available funds; could you please advise what might be causing this and what steps I should take to resolve it?",25,declined_card_payment,polite_expert
27563c1c-a909-4d7a-bea6-207a30456d5d,"Hello, I would like assistance because my card payment was declined at the time of purchase, and I am unsure why it failed; could you please check whether there is any block on my account or insufficient authorisation, and advise what I should do to have the payment processed successfully?",25,declined_card_payment,polite_expert
5cb554a2-3b83-4db6-a42c-ddab8409b1e0,"Hello, I attempted to make a card purchase today, but the transaction was declined at the checkout, and the payment did not go through; could you please advise what might be causing this and what steps I should take to resolve it?",25,declined_card_payment,polite_expert
68c5cd06-cafe-4bef-ac8f-ebe1d150dcd7,"Good day, I am contacting you because a card payment I attempted today was declined at the point of sale, and the merchant advised that the transaction could not be completed; could you please help me understand the reason for the decline and what steps I should take to resolve it?",25,declined_card_payment,polite_expert
174cb6cf-5f1a-44d2-9a4a-3bed395ab541,"Good day, I attempted to make a card purchase today, but the transaction was declined at the point of sale despite having sufficient funds; could you please investigate why the payment was rejected and advise what steps I should take to ensure it processes successfully on the next attempt?",25,declined_card_payment,polite_expert
8a139c68-dbd8-4c30-8a18-9e6d299c5070,"Good day, I attempted to make a card purchase today, but the transaction was declined at the point of sale; could you please investigate the reason for the rejection and advise what steps I should take to resolve it?",25,declined_card_payment,polite_expert
f23ef537-5601-47ea-b143-bb4fc7e43ac5,"Hey, my card payment keeps getting declined every time I try to pay—this is happening with my new card too. Anyone know what’s going on or how to fix it?",25,declined_card_payment,gen_z_slang
b3d375a6-c402-40ec-9084-4a6106f38285,"Hey, my card got declined at checkout and it keeps happening—can you check what’s going on with the charge on my account?",25,declined_card_payment,gen_z_slang
b2689914-b84d-4e84-a775-96f7f788d760,"Yo, I tried paying with my card at the store today and it just got declined at checkout—any idea why that happened?",25,declined_card_payment,gen_z_slang
d9892b90-1b0b-49bf-9711-98a3249ade16,"Hey, my card payment keeps getting declined at checkout even though I’ve got money in my account—can you help me figure out why and get it working?",25,declined_card_payment,gen_z_slang
a21ae4ec-74d2-4126-bc9a-e9406db272b4,"Yo, my card keeps getting denied at checkout even though I’ve got money in the account—tried paying for a couple things today and it just wouldn’t go through, what’s up?",25,declined_card_payment,gen_z_slang
155acf03-5fe0-43f9-8437-abb6b111943f,"Hey, my card payment got rejected at checkout and the transaction didn’t go through—can you check what happened and fix it?",25,declined_card_payment,gen_z_slang
d81a1f16-f803-4670-9fa9-d5d7841b83e3,"Hi, today I try to pay in a shop but my card payment was declined. The machine say payment failed and I cannot finish the purchase. Please help me.",25,declined_card_payment,non_native_speaker
c1c3b2a9-85e8-4e55-aeff-91bf79dff4e0,"Hi, I try to pay with my card today, but the payment was declined at the shop. Can you check why this happen and what I need to do?",25,declined_card_payment,non_native_speaker
b2714fdc-1ecf-47dd-b31a-9ad15c24684d,"Hi, today my card payment was declined again. I try to pay in store, but it not go through. Can you help me, please?",25,declined_card_payment,non_native_speaker
6a3f68e9-5549-498b-ba69-762baf8c1742,"Hi, my card payment was declined today, in the shop. The cashier said it not go through. Can you check why and how I can fix it?",25,declined_card_payment,non_native_speaker
a8d042f0-8e9e-49f0-b11b-8813c9d63f4c,"Hi, today I try to pay with my card, but the payment was declined. Why this happen? I have money on my account, please check.",25,declined_card_payment,non_native_speaker
e7ea7bf7-b085-4bd9-b411-02912acd5f9c,"Hi, I am having problem. My card payment was declined in the store, and it did not go through. Can you please help me, why this happen and what I need to do?",25,declined_card_payment,non_native_speaker
dc9509d5-920f-48ea-b379-25c1366b45e8,Card payment declined at checkout. Why?,25,declined_card_payment,short_wording
f9341118-84cd-47ee-8708-48a7c285c376,"Card payment declined today, why?",25,declined_card_payment,short_wording
f73f5e2c-734a-4402-94d7-3e7e6ad70fc7,Card payment declined at checkout,25,declined_card_payment,short_wording
fb820339-68a5-43b9-b530-cc75e1759bf5,Card payment declined today—why?,25,declined_card_payment,short_wording
061a72ce-3462-4293-a67d-e973c1b316c1,Card payment declined at checkout. Why?,25,declined_card_payment,short_wording
9a350834-dc3c-4b9b-8920-164ae55f0cb6,Card payment declined again today. Why?,25,declined_card_payment,short_wording
f71748ac-680a-47fb-ba24-9dd741512499,"I went to the ATM to grab my cash and it flat-out refused to hand it over, no money, no explanation, and I’m stuck standing there getting jerked around.",26,declined_cash_withdrawal,angry_layperson
cad63ada-e843-4334-99b8-e5c0f3fd9d25,"I tried to pull out cash and the ATM just keeps declining my card—this is ridiculous. I need my money now, what the hell is wrong with my account?",26,declined_cash_withdrawal,angry_layperson
04b4b3a3-7916-402b-91e5-594335428c0c,"I walked up to the ATM to grab my cash and it just flat-out refused me—no money, no explanation, what the hell is going on?",26,declined_cash_withdrawal,angry_layperson
4c515a96-c150-47fe-bf5b-c964bd62cde0,"What the hell—my cash withdrawal got denied at the ATM again even though I’m using the right card and the right PIN, and I need my money now. Why are you people blocking me from getting my own cash?",26,declined_cash_withdrawal,angry_layperson
8a90684f-5ac2-4951-b46f-b7ef1b5e5530,"I went to the ATM to pull out cash and it just kept refusing me and didn’t give me a damn thing—this is ridiculous, fix it now.",26,declined_cash_withdrawal,angry_layperson
323b793f-d637-455b-ba11-3f3ba25b3503,"I went to the ATM to get cash and it keeps flat-out refusing my card, even when I try different machines, and now I’m stuck without money—fix this or tell me why this damn thing won’t work.",26,declined_cash_withdrawal,angry_layperson
877263ac-c986-40b8-a357-12e428348ad4,ATM refused my cash withdrawal again. Same day same card. I used the correct PIN. It says declined and then keeps rejecting. I need my money now. What is wrong with my account.,26,declined_cash_withdrawal,panicking_emergency
4a1c7f7b-f280-43f8-824a-6f87ecc3d65a,I tried to withdraw cash at the ATM again and it got declined I need money right now Please fix this my account shows funds but the machine will not release any cash,26,declined_cash_withdrawal,panicking_emergency
54aa03d1-0481-4369-84e3-d643e92bf43f,I tried to withdraw cash at the ATM it declined again and again. No cash came out. It still shows my request failed. I need the withdrawal approved now.,26,declined_cash_withdrawal,panicking_emergency
fb90b2c1-acc0-47fd-9fb1-c562ab45f15e,ATM just rejected my cash withdrawal again this morning. Same card worked yesterday. Money not dispensed. I need cash now. Please check my account and tell me why it was declined right away.,26,declined_cash_withdrawal,panicking_emergency
f1c822db-be8e-4e98-b533-95c0c7a40102,I tried to withdraw cash at the ATM again and it keeps getting declined I need the money right now My card works for everything else but the ATM refuses me What is going on I am stuck without cash,26,declined_cash_withdrawal,panicking_emergency
4b399cd5-f353-4094-8cd8-bb127ff49c21,I tried to withdraw cash at the ATM and it was declined again and again. Card works for nothing. I need cash right now. What is blocking it and how do I fix it today.,26,declined_cash_withdrawal,panicking_emergency
4992cbc9-5771-4299-bf4a-c843b3845ad1,"Good day, I attempted to withdraw cash at an ATM using my card, however the transaction was declined and no funds were dispensed; could you please advise why this occurred and what steps I should take to resolve it?",26,declined_cash_withdrawal,polite_expert
2e7c255e-1acc-481b-b8e6-37da87ce8e39,"Good day, I attempted to withdraw cash at an ATM using my card, but the transaction was declined; I have also tried a second ATM and received the same result, and I would like you to review my account to confirm whether there is any block, limit, or verification issue preventing cash withdrawal.",26,declined_cash_withdrawal,polite_expert
cd3bd8f5-2ba2-45a2-9655-0c310643c67d,"Good day, I attempted to withdraw cash at an ATM using my debit card, but the transaction was declined and the machine did not dispense any funds; could you please advise why this occurred and what steps I should take to resolve it?",26,declined_cash_withdrawal,polite_expert
6d69b862-f0dc-4b6f-8f36-0193c2822b90,"Good day, I attempted to withdraw cash from an ATM using my card, however the transaction was rejected and I was unable to receive any money; could you please advise what might be causing the decline and what steps I should take to resolve it?",26,declined_cash_withdrawal,polite_expert
4a04b8d9-3106-4018-9042-81b14089c473,"Good day, I attempted to withdraw cash from an ATM using my card, but the transaction was declined, and no cash was dispensed; could you please advise why this may have occurred and what steps I should take to resolve it so I can successfully complete the withdrawal?",26,declined_cash_withdrawal,polite_expert
9d365538-3ad9-4d77-8f17-06a7d31776ad,"Good day, I would like assistance because my cash withdrawal attempts at the ATM are being rejected and the transaction is cancelled; could you please investigate why my card is not allowing withdrawals and advise what steps I should take to resolve this?",26,declined_cash_withdrawal,polite_expert
c9f0415f-9b89-477c-9fe8-6146e075ae9f,"Yo, I tried to withdraw cash at an ATM and it keeps declining my card—tried once and it still won’t work. Can you check what’s going on with my account?",26,declined_cash_withdrawal,gen_z_slang
c8fb9ab0-c1eb-4cfe-a25b-c0a15d5db220,"Yo, I tried withdrawing cash at the ATM and it got declined right at the machine—was working fine yesterday, now it keeps getting rejected. Can someone check what’s up with my card?",26,declined_cash_withdrawal,gen_z_slang
bf4634bd-d818-4258-b5a9-dd16c882686d,"Yo, I tried to withdraw cash from the ATM but it got declined/cancelled and I didn’t get any money—any idea why this happened?",26,declined_cash_withdrawal,gen_z_slang
4d5fc089-0bb7-414d-bab9-128254856b4c,"Yo, my cash withdrawal keeps getting declined at the ATM, like it just won’t let me take out money even though my card was working fine yesterday—can you check what’s going on and fix it?",26,declined_cash_withdrawal,gen_z_slang
1614ce3b-c937-4d0a-be0c-bf4af08923aa,"Yo, my cash withdrawal got declined at the ATM—I've tried withdrawing from two different machines and it still won’t go through. Can you check what’s up with my account?",26,declined_cash_withdrawal,gen_z_slang
bc5932f1-44a7-4e17-924f-00ed4fadab9b,"Yo, I’m trying to withdraw cash from the ATM but it keeps declining my card—I tried another ATM too and it still won’t go through. Can you check what’s up on my account?",26,declined_cash_withdrawal,gen_z_slang
62aa2ab2-7b60-4323-af2c-932b16acd52a,"Hi, I try to withdraw cash from ATM today, but it was declined. Why it happen? What I can do now?",26,declined_cash_withdrawal,non_native_speaker
ba573628-4d76-410f-bdab-364e454e28b2,"Hi, I tried to withdraw cash from an ATM today, but it says declined and no money came out. This was before my trip, and it is happened 2 times already. Can you help me please?",26,declined_cash_withdrawal,non_native_speaker
a9a6725d-43c7-498a-a87d-d3cafc444580,"Hi, today I try to withdraw cash from the ATM, but it was declined. Why it happen, and what I can do now?",26,declined_cash_withdrawal,non_native_speaker
f6f91760-65d4-4cc1-95aa-f551e14aedac,"Hi, I try to take cash from ATM today, but it was declined. The machine says no money, I cannot get any cash out. Why this happen?",26,declined_cash_withdrawal,non_native_speaker
c6a1eac9-6f44-4686-8450-a61b354eae5a,"Hi, I try to withdraw cash from ATM, but it keep declined. I tried two different ATMs, but still no money. Can you check my card or my account?",26,declined_cash_withdrawal,non_native_speaker
21af2376-bd13-42d1-9b6e-4a5ea3613082,"Hi, I try to take cash from ATM today, but it was declined. I tried again in same ATM and also another ATM, but still declined. Can you check what is wrong with my card or account?",26,declined_cash_withdrawal,non_native_speaker
987d7081-3c82-47fe-b482-0f00d59ce5d7,ATM declined my cash withdrawal. Why?,26,declined_cash_withdrawal,short_wording
65d48325-5aef-450d-9556-4a32e2e5850d,ATM declined cash withdrawal; funds not received,26,declined_cash_withdrawal,short_wording
a1055d75-378a-4a89-8cf0-b2d53e0169e5,ATM declined my cash withdrawal,26,declined_cash_withdrawal,short_wording
a522ff81-072f-4ff3-a80c-f0c60e5ddb15,ATM cash withdrawal declined.,26,declined_cash_withdrawal,short_wording
4b82732f-bd94-454e-9efc-3a8f9466a617,ATM declined my cash withdrawal,26,declined_cash_withdrawal,short_wording
1f1d3bf7-e97f-41a9-9edc-8586ab24b6dc,Cash withdrawal declined at ATM. Why?,26,declined_cash_withdrawal,short_wording
1ddc7281-61b3-4b88-b361-f74939f3076b,Why the hell did my transfer get rejected again? I tried to send money and it just got shut down with no explanation—this is ridiculous.,27,declined_transfer,angry_layperson
b131950d-8bf8-4008-96b9-bfb6271ec053,"My transfer keeps getting denied every time I try to send money, and I’m sick of this nonsense—what’s wrong with my account and when are you going to fix it?",27,declined_transfer,angry_layperson
5ba84696-ffb9-4ff3-9864-eafd49e634f7,"I keep trying to send money and it keeps getting rejected, no explanation, no help, just “declined” like it’s my fault—what the hell is going on and how do I fix it?",27,declined_transfer,angry_layperson
eef05fdc-0cfc-4aae-bab2-610bc267ca6f,"My transfer got declined again and it’s pissing me off—this was working fine before, and now every time I try to send money it just gets rejected. Tell me why this keeps happening and fix it, because I’m not wasting my time retrying.",27,declined_transfer,angry_layperson
118b1f0e-3d61-4a92-9158-0a1f4ce5a0a3,"My damn transfer got declined again, and nobody can tell me why—this is ridiculous, I need it to go through now.",27,declined_transfer,angry_layperson
b2b68a6e-9de4-4604-868a-5bc42fc05afa,"Why the hell is my transfer getting declined again and again? I’ve had this working fine before, but now it keeps getting rejected every time I try, and I’m wasting my time and money—fix it already.",27,declined_transfer,angry_layperson
12d7607c-c362-4fa8-a53b-3364c7171e1c,I tried to send a transfer just now and it was declined immediately. I tried again and it still failed. Please check my account status and why the transfer cannot go through. I need this fixed urgently.,27,declined_transfer,panicking_emergency
eaf44035-28d3-4a5d-a7b2-39f75e1c68ee,Transfer got declined again now I am stuck I tried sending money and it fails instantly please tell me why and what to do next urgent,27,declined_transfer,panicking_emergency
839613d3-3bad-463e-b072-d13520e14c35,My transfer just got declined again I tried sending money right now It fails every time I need it to go through immediately Please tell me why it is being rejected and what I must do to fix it,27,declined_transfer,panicking_emergency
1f620e5f-ca18-4410-aa52-a87174066470,My transfer got declined again right after I submitted it. Money not moving. I need it to go through now. Tried once already and it failed the same way. What is blocking it. Please fix it fast.,27,declined_transfer,panicking_emergency
cca3f15c-460a-40da-aad7-af347fbecdb3,My transfer was declined again just now I tried to send money and it failed instantly I double checked the details and it still gets rejected What is blocking it and how do I fix it fast,27,declined_transfer,panicking_emergency
0744b8f4-2dff-4991-ac79-28285b00e1d6,My transfer keeps getting declined right at the start I was sure it would go through Money is stuck on my side I need this fixed now I tried again and it still fails what do I do,27,declined_transfer,panicking_emergency
66c183b0-51fd-4128-b5e3-e39489fdb544,"Good day, I would like to report that my recent bank transfer has been declined, despite confirming that the recipient details and amount are correct; could you please advise what the likely causes may be and what steps I should take to resolve this before attempting the transfer again?",27,declined_transfer,polite_expert
4b376967-0400-40c7-ab61-82b73db9afdc,"Good day, I attempted to make an international transfer from my account, but the transaction was declined during processing, and I would like to understand the specific reason for the rejection and what steps I should take to successfully complete the transfer.",27,declined_transfer,polite_expert
ebfed7fb-d018-4912-b21c-133348e5b892,"Good day, I am contacting you because my recent bank transfer was declined, and I would like to understand the precise reason for the rejection and what steps I should take to have the transfer approved successfully.",27,declined_transfer,polite_expert
7f1c3cf5-1a5a-4014-a23f-3c0d1ee32a1b,"Hello, I am writing because my bank transfer has been declined, and I would like to understand the specific reason for the rejection and what steps I should take to resolve it so the transfer can be processed successfully.",27,declined_transfer,polite_expert
3015fb50-b726-4ca4-8af3-e20fd0ace536,"Good day, I attempted to initiate a transfer from my account, but it was declined at the time of authorization; could you please advise the most likely reasons this may occur and what steps I should take to resolve it and complete the transfer successfully?",27,declined_transfer,polite_expert
87382029-fc2c-4474-add4-bd1f7d269645,"Hello, I am writing to report that my recent bank transfer was declined when I attempted to send funds, and the transaction did not complete; could you please advise the likely cause and what steps I should take to successfully process the transfer?",27,declined_transfer,polite_expert
8972a564-f5f7-483a-8db1-8c581bc57847,"Hey, my transfer keeps getting declined every time I try—like I double-checked the recipient info and amounts, but it still fails. Can you look into why it’s getting blocked?",27,declined_transfer,gen_z_slang
d2c19be0-71da-4622-8605-7d1f7103d77d,"Yo, my bank transfer keeps getting declined when I try to send money—can you tell me why it’s happening and what I should do to fix it?",27,declined_transfer,gen_z_slang
5dbb6793-4392-47bf-a820-a6808ab95578,"Hey, I’m trying to send a transfer and it keeps getting rejected every time—any idea why it’s declining and what I should do to fix it?",27,declined_transfer,gen_z_slang
bfb0f318-28f5-45b0-87e4-633a2e0a3b8a,"Hey, my bank transfer just got declined at checkout and it won’t go through—any idea why it’s rejecting it?",27,declined_transfer,gen_z_slang
7632f92c-ea09-43a6-a421-d4d8657c434a,"Hey, I just tried to send a transfer and it got declined at checkout—any idea why it’s happening and what I should do next?",27,declined_transfer,gen_z_slang
2a4c594c-31cf-49e1-90fc-4e705dfb3e69,"Hey, I just tried to send a transfer and it got declined right away—any idea why this keeps happening on my account?",27,declined_transfer,gen_z_slang
26597884-cbf7-42a3-8986-ba0ce9a2f53a,"Hi, my bank transfer was declined. I don’t know why, and I try again but still same. Can you help me check what is the reason and what I need to do now?",27,declined_transfer,non_native_speaker
98b3b49d-188b-4760-8ee4-06c88d8cccbd,"Hi, my bank transfer was declined again. Can you please tell me why this happen and what I need to do to make it work?",27,declined_transfer,non_native_speaker
de40ffbd-3732-49f2-b697-3189395ee237,"Hi, my bank transfer was declined today. Can you tell me why this happen and what I can do to fix it?",27,declined_transfer,non_native_speaker
2dedcc97-02f1-41df-9922-70044875e63a,"Hi, my money transfer got declined today. I see no reason in the message. Can you tell me why it was refused and what I need to do to make it work?",27,declined_transfer,non_native_speaker
c74c7f82-5c62-4dd8-b9d3-4abe17c81ecb,"Hi, my money transfer was declined again. Can you tell me why it was declined, and what I need to do to make it work?",27,declined_transfer,non_native_speaker
a448621c-b50c-4557-ad89-15de966b669f,"Hi, I try to send a transfer, but it gets declined. I already checked my details and still same. Can you help me fix it?",27,declined_transfer,non_native_speaker
c96924c1-190b-4951-960b-f5fd13d14dd1,Bank transfer declined at checkout,27,declined_transfer,short_wording
061cf217-f045-415d-95c8-ed813fd5056b,"Bank transfer declined, need help resolving",27,declined_transfer,short_wording
d223c078-cd26-4563-9f61-2f7b8044723e,Transfer declined again today—why?,27,declined_transfer,short_wording
e611fc97-8c32-4c08-be46-cdac7d51765e,Bank transfer declined repeatedly; details correct; why?,27,declined_transfer,short_wording
7374c8b4-7af6-484e-950f-629d36d5be92,Transfer declined again today. Why?,27,declined_transfer,short_wording
676377df-2898-41a3-8033-a82515d23bc3,Bank transfer declined again today. No reason shown.,27,declined_transfer,short_wording
40877387-d5b2-4980-8755-4fe9f7d7aafb,"What the hell—there’s a payment coming out of my account that I didn’t authorize, and your app is acting like it’s totally normal. I want that stopped and sorted out right now, because this is not something I agreed to.",28,direct_debit_payment_not_recognised,angry_layperson
66ac9d2f-8136-449b-888f-b1eba8ad1857,"What the hell is this payment showing up on my account that I didn’t sign up for? I don’t recognize it at all, and I want it fixed and my money back immediately.",28,direct_debit_payment_not_recognised,angry_layperson
9299ecd4-6493-4831-99f8-fdbd94cf345f,"I’m furious—some money got taken out of my account as a direct debit, and I absolutely did not sign up for it or authorize that nonsense. Who is this from and how do I stop it, because I want it fixed now and I want my money back.",28,direct_debit_payment_not_recognised,angry_layperson
4c9992cf-c184-49a0-b57b-8bb43c169c06,"What the hell is going on—money got taken out of my account and it shows as some payment I never agreed to, and I can’t find anything about who it’s from. I want this sorted out and my money back because this is shady as hell.",28,direct_debit_payment_not_recognised,angry_layperson
0b98ac28-c169-40cf-a3ec-8dedb04ee2c9,"What the hell is going on—there’s a payment showing up on my account that I didn’t set up and I don’t recognize it at all, and now I’m stuck dealing with it. Can you figure out who took the money and why it’s showing on my app?",28,direct_debit_payment_not_recognised,angry_layperson
3f8c6565-cd30-4446-acb5-be4c16a0c4c7,"I just checked my account and there’s a payment coming out that I don’t recognize at all, and I’m sick of this—how the hell is money leaving for some random direct debit I never signed up for?",28,direct_debit_payment_not_recognised,angry_layperson
81d8c2b8-91f2-470a-822e-90bb6a1812b8,I do not recognize a debit that just came out of my account I did not authorize this payment I need it reversed right now and I need the sender details immediately,28,direct_debit_payment_not_recognised,panicking_emergency
dc407835-db4e-405e-acee-921d05b2b017,"I just checked my account and a payment was taken out by a company I did not approve  
I do not recognize this debit  
Please stop this and trace exactly who initiated it and when  
I need it reversed immediately",28,direct_debit_payment_not_recognised,panicking_emergency
e635f99b-7cd1-4263-996b-305fcb322d8a,I just checked my account and a direct debit payment was taken but it is not recognized by me. I do not know this company. I need it reversed immediately and I need to know who authorized it.,28,direct_debit_payment_not_recognised,panicking_emergency
ab925e70-15c3-4f66-93fa-34a0bdc9edc2,Panic now my account shows a direct debit payment that I do not recognize. It was not authorized by me. Money is already being taken. I need it stopped immediately and reversed.,28,direct_debit_payment_not_recognised,panicking_emergency
098883ee-a1ee-49c7-8e58-edf1ab7bd40e,Help now please. I just checked my account and a Direct Debit payment has appeared that I do not recognize. I did not set this up and I need it stopped immediately. How do I dispute it and get the money back today.,28,direct_debit_payment_not_recognised,panicking_emergency
468607d4-24e4-4651-b79f-d0d0e294d138,Help me now. I see a Direct Debit payment in my account that I did not set up. I did not authorize this. It is showing as processed already. I need it reversed and I need to stop any more charges immediately.,28,direct_debit_payment_not_recognised,panicking_emergency
ded20c55-6478-4b92-9b5c-c60e588ccd5f,"Hello, I am writing because I have noticed a debit transaction on my account that appears to be a direct debit, but I do not recognize it and I do not recall authorizing it; could you please investigate the payer details and the mandate reference so I can confirm whether this was genuinely initiated by me or whether it should be reversed?",28,direct_debit_payment_not_recognised,polite_expert
1439d3d0-511f-4788-b506-f9d18694d6ff,"Hello, I would like assistance because I can see a payment taken from my account by direct debit, yet I did not approve or recognise this transaction, and I would like to understand why it was collected and what steps I can take to have it investigated and, if applicable, reversed.",28,direct_debit_payment_not_recognised,polite_expert
53176b19-8cf4-4696-80d2-a50f53dcee28,"Hello, I am contacting you because I have a direct debit listed on my recent account statement that I do not recognise, and I would like you to investigate it promptly and confirm who collected it, the collection date, and the reference details, so I can verify whether it was authorised by me or not.",28,direct_debit_payment_not_recognised,polite_expert
c77fc150-d230-412b-b815-f366c27cdcf9,"Good day, I would like assistance because I do not recognise a debit payment appearing on my account statement; could you please help me identify the transaction, confirm the origin and collection date, and advise on the steps to dispute it and obtain a resolution?",28,direct_debit_payment_not_recognised,polite_expert
22cd8b26-46f4-45b0-9c49-bfa7cf6c9e93,"Hello, I am writing because my mobile banking application is showing a debit that appears to have been processed from my account, yet I did not authorize or recognise this payment; could you please investigate what it relates to, confirm the origin and collection date, and advise on the appropriate steps to recover the funds or submit a dispute if applicable?",28,direct_debit_payment_not_recognised,polite_expert
564865e8-7051-461f-8d8e-65c77b020b53,"Hello, I am writing because my mobile banking application shows a direct debit payment that I do not recognise and did not authorise, and I would like to have it investigated and, if appropriate, returned or cancelled as soon as possible.",28,direct_debit_payment_not_recognised,polite_expert
b2f4ac55-e18c-4860-b03d-cdfbb4288bb8,"Hey, I just noticed a direct debit charge on my account statement that I don’t recognize and I didn’t approve it—can someone help me figure out why it was taken and how to get it sorted?",28,direct_debit_payment_not_recognised,gen_z_slang
4cc021b5-46b2-4637-8ad3-da96a80a39c5,"Hey, I just noticed a debit hit my account that I don’t recognize and didn’t set up, and it’s not showing up as something I agreed to—can you please remove it and help me get it sorted?",28,direct_debit_payment_not_recognised,gen_z_slang
95d194b5-b5e4-4687-bf1d-f79ee4c2a689,"Hey, I just noticed a payment coming out of my account as a direct debit that I didn’t authorize, and it doesn’t look like anything I signed up for—can you help me figure out why it’s showing and how to dispute it?",28,direct_debit_payment_not_recognised,gen_z_slang
4c80c94e-feae-4099-ae16-1c198d3afee4,"Hey, I just checked my account and there’s a payment that came out via direct debit but I never approved it—can you please look into it and get the money back or at least stop any more charges?",28,direct_debit_payment_not_recognised,gen_z_slang
07bda11e-bfa5-4d30-9df3-1008dd315c2e,"Hey, I’m seeing a debit in my banking app that I don’t recognize and I didn’t authorize it—can you help me figure out what it is and how to dispute it?",28,direct_debit_payment_not_recognised,gen_z_slang
56e05a0c-d86e-448d-9650-b0ef3fb2e9c9,"Hey, I just noticed a debit payment on my statement and I don’t recognize it at all—can you help me figure out what it was and dispute it?",28,direct_debit_payment_not_recognised,gen_z_slang
5389d1ae-95bb-48d4-9765-53747a1d5e53,"Hello, I have a problem with a payment taken from my account. It is not showing as my own direct debit and I don’t know this company. Please check and remove it, and tell me what I need to do. Thank you.",28,direct_debit_payment_not_recognised,non_native_speaker
71db4bbe-7b4b-420d-9ac0-2a3922d6b668,"Hi, I see a Direct Debit payment in my bank account, but I never made it. Can you check why it is here and how I can cancel it, please?",28,direct_debit_payment_not_recognised,non_native_speaker
3a98e6ee-5ddd-4551-9582-9f8596bd6ec1,"Hi, please help me. I see a Direct Debit taken from my account, but I never agreed it. Can you cancel it and tell me how to get the money back?",28,direct_debit_payment_not_recognised,non_native_speaker
fc5c3539-940d-4b5b-99fc-ed956194a111,"Hi, I see a payment taken from my account by direct debit, but I did not set it up and I did not make this transaction. Can you check why it was taken and help me stop or refund it?",28,direct_debit_payment_not_recognised,non_native_speaker
90e5aa5b-ed46-4656-87b1-d79b8384d73e,"Hi, I see a payment taken by direct debit in my banking app, but I don’t recognize it. Can you check who it is from and show me the details, and tell me if it is something I did or not?",28,direct_debit_payment_not_recognised,non_native_speaker
e6d1bc03-6bf1-495a-bbe2-7862bd5258ee,"Hi, I see a Direct Debit payment in my account, but I did not set it up. It was taken anyway, and now I am not sure how to fix it or report it. Please help me check who it is from and reverse it if it is wrong.",28,direct_debit_payment_not_recognised,non_native_speaker
1a301cbe-8e97-4d36-a1c9-b56042c587fc,Unrecognized direct debit charge. Can you trace and confirm payer?,28,direct_debit_payment_not_recognised,short_wording
84aa911a-86d4-446d-aa4b-b1bf58dbe076,Unrecognized direct debit charge deducted from my account.,28,direct_debit_payment_not_recognised,short_wording
6600b60a-fbf5-4497-9cbf-9d9cf9b43a5f,Unrecognized direct debit charge,28,direct_debit_payment_not_recognised,short_wording
0fd8bdba-f6ea-482d-8b98-4f34e934d834,Unrecognized direct debit charge; not mine.,28,direct_debit_payment_not_recognised,short_wording
187f1e43-ca4d-43ab-8df7-ba110fb3023d,Unrecognized Direct Debit charge,28,direct_debit_payment_not_recognised,short_wording
98ca1453-f146-4625-8bde-f5df91061644,"Unknown direct debit charge; money taken, not mine",28,direct_debit_payment_not_recognised,short_wording
52c37918-0c5a-45c8-8529-ac7f28bb0da9,"Why the hell does this one-time card have a stupid spending cap? I’m trying to buy something and it keeps getting blocked, and I can’t find out what the limit is or how to change it—someone please tell me the damn rules and the exact cap.",29,disposable_card_limits,angry_layperson
dc492a36-db12-497f-ab07-f3c940379888,"My disposable card limit is totally screwing me over—how many of these cards am I allowed to have, and why the hell does it cap out so fast? I need more cards right now, not this nonsense.",29,disposable_card_limits,angry_layperson
6d8374a6-c2a0-472b-8a9a-d374d785a54b,"What the hell is going on with these one-time cards—why do you keep capping how many I can use in a day? I’m trying to use multiple of them and it just blocks me, and nobody can give me a straight answer. How do I raise that limit or at least stop this nonsense?",29,disposable_card_limits,angry_layperson
ac64806b-d269-4685-9681-12bbfbf7a9f0,"Why the hell are my disposable card payments getting blocked after just a few swipes? I set it up for spending, not for constant rejections—can you tell me what the exact spending cap is and why it keeps shutting me down?",29,disposable_card_limits,angry_layperson
57909b36-4109-4f33-accc-d699ee5a9bb9,"This is ridiculous—my one-time virtual card keeps getting hard-capped and I can’t use it like I need to. How many times am I actually allowed to use it before it gets shut off, and why is the limit so low?",29,disposable_card_limits,angry_layperson
c3587d95-5ee4-41c8-8b33-d594dbd13c6b,"My disposable cards are getting blocked way too low every time, and I can’t even use them without hitting some ridiculous spending cap—what the hell is going on, and how do I raise the limit so I’m not constantly getting shut down?",29,disposable_card_limits,angry_layperson
58a41667-a654-4cc2-afb6-5754db7b0623,My disposable cards are hitting limits immediately I try to pay and it gets blocked within seconds Why is the transaction cap so low I need more transactions per card right now I cannot complete payments,29,disposable_card_limits,panicking_emergency
4308a393-7146-44ca-803c-bfc65280cfa3,I need to change the spending limit on my temporary online card right now it keeps getting declined after a small amount I need to know the exact limits and how to raise them or I cannot pay today,29,disposable_card_limits,panicking_emergency
fb430272-6847-4a2f-8cc7-b03d2aaee6a4,I need help right now My disposable virtual card limits are too low I cannot make a single purchase It blocks every attempt within minutes I need higher limits or a way to change them immediately Please tell me what to do today I am stuck and payments are failing,29,disposable_card_limits,panicking_emergency
f4fe6180-c9a6-45a6-a6c9-14c03d757217,I just created a disposable card and I need to use it right now but it keeps refusing payments after a few transactions. What is the per card limit and how many disposable cards can I generate in a day. I cannot afford downtime. Please tell me the exact limits and how to raise them if possible.,29,disposable_card_limits,panicking_emergency
ab105b9e-4784-42a3-9f8d-75349d8981f0,I need to know the disposable card spending limit right now I set up a new card and it got blocked immediately I was not even close to what I expected Tell me the exact limit per card per day and whether there is also a total cap across all disposable cards I cannot use my payment and I am stuck,29,disposable_card_limits,panicking_emergency
0b66be1e-ea0c-4f30-bff3-e85274ad1f45,I just set up a temporary virtual card and it is instantly blocked limits reached. I need to make new disposable cards again and again today and it keeps refusing. What are the exact limits per day and per card. I am stuck with payments failing right now. Fix this urgently.,29,disposable_card_limits,panicking_emergency
744cefa5-06f2-4751-a387-d86fa687ca10,"Good day, I would like to confirm the current limits applicable to disposable cards on my account—specifically, the maximum number of disposable cards I can create or hold at one time, any restrictions per day, and whether these limits vary based on my verification status or card funding method.",29,disposable_card_limits,polite_expert
157edf0a-f8b3-411c-adde-d8d2a1e8a5f8,"Hello, I would like to confirm the current limit for disposable virtual cards on my account—specifically, how many I am permitted to have active at any one time and whether that limit varies by merchant or transaction type.",29,disposable_card_limits,polite_expert
2000ec18-a1cf-4b14-a6ab-bebea1159504,"Good day, I would like to clarify the usage limits applicable to my disposable virtual card—specifically, the maximum number of transactions and any caps on the total spend per card—so I can ensure the card will not decline unexpectedly during payment.",29,disposable_card_limits,polite_expert
f73a3426-fa9a-4794-9b6e-4fb4ecb9513e,"Hello, I would like to confirm the transaction and usage limits that apply to a disposable card issued to my account; specifically, are there caps on the number of times it can be used and on the total amount it can authorize before it becomes invalid?",29,disposable_card_limits,polite_expert
5db18d6d-acc5-4319-aca0-678fab6c5257,"Hello, I would like to understand the limits that apply to the temporary virtual cards linked to my account—specifically, whether there is a cap on the number of cards I can generate and any spending or transaction limits per card before they automatically become unusable.",29,disposable_card_limits,polite_expert
06fe8568-4295-4ee0-9995-e0d6a229c533,"Good day, I would like to inquire about the spending and issuance limits applicable to temporary virtual cards—specifically, how many such cards I may generate within a given period and what maximum amount I can charge per card or per day—so I can ensure my planned purchases comply with your policies.",29,disposable_card_limits,polite_expert
5e0ccee6-902d-4d7c-9e23-57222c2d0879,"Hey, I’m trying to use a disposable virtual card for a purchase, but I’m not sure what the limit is on how many times I can use it / how many disposable cards I’m allowed before it stops working. Can you tell me what the cap is?",29,disposable_card_limits,gen_z_slang
88399ac6-1e75-4eeb-92b8-e8739c6b240a,"Hey, quick question—what’s the cap on how much I can spend using those one-time cards, and are there limits per transaction or per day?",29,disposable_card_limits,gen_z_slang
d0f3430b-9d84-4614-996f-2eade133d094,"Hey, quick q—what are the limits on those disposable cards for me? Like how many I can have and how many I can generate per day, and is there a cap on how much each one can spend?",29,disposable_card_limits,gen_z_slang
54b0fb06-b698-4546-a9eb-3fb6724cdc8f,"Hey, I’m trying to use a temporary virtual card for an online purchase, but I keep hitting the per-card spending cap way too fast—can you tell me how those limits work and if there’s any way to raise them?",29,disposable_card_limits,gen_z_slang
fb20f82c-461c-4e10-b2a1-0c914ca01d41,"Hey, quick q—what’s the max limit for those one-time cards, and can I use more than one in a day for separate payments?",29,disposable_card_limits,gen_z_slang
643f7833-094e-41c6-9f76-d016f45edeaa,"Hey, quick question—what are the limits on those disposable cards? Like, can I use one multiple times in a day or is there a hard cutoff after a certain number/amount?",29,disposable_card_limits,gen_z_slang
27964bb5-ba66-4aa4-aa6a-602a58538659,"Hi, I want to ask about my temporary virtual card. Is there any limit for how much money I can spend with it, and also any limit for how many times I can use it?",29,disposable_card_limits,non_native_speaker
27573f8c-df55-49e1-9b77-0dc30f5fa9c8,"Hi, I want to use the temporary virtual card, but I need to know the limit. How many times can I use it in one day, and when it will stop working? Also how many cards I can create in a month?",29,disposable_card_limits,non_native_speaker
1f428bac-f7a6-4757-9611-9befbf0e4a22,"Hi, I want to use the disposable card, but I hit a limit after a few payments. Can you tell me how the limit works, and can I increase it or get another disposable card when it ends?",29,disposable_card_limits,non_native_speaker
911bb730-3fd9-4782-ab19-7661dcc5082b,"Hi, I want to use the disposable virtual card for shopping, but I see there is a limit on it. Can you tell me the max money per card and also how many cards I can create in one day?",29,disposable_card_limits,non_native_speaker
9cb4ce91-0687-4542-a10f-28fe5c420061,"Hi, I want to use disposable cards for my online payments, but I don’t understand the limit. How many disposable cards can I create in one day, and what is the max limit for each card? Please help.",29,disposable_card_limits,non_native_speaker
1b5aed23-a789-4aec-a5c1-3a7d73ca2230,"Hi, I want to use those temporary cards for online buying. Can you tell me what is the limit per card, like maximum number of charges or how many times I can use it? Also, if I make many temporary cards in one day, is there a daily limit?",29,disposable_card_limits,non_native_speaker
019686ba-5725-4db6-93d4-a92655d62a68,"Disposable card limits? Daily amount, max cards, max transactions",29,disposable_card_limits,short_wording
72000410-fcb6-4ee0-893c-b86ff83d545d,Virtual disposable card limits? Single-use cap?,29,disposable_card_limits,short_wording
796c9100-d4ae-4912-8a69-fba43aaf457d,Disposable virtual card limit too low,29,disposable_card_limits,short_wording
49561979-4d40-4194-862a-723991150444,Disposable card limits? caps per card? per day? per merchant?,29,disposable_card_limits,short_wording
77536482-2f5b-415b-ae5b-c7888a7920c9,Virtual card limits unclear: max spend and transactions per card?,29,disposable_card_limits,short_wording
4bbeafa4-81a7-47f0-8744-c9bd6db989d7,Virtual card limit per payment? Daily cap?,29,disposable_card_limits,short_wording
07570d3c-9bf8-4cf1-be65-8d09314a6bc2,"I’m trying to change my personal details on my account, but it’s not letting me, and this is seriously pissing me off—can someone fix it or tell me exactly how to change my info?",30,edit_personal_details,angry_layperson
8033e4e6-d01f-4a7b-96b6-94bbbf44fcf6,"I’m trying to change my personal info, but nobody tells me how to do it, and it’s pissing me off—where the hell do I update my details, and why is it so hard?",30,edit_personal_details,angry_layperson
17bf67d9-482b-4af1-aec3-bda999b057a2,"I’m trying to update my personal info like my address, but it’s not letting me change it and nobody’s fixing it—what the hell do I need to do to get this sorted today?",30,edit_personal_details,angry_layperson
c04f2510-c7f6-484a-b0d4-25a4c14583f1,"I’m trying to change my personal info and it’s not letting me—this is ridiculous. I need my details updated right now, not later, and I want someone to fix it.",30,edit_personal_details,angry_layperson
1814464c-1cb8-44d4-a6c8-010b94b19169,"I’m trying to change my personal info because my details are wrong, but nobody will let me fix it—what the hell do I have to do, and where do I update this stuff?",30,edit_personal_details,angry_layperson
38128f02-25a8-4452-a74b-af8653f0765f,"I’m trying to change my personal info, but it’s not letting me, and this is seriously pissing me off—can you just fix it or tell me how to change my details already?",30,edit_personal_details,angry_layperson
3699973a-a4a1-431a-b864-e8d3ca377197,I need to change my personal details right now my name and address are wrong and I cannot update them in my account please fix this immediately,30,edit_personal_details,panicking_emergency
2d202d10-8af7-42bf-8f98-be9345089952,I need to change my personal details right now. The address is wrong and the phone number is wrong too. I cannot wait. Tell me the exact steps to update everything immediately and confirm it went through.,30,edit_personal_details,panicking_emergency
c268b8f1-7bb9-4bb5-ba65-29b3cf72f909,I need to change my personal details on my account right now. My address is wrong and my phone number is outdated. I cannot update it in the app. Please fix it immediately or tell me the exact steps to do it.,30,edit_personal_details,panicking_emergency
0f3f7d74-aac9-4ade-b49d-b88163a16f3c,I need to change my personal details right now My name is wrong on my account I cannot update it I need it fixed urgently Please tell me how to edit my details immediately,30,edit_personal_details,panicking_emergency
eea4c982-9b0f-441a-a0f5-2c69b3eeb69c,I cannot change my personal details right now. My address is wrong. My account still shows old information. Please fix it immediately or tell me the exact steps to update name and address today. I need access now.,30,edit_personal_details,panicking_emergency
f92f1b69-9890-4309-8184-949a965adcb6,I cannot edit my personal details in my account right now. I need to change my address immediately. It keeps blocking me. I am stuck and this is urgent. Please fix it fast and tell me exactly what to do.,30,edit_personal_details,panicking_emergency
8162c96b-f6f9-4b25-a2c2-8cc59f473630,"Good day, I would like to update my personal information on my account, but I am unsure where and how to make those changes; could you please advise the correct process and what documents, if any, I should prepare?",30,edit_personal_details,polite_expert
89f4f510-2121-4562-bc9f-8333ce68289c,"Good day, I would like to update my personal information—specifically my residential address and associated contact details—please advise the correct process to make these changes and confirm what supporting documents may be required.",30,edit_personal_details,polite_expert
2ad72ddb-abff-4259-909b-39e36b9025e5,"Good day; I would like to update my personal details on my account—specifically, please advise how I can make changes to my address and contact information, and confirm whether any verification is required before the updates are applied.",30,edit_personal_details,polite_expert
3a7e0538-03b3-4809-8f0a-e82dbf9ce472,"Good day, I would like to update my personal details on my account—could you please advise where I can modify my information, and whether there are any identity verification steps or documents required to complete the change?",30,edit_personal_details,polite_expert
e4e0825a-66f7-4cd9-95ad-b87186aef34a,"Good day, I would like to update my personal information on my account, specifically correcting my address and ensuring that all related contact details are accurate and up to date.",30,edit_personal_details,polite_expert
633940a0-bfab-47ad-9a7e-ce165d8cfe7f,"Good day; I would like to update my personal details on my account, specifically my legal name following a recent change in marital status, and I need guidance on the correct process and which documents are required to complete the update.",30,edit_personal_details,polite_expert
21fa827b-5b9c-4caa-8a3e-a50961355886,"Hey, I need to update my personal info—like my address and the name on my account—can you tell me how to edit it?",30,edit_personal_details,gen_z_slang
9caa2c67-9362-4896-af3f-3619f8a7ec97,"Hey, I need to update my personal info—like my address and maybe my name—how can I edit those details on my account?",30,edit_personal_details,gen_z_slang
ee205656-abe9-4066-8e88-227980ff65b0,"Yo, can I update my personal info/profile details in my account—like my address and phone number? Where do I do that?",30,edit_personal_details,gen_z_slang
0335fc04-7fef-47cb-81cd-8c2da09eb7d2,"Hey, I need to update my personal info—can I change my name and address in my account, and where do I do that?",30,edit_personal_details,gen_z_slang
2f364c5d-c73c-4cf1-9c5f-fffe5f3115cb,"Hey, I’m trying to update my personal info—like my address and contact details—but I can’t figure out how to edit it in the app. Can someone help?",30,edit_personal_details,gen_z_slang
c5d57796-1d64-48f5-9e97-61311a23d208,"Hey, I’m trying to update my personal info but I can’t figure out how to change it—like my address and stuff. Can someone walk me through it?",30,edit_personal_details,gen_z_slang
dfdf3ffc-4b2e-4d2e-851e-729ad38dccef,"Hi, I want to change my personal details, but I don’t know where to do it. Can you tell me how to update my address and phone number?",30,edit_personal_details,non_native_speaker
7fc3c2b6-784a-4d3e-aea7-9f405dec7c4e,"Hi, I want to change my personal details, but I can’t find where to edit them. Please help me update my name and address.",30,edit_personal_details,non_native_speaker
51703268-18e8-4844-a754-3e830fdb992c,"Hi, my personal details are not correct. I want to change my address and phone number, how can I do that?",30,edit_personal_details,non_native_speaker
747f509d-7eba-468b-b331-3d83559ec307,"Hi, I want to change my personal details in my account, like my address and phone number. How can I edit it?",30,edit_personal_details,non_native_speaker
2893968a-52e4-42e3-be5c-21befeaf0e7f,"Hi, I want to change my personal details, but I can’t find where to edit. My address and phone number are not correct now, please help me fix it.",30,edit_personal_details,non_native_speaker
f1f1a952-b8f8-4131-b64c-a86eaee394f2,"Hi, I want to change my personal details in my account, like my address and phone number, but I don’t know how. Can you help me please?",30,edit_personal_details,non_native_speaker
f487da76-e641-4193-94d9-f65e844c6ea8,"Need update personal details, address and phone.",30,edit_personal_details,short_wording
22a5be4c-6693-4fdc-a61e-5ffb5702e8c6,"Update personal details, change name",30,edit_personal_details,short_wording
71cf97ff-f66e-4f33-91c3-62634d01c085,Update personal profile details?,30,edit_personal_details,short_wording
4583d096-7b9d-4360-a747-2c9826656ce5,Change personal details; update address and phone?,30,edit_personal_details,short_wording
6715e336-a968-4403-b635-dfa39b2038ea,Need to update my personal info details,30,edit_personal_details,short_wording
b51bebf0-9509-4490-b87e-659c53db3886,Change personal details; update address and phone number.,30,edit_personal_details,short_wording
72281131-7736-458a-8e1b-5cdfe0fa14bd,"I just tried to swap money and you hit me with some “exchange” fee again—what the hell is going on, why am I getting charged extra for this crap every time?",31,exchange_charge,angry_layperson
d2551be8-b5f8-45fb-ae23-7ee80170dbc2,"Why the hell am I getting charged for exchanging money again—nobody told me there’d be a fee, and I need to know exactly how much it costs before you start pulling more cash from me.",31,exchange_charge,angry_layperson
7001989c-ac44-47aa-9521-b68cb9022b67,"Why the hell are you charging me extra money just to swap currencies? I thought that was supposed to be simple, but you’re hitting me with fees—tell me exactly how much more I’m paying and why.",31,exchange_charge,angry_layperson
1e1c9886-686d-4908-a89a-bdc9c0c17342,"Why are you charging me extra for swapping my money into another currency? I didn’t sign up for some surprise fee, and I want to know exactly how much you’re taking and why before you keep ripping me off.",31,exchange_charge,angry_layperson
8d0ebfd5-4fe4-4017-8d06-121cf8461c2b,"What the hell—how much are you charging me just to swap currencies, and why does the rate you use look different from what it says online? I need the exact fee amount and the rate you’re applying, right now.",31,exchange_charge,angry_layperson
2226a16e-45e1-4320-9ffd-f12423041e25,"This is ridiculous—every time I swap money to another currency you’re hitting me with extra charges, and nobody’s explaining what the hell they’re based on or why I’m getting charged more than expected.",31,exchange_charge,angry_layperson
eee9f1d3-ac58-4147-aef1-056880173a87,I tried exchanging money and got charged a fee I did not expect How much do you charge for currency exchange I need this reversed now Please tell me the exact fee and why it was taken,31,exchange_charge,panicking_emergency
73abf5d2-4057-4db4-afd5-3b4aa5fc234f,I am panicking right now I need to exchange money and I cannot find the exchange fee anywhere Tell me the exact amount you will charge for converting foreign currency and whether it changes depending on the amount or the country,31,exchange_charge,panicking_emergency
1b01726c-8f34-4f1f-9c08-28e39515debf,I just tried exchanging money and got hit with an unexpected exchange fee again and again I need the exact fee amount and how it was calculated right now I cannot proceed until this is explained immediately,31,exchange_charge,panicking_emergency
34cf94a1-2e18-49c9-96bb-56d451b4a407,I need to exchange currency right now and I am seeing an extra fee being charged please confirm what the exchange cost is and why it is applied I cannot afford unexpected charges fix it immediately,31,exchange_charge,panicking_emergency
80807b44-2719-408d-81d2-1aa6cc17a4fc,"Im trying to exchange money right now and I am terrified there will be an extra fee  
I need to know fast what charges apply before I confirm the exchange  
Please tell me the exact amount and when it gets taken out because I cannot afford surprises",31,exchange_charge,panicking_emergency
40c2c6db-1ad3-4f5c-8eee-929dd26be824,"I just tried to exchange foreign cash and I am terrified I will be charged extra  
No one told me the fee amount  
Please confirm today exactly what fee will be taken from my exchange amount  
If there is a way to avoid it tell me now",31,exchange_charge,panicking_emergency
3d2c8bbb-d24f-40df-a51a-3ab3ab617547,"Could you please confirm the applicable cost and fee structure for exchanging currencies, including any exchange-related charges or commissions that may be deducted from the amount I convert?",31,exchange_charge,polite_expert
10d80d73-eec5-44bc-8de4-abedb9f953de,"Good day, I would like to request clarification on the fees associated with exchanging foreign currency in your service, specifically whether a separate exchange charge is applied and how it is calculated.",31,exchange_charge,polite_expert
4dba330d-cf02-4ab6-af06-7152848540c5,"Good day, I would like to understand the total cost of exchanging currencies on my account—specifically, whether any additional exchange-related fees are applied on top of the standard rate, and how that charge is calculated and displayed before I confirm the transaction.",31,exchange_charge,polite_expert
d4af0ae5-ed90-44c4-a520-31a7402d59fd,"Hello, I would like to confirm what fees apply when I exchange one currency into another, and whether any discounts or reduced charges are available if I perform these exchanges frequently.",31,exchange_charge,polite_expert
51b5b841-4257-45fd-9303-96f18cd1d505,"Good day, I would like to understand the charges that apply when I exchange one currency for another through your services—specifically, what fees or exchange-related costs are applied to each transaction and how they are calculated.",31,exchange_charge,polite_expert
c62b9d70-cd0c-41a7-a4a2-5f0d7fa7ba37,"Hello, I would like to exchange currencies through your service, and I would like to confirm whether any additional fees apply for performing the exchange, and how those charges are calculated.",31,exchange_charge,polite_expert
37e7a5e0-2cf9-49b7-95e0-3a353e54e53b,"Yo, quick Q—when I exchange currencies, do you guys charge an extra fee, and if yes, how much is it (or where can I see it in the rates)?",31,exchange_charge,gen_z_slang
6b2022bd-6278-48ba-a278-110edfcb3fe4,"Hey, quick question—when I exchange currencies in-app, do you guys charge a fee for the exchange, or is it included in the rate?",31,exchange_charge,gen_z_slang
c0ecb178-c7d4-4aaf-b7d5-9b72fa3d3145,"Hey, quick q—when I swap my foreign cash to another currency, is there an extra fee or exchange charge on top of the rate?",31,exchange_charge,gen_z_slang
a4280dff-9ebb-4938-bed3-8c42fbd94b0a,"Hey, I’m trying to exchange some foreign cash—how much is the fee for doing that, like is there an extra charge on top of the rate?",31,exchange_charge,gen_z_slang
3220dd6e-d739-429f-9882-93328cc84d69,"Hey, quick q—when I exchange my money into another currency, what’s the fee/charge they take for the conversion, and does it vary by currency or amount?",31,exchange_charge,gen_z_slang
69250bf6-e3e7-41da-9a24-2e6effa13b6d,"Hey quick q—when I exchange foreign currency, do you guys charge an extra fee? Like what’s the exchange fee/commission and is it shown before I confirm?",31,exchange_charge,gen_z_slang
6f10ec10-aad3-44b3-a37d-0a4d3db5711b,"Hi, I want to exchange money, but how much charge I need to pay for the currency exchange? Also is there any extra fee or discount if I do it many times?",31,exchange_charge,non_native_speaker
e211d2d6-f155-49cf-b0bb-e2fcdd8d8e8f,"Hi, I want to exchange money, but I don’t know the extra charge. How much is the fee for currency exchange, please?",31,exchange_charge,non_native_speaker
b778ec10-32eb-4b78-9c21-80502a46a633,"Hi, I want to exchange money in my account, but is there extra charge for this exchange? Please tell me the full cost before I do it.",31,exchange_charge,non_native_speaker
00ea2766-1d48-4957-9653-eb26cc673ce0,"Hi, I want to exchange money in my account, but do I need to pay extra charge for the currency exchange? How much it will be?",31,exchange_charge,non_native_speaker
de9655dc-87aa-4595-a7bc-186d75df3007,"Hi, I want to exchange money in my account, but I see extra charges. Can you tell me if there is a fee for currency exchange, and how much it is?",31,exchange_charge,non_native_speaker
6759c8d0-3cd7-4b04-ac12-01c4ed01f9d1,"Hi, I want to exchange money, but do you take extra charge for this exchange? Please tell me the exact fee, so I can know the final amount.",31,exchange_charge,non_native_speaker
dbf11202-d14a-4dff-9a62-a728bce3cfee,Exchange fee details? Extra charges?,31,exchange_charge,short_wording
1004f358-3201-48a3-951a-6e718418413d,Extra fee for currency exchange?,31,exchange_charge,short_wording
37f2d037-ac80-4f4d-849a-865d8498cd1b,Foreign currency exchange fee?,31,exchange_charge,short_wording
3c4d7e6a-3a05-4980-88ab-061f79419477,Currency exchange fee? Charged amount?,31,exchange_charge,short_wording
08d7411c-33b2-4f24-b34f-87b2be4774c8,Cross-currency exchange fee? Amount? Any waiver/discount?,31,exchange_charge,short_wording
0989a954-411a-4bff-a59d-38f2d10c4a58,Exchange fees? Extra charge?,31,exchange_charge,short_wording
df5d5365-39c8-4ca8-b8e6-ada678b6a2fa,"Why the hell are you charging me some random conversion rate when I’m sending money abroad—what exact rate are you using right now, because this is getting ridiculous.",32,exchange_rate,angry_layperson
f7ba085e-bdb2-4e1b-8c21-06c055a4cdb5,Why the hell is your rate so different every time I try to change money—what crap number are you using and can you stop changing it in the middle of the process?,32,exchange_rate,angry_layperson
99b73013-9f13-4465-a3f3-854bbdf4ec8c,"Why the hell is the rate you’re giving me for swapping my money so bad? I need the current rate right now, and I want to know exactly what I’m getting before you take my cash.",32,exchange_rate,angry_layperson
6f75f96b-64f3-4601-997e-5f34636db51c,"I’m trying to swap money and you folks keep acting like the rate is some magic trick—what the hell is the current rate right now, and why isn’t it showing clearly?",32,exchange_rate,angry_layperson
e76e860a-8093-43e4-8e43-ed2732e49cec,"Your money changers are screwing me over again—when I swap money, the rate you quote is way different than what I see, and I have no clue when it changes or what I’m actually getting, so stop wasting my time and tell me the damn rate upfront.",32,exchange_rate,angry_layperson
1055513d-4db4-4f1c-b0d4-ee9b509a424f,"What the hell is going on with the money swap rate—nobody tells you where it comes from or when it gets set, and every time I check it, the numbers jump like crazy and I get ripped off.",32,exchange_rate,angry_layperson
5ce5207a-b360-45e2-bc96-9dca08516430,I am panicking my money exchange rate today looks wrong please tell me the exact rate you will apply right now and when fees get added I need the final number immediately before I lock the transfer,32,exchange_rate,panicking_emergency
0a72c931-6b65-4d36-af8d-4036f87aed1f,I need to exchange money right now and your rate looks wrong I am seeing a different rate than expected where is the rate coming from what exact rate are you using for international transfers right now,32,exchange_rate,panicking_emergency
2425846a-2d6e-4537-8da0-8d2bb37c03e2,I need to exchange money right now and your rate looks wrong. What rate will you actually use at the moment I confirm. Why did it jump since this morning. I cannot wait please tell me the exact rate and any fees immediately,32,exchange_rate,panicking_emergency
65ea17c3-1c2e-4dc4-b57c-917ba494646c,I need to exchange money right now. Your rate seems wrong. When exactly do you set the conversion rate. How often does it change. I need the correct amount before the transfer completes.,32,exchange_rate,panicking_emergency
a682cb96-973c-4d65-9f79-0869579b42bf,I need to exchange money right now and your rate looks wrong Where did it come from What rate are you using for my transfer right now Fix it immediately,32,exchange_rate,panicking_emergency
0481d484-14dd-4e4f-bc12-762ce02d36d1,My transfer is stuck and the rate keeps changing. What exact rate will I get right now. I need the basis for your pricing and the final amount in the other currency. Confirm it immediately.,32,exchange_rate,panicking_emergency
a127122f-4a85-4b55-93a1-0a74413670dd,"Good day; I would like to confirm the exact rates you apply for converting one currency to another, including any applicable spreads or fees, and I would also appreciate guidance on the timing and methodology used for determining those rates at the moment of processing.",32,exchange_rate,polite_expert
f59b9e50-91a1-472e-b1d3-900750624205,"Good day, I would like to confirm the latest foreign-currency conversion rate that will be applied to my upcoming transfer, including the exact rate source, the timestamp of the rate used, and whether any additional fees or spreads are incorporated into the final amount received.",32,exchange_rate,polite_expert
c26c00a9-0fdb-44e7-9d8b-40ea7e32aa6b,"Good day, I would like to understand how your bank determines the foreign currency exchange rates applied to my transaction, including the source of the rates and the exact moment they are set, so that I can assess whether exchanging funds at this time is financially advantageous.",32,exchange_rate,polite_expert
f7968787-5cef-49ab-ab08-e18e272383f5,"Good day, I would like to confirm the current rates your bank applies for exchanging currencies, including any associated spreads or fees, and advise whether the present moment is suitable for making an exchange based on the latest available figures.",32,exchange_rate,polite_expert
644d3fb3-149b-44c4-a934-67b5ff484de8,"Good day, I would like assistance understanding how the current currency conversion rate is determined for international transfers, including which specific rates are used at the time of processing and how any applicable fees or spreads may affect the final amount credited.",32,exchange_rate,polite_expert
fb987cd9-dbc8-44c9-9eab-093b7c4809c4,"Good day, I would like to confirm which foreign exchange rate your institution will apply for my upcoming international transfer, including how you determine the rate (for example, the source, any applicable margins, and the time at which the rate is fixed).",32,exchange_rate,polite_expert
f34519b9-281c-4794-8c3d-cf758f8f8d61,"Hey, I’m trying to swap currencies—where exactly are your rates coming from, and when do you lock in the rate for my transaction?",32,exchange_rate,gen_z_slang
98ebb221-fbc7-477c-bf54-e7a8b4c70d18,"Hey, what rate are you using to convert my money for an international transfer, and when/how does it update?",32,exchange_rate,gen_z_slang
b7993bc9-9f36-4ffa-b63f-c792c0e346fe,"Yo, I just checked the rate you’re using for my international transfer—where’s it coming from and why is it a bit different from what I see online?",32,exchange_rate,gen_z_slang
c4154136-b107-4ead-a943-3893a9d6a468,"Hey, quick q—what rate are you using for my international transfer, and when exactly is that rate locked in?",32,exchange_rate,gen_z_slang
630b08a1-aa58-4329-a814-2b96410d0487,"Hey quick q—what rates are you using for international money transfers right now, and if I exchange today, what exact amount will I get?",32,exchange_rate,gen_z_slang
56822040-acf9-432e-bbd8-7d8cea0c1a59,"Hey, quick question—what’s the current rate you’ll use for exchanging my money to another currency, and can you tell me if there are any extra fees baked in?",32,exchange_rate,gen_z_slang
17941905-a8b4-4351-af35-fc364438013c,"Hi, I want to change my money to another currency. Please tell me what rate you give right now and where you get this rate from. Also is the rate the same for today, or will change later?",32,exchange_rate,non_native_speaker
d82637ed-2115-4424-a319-498af7d1c492,"Hi, I want to change money, but I don’t understand your rate for foreign currency. Can you tell me the exact rate today and from what currency to what currency you calculate?",32,exchange_rate,non_native_speaker
ac78c9c6-cebb-4483-ac74-276d595de14c,"Hi, I want to ask about the rate for foreign money. How you make this rate, and which rate will you use for my transfer today?",32,exchange_rate,non_native_speaker
3be6ab20-4386-4895-9ce0-89135eed418f,"Hi, I want to change money today. Can you tell me what rate you use right now, and when this rate will change?",32,exchange_rate,non_native_speaker
718a743f-c0ba-4d59-a8b6-8db88c6a5d2f,"Hi, I want to ask about the rate when I change money. Why the rate is different from what I see online? Can you tell me how you set this rate and from where?",32,exchange_rate,non_native_speaker
e2536760-ae34-4848-ab2c-dc23623cf478,"Hi, I want to change money to another currency, but I see the rate is different every time. What rate will I get exactly, and when does it update?",32,exchange_rate,non_native_speaker
0c7f0ea6-3fd1-481c-9cd4-bb6f05961d52,Live rates basis? fees? spread?,32,exchange_rate,short_wording
4546a621-8ab6-45d7-a399-5a001f6607f3,Need current rate for USD to EUR?,32,exchange_rate,short_wording
0450d37f-d75f-48b2-8f22-64bb2ce9ebda,FX rate source? how set?,32,exchange_rate,short_wording
b8ff7c1e-03b4-452c-981a-e47370d0b8df,International transfer rate today?,32,exchange_rate,short_wording
412e1d96-f4d5-40f3-a53a-3c303d8b7f9e,International card payment rate? Amount received?,32,exchange_rate,short_wording
d9632ee8-1b9f-4b85-8081-1d64fc60991e,Need today’s currency conversion rate.,32,exchange_rate,short_wording
9b45e589-53e3-4717-b918-f81bf0857caf,"I’m trying to swap my money in your app, but it keeps acting like it doesn’t know what I’m doing—how the hell am I supposed to exchange dollars into euros there, step by step, because this is getting ridiculous.",33,exchange_via_app,angry_layperson
e57d62e4-45b2-448d-9864-68c22c19a045,"I’m trying to switch my money to a different currency in this app and it’s not letting me—nothing works and I’m stuck. What the hell do I do, and why is this so hard?",33,exchange_via_app,angry_layperson
d8ecab2b-33e4-4e15-a0e1-f41bb4b4b7f9,"I’m trying to swap money in the app, but it keeps acting like it can’t do the exchange at all—what the hell is going on, and why can’t I just get the currency I need?",33,exchange_via_app,angry_layperson
93a4f0ec-e03c-4713-9035-bdfba8cc0947,"Why the hell can’t I exchange money in this app? I’m trying to swap currencies and it keeps acting like it has no idea what I want, so where’s the option to change, like, from GBP to something else?",33,exchange_via_app,angry_layperson
6b38c544-b47e-4b79-a352-314e5111d80b,"I’m trying to swap money in the app, but it keeps messing up and won’t let me change from one currency to another—what the hell is going on, and why can’t I just do a simple exchange?",33,exchange_via_app,angry_layperson
da7b0559-81a4-4f73-b5f7-6936fd2b7758,"I’m trying to swap my money in the app to change dollars into euros, but it won’t let me—every time I try, it just fucks up and I’m stuck with no clue what to do. Fix it or tell me why it’s failing.",33,exchange_via_app,angry_layperson
4e0ebf43-6a88-462b-8f25-fe6301fb8d4c,I need to exchange currency right now inside the app. The rates look wrong or it keeps failing. I try to switch from GBP to USD and it will not complete. Money is stuck and I need this fixed immediately.,33,exchange_via_app,panicking_emergency
754d2660-4f7a-4000-a6dd-fbeab258fbc4,I need to exchange currency inside the app right now. I select GBP to EUR then it fails. Error pops up and the exchange never completes. Please fix this now I cannot trade until it works.,33,exchange_via_app,panicking_emergency
7a51436c-bd90-488a-bf0b-d641edfbc063,I need to exchange currency in the app right now. It keeps failing when I try. I select the currencies I want then nothing completes. I cannot wait. Tell me the exact steps to do it or why it is blocked.,33,exchange_via_app,panicking_emergency
a37ad486-1ff0-4117-bcfd-6c8f5bc7238d,I need to exchange currency right now in the app It keeps failing and I cant complete the swap Please tell me what to do immediately,33,exchange_via_app,panicking_emergency
29a8adf7-440c-4352-a3f9-f20225b8e2e0,I need to exchange currency right now inside the mobile app Please tell me the exact steps I try and it fails or I get stuck on the screen I cannot wait I need it done today,33,exchange_via_app,panicking_emergency
f7b82122-c3c8-4061-97a6-e614ecbe6ea4,I need to exchange currency right now in the app. It will not let me start the exchange. Buttons do nothing. I am stuck. Please fix this fast and tell me what to do next.,33,exchange_via_app,panicking_emergency
be925e0d-e0da-4d97-b13c-6321179ce38c,"Good day, I would like to exchange currencies within the mobile banking application; could you please advise how I can convert my existing balance from one currency to another (for example, obtaining GBP instead of AUD), including the steps to complete the exchange and what rate and fees will apply?",33,exchange_via_app,polite_expert
884f2e6a-17b8-4c09-8870-80a728af9052,"Hello, I would like to exchange currencies using your mobile banking application, specifically converting my GBP balance to AUD, and I need guidance on the exact steps to complete the transaction, including how the exchange rate is applied and when the funds will reflect in my account.",33,exchange_via_app,polite_expert
11b5c79d-dea7-4c53-8a72-0aae79885a98,"Good day, I would like to exchange currencies through your mobile banking application, but I am encountering difficulties completing the transaction; could you please advise on the correct steps and confirm whether there are any limits, verification requirements, or service conditions that may affect the exchange?",33,exchange_via_app,polite_expert
ffa136a8-f2c9-41a0-80c4-20ae1533787e,"Hello, I would like to exchange currency using your mobile banking application; could you please confirm the exact steps to convert from one currency to another and advise what exchange rate, fees, and processing time will apply to the transaction?",33,exchange_via_app,polite_expert
e4aa8460-acac-4c10-ace1-43787b74d088,"Good day, I would like to exchange currencies through your mobile application; could you please confirm whether in-app currency exchange is available, and advise the exact steps to convert, for example, GBP to AUD, including any applicable fees and the rate used for the transaction?",33,exchange_via_app,polite_expert
6ab29605-4ba4-4b1b-af0e-589df6c5f08b,"Good day, I would like to exchange currencies within my banking application, but I am encountering difficulties locating the exchange option and completing the transaction—could you please guide me through the correct steps and confirm whether the service is available for my account?",33,exchange_via_app,polite_expert
3f2762e7-f23f-48c9-9694-a8eb072529ad,"Yo, how do I swap my USD to EUR in the app? I can’t find the option anywhere—can you point me to it?",33,exchange_via_app,gen_z_slang
13a09c77-839a-426e-8197-2e7de71f66cb,"Yo, I’m trying to swap my currency in-app—like I have GBP and I need AUD—can you tell me the steps and whether there’s a fee or bad exchange rate?",33,exchange_via_app,gen_z_slang
33042043-0e56-46aa-8443-2c535e767eff,"Hey, I’m trying to exchange currencies in-app, but it won’t let me swap from USD to GBP—keeps failing mid-way, any idea what I should do?",33,exchange_via_app,gen_z_slang
e9bac6d2-be79-4b91-ae7d-f6f797a61a43,"Hey, I wanna swap my money to a different currency in the app—like I’ve got GBP and need AUD. How do I do the exchange, and will it show me the rate before I confirm?",33,exchange_via_app,gen_z_slang
b3402532-2fc9-487a-98e4-87d84e51dc89,"Hey, quick Q—how can I swap currencies in the app? I wanna change my balance from GBP to AUD, but I’m not seeing the right steps. Can someone point me to it?",33,exchange_via_app,gen_z_slang
9b764e6e-4a3c-4c2a-8f16-be2a2082b8a0,"Hey, how do I do a currency exchange right inside the app—like can I swap my balance to another currency for a trip, and how long does it take?",33,exchange_via_app,gen_z_slang
6f0eb1b3-960d-4b00-8d5e-11a542ffc49d,"Hi, I want to change my money in the app from USD to EUR. How can I do that exchange? I can’t find the option, please help.",33,exchange_via_app,non_native_speaker
2b8a616f-33eb-4094-a0c5-a1c566cc36f0,"Hi, I want to exchange money inside my app. How can I change from one currency to another? Please tell me the steps, and if there is any fee or limit.",33,exchange_via_app,non_native_speaker
a9689a3e-98c9-46a2-ac61-392c4819639a,"Hi, I want to exchange money in the app. I have USD but I need EUR. Can you tell me how to change it inside the app, please?",33,exchange_via_app,non_native_speaker
df1cc760-44f6-4694-882c-3f35b996fd90,"Hi, I want to exchange money to another currency, but I dont know how in the app. Can you tell me step by step what I need to do, please?",33,exchange_via_app,non_native_speaker
be222bee-9293-495a-aaa3-998d9d18fb47,"Hi, I want to exchange my money in the app, but I don’t know where to do it. Can you tell me how to change from one currency to another?",33,exchange_via_app,non_native_speaker
16200f35-b5ee-4ab7-a4e2-f07f01349ced,"Hello, I want to exchange money in the app. I have USD but I need EUR. How can I do this in the app, please?",33,exchange_via_app,non_native_speaker
393c2fca-8dc1-4ca6-add3-8d58eea65337,Need currency exchange in app,33,exchange_via_app,short_wording
6c943fca-1677-47a1-9d42-5e29704eefd7,Currency exchange in app?,33,exchange_via_app,short_wording
6ded0ae1-8055-487b-96af-136ced5e7f59,Change GBP to AUD in app?,33,exchange_via_app,short_wording
0f1c2924-f132-46ae-9fd5-a83c4d44206c,Exchange money in app?,33,exchange_via_app,short_wording
41dbc7c8-3ffa-4c35-8620-832e5bb1d0a5,Currency exchange in app? GBP to EUR.,33,exchange_via_app,short_wording
a0553437-3d79-45ef-9fbf-dec2c172776b,Need currency exchange in app,33,exchange_via_app,short_wording
c2b22674-fddb-49b0-b9a6-cbfcb6d2e0d3,"What the hell is this extra charge showing up on my statement? I didn’t agree to it and I’m getting charged for no reason—somebody better explain and fix it immediately, because this is straight-up bullshit.",34,extra_charge_on_statement,angry_layperson
4b3ecee6-ccda-4849-8fd7-2fdc399b8e2b,"What the hell is this extra charge showing on my statement for no reason? I wasn’t told about it, and I want my money back now.",34,extra_charge_on_statement,angry_layperson
62972890-eb11-4490-a63a-2e4e4c01cdb0,"What the hell is this random $27 charge showing up on my statement that I didn’t agree to? It’s not even explained properly, and I’m sick of getting nickel-and-dimed for nothing—fix this and tell me what it’s for.",34,extra_charge_on_statement,angry_layperson
a95db179-f9cd-4eb6-9ce1-90c327b44e5e,"What the hell is this extra charge showing up on my statement for? I didn’t agree to any fees, so explain it right now and get it sorted, because this is ridiculous.",34,extra_charge_on_statement,angry_layperson
f53d2fed-7a1d-44f2-9cb9-1bb474a68e99,What the hell is this extra charge showing up on my statement—nobody told me about it and I want it gone and my money back right now.,34,extra_charge_on_statement,angry_layperson
57435eec-7110-47de-a1f0-3abda88f4af8,"What the hell is this extra $1 charge on my statement—why are you taking money for no reason, and when am I getting it back?",34,extra_charge_on_statement,angry_layperson
3a84512c-347a-4c18-837e-03db5e808495,My statement shows extra charges I did not approve I am freaking out Please tell me why they are there and how to get them reversed I need this resolved today,34,extra_charge_on_statement,panicking_emergency
82dd7d14-cb48-4ed8-bf08-6a724447d23f,"I just checked my statement and there is an extra charge I do not recognize  
It is not the purchase I made  
Why is it showing up  
I need this reversed today  
Please tell me what it is and when the money will be back",34,extra_charge_on_statement,panicking_emergency
34989ffb-38b7-497c-9f02-34973e09046b,I just checked my statement and I see an extra charge I did not authorize It is showing as a small fee but it keeps adding up What is this $1 charge on my account I need it reversed immediately,34,extra_charge_on_statement,panicking_emergency
d8225075-0928-4a16-be27-57a2fc46357d,I am panicking right now There is an extra charge on my statement for 1 dollar I did not authorize it I need this reversed immediately I need proof of what it was charged for and why it appeared today,34,extra_charge_on_statement,panicking_emergency
555b3b0d-d44b-4c9f-a746-5850c0bdffc1,I just checked my statement and there is an extra 2 pounds charge I did not authorize I need this reversed now I want a refund today Please tell me why it was added and confirm the refund status immediately,34,extra_charge_on_statement,panicking_emergency
aa4f6b68-b3ed-4afe-b746-4673f8dee426,STOP PLEASE I see an extra charge on my bank statement again  I did not authorize it  It shows up as a random fee  I need it explained today and reversed if it is wrong  I am checking my balance right now and I do not trust it,34,extra_charge_on_statement,panicking_emergency
2cf2125c-900d-4fc0-93c9-2af80c6af003,"Good day, I am contacting you because I noticed an unexpected additional charge on my recent card statement—specifically an extra fee of £1—which was not disclosed to me at the time of the transaction, and I would like to request an explanation and, if applicable, a refund.",34,extra_charge_on_statement,polite_expert
05fd0a7b-3a26-478d-a711-7cbf7285796d,"Hello, I would like to request clarification regarding a small additional fee appearing on my recent account statement and in the banking app: there is a pending charge of £1 that I cannot identify from any transaction I initiated, and it has remained unchanged for several days. Could you please investigate what it relates to and confirm whether it should be reversed or settled?",34,extra_charge_on_statement,polite_expert
5564d948-f936-43ce-9396-7df5373cc3a9,"Hello, I am writing because I have noticed an unexpected additional charge on my most recent bank statement, and I do not recall authorizing any transaction corresponding to that amount; could you please investigate the charge details and confirm what it relates to, as well as whether it can be corrected or refunded if it is erroneous?",34,extra_charge_on_statement,polite_expert
0e543919-f183-4e6f-9835-27175290b606,"Hello, I am writing because I have noticed an additional charge on my bank statement that I do not recognize, and I would like to understand the reason for this fee and whether it is connected to any recent transaction or service.",34,extra_charge_on_statement,polite_expert
ce961f82-ce4f-41c0-843a-d3340adb329e,"Good day, I have noticed an additional charge appearing on my most recent bank statement that does not correspond to any transaction I authorized, and I would like you to investigate what it represents and confirm whether any correction or reversal is required.",34,extra_charge_on_statement,polite_expert
2bd22827-de05-41ab-8103-bcb49029dd97,"Good day, I would like to report that I have noticed an unexpected extra charge on my recent account statement: an additional £1 appears to have been deducted, yet the description is unclear and the amount does not match any transaction I recognize, so I would appreciate it if you could investigate the cause and confirm whether a reversal or adjustment is required.",34,extra_charge_on_statement,polite_expert
ab21b2d6-1852-4f87-ae9f-a34fbc051c81,"Yo, I checked my statement and I got hit with an extra charge I don’t recognize—can you tell me why it’s there and if it can be reversed?",34,extra_charge_on_statement,gen_z_slang
19356d48-aa16-447d-8d47-911b0203d9fe,"Hey, I just checked my bank statement and there’s this extra $1 charge on it that I don’t recognize—what is it and can you tell me why it showed up?",34,extra_charge_on_statement,gen_z_slang
f35a3792-1538-4ea7-a868-b54e7072a0a8,"Yo, I just checked my statement and there’s this random extra fee/charge I didn’t approve—can someone tell me what it is and why it’s there?",34,extra_charge_on_statement,gen_z_slang
bb02ab06-7d82-4f5d-ae54-316e531836a0,"Hey, I just noticed an extra fee on my statement for like €1 and it wasn’t there before—can you tell me why it got charged and what it’s for?",34,extra_charge_on_statement,gen_z_slang
5975892d-25ae-4a11-b01f-fede3d5effa2,"Hey, I just checked my statement and there’s this extra charge for €1.50 that wasn’t there before—what is it for, and can you tell me why it got added?",34,extra_charge_on_statement,gen_z_slang
66fefbdd-0d8e-4e9d-8a12-ce7abc057acf,"Hey, I just checked my statement and there’s a random extra $1 charge on it— I don’t remember buying anything for that amount. Can you tell me what it was and why it’s showing up?",34,extra_charge_on_statement,gen_z_slang
fe834221-64ef-40b7-a117-6c671e834fd0,"Hi, I check my bank statement and I see a extra charge of $1.00. I don’t know why this happen. Can you tell me what it is and if you can reverse it?",34,extra_charge_on_statement,non_native_speaker
4887b0b5-bf04-45bd-af9f-8a840456b03d,"Hi, today I check my statement and I see an extra 1£ charge. Can you tell me why you charge me extra, and how I can get it back?",34,extra_charge_on_statement,non_native_speaker
f0fa8f93-e1bc-4129-b24c-ea27459594ff,"Hi, I see an extra charge on my bank statement for the last payment. I didn’t agree this fee, can you please check why it is added and how I can get it back?",34,extra_charge_on_statement,non_native_speaker
bde0e07d-155d-4dae-afbc-8ae714c3120b,"Hi, I check my bank statement today, and I see a extra charge there, like I don’t know it. Can you please tell me why this charge is there and what it is for?",34,extra_charge_on_statement,non_native_speaker
38846b82-7713-4392-b07e-a0b75c6bb5c8,"Hi, I check my bank statement today and I see an extra charge for a small fee, but I don’t know what it is. Can you please tell me why it is there and if it can be removed?",34,extra_charge_on_statement,non_native_speaker
043f2941-09b1-4023-a655-08a310371a68,"Hi, I check my bank statement and I see an extra charge of €12 that I don’t understand. Can you please tell me why this fee was taken and if I can get it back? Thanks.",34,extra_charge_on_statement,non_native_speaker
186291c9-0cdb-4253-8b16-f68b82f737e6,Extra fee on statement—why?,34,extra_charge_on_statement,short_wording
31865f71-c3f9-4b7d-93bf-6ec92e1c6929,"Extra charge on statement, pending $1 for days. Why?",34,extra_charge_on_statement,short_wording
80e2657e-abcc-4fc0-ad81-d98e14bfa160,Extra charge on statement pending. What is it?,34,extra_charge_on_statement,short_wording
df024596-8fce-40aa-9629-6d227ededf33,Extra fee shown on statement—why?,34,extra_charge_on_statement,short_wording
b42f8e00-58f3-4f81-a871-2783032d1667,Unrecognized extra charge on statement—why?,34,extra_charge_on_statement,short_wording
2bb06f55-d600-4ea8-b9ef-c3db16a77a83,Extra $2 charge on statement—why?,34,extra_charge_on_statement,short_wording
6c3c3677-28ec-426c-b9c8-303248125b6f,"My transfer didn’t go through, and it keeps saying it can’t be completed—what the hell is going on with my money?",35,failed_transfer,angry_layperson
e28ad7f6-eb50-4c4e-9dad-cb922fbae259,I tried sending money and it just didn’t go through—now I’m stuck and nobody can give me a straight answer. What’s going on with my transfer and when is it getting fixed?,35,failed_transfer,angry_layperson
dce0ae0a-811c-46f0-9ead-df23b88059e8,I tried to send money and the transfer just flat-out didn’t go through—no clue what’s going on. I need this fixed right now because I’m getting screwed here.,35,failed_transfer,angry_layperson
5ea99dea-399b-4972-9e65-4221bd18b775,"My transfer keeps blowing up and I can’t get the money across, and this is getting ridiculous—sort it out and tell me why it won’t go through.",35,failed_transfer,angry_layperson
53cf9bda-c091-4990-a763-85880a53609b,"I tried to send money and it just won’t go through—keeps failing again and again. What the hell is wrong with your service, can someone fix this now and get my transfer working?",35,failed_transfer,angry_layperson
826ecc2c-69f0-48c7-a568-14822497af23,"My transfer keeps getting rejected and won’t go through, I’ve tried multiple times today and it’s just pissing me off—can you please check what’s going on and fix it?",35,failed_transfer,angry_layperson
7f9ef6bf-abe1-4b34-bcaf-2a1eac88eb5d,My transfer did not go through again. Money not sent. I tried multiple times now. Please fix whatever is blocking it today. I need this resolved immediately.,35,failed_transfer,panicking_emergency
8a23fb0c-f485-4ce8-a053-d75078ef69c0,My transfer keeps failing right at the end I tried again and again and it still will not go through Please fix this now I need the money to arrive today,35,failed_transfer,panicking_emergency
3ca1aa1c-243e-4458-a932-f66eb4941ee4,"My transfer did not go through  
Money left my account but the recipient did not receive it  
It just failed and I need this fixed now  
Please check the transfer status immediately and tell me what happened",35,failed_transfer,panicking_emergency
d90d40a6-0fe1-43cf-ab15-92a8eb952f8c,"I tried to send money and it did not go through  
The transfer failed  
Money not received  
Please fix this now  
What is the status of my payment",35,failed_transfer,panicking_emergency
89208814-e16d-4f80-9151-7548c5750c90,I tried sending money to my bank account just now and it keeps failing I need it to go through today I get an error every time I retry Please check what is blocking it and tell me how to fix it fast,35,failed_transfer,panicking_emergency
4112ad0d-acc8-42a1-a668-41be35c4eee1,My transfer failed again I tried to send money and it did not go through I need it fixed now I cant afford this delay Please tell me what happened and confirm the funds status,35,failed_transfer,panicking_emergency
8d9f21eb-f333-40aa-8660-1bc469d28ed8,"Good day, I am contacting you regarding a bank transfer that did not complete successfully; the transaction was initiated from my account, yet the payment could not be processed and has not been delivered as expected, so I would like to understand the reason for the failure and the expected timeline for any reversal or completion.",35,failed_transfer,polite_expert
bf4a2dd4-dbff-4bb6-b61a-0d8d250a6a70,"Hello, I am experiencing a problem where my bank transfer does not complete successfully, and the transaction is not going through as expected; could you please advise on the most likely causes and the steps I should take to resolve it?",35,failed_transfer,polite_expert
c0b5c126-9645-4ed4-b54c-34b4fbc71ca0,"Good day, I am contacting you because my recent international transfer did not complete successfully, and the funds were not credited to the recipient as expected; could you please advise the reason for the failure and the next steps to have the transfer corrected or the funds returned?",35,failed_transfer,polite_expert
5a4360a4-7250-4b51-b072-e4ecde14a137,"I attempted to make a transfer today, but it did not complete successfully, and the transaction was rejected; could you please investigate the reason for the failure and advise what steps I should take to ensure the transfer is completed correctly?",35,failed_transfer,polite_expert
352f986a-49b1-4ee4-92ba-e4d208e0f867,"Good day, I attempted to send a bank transfer to another account earlier today, however it is being rejected and does not complete successfully; could you please investigate what is causing the transfer to fail and advise what information or steps I should provide to resolve it?",35,failed_transfer,polite_expert
c41f7e3f-674a-4f03-9974-d8048ec29e60,"Good day, I am attempting to make an international bank transfer, but the transaction does not complete and the funds do not reach the recipient as expected; could you please advise on what might be causing the transfer to fail and what steps I should take to resolve it, including whether any verification or additional information is required?",35,failed_transfer,polite_expert
c8b56baa-c8be-46cf-9652-777aeb3fc1f0,"Hey, I tried sending money to someone just now and the transfer wouldn’t go through—it keeps throwing an error when I try to confirm. Can you check what’s up and tell me how to get it completed?",35,failed_transfer,gen_z_slang
87b2e3aa-5b2f-4ce1-a8ed-e8702c15891c,"Ugh my bank transfer just won’t go through—keeps saying it can’t be completed, can someone tell me why?",35,failed_transfer,gen_z_slang
87555f36-cfd6-4539-a154-089da43c1f2d,"Hey, I tried to send a transfer today and it just keeps erroring out—like it won’t go through at all. Can you help me figure out what’s blocking it?",35,failed_transfer,gen_z_slang
b39b556c-e19e-44f0-875f-75dfb54a1369,"Hey, I tried sending a transfer and it keeps not going through—like it errors out/gets rejected every time. Can you check what’s up on your end and tell me how to fix it?",35,failed_transfer,gen_z_slang
791cd767-62c0-4d38-8a99-d1da2bf9dd63,"Hey, I tried sending a transfer earlier and it just didn’t go through—can you tell me why it failed and what I should do next?",35,failed_transfer,gen_z_slang
61df47dd-163c-4156-9aad-0ee1a8f4aec1,"Yo, my bank transfer keeps not going through—every time I try it just fails, and I’m getting stuck. Can you please tell me what’s going on and help me fix it?",35,failed_transfer,gen_z_slang
e9718d3b-e4a8-4d3d-97f4-7e9d3927781c,"Hi, I tried to make a transfer this morning, but it keeps failing and not going through. Can you check why my money not sent and fix it please?",35,failed_transfer,non_native_speaker
8eb644a1-f10b-48b3-9915-02f21713c81c,"Hi, I try to make a transfer to my friend, but it will not go through and says transfer failed. Can you please check what is wrong and help me fix it?",35,failed_transfer,non_native_speaker
da413836-4dfa-4eb7-ae29-d296441aaa69,"Hi, I try to send money to another bank, but the transfer not go through. It just returned and I don’t know why. Can you check and tell me what is wrong?",35,failed_transfer,non_native_speaker
28462971-bc01-4279-8219-0a5c624fe3de,"Hi, my bank transfer is not going through. It says it can not be completed, but I don’t know why. Can you check what is stopping the money and help me fix it?",35,failed_transfer,non_native_speaker
a4d8ee73-a78c-4313-b9b1-9f75d5f9666e,"Hi, I tried to send money to my friend today, but the transfer not go through. It shows an error and the money not moved. Can you please check and tell me what is wrong and how I can fix it? Thanks.",35,failed_transfer,non_native_speaker
ae00e41a-0a7b-4c30-9900-5d8814dba55b,"Hi, I try to send money today, but the transfer was not completed. It shows only failed message and I can’t finish it. Can you check why?",35,failed_transfer,non_native_speaker
80095262-ba4d-4ca5-99da-681ed041e0fa,"Transfer failed, funds not received.",35,failed_transfer,short_wording
09cde14f-cb86-4eff-b22f-87fe4a13c3da,"Transfer failed, money not received.",35,failed_transfer,short_wording
9d51bf3c-c6b5-4e24-95a2-32a20be4fe3e,"Transfer rejected twice today, help?",35,failed_transfer,short_wording
149689cc-c47b-4cb2-bb0c-e65b99f7bfe1,"Transfer not going through, keeps failing. Please check.",35,failed_transfer,short_wording
0814a79b-7a88-43ff-b45c-da6a770a7902,Transfer failed to complete; pending?,35,failed_transfer,short_wording
f53232ff-72da-451f-9c96-2468e9e175a7,"Transfer failed, rejected again. Please check status.",35,failed_transfer,short_wording
4ad7d30b-340b-4455-81a3-875b0a5c8bb3,"I’m sick of this—what regular money types do you actually support for deposits and transfers, and how the hell do I switch my account to use euros?",36,fiat_currency_support,angry_layperson
50743e25-cbd2-4cd7-9244-8359a35476d5,"What the hell currencies can I actually use and hold here—do you take things like EUR, or am I stuck getting screwed because you only support some random bullshit?",36,fiat_currency_support,angry_layperson
b5774a5f-9ad1-4ac8-b525-3390ad7e5bec,"Why the hell can’t you just tell me what actual money types you support—what currencies can I hold and use here, and which ones are a hard no? I need a clear list, not vague nonsense.",36,fiat_currency_support,angry_layperson
451bdc90-2a3f-48f2-afa6-26846f95c542,"This is ridiculous—why can’t I just hold and use more normal money types? Besides USD, what other currencies do you actually let me keep in my account, and don’t give me some vague answer.",36,fiat_currency_support,angry_layperson
e8fca1db-2deb-440d-a1d0-a54ea278a134,"This is ridiculous—does your damn system even support real money in different currencies, or am I stuck using one? I need to know what currencies you take and how I can switch to euros without jumping through hoops.",36,fiat_currency_support,angry_layperson
fa35372a-e127-48a0-b175-6ed5fe901926,"I’m sick of this—what damn currencies do you actually support for regular money deposits and withdrawals? Tell me straight which ones you take, because I’m not guessing anymore.",36,fiat_currency_support,angry_layperson
6863e5b3-1b38-4562-8078-5b629e80526c,I need to know which real world currencies you support right now. I have money in a different country and it is blocked. Which fiat currencies are supported for holding and transfers. Tell me today.,36,fiat_currency_support,panicking_emergency
9dab2d90-4411-4ee4-af24-327de1e7450f,I need to know which real world currencies you support right now. List them all. Can I hold more than one at the same time. Tell me what countries I can access for those currencies. I need this confirmed immediately.,36,fiat_currency_support,panicking_emergency
81cfae06-8c13-4f6f-9505-e47235d71fa1,I need to add more currencies right now I only see one option in my account How many currencies can I hold at once Please tell me if you support additional currency settings I cannot complete my transfer until this is fixed,36,fiat_currency_support,panicking_emergency
fa068c16-dcf2-4a01-aea1-3cb922601f6a,My account is stuck I cannot see how to add or switch to another currency I need to receive and pay in a different currency right now Incoming payment is pending or blocked because it is not in the default currency Please tell me exactly how to enable it fast,36,fiat_currency_support,panicking_emergency
4235fbdb-bb71-4938-92a1-5e920c5233a3,I need to exchange my money now I have funds in USD and I need EUR Do you support exchanging between these currencies right away Or are there limits fees I cannot wait please confirm which currency pairs you support,36,fiat_currency_support,panicking_emergency
95749ec5-4bb9-4bc4-80b4-bec61b34677a,I need to convert my money right now but your system will not accept my currency choice What currencies do you support Tell me if you can handle USD and EUR and how to exchange fast My transfer is stuck and time is running out,36,fiat_currency_support,panicking_emergency
5441ecc0-2c6e-4f75-abcf-01565e5ad555,"Good day, I would like to confirm which fiat currencies are supported for holding balances and conducting transactions, and whether there are any restrictions by country or region for receiving and exchanging those currencies.",36,fiat_currency_support,polite_expert
f51d3be9-21fe-436b-aea7-fa9cd01f73d2,"Good day; could you please confirm which government-issued currencies you currently support for exchange and custody, and whether I can exchange my EUR into the specific fiat currency I require within your platform?",36,fiat_currency_support,polite_expert
7d950e4c-e3c5-444b-8976-1674c0f78536,"Hello, I would like to confirm which official fiat currencies are supported for deposits and balances, and whether I can hold and receive funds in currencies other than USD.",36,fiat_currency_support,polite_expert
951aa605-80d0-45b7-bd02-d671e4fbca3c,"Hello, I would like to confirm whether you support transactions involving fiat currencies, and specifically whether I can exchange my local currency into euros through your service, including any applicable fees and exchange-rate details.",36,fiat_currency_support,polite_expert
ad54bb08-6cab-49e2-81ac-749c737c8d96,"Good day, I would like to confirm which fiat currencies you currently support for deposits and withdrawals, and whether there is any list or official documentation detailing the available currencies and any related limitations.",36,fiat_currency_support,polite_expert
2e7b8cf1-5a45-44f1-98c9-c2ce7e15cbc5,"Good day. I would like to clarify which government-issued currencies you currently support for holding and exchanging within your service, and whether there are any limits or available exchange pairs for each supported currency.",36,fiat_currency_support,polite_expert
4805486a-1fbc-4867-9fcd-603a22fad0a1,"Hey, quick question—do you support multiple real-world currencies for deposits/withdrawals, like USD/EUR? If so, which ones are available and can I exchange between them inside the app?",36,fiat_currency_support,gen_z_slang
f6f55cb4-2d52-40cb-891a-cfb671bf902f,"Hey, quick question—what actual fiat currencies do you support for holding and exchanging, and how many different ones can I keep in my account?",36,fiat_currency_support,gen_z_slang
6badb0d5-223f-4e2a-810e-916b97f64dad,"Hey, quick q: what fiat currencies can I actually exchange and hold in my account, and are there any limits on which ones are supported?",36,fiat_currency_support,gen_z_slang
e1f3813e-99b9-462b-99b4-32c7f668bb2b,"Yo, quick q—what fiat currencies do you support for holding and exchanging, and is there a list of the ones you don’t do?",36,fiat_currency_support,gen_z_slang
487060f2-5d84-4ae7-9144-1343e6f68727,"Hey, quick one—do you guys do currency exchanges into EUR? Like, where can I swap my money for EUR?",36,fiat_currency_support,gen_z_slang
eea166b1-d284-4b81-a90c-8e557309d7a2,"Hey, quick question—what currencies do you actually support for withdrawals/exchanges? Like can I get EUR, or is it limited to USD only?",36,fiat_currency_support,gen_z_slang
587eaa43-80bd-4866-9fb9-15a180eb6fba,"Hi, I want to ask: what fiat currencies you support for deposit and for trading? I want to check if my currency is available, please.",36,fiat_currency_support,non_native_speaker
5f9c04af-ae66-46d4-880b-7a699a1158d4,"Hi, I have a question about money in my account. What currency can I use here, and can I change it to another one like EUR?",36,fiat_currency_support,non_native_speaker
aa7e9069-f536-474b-8e0b-f8d56026f121,"Hi, I want to exchange my money. Do you have any fiat currency exchange, like EUR or GBP, or only USD? Please tell me which currencies you support.",36,fiat_currency_support,non_native_speaker
ad7346a0-634b-4cf3-9d79-abc78b20e8a5,"Hi, I want to ask, do you support exchanging money to other fiat currencies like EUR or USD? Which currencies you accept?",36,fiat_currency_support,non_native_speaker
d5cb8d3a-f007-487d-8c70-c7d882fac545,"Hi, I want to exchange my money to EUR, but I don’t know if this bank support EUR fiat. Which fiat currency can I use for exchange?",36,fiat_currency_support,non_native_speaker
0a8f29b6-0514-4eb4-9a27-72588d461f21,"Hi, I want to change my money to EUR. Which currencies do you support, and where can I exchange it?",36,fiat_currency_support,non_native_speaker
66e304e0-0efb-4fa3-8600-a9117b9f7c64,Which fiat currencies support exchange?,36,fiat_currency_support,short_wording
8d54e080-9689-49c6-899b-d21fa22bdecf,Supported fiat currencies? Which available?,36,fiat_currency_support,short_wording
eec9a0ec-79d6-4d57-adf2-bd367cb8d13a,Supported fiat currencies? Exchange rates?,36,fiat_currency_support,short_wording
b0ebd4af-1352-4353-8fe5-0c9cc73503cc,Do you support exchanges to USD?,36,fiat_currency_support,short_wording
dc689598-4f8a-4099-9c3f-663f4865f266,Need currency exchange; supported fiat? Rates and fees?,36,fiat_currency_support,short_wording
f88ac334-f1c8-466f-84ad-8e8ea9c39b69,Supported fiat currencies? Hold/exchange?,36,fiat_currency_support,short_wording
8d5a7555-e24c-4c26-90e2-fb7c73b10ce0,"I’m trying to make a disposable virtual card and it’s not letting me, and I’m sick of this hassle—where the hell is the option to create one, and why can’t I use it right now?",37,get_disposable_virtual_card,angry_layperson
a3f7a874-8a81-4133-b582-0122f8d2471f,"I’m sick of this—where the hell do I get one of those disposable virtual cards, and why can’t I find the button or option anywhere? I need it working now.",37,get_disposable_virtual_card,angry_layperson
61bd4fb2-bad1-4a8d-9265-6cdeed90ca21,"I’m trying to get one of those throwaway online card numbers, but nothing’s working and I can’t find how to turn it on—this is ridiculous, just tell me where it is and how to get it, period.",37,get_disposable_virtual_card,angry_layperson
10e68023-631a-48af-805a-030c5f54a774,"I’m trying to get a disposable one-time virtual card, but I can’t find where the hell to get it—everything’s buried and useless. Can someone actually tell me how to get one right now, or am I just stuck paying with the same old stuff?",37,get_disposable_virtual_card,angry_layperson
19b484a8-f269-4720-94fc-ab23ba8315d7,"I’m trying to get a disposable virtual card and it’s not letting me—what the hell is going on? I need one right now, so tell me exactly how to get it or I’m done with this mess.",37,get_disposable_virtual_card,angry_layperson
6c2887b8-e5c3-43e6-b3c6-9d0310e1ab8e,"I’m sick of this—how do I actually get a disposable virtual card in here? I need it now, not some runaround, and nobody’s telling me where to click or what to do.",37,get_disposable_virtual_card,angry_layperson
80cc743d-ead2-46a3-b27d-d78f4fc601f0,I need a disposable virtual payment card now. I cannot find the option anywhere in my account. I need it for an urgent online purchase tonight. Please tell me how to create one immediately and fix this access problem.,37,get_disposable_virtual_card,panicking_emergency
06ea56a0-9588-4c96-ae3c-4a5f61ef15c5,I need a disposable virtual card right now I cannot make this payment without it My app does not show the option I need instructions immediately How do I generate one and use it before it expires,37,get_disposable_virtual_card,panicking_emergency
5b52884f-1b06-46d9-8a66-18d438ef791a,I need a disposable virtual card now I cannot find the option in my account Please tell me exactly how to create one right away and confirm it works for online purchases I am stuck and I need this urgently,37,get_disposable_virtual_card,panicking_emergency
875ffe57-98f6-42cc-8fa1-bd4a04a66334,I need a disposable virtual card right now. My normal card is not safe. I am trying to set up a temporary card for an urgent online purchase. Please tell me exactly how to create it and where I can find it. If it is blocked or requires verification say so now.,37,get_disposable_virtual_card,panicking_emergency
ff00d157-018b-4ffb-91e6-752c003799eb,I need a disposable virtual card now. I cannot find the option in my app. I need to use it for one purchase and then it should stop. Tell me exactly how to get it immediately. If there is a limit on transactions or time say so fast.,37,get_disposable_virtual_card,panicking_emergency
82b38240-8a32-426e-9f80-b9c397867be1,I need a disposable virtual card right now. I cannot find where to get it in the app. Please tell me the exact steps to generate one immediately. I am about to lose the payment deadline,37,get_disposable_virtual_card,panicking_emergency
2ebcee56-8213-4423-b2bf-4343934e8453,"Good day, I would like to request guidance on obtaining a disposable virtual card for online purchases, including where I can activate it, any eligibility requirements, and whether there are limits or fees associated with generating one.",37,get_disposable_virtual_card,polite_expert
e4e6a95a-028a-48f7-92c9-970c83ccacce,"Good day, I would like to request a disposable virtual card for online purchases; could you please confirm the exact steps to obtain one, whether it is activated immediately upon creation, and any applicable limits or restrictions that would affect its use?",37,get_disposable_virtual_card,polite_expert
a92d0feb-39fa-4833-aef2-6d8c7dcd72f3,"Good day, I would like to request a disposable virtual card; could you please confirm the eligibility requirements and guide me through the exact steps and timing for obtaining one, including any relevant limits or fees that may apply?",37,get_disposable_virtual_card,polite_expert
fa428ebd-38e7-4264-9c19-60b6869ffabb,"Good day, I would like to request a single-use, disposable virtual card for an upcoming online purchase, and I require confirmation of the eligibility criteria, the available limits, and the precise procedure to generate it within my account.",37,get_disposable_virtual_card,polite_expert
34c9e332-5873-4523-baf9-3588e6cae1c8,"Good day, I would like to create a disposable virtual card for an upcoming online purchase, but I am unable to locate the option in my account—could you please confirm whether disposable virtual cards are available for my profile and guide me through the exact steps to generate one, including any limitations such as number of uses, validity period, and applicable transaction types?",37,get_disposable_virtual_card,polite_expert
64d53a1b-05d7-4af5-b77a-079595eac1f2,"Good day, I would like to obtain a disposable virtual card for a specific purchase and understand the exact steps required to generate it, including any eligibility requirements, limits, and how long the card remains valid before it is no longer usable.",37,get_disposable_virtual_card,polite_expert
1e8f5608-7607-4e0a-b1fa-23d0d82df0b8,"Hey, can I get a disposable virtual card for my account? If yes, how do I set it up and can I use it for online purchases right away?",37,get_disposable_virtual_card,gen_z_slang
de0ca5e0-c052-4f39-8a11-41e4b09a74d7,"Hey, I’m trying to get a disposable virtual card for a one-time purchase—where do I request it in the app, and is there any limit on how many I can generate?",37,get_disposable_virtual_card,gen_z_slang
570df35e-5dc2-4ca4-a9fe-d9c2cf66caf9,"Hey, I’m trying to set up a disposable virtual card for online purchases—where do I go in the app to generate one, and how fast does it show up?",37,get_disposable_virtual_card,gen_z_slang
69fcc84e-5ab3-4f61-8d39-0acf2d9aabfd,"Yo, how do I create a disposable virtual card for an online purchase, and where do I find it in the app?",37,get_disposable_virtual_card,gen_z_slang
3de0fc15-34e3-415b-8098-33f21be9bf97,"Hey, can I get a disposable virtual card for online purchases—like how do I set one up or order it, and is it something I can use right away?",37,get_disposable_virtual_card,gen_z_slang
d521e095-c05c-4c7a-abe1-b1975d8df3e1,"Yo, how do I get a disposable virtual card for a one-time purchase—like can I create it instantly in the app, and is there any limit on how many I can generate?",37,get_disposable_virtual_card,gen_z_slang
9f98492f-17be-4c10-b25c-a8caa3132852,"Hi, I want to get a disposable virtual card for online payment. How can I create or request it? Please tell me the steps and if there is any fee.",37,get_disposable_virtual_card,non_native_speaker
69a1a56b-ee16-4c4c-80ad-da5cbdc3dfc4,"Hi, I want to get a disposable virtual card for online payment. How can I create one, and what I need to do first?",37,get_disposable_virtual_card,non_native_speaker
ff5967b7-3e29-4257-a754-4de0e924603e,"Hi, I need a disposable virtual card, can you help me create it or show me where I can get it?",37,get_disposable_virtual_card,non_native_speaker
dc7c65de-cd7b-43df-9dd7-63c2bc0c1bc4,"Hi, I want to get a disposable virtual card for online payment. How can I create it, and is there any limit or fee?",37,get_disposable_virtual_card,non_native_speaker
ccf7b010-3cb1-474c-adb3-3d25a5ee1ea8,"Hi, I need help please. How can I get a virtual card for one time use only? I want disposable card, but I can’t find it in my app.",37,get_disposable_virtual_card,non_native_speaker
d826b988-d22e-4585-8fc2-682d249ee3e0,"Hi, I want to get a disposable virtual card. Where can I start, and what I need to do to create it?",37,get_disposable_virtual_card,non_native_speaker
756cdc09-d7b1-41e8-a77e-021a12202663,Need disposable virtual card. How to get and use?,37,get_disposable_virtual_card,short_wording
d33cc8cb-d011-4e4d-bb22-ef5c15b9d5a2,Need disposable virtual card—how to get?,37,get_disposable_virtual_card,short_wording
71789534-4aa1-4c4f-89c0-5f58dc5d7f8e,Need disposable virtual card: how to get?,37,get_disposable_virtual_card,short_wording
59a753f2-54dc-4319-b0c9-81a7cea82e7a,Need temporary virtual card options,37,get_disposable_virtual_card,short_wording
98cc54b3-8612-4c7e-b601-751176e48b7b,Need disposable virtual card. How to get?,37,get_disposable_virtual_card,short_wording
7ddb6679-3349-4517-aadf-7f8d964af255,Need disposable virtual card access? How get one?,37,get_disposable_virtual_card,short_wording
aa1f768c-7cdd-4283-95bc-d5aa9a54b11c,"I’m fed up—how the hell do I get my PIN, because I can’t find it anywhere and nobody’s giving me a straight answer.",38,get_pin,angry_layperson
86250ce5-23f1-4775-bbb6-8e1c15965a9c,"I still don’t have my card PIN, and this is ridiculous—where the hell am I supposed to find it or get it fixed?",38,get_pin,angry_layperson
3bc67963-007e-4ce4-a3a6-8eca50795deb,"I can’t get my card PIN set up or even figure out when I’m supposed to receive it—this is ridiculous, I’ve been waiting forever and I need it working now.",38,get_pin,angry_layperson
d2c78c04-e47b-4dfa-8e02-1d1cca16f01d,"Where the hell is my card PIN? I need it right now, and you folks keep acting like it’s some secret—tell me how to get it.",38,get_pin,angry_layperson
9f8ea665-ce10-4190-8093-1271b405ed8a,"I can’t find my card PIN anywhere, and I’m sick of jumping through hoops—how the hell do I get my damn PIN back?",38,get_pin,angry_layperson
5adeb80b-308a-4865-ab11-8dbb105c287a,My card PIN is missing and I can’t access my account—stop playing games and tell me how the hell I can get my PIN back right now.,38,get_pin,angry_layperson
301ef80c-a606-4d43-b905-53aa5cc7f580,I cannot access my card PIN right now. I need it for a payment today. Where do I get it. My account login shows nothing. I am stuck and it is urgent.,38,get_pin,panicking_emergency
90c8eab5-7e38-48b5-82aa-1c9f418199cb,I cannot access my card PIN. App shows nothing. ATM says incorrect PIN. I need the correct PIN now. I am locked out. Please verify my identity and restore my PIN immediately.,38,get_pin,panicking_emergency
b681c3d0-521d-47d5-98d6-5e0ea305e3ed,I cannot find my card PIN anywhere In the app or on the card Where do I get it right now I need to access my account today Please tell me the exact steps fast,38,get_pin,panicking_emergency
7afe5ba0-8a9b-43a5-9435-e4ba2023c7a0,I need my card PIN right now but I cannot find it anywhere in the app. I am locked out. Please tell me how to get it immediately.,38,get_pin,panicking_emergency
b6614c21-4c00-487e-95ca-f3a7d6e72cf1,I cannot find my card PIN anywhere. It is not on the card. I need it right now to make a payment. Please tell me where to get it fast.,38,get_pin,panicking_emergency
4560bba1-28be-4464-b4cf-f594463b7d7d,I cannot find my PIN right now new card and I need to use it immediately I checked the app and the envelope and nothing shows I am locked out at the ATM please reset or tell me how to get my PIN fast,38,get_pin,panicking_emergency
d587465a-28bf-4933-9d3b-30f33990365b,"Good day, I would like assistance because I cannot locate or retrieve the PIN associated with my card, and I need guidance on the correct and secure process to obtain it.",38,get_pin,polite_expert
a933a779-b803-479c-b7d2-2b69d88bb295,"Good day, I would like assistance retrieving my card PIN, as I am unable to locate the PIN associated with my account and would like to confirm the correct procedure to regain access securely.",38,get_pin,polite_expert
bc64652e-b751-46b2-9243-861ce6d29a8d,"Good day, I would like assistance in retrieving my card’s Personal Identification Number, as I cannot locate it in the documentation provided with the account and require guidance on the correct method to obtain it securely.",38,get_pin,polite_expert
c8d8523d-0ee9-4112-b154-8a13b5a18855,"Good day; I would like to retrieve or confirm the Personal Identification Number (PIN) for my bank card, as I do not currently have access to the PIN required for card transactions. Could you please advise the correct and secure process to obtain it?",38,get_pin,polite_expert
af52d8bf-d1d5-4660-bd38-82b9e2ee37a7,"Good day, I would like to arrange the retrieval of my card PIN, and I would appreciate confirmation of the correct process for obtaining it, including whether it is provided separately from the card and what identification or verification is required.",38,get_pin,polite_expert
b557d335-9e69-4ee0-a36b-a426d024ddad,"Hello, I require assistance in obtaining or resetting my card’s personal identification number, as I do not currently have access to it and would like to understand the secure verification steps required to proceed.",38,get_pin,polite_expert
6a6b35ec-3b31-4650-af29-963d81942a3c,"Hey, I just got my new card but I can’t seem to find the PIN anywhere—can you help me figure out how to get it?",38,get_pin,gen_z_slang
2ae8e1a3-d9f9-4e86-bf2b-493ca6737774,"Hey, I’m trying to find my card PIN but I can’t seem to locate it anywhere—where am I supposed to get it?",38,get_pin,gen_z_slang
e15a2ea4-b9dd-4141-96f7-732cecf0688b,"Hey, I lost my card PIN—can you help me figure out how to get it back?",38,get_pin,gen_z_slang
672fbe8b-c346-43ff-96cf-4b9f250f53b0,"Hey, I’m trying to use my card but I can’t find the PIN—where do I get/set it, or what should I do to recover it?",38,get_pin,gen_z_slang
6700b6ed-731e-48ab-86fe-1c736defdd47,"Hey, I just got my new card—how do I get the PIN in the app, or is it sent separately?",38,get_pin,gen_z_slang
8e3fd0ee-31ba-448f-8000-f836f1527a8a,"Yo, I’m trying to get my card PIN but I can’t find it anywhere—how do I retrieve it?",38,get_pin,gen_z_slang
43df9e9d-8bf6-498c-8f80-59386e798985,"Hi, I need help. Where can I see or get my card PIN? I can’t find it anywhere, please tell me what to do.",38,get_pin,non_native_speaker
397b4e1f-807c-4ba1-8c81-405960a82e8c,"Hi, I need my card PIN. I lost it and I do not have it now. Can you help me get the PIN again?",38,get_pin,non_native_speaker
5fd27fde-9d99-4ce0-abb8-ea3d7214a0b4,"Hi, I have a new card. How can I get my PIN? Where I can find it in the app or somewhere else?",38,get_pin,non_native_speaker
14fe0ee0-4580-42fd-8bfb-6c8c1bb289dc,"Hi, I get my new card, but I don’t get the PIN. Where I can get it?",38,get_pin,non_native_speaker
5763a96a-bb75-4641-aed0-51db900343a2,"Hi, I need help. Where can I get my card PIN? I lost it and I don’t know how to find it.",38,get_pin,non_native_speaker
9666afff-4ac7-4cbf-a307-25834fca77c6,"Hi, I need help, how can I get my card PIN? I lost it and I don’t know where to find it.",38,get_pin,non_native_speaker
eacd5120-facf-47bb-ad9e-5319fb70ac65,Where is my card PIN?,38,get_pin,short_wording
b07fcdeb-560d-4ca7-a899-060bd632988a,How to find my card PIN?,38,get_pin,short_wording
ef296afd-7ddf-4a20-876e-044dd3c0dfc3,PIN not showing on card,38,get_pin,short_wording
ba4bbcf1-665b-4477-8bf1-b05bfa37dfb3,Need my card PIN retrieve,38,get_pin,short_wording
83c34f4d-2e6f-4276-b081-4825fdca9b17,Need card PIN reset,38,get_pin,short_wording
da54522f-3c3e-437c-b03f-18df95bf5d0f,Need card PIN retrieval.,38,get_pin,short_wording
c94aff38-93ad-4f99-a069-9f0b2dfc91cb,I need another spare card for my account ASAP and nobody can tell me how to get it—what’s the process and is there some extra charge for it?,39,getting_spare_card,angry_layperson
e93fa636-af22-4a3e-9264-e28afb2526e1,"I’m trying to get an extra card because mine is messed up, but nobody is telling me how to request it or what it costs—this is ridiculous, can you just tell me the exact steps and whether I have to pay extra?",39,getting_spare_card,angry_layperson
2fe352af-65b2-41df-a7ae-e1ad2c71f7de,"I need an extra card because mine got ruined, but nobody will help me order a replacement extra one—this is ridiculous, I shouldn’t have to chase around just to get what I’m allowed to have.",39,getting_spare_card,angry_layperson
60da2b3a-917f-467b-9526-b85fd79f6772,"I need an extra physical card for my account, and I’m sick of getting the runaround—how much is it and when am I getting it?",39,getting_spare_card,angry_layperson
9681d703-aba6-41a6-8695-90d4d394af71,"I need an extra card for my kid ASAP, and this whole process is pissing me off—how do I get a spare one linked to my account, and is there some stupid fee for it?",39,getting_spare_card,angry_layperson
dcb9615b-3126-42ae-82c0-be1a4b104044,"I’m sick and tired of only having one card—how the hell do I get a second physical card sent to me? This is ridiculous, just tell me the steps and when it’ll arrive.",39,getting_spare_card,angry_layperson
0ba03417-8bda-4ae0-a944-e504a4d3e14a,I lost my card and I cannot access anything right now. I need a spare card for my account today. How do I get a replacement fast. Please tell me the exact steps and how long it takes.,39,getting_spare_card,panicking_emergency
e2369551-8edd-4231-829c-21e7e0168b34,I need a spare physical card now I only have one and it is about to fail I cannot access my account securely without it I need to request a second card immediately tell me the exact steps and what I need to provide,39,getting_spare_card,panicking_emergency
6ae7d4b9-ca65-4d6b-bd18-1e0395d90077,"I need a spare bank card right now  
My card is lost or damaged  
How do I request another one immediately  
Is there a fee for an extra card  
Please tell me the quickest way to get it shipped and when it will arrive",39,getting_spare_card,panicking_emergency
a0a27641-7c37-4ff2-9c61-94c0ee46b869,I need an extra card today. Mine is missing. I have to pay bills now. How do I request a replacement or spare card. Please tell me the fastest steps and what you need from me.,39,getting_spare_card,panicking_emergency
90ec42cd-ad3c-4577-b9fc-21bdc2ec4d6d,I need a spare card now I lost mine or it is not working Please tell me how to request a second card immediately I cannot access my account without it,39,getting_spare_card,panicking_emergency
05ee3d90-6e4d-463d-8179-4f46605c9632,I need an extra card now not later I lost mine and I need a spare today Please tell me how to order it and what it costs Also confirm where it will be delivered and how fast it arrives I cannot wait,39,getting_spare_card,panicking_emergency
00bd7e4e-8272-42a8-8684-91da2601fef3,"Good day, I would like to order an additional spare physical card for my account, and I would appreciate guidance on the eligibility requirements, the correct way to place the request, any applicable fees, and the expected delivery timeline.",39,getting_spare_card,polite_expert
47114b33-de84-4974-ae73-a69511caf2a9,"Good day, I would like to request a second card associated with my account; could you please advise the exact procedure, any eligibility requirements, the expected processing time, and whether any additional charges apply?",39,getting_spare_card,polite_expert
a78b4534-92fc-4d49-8220-fd5ac93f5652,"Good day, I would like to order an additional spare debit card for my account, and I would appreciate it if you could confirm the applicable fees, the delivery timeframe, and the eligibility requirements for placing this request.",39,getting_spare_card,polite_expert
4ebe6db0-d28b-4bfe-81b6-59161bcb493b,"Good day, I would like to request an additional spare debit card, preferably for use by another authorized person, and I need guidance on the applicable eligibility requirements, associated fees, and the expected delivery timeline.",39,getting_spare_card,polite_expert
0a8ebc52-d6a9-4213-a768-391a1534cacc,"Good day; I would like to obtain a spare bank card for my account, and I would appreciate it if you could guide me through the correct process to order an additional card and confirm any associated fees, identification requirements, and delivery timelines.",39,getting_spare_card,polite_expert
2287c508-4e45-4c80-920a-f638b7af35f4,"Good day, I would like to request an additional spare bank card for my account; could you please advise the exact steps, eligibility requirements, and any applicable fees or delivery timelines?",39,getting_spare_card,polite_expert
fa29c153-9c6c-40a1-a71c-baf027b6210d,"Hey, I need an extra physical card—like a spare one for emergencies. How do I request it and when will it arrive?",39,getting_spare_card,gen_z_slang
f5bf4b8f-5470-4e4d-9cff-3c7a66912a75,"Hey, I’m trying to get an extra physical card for my account—where do I request a spare card?",39,getting_spare_card,gen_z_slang
5fe86c8b-f2ad-44bd-9954-ea80a83eabbe,"Hey, quick question—if I need an extra card for my account, how do I get it and is there any fee for it?",39,getting_spare_card,gen_z_slang
f545de83-9aaf-41c0-93eb-d214cf1ef00c,"Hey, I need a spare physical card—how do I order/add another one to my account?",39,getting_spare_card,gen_z_slang
52cb9aca-5cff-4b8b-94c6-e339943a16d1,"Hey, I need an extra spare card for my account—can I get one, and is there a fee or extra steps involved?",39,getting_spare_card,gen_z_slang
ba33463d-f220-4560-8736-42b8681c92e7,"Hey, I need a spare card—can I request an extra one today?",39,getting_spare_card,gen_z_slang
785c9fee-d627-421b-8eed-efc8536e5cb8,"Hi, I need a spare card. Can I get one extra for my account, so I can give it to my wife? The card I have is only one, and we need another.",39,getting_spare_card,non_native_speaker
e1cdd5e8-bcac-4371-af19-14aa0963c210,"Hi, I want a spare bank card for my wife. How can I order or add a second card, please?",39,getting_spare_card,non_native_speaker
48f7d322-a6df-4de0-ad5d-8b5b18871460,"Hi, I want another spare card for my account. Can you help me get it, please? I need one more card for my family, thanks.",39,getting_spare_card,non_native_speaker
cab56956-33a7-46aa-bab5-0c293f51b700,"Hi, I want to order another physical card for me. Is it possible to get spare card, because I lost my last one? Please tell me what I need to do.",39,getting_spare_card,non_native_speaker
62325fff-6112-4057-9da1-41ef53715ad6,"Hi, I want to get a spare card for my account. How can I order another physical card, and what I need to do?",39,getting_spare_card,non_native_speaker
60b14006-1a9d-4e51-91b8-5abf2ab19fe2,"Hi, I need a spare physical card for my account, can you tell me how I can get it? Is there any extra fee, please?",39,getting_spare_card,non_native_speaker
0dcde5d7-71e2-46e2-9f58-1831d199abe7,Order extra card? second one fee?,39,getting_spare_card,short_wording
eec5812c-101e-4703-a064-b28785b1ecd9,Need extra physical card. Any fees? How long?,39,getting_spare_card,short_wording
db9faff3-cbe4-4ef2-8c67-e4fff4fbdf03,Need extra spare card for my account. How to request?,39,getting_spare_card,short_wording
1270008c-1ef1-4cd4-92d5-37837fc34a31,Request spare card? Fees? How long delivery?,39,getting_spare_card,short_wording
acbfef26-75c8-407d-8b6f-9c5f3f047cdc,Need spare card for account,39,getting_spare_card,short_wording
ca063b6d-99bf-4aa6-a008-552515b4dfa7,"Second card request, fees? how long?",39,getting_spare_card,short_wording
3f38822d-f752-4b32-9b9e-894e14593bac,"I tried to get a temporary card like you promised, but it’s not showing up anywhere—what the hell is going on, and how do I fix this right now?",40,getting_virtual_card,angry_layperson
18e2d9e3-47d1-48b8-b6f5-4699e2d9b81d,"I’m trying to get a temporary card number for online purchases and I can’t find it anywhere—what the hell is going on, and where is it?",40,getting_virtual_card,angry_layperson
f38fbc3e-717e-48e7-b7d1-32fc0971dfd3,"What the hell, I requested a temporary card like you said, but it’s not showing up anywhere for me—how am I supposed to pay? Fix this now or tell me exactly why it’s stuck.",40,getting_virtual_card,angry_layperson
4831087e-d82f-4228-a18a-e729a9574197,"I’m sick of this—how do I get a virtual card for my account? I can’t find the damn option anywhere, and I need it sorted ASAP.",40,getting_virtual_card,angry_layperson
c2bbfe08-3b3d-40d5-9ad2-e5b0786220f0,"I can’t get a virtual card set up, and I’m sick of it—every time I try, it just doesn’t show up. How the hell do I get one?",40,getting_virtual_card,angry_layperson
2d2f41de-3ffa-4a57-bc13-afdd3b55fd7e,"I’m trying to get a virtual card and I can’t figure out where to even order one—this is ridiculous, your app makes it impossible, so tell me exactly how I can get one without running around in circles.",40,getting_virtual_card,angry_layperson
6defcd7f-ad39-4fa8-9bc2-e5786c51dd93,I need my virtual card right now I cannot access it anywhere Please tell me how to get it immediately I am blocked and need to pay today,40,getting_virtual_card,panicking_emergency
0e66cafd-328f-4288-92df-7e43df050f76,I need my virtual card now I cannot find it in my account I need help immediately where do I get it and when will it arrive I am locked out from using it,40,getting_virtual_card,panicking_emergency
f0a6c297-bf25-49c8-b67d-ef9655771b1a,I need a virtual card now I cannot pay without it I tried to request it in the app and nothing arrived I need it fixed immediately please tell me what steps I must do or why it is blocked,40,getting_virtual_card,panicking_emergency
ef4553fe-570f-450f-b735-26c53e657f67,I need a virtual card now. I cannot find where to request it. App only shows my physical card. Please tell me the exact steps to get the virtual card immediately. I am stuck and time sensitive.,40,getting_virtual_card,panicking_emergency
0571ffaf-631c-4472-ac94-d3731dbeae58,I need my virtual card now. I signed up and waited. Nothing arrived yet. Please fix it immediately. I cannot make payments without it.,40,getting_virtual_card,panicking_emergency
3c123598-4f33-4c87-b7af-7a477cad66d7,I need a virtual card right now. Where do I get it in the app. I cannot find the option. Please tell me the exact steps to generate it. My account is active and I need it today.,40,getting_virtual_card,panicking_emergency
a9fa6a51-93ad-4e5b-9739-e87816bde2ad,"Good day, I would like assistance obtaining a virtual card for my account, and I need guidance on the correct steps to request it, including any eligibility requirements, delivery timeframes, and how I can confirm once it has been issued.",40,getting_virtual_card,polite_expert
f0ce9fff-d308-4d92-872f-1cd4fd8b0f4d,"Hello, I would like to request guidance on obtaining a virtual card associated with my account, and I would appreciate confirmation of whether this feature is available for my plan and how I can activate it.",40,getting_virtual_card,polite_expert
ee6b1234-5a1b-41f3-9f44-4d08755e8b4d,"Good day; I would like to request guidance on how I can obtain a virtual card for my account, including where I can place the order and any eligibility requirements that may apply.",40,getting_virtual_card,polite_expert
d81d37d0-4556-4978-b03b-ea5d205ab64a,"Good day, I would like to request guidance on obtaining a virtual card for my account, including the eligibility requirements, the exact steps required to generate it, and any fees or limitations that may apply.",40,getting_virtual_card,polite_expert
a035a220-0424-4e09-80fd-bee701461059,"Dear Customer Support, I would like to order and activate a virtual card for online purchases, and I would appreciate clear instructions on how I can obtain one, along with any eligibility requirements and the expected timeline for availability.",40,getting_virtual_card,polite_expert
136b0b83-41eb-4b32-9232-3ed09773ea53,"Good day, I would like assistance obtaining my virtual card; I do not yet see it available in my account and I would appreciate guidance on where to locate it and what steps I should take to ensure it is issued.",40,getting_virtual_card,polite_expert
630a949c-14da-46e2-8805-22b0de049d41,"Yo, where can I actually get a virtual card from in my account, and how do I order one?",40,getting_virtual_card,gen_z_slang
e8866014-c294-4ccc-a70d-c3e9c3b1d74d,"Hey, I’m trying to get a virtual card but I can’t find where to set it up—how do I get one and where should it show up in my account?",40,getting_virtual_card,gen_z_slang
55bc0355-87ed-4eaf-b74b-3b77b2e8408f,"Hey, I’m trying to get my virtual card but I can’t find it anywhere—where do I actually grab it from in the app?",40,getting_virtual_card,gen_z_slang
d127cd3f-e2b7-4a50-bf44-5ecea2ffce5c,"Hey, I’m trying to get a virtual card—when can I expect it to show up, and do I need to activate anything first?",40,getting_virtual_card,gen_z_slang
51705a49-c075-4c70-a0b4-51dbe4fa3471,"Hey, how do I get a virtual card on my account? I don’t want the physical one—can I order the digital version somewhere in the app?",40,getting_virtual_card,gen_z_slang
094aeb02-dc87-4a58-a751-d567c59238fd,"Hey, I’m trying to get a virtual card for my account—how do I order/get it, and is it instant or do I have to wait?",40,getting_virtual_card,gen_z_slang
5a78b1b2-17d7-436f-9209-5820d7b9f5be,"Hi, I need help. How can I get a virtual card? I can’t find any option in my app, and I want to use it soon. Please tell me steps, thanks.",40,getting_virtual_card,non_native_speaker
f9bee04f-d93b-47e8-bda6-f0c9d95ee4ff,"Hi, I want to get a virtual card, but I don’t see any option in my account. How can I order it, and when I will receive it?",40,getting_virtual_card,non_native_speaker
7d1ab636-2ba3-4dad-90cc-b5f1a2a8374e,"Hi, I want to get a virtual card, but I dont see where to order it. Can you tell me where I can make it, please?",40,getting_virtual_card,non_native_speaker
1604a54b-1e53-4346-b259-61495f386f0d,"Hi, I need help. Where can I get my virtual card? I can’t find it in my account, please tell me the steps.",40,getting_virtual_card,non_native_speaker
50b0087a-a3d4-45fb-b852-710e2ee4ed6a,"Hi, I want to get a virtual card, but I don’t know where I can find it. Please tell me how I can see it in my app or account.",40,getting_virtual_card,non_native_speaker
f0679669-3e5e-4f5b-985b-a6505a76db44,"Hi, I want to get my virtual card, but I still not see it in my app. How can I receive it now, please?",40,getting_virtual_card,non_native_speaker
3d7d9afd-6e1c-411b-896a-434b3a9917b8,Virtual card not available yet,40,getting_virtual_card,short_wording
a509a611-64a9-4163-9a83-32b4c9574ccf,Need virtual card steps? No virtual card shown.,40,getting_virtual_card,short_wording
c9bc2558-d441-4583-8aef-280d7851a4b5,How get virtual card?,40,getting_virtual_card,short_wording
ba8cd7f3-b541-4c6b-aebb-2456f2ea2a99,Need virtual card access. How to get it?,40,getting_virtual_card,short_wording
45bb52aa-bd81-4774-96e6-bd39fe513bf3,Need virtual card. How to get?,40,getting_virtual_card,short_wording
696352ee-4944-4b46-958f-62973d5ab18d,Virtual card not showing—how get one?,40,getting_virtual_card,short_wording
5025980f-c57b-4fc2-8302-11aad1b5d217,"My card is gone and I think someone stole it, and I’m pissed—what the hell do I do right now to stop charges and get it replaced?",41,lost_or_stolen_card,angry_layperson
3096133d-cb7c-4106-8847-0c41aa5faf7d,"My card is gone—either I lost it or someone stole it—and I need it stopped right now. I’m not waiting around while you “process” anything, and I need a replacement ASAP.",41,lost_or_stolen_card,angry_layperson
b73a4b06-e428-4273-a8bb-ce044e2f8607,"My card is gone and I don’t trust anyone with my money now—someone must’ve stolen it. I need you to block it right this minute and send me a replacement, because I’m not dealing with fraud games.",41,lost_or_stolen_card,angry_layperson
3fe98acf-6140-4742-ba91-0a715085a209,"My card is gone—either someone stole it or I lost it, and I’m seriously pissed off. I need it blocked right now before someone rips me off.",41,lost_or_stolen_card,angry_layperson
adfe01c0-a3bb-4897-bc53-576d4526a10c,My card is gone and I think it was stolen—what the hell do I do right now to cancel it and stop whoever has it from using it?,41,lost_or_stolen_card,angry_layperson
39b94190-ad80-4d93-aaa6-5514e530b141,"My card is gone, I think it got stolen, and I need you to stop any charges right now—where the hell is my card and what can you do immediately?",41,lost_or_stolen_card,angry_layperson
0ef67adc-6149-47da-af26-8c6bd68ee0e1,My card is stolen right now I cannot find it anywhere Freeze it immediately Block all charges I need help within minutes,41,lost_or_stolen_card,panicking_emergency
da2c3c70-0747-49ef-b71a-f67e5e46f53b,My card is gone right now I think it was stolen I need it blocked immediately I cannot access my account please act fast,41,lost_or_stolen_card,panicking_emergency
367e4069-c5b2-418b-96db-bc2e74fd1ff2,My card is gone right now. Someone could use it. I need it blocked immediately. I cannot wait. Please stop all transactions and tell me the next steps.,41,lost_or_stolen_card,panicking_emergency
2ceacd3b-491f-41fd-92af-2725c3c04fa6,"I lost my card right now or someone stole it  
I need it blocked immediately  
Tell me the fastest way to report this and get a replacement today",41,lost_or_stolen_card,panicking_emergency
685a285d-bc3f-43e1-9f37-7b7ed941a8bc,Help help my card is gone someone stole it I cannot pay for anything right now freeze it immediately block all charges I need urgent support now,41,lost_or_stolen_card,panicking_emergency
2b9e0e44-0c29-4f16-8436-87cde498c5ec,My card is gone I think it was stolen. I cannot access my account. Lock it now immediately. I need urgent help right now.,41,lost_or_stolen_card,panicking_emergency
df43fa2b-b56c-44ca-8c5e-8a725c544c12,"Good day, I would like to report that my debit card has been lost, and I require it to be immediately frozen; additionally, please advise the fastest procedure to obtain a replacement card and whether any identification or supporting documentation is necessary to complete the process.",41,lost_or_stolen_card,polite_expert
d1dda7f7-7585-4e8b-a9bd-586498593d5a,"Good day, I am unable to locate my debit card and strongly suspect it has been stolen; I would like to have the card cancelled immediately and to discuss the process for issuing a replacement, as well as any necessary steps to secure my account.",41,lost_or_stolen_card,polite_expert
60bfa47f-8251-4afc-b2f3-f40a7a22af44,"Good day, I would like to report that my debit card appears to have been stolen, and I need immediate guidance on how to block the card and secure my account, including any next steps required to prevent unauthorized transactions.",41,lost_or_stolen_card,polite_expert
58f21b65-2823-4801-a5a2-e00d6b8c7bdb,"Good day, I am contacting you because I believe my payment card has been stolen, and I urgently need guidance on the immediate steps to secure my account and prevent any unauthorized transactions.",41,lost_or_stolen_card,polite_expert
6c659cd9-27d5-4f1c-b071-b08a35762b70,"Good day, I would like to report that my payment card has been stolen, and I need immediate assistance to block the card and arrange a replacement, as well as guidance on how to handle any potential unauthorized transactions.",41,lost_or_stolen_card,polite_expert
f347daef-86ab-449c-bfae-52c7d88e7d55,"Good day, I would like to report that my payment card has been stolen; I need to have it blocked immediately, and I would also appreciate confirmation whether there have been any attempted transactions since the estimated time it was taken.",41,lost_or_stolen_card,polite_expert
da50c448-99dc-4a46-b3af-a78dcd6fbda0,"Yo, my card got lost/stolen and I can’t access it—how do I quickly cancel it and get a replacement ASAP?",41,lost_or_stolen_card,gen_z_slang
29f937b8-447b-4b02-951d-9838059579c6,"Hey, I think my debit card got stolen and I can’t find it anywhere—can you help me lock it ASAP and tell me what to do next?",41,lost_or_stolen_card,gen_z_slang
74e88bd4-8193-463f-bf8c-7f093194c787,Yo my card is missing—pretty sure it got stolen—I need it frozen ASAP and I want a replacement shipped to me. What’s the fastest way to do that?,41,lost_or_stolen_card,gen_z_slang
7c94d952-bb26-4b56-8cbf-c71d67aec01b,"Hey, my debit card is gone/stolen and I’m kinda freaking out—can you help me lock it ASAP and tell me the next steps to get a replacement?",41,lost_or_stolen_card,gen_z_slang
7b562da1-4298-4454-8d3c-8825b1115266,"Yo, I think I lost my card and I don’t have it with me—what do I do ASAP to block it and get a new one?",41,lost_or_stolen_card,gen_z_slang
7fb42041-d37c-4e66-ae67-92122a9a339f,"Yo, my debit card is missing and I’m pretty sure it got stolen—what’s the quickest way to freeze it and get a replacement?",41,lost_or_stolen_card,gen_z_slang
3eab0f37-f088-4cea-839c-f7cfd1fdacc2,"Hi, my bank card is missing and I think it was stolen. What I need to do now, to block it and get a new one? Please tell me the steps, I am worried.",41,lost_or_stolen_card,non_native_speaker
5d19f959-d84e-4e46-9770-e3362edc615d,"Hi, help me please. I can not find my card, maybe it was lost or stolen. What I must do now to stop any money use?",41,lost_or_stolen_card,non_native_speaker
b6972d11-cb57-4d74-a50f-b54b7384475e,"Hi, my bank card is lost today, or maybe someone stole it. I cannot find it anywhere. What I need to do now, please?",41,lost_or_stolen_card,non_native_speaker
c908842c-23cb-40e9-a4ed-c9a46cf1fb17,"Hi, my card is lost. I can’t find it anywhere, and I am scared someone use it. Please help me block it and tell me what I need for a new card.",41,lost_or_stolen_card,non_native_speaker
57040f30-ba5b-471e-82a4-2e114dd14feb,"Hi, my bank card is lost. I think somebody stole it. What I need to do now to stop any payment and get a new card?",41,lost_or_stolen_card,non_native_speaker
a30b4723-3fe9-499e-b4ef-425515e37905,"Hi, I think my bank card is lost or maybe stolen. I cannot find it now, please help me block it as soon as possible.",41,lost_or_stolen_card,non_native_speaker
37250f27-d517-481c-b1f5-f85443aa4e70,Stolen card today—please block,41,lost_or_stolen_card,short_wording
94d82341-a358-4968-8f94-d0816d5c9f9a,Card stolen—need immediate block,41,lost_or_stolen_card,short_wording
830364e8-f0e7-459a-a907-99d09490f1e5,"Card missing, what now?",41,lost_or_stolen_card,short_wording
a31a0312-d987-4953-a260-12239970fdf8,Card lost or stolen; need help now,41,lost_or_stolen_card,short_wording
2fa6c2a7-2e4d-4c5d-b207-f2ca327f32b9,"Wallet stolen, card missing. Need block + replacement asap.",41,lost_or_stolen_card,short_wording
37fb8d8f-bcb4-4894-8da4-8fe2ecd7e3f8,"Card lost, need replacement.",41,lost_or_stolen_card,short_wording
ffd77597-2602-4457-b69e-a5e44677bfd6,My phone got stolen and I can’t use your app anymore—what the hell am I supposed to do to stop someone wrecking my account?,42,lost_or_stolen_phone,angry_layperson
09caba62-1d40-4290-8dc3-e1cf19fc57af,My phone got stolen and now I’m freaking out—what the hell do I do right now to stop whoever has it from messing with my account and getting into my app?,42,lost_or_stolen_phone,angry_layperson
aab141d0-6f6f-4379-b7ed-3cf8feba44bd,My damn phone is gone—either I lost it or someone stole it—so stop this nonsense and lock everything down right now so nobody can use my account.,42,lost_or_stolen_phone,angry_layperson
36d2ac7a-568b-4c67-9f54-590d287b0bf7,My damn phone got stolen yesterday and now I can’t get into my account. I need you to lock everything down right now so nobody can mess with my money. What do I need to do immediately to stop this?,42,lost_or_stolen_phone,angry_layperson
819154c9-8501-4ef7-995b-650313b46081,"My damn phone is gone—either stolen or I lost it—and I’m freaking out. I need to lock everything down and get back into my account ASAP, because I’m not letting anyone get my info.",42,lost_or_stolen_phone,angry_layperson
5316fff7-11d9-4afb-8e60-24ff68acf2a7,"My phone is gone—either someone stole it or I lost it—and now I can’t access my account at all, which is total bullshit.",42,lost_or_stolen_phone,angry_layperson
7167c990-b51a-4a06-8b22-840d49e56a2f,My phone is gone stolen tonight. I need my account frozen right now. Someone could log in or reset things. Stop all access immediately. I cannot wait.,42,lost_or_stolen_phone,panicking_emergency
b13badff-d808-408d-b492-bea0bf163a9b,My phone was stolen an hour ago I have no way to access my banking app Please lock my account and stop any new logins right now I am terrified someone will use my credentials,42,lost_or_stolen_phone,panicking_emergency
d6880470-8cd2-41d6-b349-951b3193de76,My phone is gone I think it was stolen I cannot access my banking app I need to lock my account now and reset my login immediately I am terrified someone will use it tonight,42,lost_or_stolen_phone,panicking_emergency
e541e208-e5a5-44a3-abe3-e80c61d2ec70,My phone is gone stolen right now I cannot receive codes I am terrified someone will access my account Please block access immediately and help me regain login urgently,42,lost_or_stolen_phone,panicking_emergency
af3fe160-6cfa-46bb-b649-e06208153b54,My phone is gone someone stole it I cannot access my banking app I need it blocked right now prevent any login any transfers immediately I need instructions to secure my account today,42,lost_or_stolen_phone,panicking_emergency
e94a5eba-b612-42f4-b126-d7393c22c915,My phone is gone and I am panicking right now. Someone could use my accounts. I need it blocked immediately and I need access restored. My phone number was in the account. Please act now.,42,lost_or_stolen_phone,panicking_emergency
89e04b8c-85d3-4d3d-bd6b-ed2c82f68d5c,"Good day, I would like to report that my mobile phone has been lost/stolen and I no longer have access to my banking app; please advise me on the immediate steps to secure my accounts and prevent any unauthorized use.",42,lost_or_stolen_phone,polite_expert
2fbdc678-1a71-4289-ac82-3d415a830d1d,"Hello, I am contacting you because my mobile phone has been lost, and I am concerned that it may be in the hands of someone else; I need guidance on how to secure my account and regain access to my banking services as quickly as possible.",42,lost_or_stolen_phone,polite_expert
09957d4d-566b-4c61-937c-482ad8e6757a,"Good day, I am contacting you because my phone has been lost and may be in the hands of someone else; could you please advise the immediate steps to secure my account and prevent any unauthorized access through the mobile application, including whether you can suspend or unlink the device and what information you need from me to proceed?",42,lost_or_stolen_phone,polite_expert
07d636bc-fcbe-48d0-979e-8e682ad0f7f7,"Good day, I am writing to report that my mobile phone was lost/stolen, and as a result I can no longer access the banking application or receive verification codes; could you please advise the immediate steps I should take to secure my account and restore access?",42,lost_or_stolen_phone,polite_expert
798f5d60-affd-4254-b865-3b484206e577,"Good day, I am writing because my mobile phone has been lost, and I am concerned about unauthorized access to my banking app and any linked payment services; please advise the immediate steps I should take to secure my account, including how to suspend or block access from the device and what information you will need from me to verify my identity.",42,lost_or_stolen_phone,polite_expert
e57d1f63-c8c4-48dc-9b74-baf7f3fe38b8,"Good day, I would like immediate assistance because my mobile phone has been lost and I am unable to access my banking app; please advise how to securely freeze or block my account and any associated login access to prevent unauthorized use.",42,lost_or_stolen_phone,polite_expert
c3b6fa98-4128-4630-be23-bfb4b64d8137,"Hey, I think my phone is gone—either I lost it or it got stolen—and I can’t access my banking app anymore, what do I do to secure my account ASAP?",42,lost_or_stolen_phone,gen_z_slang
170375d3-07d9-491f-9a33-7adae3e76afb,"Yo, my phone got stolen last night and I can’t access my banking app or SMS codes anymore—what do I do to secure my account ASAP?",42,lost_or_stolen_phone,gen_z_slang
a15d1a0e-dce5-45a9-9c74-41451247730c,"Yo, my phone got stolen and I can’t access my bank app anymore—can you help me lock/freeze my account ASAP?",42,lost_or_stolen_phone,gen_z_slang
a8972478-d111-4a5d-a590-5a210854a734,"Yo, my phone got stolen last night and I can’t access my banking app anymore—what’s the quickest way to secure my account and get back in?",42,lost_or_stolen_phone,gen_z_slang
f707bda2-95bd-4f00-b895-6f971ca82763,"Hey, my phone got stolen last night and I can’t access my banking app anymore—what should I do ASAP to lock/freeze my account and stop any new logins?",42,lost_or_stolen_phone,gen_z_slang
6fcdf44e-aa8a-43bb-b449-32d34ec8d4ad,Yo my phone got stolen and I can’t access the banking app anymore—what steps do I take to get back into my account and make sure nobody uses it?,42,lost_or_stolen_phone,gen_z_slang
d2224fbf-229d-45a8-9aff-08907518e98c,"Hi, my phone is missing since yesterday, I think it was lost or maybe stolen. What I need to do now to keep my bank safe?",42,lost_or_stolen_phone,non_native_speaker
4726bf58-5034-41c6-8178-686d53dbd252,"Hi, my phone is gone today, maybe lost or stolen. I can not get into the banking app now. Please help me block it and get my account safe.",42,lost_or_stolen_phone,non_native_speaker
599eddc3-e928-4351-a160-40f4f12238e8,"Hi, I lost my phone today, or maybe someone stole it. I can’t use my banking app now, and I’m worried someone can access my account. Please help me secure my money and stop any login.",42,lost_or_stolen_phone,non_native_speaker
5cf5d175-9118-4175-9f12-c9e3f1503836,"Hi, I lost my phone or someone stole it. I can’t access my banking app now, so I need help to secure my account and get back in. What I should do first?",42,lost_or_stolen_phone,non_native_speaker
0ec6cb28-7464-4a3d-81eb-054bef7b012f,"Hi, I lost my phone today and I am very worried. Can you help me block my account and the banking app, because I cannot log in now?",42,lost_or_stolen_phone,non_native_speaker
24c3310b-26ff-4192-b140-42b60030d37c,"Hi, I lost my phone today. I am very worried someone can use it. Can you help me block it and protect my account?",42,lost_or_stolen_phone,non_native_speaker
99eaea42-7301-4cfb-ba08-b6f24e312bd3,Phone stolen/lost; can account be used?,42,lost_or_stolen_phone,short_wording
bbe32544-0908-4505-84ed-a70e3b150478,Phone missing now; need to block SIM and account access.,42,lost_or_stolen_phone,short_wording
28cb7cde-0c30-4ed2-be9c-7e90eae0c74a,Phone missing; block account access,42,lost_or_stolen_phone,short_wording
10b720da-8152-4c10-93eb-423435b00bb3,"Phone lost, please block access",42,lost_or_stolen_phone,short_wording
e489f5b6-8e00-403f-8e29-4f9104bcc76c,Phone stolen last night. App access lost. Need new login.,42,lost_or_stolen_phone,short_wording
8ea5e89e-3ee6-4429-8507-64ce4d683600,"Phone stolen, can’t access app",42,lost_or_stolen_phone,short_wording
df717d13-c28a-4ff4-98b0-20f535807e81,"I need a damn physical card, not some useless online thing, so how do I actually order one and when will it show up at my place?",43,order_physical_card,angry_layperson
94b8c86f-5257-48b5-a79b-1fa4f34b59dc,"I’m sick of waiting—how do I get a damn physical card sent to me, and what’s the fee for it?",43,order_physical_card,angry_layperson
80e94655-c412-467c-9792-8bf54e809fef,"I need to get a real plastic card sent to me, how do I actually order it and how much is it gonna cost? Because I’m sick of waiting and getting nowhere.",43,order_physical_card,angry_layperson
4d8b1cec-62fa-42e5-b682-bc4cd9620e1b,"I’m trying to get a regular plastic card, not some weird online thing, but nobody tells me where to order it or how to get it delivered—what the hell is going on and why can’t I just get my card?",43,order_physical_card,angry_layperson
bb3e405c-0288-467b-a57d-15de63447753,"Why can’t I get a damn physical card? I want the real plastic sent to me, not some fake online thing—tell me what it costs and how to order it right now.",43,order_physical_card,angry_layperson
51944c4d-9a24-4b51-991d-6abc55c09d2f,"I’m sick of waiting—how do I actually get a physical debit card sent to my address? Tell me the price, the delivery time, and whether you can ship to my place, because I’m not playing games anymore.",43,order_physical_card,angry_layperson
b42c73c1-4a1e-43f0-8bb4-b62191831947,I need to order a physical card right now. Where do I do that. I do not see the option in my account. Please tell me the exact steps and any fee for the physical card. I am stuck and I cannot wait,43,order_physical_card,panicking_emergency
52f038a2-b357-475c-97dd-03efd706dccb,"I need a physical bank card now I cannot make payments without it  
How do I order it today  
I need it shipped fast confirm it is a real card and tell me the steps now",43,order_physical_card,panicking_emergency
8293b501-7926-4ee6-b860-f3c17a77f7f8,I need a physical debit card right now. How do I order it. Where will it be delivered. What is the delivery time. What will it cost me. I cannot use my account without it.,43,order_physical_card,panicking_emergency
3ef8868f-a311-4505-b73c-317300bbf83d,I need a physical debit card ordered now I cannot find the option in my account Where is the link to request it Do you charge a fee for the card and delivery How long will it take to arrive I am stuck without a card,43,order_physical_card,panicking_emergency
b1710c6b-3183-4082-a3b1-a2f21063007b,I need a physical debit card now. I cannot use my account without it. How do I order it. Please tell me the exact steps and fees. I am waiting and it is urgent.,43,order_physical_card,panicking_emergency
f7775e0f-eeac-4c6d-bc16-26968f44b199,I need a physical debit card now I do not know how to order it in the app Please tell me exactly what to do and whether there is a fee for the card and shipping I cannot wait,43,order_physical_card,panicking_emergency
2149015d-421b-4735-8e98-53cbe9c492d5,"Good day, I would like to request the issuance of a physical debit card; could you please guide me through the exact steps to place an order and confirm the expected delivery timeframe and any applicable fees?",43,order_physical_card,polite_expert
2e30f62c-d9f5-4a12-823e-2c87f5685a51,"Hello, I would like to request a physical debit card; could you please confirm the steps to place an order, the expected delivery timeframe to my address, and any applicable fees for card issuance and shipping?",43,order_physical_card,polite_expert
a634f9c4-07e0-41a5-a149-c0036891142b,"Hello, I would like to order a physical debit card, but I am unsure how to proceed with the delivery—could you please confirm the available delivery options, the expected timeframe, and whether any verification or additional details are required to complete the shipment to my address?",43,order_physical_card,polite_expert
4b3133ab-a64a-48c9-b76e-dc68a43b163e,"Good day, I would like to request the ordering of a physical debit card, and I would appreciate it if you could confirm the available delivery locations, the estimated delivery timeframe, and the options for shipping it to my residential address.",43,order_physical_card,polite_expert
8b6e9381-a16b-4c39-93b4-81f82961476d,"Good day, I would like to request the issuance of a physical payment card; could you please confirm the current eligibility requirements, any applicable fees, and the available delivery destinations and timeframes?",43,order_physical_card,polite_expert
98a673c1-3a3b-4e02-bb1e-26b2b535f0a4,"Good day, I would like to request a new physical payment card, and I would appreciate it if you could confirm the eligibility requirements and any applicable fees or delivery timeframes to my address on file.",43,order_physical_card,polite_expert
28adff58-ebb8-4ddd-8627-6023dbd3c621,"Hey, I wanna order a physical card—can you tell me how to do it and what the delivery area + fees are?",43,order_physical_card,gen_z_slang
3b9c9081-1413-4a57-aab1-ecbacc3b45d4,"Hey, I wanna get a real physical debit card—how do I order one and where do they ship it to?",43,order_physical_card,gen_z_slang
531fe6ff-4308-4a5b-a92e-7f91f8c0d856,"Hey, I wanna order a physical card—where do you ship it to, and what’s the delivery timeline/cost?",43,order_physical_card,gen_z_slang
eda7fefc-da27-4c3a-b262-80973bf168f2,"Hey, I’m trying to get an actual physical debit card for in-person stuff—how do I order one, and what’s the cost + delivery time?",43,order_physical_card,gen_z_slang
4eca2bbe-d45b-4f76-9aca-f60278b06333,"Hey, I wanna get a physical card but I’m not sure how to place the order—can you tell me the steps and where you can deliver it? Also, what’s the delivery fee and how long does shipping usually take?",43,order_physical_card,gen_z_slang
a18a12ca-ae11-4399-90bb-869c31f3e8b8,"Hey, I just got my account set up and I wanna order an actual physical card—how do I place that order, and where do they deliver it to?",43,order_physical_card,gen_z_slang
dbea3962-3073-4bbc-99f1-a34898ae18a8,"Hi, please help me. How can I order a physical bank card? I want it sent to my home, and do I need to pay any extra fee for that?",43,order_physical_card,non_native_speaker
1504bfc3-8895-40a5-8638-c0b50952e821,"Hi, I want to order an actual physical bank card, not virtual. How can I do it, and where it can be delivered? Also how long need for delivery?",43,order_physical_card,non_native_speaker
9f5019fe-72d6-46ad-833a-0bc2327ec7ee,"Hi, I want to order a physical card. Can you tell me how I can get it, and where you can deliver to my address? I live in my country, but not sure if shipping is available.",43,order_physical_card,non_native_speaker
137f4340-2b6c-4495-9181-cbfd337f31b2,"Hi, I want to order a real physical card. Where it will be delivered, and how long it take to arrive?",43,order_physical_card,non_native_speaker
68a332ef-15d8-44da-8635-5ff8fd4406e9,"Hi, I want to order a real physical card. How can I do this, and where can it be delivered? Also how long it takes to arrive?",43,order_physical_card,non_native_speaker
0da1774c-7cb9-4bb0-a1a8-e48e0d6356bf,"Hi, I want to get a physical card, how can I order it? Is there any fee for the card or delivery?",43,order_physical_card,non_native_speaker
318d3246-1dce-4640-b150-3228720589cf,How to order a physical card?,43,order_physical_card,short_wording
068cf170-3c39-40b5-b091-43abb30e2854,Physical card order steps?,43,order_physical_card,short_wording
77fed721-4cfd-4b1e-bcb7-3f63ea6c30df,Need physical card order help,43,order_physical_card,short_wording
e07c4dec-d872-4704-88ab-d87345552337,Need physical debit card; how order?,43,order_physical_card,short_wording
8b5220ce-688a-44a6-b8fb-444cda190327,Order physical debit card? Delivery address?,43,order_physical_card,short_wording
8ea21d7d-492a-4f64-84d1-cc2ce68bb5d9,Need my physical card ordered. How? Delivery time?,43,order_physical_card,short_wording
826f3366-4935-4663-9897-f343eb47f2a8,I forgot the code to get into my banking app and I’m seriously locked out—how do I fix this right now?,44,passcode_forgotten,angry_layperson
524e0db1-c135-4c3a-a3ca-0b7afc6737d3,"My damn passcode is gone, and now I can’t get into my account—how do you people expect me to fix this? I need it reset right now, not some runaround.",44,passcode_forgotten,angry_layperson
aa69f2b0-31e7-4e02-b195-6ea77df2d654,I’m seriously fed up—my passcode is gone from my head and now I can’t get into my account. What the hell do I do to reset it so I can stop getting locked out?,44,passcode_forgotten,angry_layperson
6f97e3b1-174b-419f-b70b-0587d51a4b50,I lost my passcode and can’t get into my account—this is ridiculous. How do I reset it so I can finally log in again?,44,passcode_forgotten,angry_layperson
4ddd3ef1-5efc-487e-9b1d-103775f75a39,"I totally forgot my passcode and now I can’t get into my account—this is ridiculous, so tell me how to reset it right now, because I need access ASAP.",44,passcode_forgotten,angry_layperson
d535b7a3-269f-4ac9-b513-a5f9fd5b8642,I can’t find my app access code and now I’m locked out—this is ridiculous. I need you to tell me how to get a new one ASAP because I’m not wasting more time guessing.,44,passcode_forgotten,angry_layperson
c42ef4b2-0381-4ad4-8bc1-7cd319182b73,I cannot log in I forgot my passcode right now Panic I need access immediately Please help me reset it fast I have urgent payments due,44,passcode_forgotten,panicking_emergency
e2a80ded-919b-4f9d-ba20-46e96eb097e8,I cannot log in right now I forgot my passcode I tried again and it failed I need to reset it immediately I am locked out and I need access today,44,passcode_forgotten,panicking_emergency
18c5842c-1802-4c5b-a1d3-34a4ec377e56,I cannot log in I forgot my passcode right now. I need to reset it immediately. Tell me the exact steps to regain access today.,44,passcode_forgotten,panicking_emergency
da7427ac-fcd0-4413-81f8-b7c34a2ffa83,I cannot log into my account I forgot the code for the app I need access right now I tried again and it keeps failing please tell me how to reset it immediately,44,passcode_forgotten,panicking_emergency
d1dc7b35-6e75-4c46-8112-101cd01b69f4,I cannot log in right now. I forgot the code for my banking app. Please help me reset it immediately. I am locked out and need access today.,44,passcode_forgotten,panicking_emergency
42058930-9f6b-42ea-8806-baf8471eaae3,I can not access my banking app right now. I forgot my access code. I need to reset it immediately. I am locked out and I have urgent payments due today. Tell me the exact steps to regain access.,44,passcode_forgotten,panicking_emergency
30aa3d6e-c87b-4497-b801-0d3af9573994,"Good day, I am unable to access my banking application because I have forgotten my passcode; could you please advise on the secure process to reset it and regain entry to my account?",44,passcode_forgotten,polite_expert
38241e07-f31e-4cc2-8bba-391cb09890d8,"Good day, I am unable to recall the access passcode for my banking application and would like to reset it through the appropriate secure verification steps; could you please guide me through the exact process and any requirements to regain access?",44,passcode_forgotten,polite_expert
d14ce7c8-a100-4081-ace7-ee700adc2890,Good day; I would like assistance because I have forgotten my mobile banking passcode and cannot access my account—could you please advise the correct verification steps to securely reset it?,44,passcode_forgotten,polite_expert
c9b83460-992d-49f6-a890-099264d5a0bd,"Good day, I am unable to recall my account passcode and therefore cannot access my banking services; could you please advise the correct procedure to verify my identity and reset my passcode securely?",44,passcode_forgotten,polite_expert
a5e092eb-92a4-4999-85ec-31bcb2053689,"Hello, I would like assistance because I have forgotten my app access passcode and I no longer know what it is; could you please guide me through the secure process to reset or recover it?",44,passcode_forgotten,polite_expert
b70fdd5d-2678-4685-90dd-d354ee5464fb,"Good day, I would like assistance because I have forgotten the passcode required to access my mobile banking account, and I need guidance on the secure steps to reset it so I can regain access.",44,passcode_forgotten,polite_expert
953c4261-3337-46f6-af97-75faf9bc1a65,"Hey, I totally forgot my app passcode and I can’t log in—can you help me reset it so I can get back into my account?",44,passcode_forgotten,gen_z_slang
be42e8b7-104d-4d0b-a625-e5526ab7b10b,"Hey, I totally forgot my account passcode—can you help me reset it or get a new one ASAP?",44,passcode_forgotten,gen_z_slang
111246b2-0d99-4a40-8d6f-93504a41a436,"Hey, I totally forgot my passcode and can’t log in—what do I do to reset it and get back into my account?",44,passcode_forgotten,gen_z_slang
c2b268e2-23f7-4cd8-a353-d8954a302b8d,"Yo, I totally forgot the access code for my banking app—can someone tell me how to reset it and get back in?",44,passcode_forgotten,gen_z_slang
c0cbd6b9-6ff6-4891-a121-ae6098f1d2be,"Hey, I totally forgot my app passcode and I can’t get in—can you help me reset it so I can log back in?",44,passcode_forgotten,gen_z_slang
ba03addf-efed-4f11-98eb-fc025c345f3f,"Hey, I totally forgot my account passcode—what do I need to do to get a new one or reset it?",44,passcode_forgotten,gen_z_slang
b0fecc07-b15f-40e6-a049-779756bfe2e5,"Hi, I can’t login to my banking app. I forgot my passcode, and now it asks again and again. Please help me reset it.",44,passcode_forgotten,non_native_speaker
005ae530-1a06-457b-879e-85796c95652c,"Hi, I am sorry, I forgot my passcode for my banking app, and now I cannot login. Can you help me reset it?",44,passcode_forgotten,non_native_speaker
548796f2-7bd3-46fa-8caa-764c5ab52116,"Hi, I am sorry, I forgot my passcode and I can’t get into my banking app. Can you help me reset it?",44,passcode_forgotten,non_native_speaker
1fd3babc-6c54-41a0-b69e-c5ebee593f6e,"Hi, I think I forgot my passcode for the app. I can not log in now, please help me how to reset it.",44,passcode_forgotten,non_native_speaker
8224e67d-7218-4c6b-bf89-db204e1c914e,"Hi, I forgot my passcode and now I can not login. Can you help me reset it, please?",44,passcode_forgotten,non_native_speaker
a729b884-b0f7-46b5-93ea-6d022f143d4e,"Hi, I am sorry, I forgot my passcode for the app. Can you tell me how I can reset it, please? I need to get in again.",44,passcode_forgotten,non_native_speaker
24d3d41e-c899-4ff8-a9b8-929255f4fba0,"Forgot app passcode, need reset",44,passcode_forgotten,short_wording
280dc546-303d-41fe-9a2f-d01bc4ee008b,"Forgot passcode, need reset",44,passcode_forgotten,short_wording
a8401483-bdd3-46e6-b2f4-a361df3b1175,"Forgot app passcode, need reset.",44,passcode_forgotten,short_wording
5fabfbb7-f43c-478b-9f14-92ebf659f0cd,"Forgot account passcode, need reset instructions",44,passcode_forgotten,short_wording
a5c1781c-7b65-476f-9dc2-c4122dffbea9,"Forgot app passcode, help reset",44,passcode_forgotten,short_wording
58807692-4efb-4d51-83e1-dcee6c8f3a76,Forgot passcode; can’t log in. Need reset.,44,passcode_forgotten,short_wording
142b2d24-3413-4300-89a8-1595f6857f60,"I bought something with my card days ago and it’s still sitting there as “pending” like a damn joke—how long am I supposed to wait, because it’s been a week and nobody can tell me anything.",45,pending_card_payment,angry_layperson
6d33b627-586b-40a6-b7e5-41abadcc7c53,"This card payment I made is still sitting there as “pending” and it’s been way too long, and I’m getting sick of it—why hasn’t it gone through yet and when am I getting my money straightened out?",45,pending_card_payment,angry_layperson
8ca76ab3-8356-4e47-a651-00fea8fd37ee,"I made a card payment days ago and it’s still stuck on pending, like what the hell is going on—stop holding my money hostage and fix it already.",45,pending_card_payment,angry_layperson
0aa50b2e-6223-43e1-8d85-3c4d3783f1cb,"My card payment is still stuck on pending and it’s been way too long, I’m getting pissed—when is this thing actually going to go through?",45,pending_card_payment,angry_layperson
818fd175-ac28-4bad-9667-68027d80e177,My card payment is still stuck as “pending” and it’s been way too long—why the hell did you take the money out of my available balance if it’s not actually going through? Fix this now.,45,pending_card_payment,angry_layperson
f1be575b-65a8-4bc8-8290-1dc30789e0b0,My card payment has been sitting there as “pending” for ages and nobody’s giving me a straight answer. This is ridiculous—where’s my money and when is it going to go through?,45,pending_card_payment,angry_layperson
b4a84866-151b-4fde-b03d-19481a553b0f,My card payment is still pending. It has been hours. Money was taken but it shows not completed. I need this fixed now. Please tell me when it will clear and whether I will be charged twice.,45,pending_card_payment,panicking_emergency
c6399abc-7d9e-47ef-a827-e725651102a0,My card payment is still pending since this morning I need it to clear right now It is blocking my available balance Please tell me how long this takes and what to do next,45,pending_card_payment,panicking_emergency
8f75dce9-cbef-40b9-a677-ce22bd428254,I made a card purchase and it shows pending still. It has been 9 days. The money is stuck and I cannot use it. Please tell me why it is not cleared yet and when it will reverse or complete.,45,pending_card_payment,panicking_emergency
da644c04-7267-450c-9d43-613cb7dabd66,My card payment is stuck as pending It has been days now I already paid the merchant but the charge still shows pending in my account I need this fixed immediately I cannot use the money the bank is holding up please confirm what is happening and when it will clear,45,pending_card_payment,panicking_emergency
71037be5-18af-421a-bd65-e136ba30c74e,My card payment is stuck showing as pending I need it to complete now The charge was made today and it is still not approved How long until the money is released back to me or finalized I cannot wait,45,pending_card_payment,panicking_emergency
e21b006a-50e4-4d4a-bed0-eb1da934abe7,My card payment is stuck as pending I bought this morning The amount is still not settled Its blocking my balance Please fix it now I need it confirmed and reversed if it fails,45,pending_card_payment,panicking_emergency
7c3c4b90-1725-4b65-b378-59c1db4d0ddc,"Hello, I am writing because a card transaction I authorized is still showing as pending in my account, and I would like to understand the expected timeline for the final posting, whether any action is required from me, and when the funds will be confirmed or released.",45,pending_card_payment,polite_expert
4e2b8479-7922-43c4-9a33-acfe838a25f1,"Good day, I would like to request assistance with a card purchase I made on my account; the transaction is currently showing as pending, and although several days have passed, it has not yet completed or been reflected as settled. Could you please advise the typical clearance timeframe and investigate why it remains pending in this case?",45,pending_card_payment,polite_expert
4e0a06be-8ff3-425d-a9ee-0063e3d8f2eb,"Good day, I would like assistance with a card purchase I made earlier today; the payment is currently showing as pending in my account, and I am unsure when it will fully clear or be released from the available balance. Could you please advise on the expected timing and what, if anything, I should do in the meantime?",45,pending_card_payment,polite_expert
863757ef-1f64-49dc-808d-334883c8f17e,"Good day, I would like to report that a card payment I made recently is still displaying as pending, and I would appreciate confirmation of the expected timeframe for it to either complete or reverse, as well as whether any action is required on my side.",45,pending_card_payment,polite_expert
84dab629-41f7-4b0f-abb5-285904282cc1,"Good day, I would like your assistance in checking the status of a recent card purchase; the transaction has been showing as pending for an unusually long period, and I would appreciate confirmation of whether the payment is expected to complete or, if applicable, when the authorization should be released back to my available balance.",45,pending_card_payment,polite_expert
a95853bb-a89a-42ba-b0b6-e146094b5a31,"Good day, I would like to report that one of my card purchases is still showing as pending in my account; I completed the transaction earlier today, and I would appreciate it if you could explain why the payment has not yet been finalized and what the expected timeline for its completion is.",45,pending_card_payment,polite_expert
da628e18-95e3-4bb4-903a-86c738822dd4,"Hey, I just used my card for a purchase and it’s showing as pending in my app. It’s been a few hours now—how long does it usually take to clear, and should I be worried?",45,pending_card_payment,gen_z_slang
197d3efa-fb12-4c99-8502-f7bd79903cdb,"Hey, my card payment has been stuck on “pending” for like 10 days now, and it still hasn’t cleared—can you please check what’s going on and when I’ll get charged/confirmed?",45,pending_card_payment,gen_z_slang
acaa03e8-acb1-443a-9ff8-27a0e21f6a87,"Hey, I made a card purchase earlier today and it’s still showing as pending on my account—any idea why it hasn’t cleared yet?",45,pending_card_payment,gen_z_slang
9cbbbf1c-cfca-4190-b78f-2624fe5fd726,"Yo, my card payment from earlier is still showing as pending—how long does it usually take to clear, and when will the charge actually post or drop?",45,pending_card_payment,gen_z_slang
c1d73294-d275-420d-97c8-4722836c14fd,"Hey, my card payment from yesterday is still showing as pending and it’s not clearing—already tried waiting it out but it hasn’t updated yet. Can you check what’s going on and when it’ll finalize?",45,pending_card_payment,gen_z_slang
3a4a8256-afb8-4b3c-91c1-ad56a47e2d62,"Hey, my card payment is still showing as “pending” in my app and it’s been like a day—should I wait longer or is something stuck?",45,pending_card_payment,gen_z_slang
a40b55d1-c8e8-4016-917d-c34541734437,"Hi, I made a card payment on 5 days ago, but it still shows as pending. The money is gone from my balance, but the shop didn’t get it yet. What can I do, please?",45,pending_card_payment,non_native_speaker
b71a66a1-3d6e-4144-8709-65da0464f7eb,"Hi, I made a card payment yesterday, but it still shows as pending now. How long it need to finish, and why it takes so long?",45,pending_card_payment,non_native_speaker
09745469-3c16-48af-b5d7-a4d754371177,"Hi, I used my card this morning and the payment is still showing as pending. How long it will take to finish and when will money be taken for real?",45,pending_card_payment,non_native_speaker
52c208c2-030b-46f2-8273-198a347f5d46,"Hi, I made a card payment this morning, but now it is still showing as pending. It is not completed yet, can you please check what is wrong and when it will be finished?",45,pending_card_payment,non_native_speaker
5dc1b556-05d7-4314-b0b6-34ef03e5340c,"Hi, I made a card payment this morning, but now it shows as pending in the app. It is still not finished. Can you please check why and when it will go through?",45,pending_card_payment,non_native_speaker
7e8ad3c7-19d9-4b14-b696-85741a5d6ad8,"Hi, I made a card payment yesterday, but now it is still showing as pending. What this means, and when will it be completed?",45,pending_card_payment,non_native_speaker
5cef4a69-c167-4854-9a95-2ba6b2895f67,Card purchase pending since yesterday; when will it post?,45,pending_card_payment,short_wording
f368f7a2-06af-44a4-854e-68dbe0c99cd9,Card purchase shows pending since this morning. Why?,45,pending_card_payment,short_wording
029ff624-0eca-4e59-9e22-27b3c937a724,Card purchase still pending. Amount not completed. What’s next?,45,pending_card_payment,short_wording
c40f8dbc-8ff5-4ec9-a334-e0d5bffb0579,"Card payment stuck pending, waited 7 days, still not cleared.",45,pending_card_payment,short_wording
5ffe4656-7d78-4392-90b0-2ad733bbd0c5,"Card payment pending, still no update.",45,pending_card_payment,short_wording
0bdbf971-9fe2-4998-88ab-d3309ff5eacb,Card purchase pending; no final charge yet. How long to clear?,45,pending_card_payment,short_wording
70a103ce-d9d3-4143-9e47-9afe692441f4,"I tried to pull cash from an ATM and it took my money, but the withdrawal is still stuck as “pending” and I don’t have my cash—this is ridiculous, how long are you gonna hold me up?",46,pending_cash_withdrawal,angry_layperson
ae184ef2-1fa8-4d70-98bc-c91945fc7132,"My cash withdrawal is still stuck in limbo and it’s been way too long—why is my money not showing up yet, and what the hell do I have to do to get it sorted?",46,pending_cash_withdrawal,angry_layperson
5013f6a3-566e-4f4a-a268-a6c1e9ed4da6,"I pulled cash out of the ATM earlier, I actually got the money in my hand, but the app is still showing the withdrawal as pending like a damn joke. This needs fixing now, because it’s messing up my balance and I’m not waiting around for no reason.",46,pending_cash_withdrawal,angry_layperson
7d24e03e-363c-48db-a673-2afec3078a7b,"Man, I tried to withdraw cash and it’s been stuck as “processing” forever, like it’s just hanging there. I still don’t have my money, but the app keeps acting like it’s on the way. How long is this gonna take, and are you gonna fix it or just keep holding my cash for no reason?",46,pending_cash_withdrawal,angry_layperson
58dd7aff-649e-41a8-9b35-6bef36f0e039,"What the hell, my cash withdrawal is still stuck as “pending” and it’s been way too long—when are you actually gonna release my money?",46,pending_cash_withdrawal,angry_layperson
23cf7690-b2ea-4039-99f4-461d913a0abf,"I swear I withdrew cash and it still won’t show up—now it’s been sitting there as “pending” and I’m stuck without my money, this is ridiculous.",46,pending_cash_withdrawal,angry_layperson
272e1c19-b88f-4283-87f3-f188a649baf6,I tried to withdraw cash from the ATM earlier and it failed I just checked my app and it still shows the withdrawal in progress I need the money now please stop any charge until it is resolved I am panicking this is urgent,46,pending_cash_withdrawal,panicking_emergency
5ecd50e7-0a32-46ef-9057-f3eebb6191de,My cash withdrawal is still pending right now I need the money urgent Please tell me why it is stuck and when it will release I checked the ATM receipt and my account shows pending but no cash,46,pending_cash_withdrawal,panicking_emergency
3f9bf090-90df-4773-bbca-675a4f523f1f,My cash withdrawal is stuck as pending. It was supposed to post hours ago. I need the money now. Please tell me why it is pending and when it will clear.,46,pending_cash_withdrawal,panicking_emergency
13f5beaf-b90e-4ef1-9f78-9108fe55b675,I tried to withdraw cash at the ATM an hour ago. The machine stopped and I did not get any money. Now my account still shows the withdrawal stuck as pending. I need it cancelled immediately or completed today. Please investigate right now.,46,pending_cash_withdrawal,panicking_emergency
8ebaa4a5-8a36-4b52-941f-f23e13a34267,My cash withdrawal is still pending. It was approved then stuck. Money is not in my account. It is not in my cash hands. I need this cleared now. Please check the status immediately.,46,pending_cash_withdrawal,panicking_emergency
b17d9178-4127-4ae7-a2a8-1f2f17e5c2ec,I tried to withdraw cash at the ATM this morning. The machine accepted the request. Now the withdrawal is still pending. No cash in my hand. Money is stuck. I need it reversed now and confirmed.,46,pending_cash_withdrawal,panicking_emergency
d57557c6-c318-47ef-ab28-db21a0a32995,"Good day, I am writing to request assistance because I attempted a cash withdrawal at an ATM, the transaction appears to be pending in my account, and I have not received the cash; could you please advise on the expected timeline and help me determine whether the transaction will automatically reverse or needs to be cancelled?",46,pending_cash_withdrawal,polite_expert
e60073b0-ac37-4007-aba0-e76c408e62b3,"Good day, I attempted to withdraw cash from an ATM earlier today, and the transaction is still showing as pending; could you please investigate the status and confirm whether the funds will be released back to my available balance, as I want to ensure I am not charged for cash that has not yet been dispensed?",46,pending_cash_withdrawal,polite_expert
bb83c3ee-f9c3-4e88-a2d6-23c277b07019,"Good day, I would like to request assistance because my ATM cash withdrawal is currently marked as pending in my account activity, and I am unsure how long it typically remains in that status before it is finalized or reversed.",46,pending_cash_withdrawal,polite_expert
9d9ca8b3-91a1-47dc-9239-df88514f5b2b,"Good day, I would like assistance regarding a cash withdrawal I made at an ATM that is currently still showing as pending on my account, and I would appreciate it if you could confirm the current status and advise when it should be finalized or credited.",46,pending_cash_withdrawal,polite_expert
89084be5-c783-4127-8097-9462f7bf4f2b,"Good day, I attempted a cash withdrawal from an ATM using my debit card earlier today, and the transaction is still showing as pending in my account; however, I have not received the cash and would like you to investigate whether the withdrawal will be reversed or posted, as I want to ensure I am not incorrectly charged for funds I did not obtain.",46,pending_cash_withdrawal,polite_expert
217ce04c-abd0-4a06-a1dd-e6239b764082,"Good day, I would like to report that my recent ATM cash withdrawal is still showing as pending in my account activity, and I have not yet received a final approval or reversal; could you please advise on the expected timeline and whether any further action is required on my side?",46,pending_cash_withdrawal,polite_expert
a578054b-cc12-44e2-b6b9-548815b7285e,"Yo, my cash withdrawal from the ATM is still showing as pending in the app even though I already tried to fix it earlier—what’s going on and can you cancel/release it?",46,pending_cash_withdrawal,gen_z_slang
aa63c8eb-cbf6-4a0b-9b91-1ec824434c8a,"Yo, my ATM cash withdrawal is still showing as pending and it’s been a while—can you check what’s up and when it’ll fully go through?",46,pending_cash_withdrawal,gen_z_slang
f177a705-1603-4871-bc74-85a4203a5b7e,"Hey, I tried to withdraw cash and it’s still showing as pending on my account—can you tell me why it hasn’t gone through yet and when it’ll clear?",46,pending_cash_withdrawal,gen_z_slang
ce660cae-cfeb-4f62-b912-a4be0378c900,"Hey, I tried withdrawing cash from an ATM yesterday and it’s still showing as pending—like it hasn’t fully gone through yet. Can you check why it’s stuck and whether I’ll get charged before I actually receive the money?",46,pending_cash_withdrawal,gen_z_slang
22568b88-2430-4cb9-8741-84535f0da762,"Yo, I tried withdrawing cash from an ATM earlier today and the money didn’t come out, but the transaction is still showing as pending on my account—can you check what’s going on and make sure I don’t get charged for a withdrawal I didn’t get?",46,pending_cash_withdrawal,gen_z_slang
4b0f1868-52f8-4f18-bede-69b5d35a28cf,"Yo, my cash withdrawal is still stuck on pending—any idea how long it’ll take to fully go through?",46,pending_cash_withdrawal,gen_z_slang
0c92e06d-1147-4eb9-b434-d2332beb083b,"Hi, I tried cash withdrawal at the ATM today, but the money never came out. In my account it still shows as pending. Can you please check and cancel it, or tell me when it will change?",46,pending_cash_withdrawal,non_native_speaker
465e7023-2954-4795-ad6c-c7ebebb4373f,"Hi, I withdraw cash from ATM yesterday, but it still not show as complete in my account. It is pending, what can I do?",46,pending_cash_withdrawal,non_native_speaker
5cac5b36-4ba6-4774-a627-5a8b69acf284,"Hi, I made a cash withdrawal from ATM yesterday, but it still shows as pending and I can’t use that money. How long it take to post, and when will it be back?",46,pending_cash_withdrawal,non_native_speaker
ec7d5333-98d9-4487-b435-7b22f6c743ab,"Hi, I made a cash withdrawal from ATM yesterday, but the cash still shows as pending in my account. Can you please check for me and tell when it will be completed or reversed?",46,pending_cash_withdrawal,non_native_speaker
d53fd86c-8baf-4954-a039-ed983f6c2ea2,"Hi, my cash withdrawal is still showing as pending in my app, but I already got the cash from the ATM earlier. Can you check why it stay pending and when it will change?",46,pending_cash_withdrawal,non_native_speaker
9e6a7029-f193-4d30-8ae3-a9e5d9819c0a,"Hi, I try withdraw cash from ATM yesterday, but the money is still pending. It not show as completed yet, and I still waiting for it. What is going on and when I get my cash back?",46,pending_cash_withdrawal,non_native_speaker
637080c1-34d5-482d-8498-78d4f16003cf,Cash withdrawal still pending?,46,pending_cash_withdrawal,short_wording
ade808f6-f798-4fc8-b487-95f27a8d74b3,"Cash withdrawal still pending, ATM declined, can I cancel and retry?",46,pending_cash_withdrawal,short_wording
52ec733b-da88-4e84-945e-f85adc6a42a4,"Cash withdrawal pending in app, cash received already. How long to clear?",46,pending_cash_withdrawal,short_wording
b819f5a9-d14e-44ba-bf6a-8e3081c5103a,Cash withdrawal still pending; please check charge status.,46,pending_cash_withdrawal,short_wording
baaf68ae-c1b4-4bd8-ae03-b0baaa6f89ca,Cash withdrawal pending at ATM; can it be canceled or will it reverse?,46,pending_cash_withdrawal,short_wording
9b6a6be9-b7a7-42e3-bacb-e701622e9776,ATM cash withdrawal pending; no cash received; cancel/clear charge?,46,pending_cash_withdrawal,short_wording
ea0da91f-4d63-44ca-aef7-31a25d3ce95c,"This is ridiculous—my top-up has been sitting in limbo as pending for hours and nobody can give me a straight answer, so I can’t use my money. Fix it now or tell me exactly what’s going on.",47,pending_top_up,angry_layperson
90a75239-c7d1-4302-a658-8320474f3919,"I just tried topping up and now it’s stuck on pending like it’s never gonna go through—this is ridiculous, I need the money to actually work right now.",47,pending_top_up,angry_layperson
1833c2f6-1ff5-4118-b117-7ffcbb5c0df9,"My top up has been stuck on “pending” for hours even though I used my card and it went through, so what the hell is taking so long?",47,pending_top_up,angry_layperson
fdef6c0d-c67d-49af-b508-a3dd54530f6e,"My top-up is still stuck and won’t go through, and I’m getting sick of waiting—when the hell is it going to be confirmed and actually show up?",47,pending_top_up,angry_layperson
cd6cc028-1c5f-47e5-b5d2-0948a52e6301,"I tried adding money to my account and it’s been stuck on pending for ages, this is ridiculous—why won’t it go through already? I need that top-up to update right now, not keep sitting there like it’s broken.",47,pending_top_up,angry_layperson
e5d35f86-14c4-4e56-a8f3-42261ed98c0e,"I topped up a while ago and it’s still not showing up, this is ridiculous—why is my money stuck and when the hell is it going to go through?",47,pending_top_up,angry_layperson
ce6346f1-8d9b-4b17-8e44-b13dfac429e5,I tried to top up my card and it is still pending. This is urgent. Money is stuck. It has been too long. Please fix it now.,47,pending_top_up,panicking_emergency
b445c5d7-3acc-49bf-b8c6-f0dac80b3f67,My top up is stuck pending I already paid and nothing shows I need this money now please fix it fast I keep getting no available balance and I cannot buy anything,47,pending_top_up,panicking_emergency
cbf31075-9f96-4e5d-b510-d1e18e3e5f6a,My top up is stuck on pending for hours now I tried again and it still wont complete I need this money today please fix it urgently my balance is wrong and I cant use my card,47,pending_top_up,panicking_emergency
9033506a-3a71-417c-84d9-68000f0cd35a,My top up is stuck in pending for hours. The money is gone from my account but it will not load on the card. I need to pay right now. Please fix this urgently.,47,pending_top_up,panicking_emergency
64723f29-ffe9-4ccc-aa58-82b6523fb6f9,My top up is stuck and not completed I charged money and now it shows pending I need it today I cannot pay I checked my bank and it is not coming through please fix now,47,pending_top_up,panicking_emergency
6740b3e3-1966-4bc3-b861-b8d4c617c07e,I top up just now and it is still pending. Money is gone but it will not show up. I need to buy right now. Please fix it immediately.,47,pending_top_up,panicking_emergency
b769086f-6602-4d67-86a0-5bce713f64d0,"Good day, I would like to report that my recent card top-up has not completed successfully; the transaction is currently showing as pending, and it has been outstanding for approximately 45 minutes—could you please investigate the status and advise whether any action is required on my side?",47,pending_top_up,polite_expert
8421e368-acaa-4a67-9fac-de44cba52271,"I have initiated a top-up to my account, but it has remained in a pending state since approximately [time], and it does not yet appear to have been credited—could you please investigate the status and confirm when the funds will be available?",47,pending_top_up,polite_expert
e85b5a3a-fd50-4bc7-ab01-28e4e42fca39,"Good day, I have initiated a card top-up, however the transaction is still showing as pending and has not been completed to my account; could you please check the status and confirm when the funds will be credited?",47,pending_top_up,polite_expert
6db3accc-d65e-44f6-b00b-af6ca11fd2b8,"Good day, I have initiated a card top-up to my account, and the transaction status remains pending; could you please advise the expected processing time and what steps I should take if it does not complete shortly?",47,pending_top_up,polite_expert
26f5a7be-e625-4316-8b13-2e8dfe06bef4,"Good day, I would like to request assistance because a card top up I initiated has not been credited yet and is currently showing as pending; it has now been more than an hour since the transaction was submitted, and I would appreciate it if you could confirm whether the charge is still in progress or if it has encountered an error, along with the expected time for completion.",47,pending_top_up,polite_expert
16cc415b-52d6-4caf-bd4e-a8f2ef27c02c,"Good day, I would like to report that my card top-up has not completed successfully; I initiated the transaction a few hours ago, and it is still showing as pending, so I have not yet received the funds in my available balance. Could you please investigate the status and advise on the expected completion time or any next steps to ensure it is credited?",47,pending_top_up,polite_expert
620510ce-fc93-4c43-9790-b60ffc905cc6,"Hey, I tried topping up my account and it’s been stuck on “pending” for like 2 hours now, even though my card charge went through.",47,pending_top_up,gen_z_slang
46c1996b-22f0-42a3-bc50-67f9a0a20471,"Yo, my top-up’s been sitting on “pending” for like 30 mins and it still hasn’t gone through—any idea what’s up?",47,pending_top_up,gen_z_slang
c3482d6a-042e-4c37-872f-231fc74419ef,"Yo, I tried to add funds earlier and it’s been stuck on “pending” for like 45 mins—can you check what’s up and when I’ll actually get the money?",47,pending_top_up,gen_z_slang
0ef5654f-540b-4e72-a25d-a113e7d60ed5,"Hey, I topped up my account and it’s been stuck on pending for like 3+ hours—where’s the money? Please check what’s going on.",47,pending_top_up,gen_z_slang
9cca6b6a-d0e4-4b08-8c53-3f6765cc9f28,"Yo, my top-up has been stuck on “pending” for hours now—this never happens to me. Can you check what’s going on and when it’ll actually go through?",47,pending_top_up,gen_z_slang
7c6e9b2b-4266-4d74-9f10-bc50a8f53768,"Yo, my top-up’s been stuck as “pending” for a while now even though I already paid with my card—any idea when it’ll go through?",47,pending_top_up,gen_z_slang
bfcdc7ec-ae13-4660-845e-0c5f474a3ab4,"Hi, I tried to add money to my account today, but it stays on pending for a long time now, like over 1 hour. Can you please check why it not completed yet and when it will go through?",47,pending_top_up,non_native_speaker
e74e90a7-7824-4ef7-ac10-b0b956ef4b80,"Hi, I did a top up by card yesterday, but now it is still pending. Please tell me why it is not completed yet and when it will be done.",47,pending_top_up,non_native_speaker
e4371eee-0a21-406c-85f9-88a114b402ef,"Hi, I try to top up yesterday, but the money is still not received. It stays pending and not completed, please help me.",47,pending_top_up,non_native_speaker
d2ea550f-01f5-4748-8c09-9576c573d583,"Hi, I try to do a top up today and it still stay pending for like one hour. Can you please check why it not go through yet and help me fix it fast?",47,pending_top_up,non_native_speaker
65893988-a903-4c5e-bc53-a3ff101e5705,"Hi, I tried to top up by card yesterday, but it still shows pending. Please tell me why it takes so long, I need the money now.",47,pending_top_up,non_native_speaker
90f45f3b-425c-4b73-bc9f-9298951b052e,"Hi, I tried to top up my account and it is still showing pending. It was almost 1 hour ago, and normally it should be instant. Can you please check why it not going through yet?",47,pending_top_up,non_native_speaker
f6c09c13-d1d3-438b-a5f5-fdd3519519aa,"Top up pending since yesterday, no charge yet.",47,pending_top_up,short_wording
cf956c55-c803-4b77-a276-52232cef3406,Top-up pending too long. Please release now.,47,pending_top_up,short_wording
2e31d04d-e053-4d53-8ca5-b826f737b1d5,"Top up pending, not credited yet",47,pending_top_up,short_wording
4150c701-d2d6-4a3e-adf7-1c4fbdef4e1b,"Top-up stuck pending, 45 minutes now, no credit received.",47,pending_top_up,short_wording
5d0b74ee-241d-423c-97bb-f44f13bce1c1,"Top-up stuck pending. Charged, not completed. Help?",47,pending_top_up,short_wording
178039d7-afd4-469d-b4c6-b2a97aea527d,"Top up pending, funds not available yet.",47,pending_top_up,short_wording
242b3e54-ddd9-40c0-9372-5d773ed4a6ed,"I sent money over 12 hours ago and it’s still sitting there as “pending.” What the hell is taking so long, and when am I actually getting my transfer to go through?",48,pending_transfer,angry_layperson
063a894a-a1e5-4ff5-ac31-ecba02318cf9,"My money transfer has been stuck in limbo for days, and I’m sick of waiting—why the hell isn’t it showing as completed yet?",48,pending_transfer,angry_layperson
71e0c71a-1723-4945-a86f-b27037e89cd1,"Why is my transfer stuck on “pending” and taking forever—this is ridiculous, I need my money right now and nobody’s fixing it.",48,pending_transfer,angry_layperson
43896b7c-e041-4fd9-8c41-e5dc97adbfbb,"My transfer has been sitting there forever and it’s still not going through, what the hell is taking so long? I need to know when this money is actually going to be sent, because this is ridiculous.",48,pending_transfer,angry_layperson
35c6de7f-8adc-4731-83d0-039bff0be806,"My transfer has been sitting there forever and still won’t go through, it’s just stuck. I need to know right now when it’s actually going to send the money, because this is ridiculous and I’m getting screwed around.",48,pending_transfer,angry_layperson
77f6ffd9-f223-43bf-9d27-87769478ef0b,"My transfer has been sitting there as “not done” forever, and I’m sick of waiting—what the hell is going on, and when are you actually going to finish it?",48,pending_transfer,angry_layperson
3d6115f5-68f8-43b2-b58a-a118a025e12c,My transfer is still showing as pending I cannot use the money yet It has been too long I need it released right now Please tell me what is blocking it and when it will complete,48,pending_transfer,panicking_emergency
b1616c2c-4b71-48f4-b5fa-4a6880a69837,My transfer is stuck pending again No money arrived yet When will it actually go through I need this today Please tell me the exact status now,48,pending_transfer,panicking_emergency
7d13c129-aa3c-4bee-a9fb-b14541ab04ad,Transfer still pending no money received yet It was sent yesterday morning How long do I wait before it is confirmed I am panicking now please check it urgently,48,pending_transfer,panicking_emergency
621be20b-3d4c-43b7-8784-c3a412a4ae85,My transfer is stuck as pending again Please fix it now Funds not received yet I sent it days ago and it keeps showing pending,48,pending_transfer,panicking_emergency
102c6d45-45cc-4a4a-92b1-1784f0a338f5,My transfer is stuck and not showing up right now I sent the money and it still says processing I need it today please fix it or tell me why it is not going through I cannot wait any longer,48,pending_transfer,panicking_emergency
d6877811-abca-4b37-b2b4-e9bbc5b6a69e,My transfer is still pending. I need the money urgently. It was sent earlier today and it has not moved. Please tell me why it is stuck and when it will complete.,48,pending_transfer,panicking_emergency
15923c31-c20d-4451-8a9f-3a767a848fe9,"Good day, I am writing regarding a bank transfer that I initiated recently; the transaction is still showing as pending and the recipient has not received the funds yet—could you please advise on the expected processing timeframe and what actions, if any, I should take to ensure the transfer completes?",48,pending_transfer,polite_expert
55ddf08d-5a41-4a7c-99f4-afba018554a6,"Good day, I have initiated an international bank transfer from my account, and the transaction is still showing as pending beyond the expected timeframe; could you please advise when it will be completed and whether there are any additional steps or verification requirements needed on my side?",48,pending_transfer,polite_expert
9f2969f8-0d69-4053-97e5-b2ee92810926,"Good day, I am writing because my recent bank transfer is still not completed and has remained in a pending status for an extended period; could you please confirm the expected processing timeframe and advise what checks or actions, if any, I should take to ensure it is finalized as soon as possible?",48,pending_transfer,polite_expert
2d581506-f35e-417b-9f49-dc8fef388356,"Hello, I have initiated an international bank transfer, but the payment is still showing as pending and has not been credited to the recipient despite the expected processing time; could you please advise why it remains in this status and what steps I should take to ensure it is completed or corrected promptly?",48,pending_transfer,polite_expert
8dedfd56-9f33-4fa9-9280-4d141b0b71c4,"Good day, I would like to report that my bank transfer is still not completed: I initiated the transfer on the date shown in my confirmation, but the funds remain unavailable on the recipient’s side, and I am unsure when the transaction will be finalized.",48,pending_transfer,polite_expert
e56f9519-ff8c-4fc2-ae35-6d57cdcbdf19,"Good day, I am writing regarding a bank transfer I initiated, which is currently showing a pending status, and I would like to confirm how long it typically remains pending and whether any action is required from my side to complete it.",48,pending_transfer,polite_expert
d9bfc7a4-10af-4631-a860-f6b6693c1783,"Yo, I sent a transfer earlier today and it’s still stuck on “pending”—any idea when it’ll actually go through?",48,pending_transfer,gen_z_slang
93ee85e2-13d8-459b-9b8a-32283974ea27,"Hey, my bank transfer has been stuck on “pending” for a while now—like how long does it usually take to actually go through, and is there any chance I’ll get charged for the delay?",48,pending_transfer,gen_z_slang
45861324-d990-4432-9c28-3f5ffd8c8204,"Hey, my bank transfer still hasn’t gone through and it’s been stuck on “pending” for a while—can you check what’s going on and when it’ll actually post?",48,pending_transfer,gen_z_slang
fccdfb8f-7fa5-4aad-b538-b87c775cbddd,"Hey, I sent a transfer and it’s been stuck as “pending” for a while now—money didn’t go through. I double-checked the details, so what’s taking so long and when should it actually complete?",48,pending_transfer,gen_z_slang
021bd504-c9cb-4d2c-824c-5a5c724cfd5c,"Hey, my bank transfer has been stuck as “pending” for a while now—any idea how long it’s supposed to take? I double-checked the recipient info and everything looks right.",48,pending_transfer,gen_z_slang
2f717eba-d076-47fc-aaf6-13acba547255,"Yo, I sent a transfer and I double-checked the bank details—everything’s correct—but it’s still showing as pending and hasn’t gone through, like, for way too long. What do I do next?",48,pending_transfer,gen_z_slang
f40e9f90-f185-474f-8aff-0b44e04519c3,"Hi, I sent a transfer yesterday, but the money is still not done and show pending. Can you check why and tell me when it will be completed?",48,pending_transfer,non_native_speaker
a41656e4-6fd2-4f95-ba96-57f7940d4d30,"Hi, I made a bank transfer yesterday, but it is still waiting in my app. Can you tell me why it is pending and how long it will take to finish?",48,pending_transfer,non_native_speaker
87aa15cf-1fa7-41c4-b92e-8b0ff41f3a94,"Hi, I made a bank transfer yesterday, but it still shows as pending. Money not arrived and not confirmed yet. Can you please check what is wrong and when it will be done?",48,pending_transfer,non_native_speaker
2bca0fdd-146a-4192-bc71-136806c83ff0,"Hi, I made a transfer and now it is still pending. Can you tell me why it is not finished and how long I need to wait? It is kind of urgent for me.",48,pending_transfer,non_native_speaker
9838682e-00f2-40d5-9f23-b6fc95652bb7,"Hi, my bank transfer is still showing as pending, and it was sent two days ago. When will it be completed, and will there be any fee for this delay?",48,pending_transfer,non_native_speaker
d1772270-707f-43c8-a773-4c021722a8ca,"Hi, I make a transfer yesterday, but the money still shows as pending and not arrived. Can you please check why and tell me when it will be completed?",48,pending_transfer,non_native_speaker
4e359eaf-8228-4df5-8425-e24d431a16dc,Transfer submitted; still pending.,48,pending_transfer,short_wording
5ee8c898-e59b-485b-87ca-55527b2a7d96,Transfer shows pending; funds not received yet.,48,pending_transfer,short_wording
656f6486-deb4-462b-ad44-b4dd277f019e,Transfer status pending; when finalize? Any fees?,48,pending_transfer,short_wording
dba3e9dd-d2f5-4e5d-bb1a-a6bc61406220,"Bank transfer pending too long, funds not received?",48,pending_transfer,short_wording
9c242575-ce26-4568-94bc-913246b8456e,Transfer shows pending; when will it clear?,48,pending_transfer,short_wording
6855b92e-5854-460b-8073-981507156d28,"Transfer pending, money not received yet.",48,pending_transfer,short_wording
260bfcf7-0424-4719-9407-27c885cd653e,"My damn PIN is locked up because I kept getting it wrong, and now every time I try it just refuses—how the hell do I get it working again?",49,pin_blocked,angry_layperson
3f3b5a23-0444-499d-ada8-a59e42e64c4c,"My card won’t let me use my PIN anymore, I’ve tried way too many times and now it’s just flat-out refusing—what the hell do I do to fix this and get my money back?",49,pin_blocked,angry_layperson
fe5a79c2-de53-43cf-9d5c-e9f32c3a4801,"My card PIN is locked up and it’s pissing me off—I can’t use my own damn money. How do I get this fixed and get my PIN working again, right now?",49,pin_blocked,angry_layperson
dcd53308-7000-496d-aa01-5cfb0abda4c9,My card’s basically useless right now because the PIN I’m trying to enter keeps getting shut down—why is this happening and how the hell do I get access to my money again?,49,pin_blocked,angry_layperson
5b6b559b-c610-49d5-8a0a-1c4a0d934915,"My damn PIN won’t work anymore, and now every machine is refusing me—what the hell do I do to get it fixed and get my card working again?",49,pin_blocked,angry_layperson
1b7d98e9-0f9e-4bed-9a08-9f2f869c4e54,My damn PIN is locked out and I can’t access my account—this is ridiculous. How do you unlock it so I can use my card again?,49,pin_blocked,angry_layperson
0f43c38a-6925-4cdf-b31a-a09361aedcb2,My card PIN is now blocked I keep getting denied at the ATM I tried again and it failed more please unblock me now how do I reset the PIN right away I need access today,49,pin_blocked,panicking_emergency
b1841013-be08-4ea1-9d51-d94bdc460ecb,My card PIN is blocked I cannot use it I keep trying it fails over and over I need it unblocked right now please stop the lock and fix it immediately my account is at risk,49,pin_blocked,panicking_emergency
fa675e44-6c57-45e9-ac7d-e0ff42cc9906,I tried to enter my card PIN too many times and now it is blocked I cannot access my account Please unblock it right now I need to withdraw cash today,49,pin_blocked,panicking_emergency
8b3564a6-69ff-42a2-ae1b-8ea27cb7c945,My card PIN is locked right now I cannot log in I keep getting rejected at every attempt What do I do immediately to unlock it I need access to my money today,49,pin_blocked,panicking_emergency
8738f9c9-d5b1-4c73-9964-fb13c79507f1,My PIN is locked right now. I tried too many times and now the card is refusing everything. I need it working today. What do I do to get it unblocked immediately and verify my identity fast,49,pin_blocked,panicking_emergency
417ac5f9-8d7b-44ff-978a-c10a10de200d,HELP IM LOCKED OUT RIGHT NOW My card is refusing my PIN I keep getting rejected after too many tries I cannot access cash or pay I need this fixed immediately,49,pin_blocked,panicking_emergency
c09c78cd-2bf1-41c8-906b-b8cd3b3a2e94,"Good day, I would like to request assistance because my card’s PIN has been locked after several unsuccessful entry attempts, and I am therefore unable to complete any transactions; could you please advise the fastest method to restore PIN access and what identification or verification will be required?",49,pin_blocked,polite_expert
27defaa4-4fee-4939-8518-5f0f9325a1f2,"Good day, I am unable to access my account because my personal identification number appears to have been locked after repeated incorrect entries; could you please advise the verification steps required and arrange for the PIN to be unblocked so I may regain normal access?",49,pin_blocked,polite_expert
547b2eb6-644d-474f-871a-bc94f2aca5e1,"Good day, I am unable to complete transactions because my personal identification number has been blocked after repeated incorrect entries; could you please advise the correct steps to restore access or unblock it, and what identification or verification you require from me?",49,pin_blocked,polite_expert
c3c17155-c13a-4b85-96e5-646d226d46b8,"Good day, I am experiencing an issue where my card’s PIN appears to be blocked, and I am therefore unable to complete any transactions; could you please advise on the verification steps required and arrange for the PIN to be restored or reissued as appropriate?",49,pin_blocked,polite_expert
b3c5548f-b1fd-45d6-9035-65d57906f05a,"Good day, I would like assistance because my card PIN appears to have been blocked after multiple unsuccessful attempts, and I need to restore access as soon as possible; could you please advise on the verification steps and the fastest method to unblock it?",49,pin_blocked,polite_expert
fde9ef94-5dcc-4c2f-a16c-5b0e5c2bce01,"Good day, I would like assistance because my card PIN appears to have been blocked after several failed entry attempts, and I need guidance on the correct steps to restore PIN access as soon as possible.",49,pin_blocked,polite_expert
b0b9cdf4-7623-4512-a913-ade1af1c0b6e,"Hey, my card got stuck after I entered the wrong PIN a bunch of times—can you help me unblock/reset my PIN so I can use it again?",49,pin_blocked,gen_z_slang
c31fa1b5-04df-4d48-b4b7-12488d028fa4,"Yo, my PIN got locked after a few tries—can you help me get it unblocked? I can’t access my account right now.",49,pin_blocked,gen_z_slang
e095bf8b-f07c-4a9d-a954-677efd8fc803,"Hey, my PIN got messed up and now I can’t use it to log in—can you tell me how to reset/unblock my PIN?",49,pin_blocked,gen_z_slang
72834be5-6433-4e8f-930c-aea6584da372,"Yo, my card PIN got blocked and I can’t use my card—how do I get it fixed and set a new PIN?",49,pin_blocked,gen_z_slang
a1381f3c-4106-4855-98fa-6cf127d4d401,"Hey, my card machine keeps rejecting my PIN and I think I’m locked out after too many wrong tries—can you help me get my PIN unblocked?",49,pin_blocked,gen_z_slang
06d06559-530b-48e1-bc9a-125abff6ca90,"Yo, I think I locked my card PIN after entering it wrong too many times—how do I get it reset/unblocked ASAP?",49,pin_blocked,gen_z_slang
961b913e-a8d7-464a-9bdc-9d02480d81ff,"Hi, my PIN is blocked now because I entered wrong codes too many times. Can you tell me how I can unblock it and get a new PIN?",49,pin_blocked,non_native_speaker
96ff27a0-6176-477f-b0ed-f7a479106fa5,"Hi, my ATM PIN is not working now. I try many times and then it stop. How I can unblock it or reset the PIN?",49,pin_blocked,non_native_speaker
b3ef80b6-e870-4539-b671-339a4939579a,"Hi, my ATM card PIN is blocked now. I entered wrong PIN too many times, and now I can’t use it. Please help me unblock and tell me what to do next.",49,pin_blocked,non_native_speaker
41c78d52-a53d-44e5-9367-e0cc0bac3326,"Hi, my PIN is blocked now. I try many times but still can’t use it. Can you help me unblock my PIN?",49,pin_blocked,non_native_speaker
e8efad44-1e42-4232-87c8-8018be614aba,"Hi, my card PIN is blocked now. I try too many times and now it not work. What I need to do to unlock it and use my card again?",49,pin_blocked,non_native_speaker
3b53aa9c-ec3f-498e-9f67-639d7b76e884,"Hi, my card PIN is blocked now, I try many times but no work. Can you help me unlock it, please?",49,pin_blocked,non_native_speaker
fe03f1e9-38b4-4fa5-9de0-a0d2c5a4dd48,"PIN locked, need reset",49,pin_blocked,short_wording
7415e32b-1e1e-46e1-9809-2c483b556b9f,"ATM pin blocked after tries, please unblock",49,pin_blocked,short_wording
ccae6d35-eb35-478f-86a0-20f7cc68b076,PIN blocked—need reset/unlock.,49,pin_blocked,short_wording
d181743d-bf2d-4812-afba-cc39d7fdaa4f,PIN locked after too many tries. How unlock?,49,pin_blocked,short_wording
67d9018d-a3fb-414b-8717-7fdea55a61b4,Pin locked after wrong attempts. How to unblock?,49,pin_blocked,short_wording
86b5f9ec-24d5-4233-a587-e93e769aa543,ATM says PIN blocked. How to unblock?,49,pin_blocked,short_wording
225ac905-a39e-448d-86bf-38558e50b3bb,"I’m trying to get money into my account and it’s not showing up—no one’s explaining anything, and this is ridiculous. When the hell will the payment land?",50,receiving_money,angry_layperson
a9daa582-0680-4912-82ed-e52428af6718,"My money’s supposed to come into this account, but it’s not showing up after days—what the hell is going on? I need to receive my payment in here, not play guessing games.",50,receiving_money,angry_layperson
4df45588-c9a5-4fc5-947e-e464334610a6,"I’m trying to get paid and nobody can send me the money—what the hell is going on, why won’t it go through, and how do I fix this mess right now?",50,receiving_money,angry_layperson
eee5c607-059b-4d12-a711-baffdb0c8e06,"I’m trying to get paid into my account, but the money keeps getting stuck or refused—what the hell is going on and when are you going to fix it so I can actually receive my salary?",50,receiving_money,angry_layperson
f27f9b66-6ca7-4b5c-bb98-e72c2e5fe5d1,"I’m trying to get my money sent to me, but it’s not showing up—this is ridiculous, I need to receive it right now, not keep getting bounced around.",50,receiving_money,angry_layperson
390f287a-8761-4487-be5e-a4465d4aa607,"I’m trying to get paid into my account, and the money still hasn’t shown up—what the hell is going on, and when are you actually going to let it come through?",50,receiving_money,angry_layperson
bc79acc3-c629-46cb-a841-1a37224df0b4,I am panicking I cannot receive money from a sender It says it is not going through Please tell me why and what to do right now I need the funds today,50,receiving_money,panicking_emergency
065bab95-5273-4f94-989f-fb0cde187891,I need money sent to me right now How can someone transfer funds to my account I tried and it fails I cannot receive anything Please fix this immediately,50,receiving_money,panicking_emergency
f5e2fa1c-26e6-40fb-9792-5f8acbd7e7a8,I cannot receive the money today. My salary transfer is pending and it should be in my account already. What do I need to set up to accept incoming payments. Please tell me the exact steps right now.,50,receiving_money,panicking_emergency
d7f317a2-b1af-4d14-a2b4-09859c0a044b,My transfer keeps failing I cannot receive money into my account Please check why the incoming payment is blocked I need the funds today I keep getting rejected at the receiving step,50,receiving_money,panicking_emergency
138676eb-0373-4ea7-a9bd-20410c2410bd,I need money in my account right now I cannot receive payments My transfer keeps failing or not showing up Please tell me what to do immediately I am waiting for urgent funds,50,receiving_money,panicking_emergency
7a77302b-ca28-454c-97d2-1af10542893d,I need money sent to my account right now. How do I receive a transfer from someone else. I do not see any option to accept incoming funds. Please tell me what details they need and what currency is supported.,50,receiving_money,panicking_emergency
36b499f2-3689-438f-9f85-4dfc23cb4516,"Good day, I would like to confirm why I am currently unable to receive incoming payments into my account, and please advise what information—such as the correct account details, currency, and any reference or remittance fields—is required to ensure that my salary or other transfers can be credited successfully.",50,receiving_money,polite_expert
f9b639d4-edf4-4c1d-8c11-6fc01a0ef018,"Good day, I would like to understand how I can receive money into my account—specifically, what details I should provide to the sender and whether any fees, limits, or processing times apply to incoming transfers.",50,receiving_money,polite_expert
25514c83-8998-4783-a541-dcb500e26a44,"Good day, I would like to confirm whether there is any issue with receiving incoming payments to my account, and specifically how I should ensure that my salary or transfers sent to me in GBP are credited correctly.",50,receiving_money,polite_expert
1f984ec0-7f85-41fd-9350-3589e18c8ce3,"Good day, I would like to arrange receiving funds into my account; could you please confirm whether incoming payments such as my salary or money sent by a friend are supported, and advise what details (e.g., account information, reference or beneficiary name) I should provide to ensure the transfer is credited correctly and without delays?",50,receiving_money,polite_expert
050df937-ea56-48e5-b80b-a5da32fd3d76,"Hello, I would like to understand the available options for receiving an incoming transfer from another person into my account, including what details they must provide and how long the funds typically take to become available.",50,receiving_money,polite_expert
90857fcb-2850-41ec-84aa-b7ced7bf039a,"Good day, I would like to ensure that I can successfully receive incoming funds into my account in GBP; could you please confirm the correct payment details I should provide to the sender and any requirements or restrictions that may apply?",50,receiving_money,polite_expert
267c81ca-d375-49f7-8dcd-a8187855d810,"Hey, quick q—how do I get paid money here? Like can I receive my salary/paycheck, and what info do I need to give the sender?",50,receiving_money,gen_z_slang
7de10145-7b85-483f-b885-48a36ce0fe67,"Yo, how do I get money sent to my account? Like, what info do I give—IBAN, sort code, or something else—so my friend/company can transfer it to me?",50,receiving_money,gen_z_slang
c18989d3-27d6-4a5a-b1eb-9c6d0c45948b,"Yo, I’m trying to get paid and the money my friend sent is still not showing up in my account—what’s going on and when should it land?",50,receiving_money,gen_z_slang
a53c42ac-84f4-4ec8-bb78-e6d84dec5bdf,"Hey, quick q—how do I get money sent to my account? Like what info do I give the other person so they can transfer it to me?",50,receiving_money,gen_z_slang
61206c49-04ed-423d-b252-8408b92c0fa6,"Yo, quick q—how do I set it up so money can actually come into my account? Like, can I get my salary sent in, and are there any details I need to give them?",50,receiving_money,gen_z_slang
da163d70-d940-4514-b9d4-a98752937cc3,"Hey, I got a payment coming in but it’s not showing up on my balance yet—how do I make sure the money actually lands in my account?",50,receiving_money,gen_z_slang
f5773402-5d50-40f6-90a7-58d5b093966b,"Hi, my paycheck should come to my account, but I not sure how to set it. It is in GBP. What I need to do so the money can be received correctly?",50,receiving_money,non_native_speaker
e9e49f8f-0bfa-47d0-b43e-8367a1f39464,"Hi, I want to receive money in my account. How can I tell the sender my details, and what info they need to send me money?",50,receiving_money,non_native_speaker
90c0ee98-2a05-43b0-8480-c65d98687d1a,"Hi, I want to receive my salary money to my bank account. Is it possible to get it in GBP, and what info you need from me?",50,receiving_money,non_native_speaker
2b505c46-ece6-4fed-ba88-504bb67e9fa5,"Hi, I get paid by bank transfer, but I don’t know how to receive money here. Can I use my account number to get my salary, and in what currency it will come?",50,receiving_money,non_native_speaker
512ad0fc-3645-43b7-8e40-fa0dce5fa70f,"Hi, I want to get money into my account. How can I receive my payment, and what details I must give to the sender?",50,receiving_money,non_native_speaker
c4360b5f-7433-4246-aab9-ca8904a6e29d,"Hi, I want to get money from my friend, but it is not working. What I need to do to receive transfer? Which bank details you need from me?",50,receiving_money,non_native_speaker
8a1f7a96-b532-4280-a073-f3fff2cff83f,How to receive incoming bank transfer?,50,receiving_money,short_wording
2dd13691-c321-4b18-b71f-b00267ef5ecc,How to receive money here?,50,receiving_money,short_wording
87d5c5e8-97ae-4cc0-b444-55c574598515,"Incoming transfer pending, what to do?",50,receiving_money,short_wording
3c7d3c78-d190-46f1-9493-8d175f226988,Getting paid into my account?,50,receiving_money,short_wording
0367ee6f-90da-4146-bcff-4b715a83275d,Receiving incoming transfers? Wrong bank details?,50,receiving_money,short_wording
4ac6bfc3-af86-464a-82a2-b41978d25347,How to receive money here?,50,receiving_money,short_wording
3bdcb5a9-fd69-4f54-9f16-fa66006fa837,"I’m pissed off—this was supposed to be delivered and it never happened, so I want a full refund right now, not some runaround.",52,request_refund,angry_layperson
35e85272-489d-4662-87ce-6fa6d236dcc0,"I’m sick of this—my money got taken for something I didn’t agree to, and I want a real refund now, not some runaround.",52,request_refund,angry_layperson
a0e577ba-9e41-4388-b2c4-d607191406b5,"I’m pissed off—this charge was supposed to be fixed and now I need my money back, like, right now. The merchant’s dragging their feet and I want you to sort out a refund ASAP.",52,request_refund,angry_layperson
054951d3-a102-437c-8ae5-70ef04a971f7,"I need a refund for a purchase I just made—stop the payment right now and give me my money back, because this is a complete mess and I’m not waiting around.",52,request_refund,angry_layperson
b00b4d83-986e-49a0-a16f-8720d22263af,"I’m pissed— I need a refund for a purchase I made, and nobody’s helping me. Tell me exactly how to get my money back right now, because I’m not playing games with this.",52,request_refund,angry_layperson
0e9dcb67-dbb5-4c79-8c8b-b470527c69d8,"I paid for something and now I want my money back—this is ridiculous. Tell me how to get a refund started right now, because I’m not waiting around while you people drag your feet.",52,request_refund,angry_layperson
1122304c-9d32-4b54-a5e4-2e213146548d,I need a refund right now I bought this and I want to cancel immediately The charge already went through Please reverse it today I do not want the product I need the money back now,52,request_refund,panicking_emergency
340a67af-bd93-4949-aceb-a3ca0ae774c7,I need help right now I paid for an order and I never received it months ago I am furious and I want a full refund immediately I can not keep waiting please reverse the charge and confirm the refund status today,52,request_refund,panicking_emergency
bd8ae351-9911-455d-97bd-9e54a4f15b6d,I need an immediate refund back into my account. I was charged but I did not get the service or the item. The money is missing and I cannot wait. Please reverse the charge and confirm the refund amount today.,52,request_refund,panicking_emergency
17104a3c-be24-4a19-bf4e-73098b823345,I was charged but I did not authorize this purchase. I want my money back now. The charge is on my account today. I already tried canceling but it still posted. Please start a refund immediately.,52,request_refund,panicking_emergency
f42234b2-953f-4053-b3c7-6620d75f5760,I need a refund now urgent please I was charged for an item I do not want the merchant is not helping I want to reverse the payment today tell me what to do next and confirm the timeline,52,request_refund,panicking_emergency
dc2d791f-fab7-40e9-98c5-8a615c06e7c4,I need a refund right now I was charged but I never got the service I am panicking please reverse the payment and send the money back today order date was weeks ago transaction is still showing as completed I want all of it back,52,request_refund,panicking_emergency
6f2d982b-a258-4180-8586-d95bbcab7fef,"Good day, I would like to request the reversal of a recent card purchase, and I kindly ask that the corresponding amount be refunded back to my original payment method as soon as possible; please let me know what information you require to proceed.",52,request_refund,polite_expert
d3b3692f-685a-4a4c-b608-b4b11716f1c8,"Good day, I am writing to request a refund for a recent purchase made on my account; the transaction reference is available, but I would like to confirm the cancellation and refund process, including any required documentation and the expected timeline for the funds to be returned.",52,request_refund,polite_expert
eda8b19a-6b6f-4fef-b332-ea270e55021b,"Good day, I would like to request a refund for a recent card purchase; could you please advise the next steps and what information you require from me to process the reversal?",52,request_refund,polite_expert
accdf2df-47e0-4b0b-b8f0-8bff3c6f6afd,"Hello, I would like to request a refund for a recent card purchase; could you please advise what information you require to locate the transaction and the expected timeline for the reversal to be credited back to my account?",52,request_refund,polite_expert
5f126d82-65d7-4283-9b70-d67dfb6708ff,"Good day, I would like to request a refund for a recent purchase made on my account; could you please advise the exact steps required to process the return, including any timelines, eligibility criteria, and what information you need from me to locate the transaction?",52,request_refund,polite_expert
a7475a65-09ef-483f-aacc-b84c3c233090,"Hello, I would like to request a refund for a recent card purchase; the transaction was unsuccessful in terms of the service received, and I have not been able to resolve the matter directly with the merchant. Could you please advise the correct process, the information you require from me (such as transaction details and supporting documentation), and the expected timeframe for reviewing and issuing the refund?",52,request_refund,polite_expert
ea08688b-805f-4075-ac6b-7f7234d1f48e,"Hey, I just got charged for a purchase I didn’t want—can you help me cancel it and process a refund ASAP?",52,request_refund,gen_z_slang
640b07e9-8174-4475-bc19-a233e57973c6,"Hey, I need help getting a refund for a charge I made—can you tell me the steps to request it and what info you’ll need from me?",52,request_refund,gen_z_slang
032e0977-9407-4bfe-8239-6e295f3f385e,"Hey, I need a refund ASAP for a purchase I made, but the merchant isn’t helping at all. Can you tell me the quickest way to get my money back?",52,request_refund,gen_z_slang
57adcbd3-eaec-4775-8590-25c2e4d260d7,"Hey, I bought something a while ago but I never actually received it, and now I want a full refund—can you help me get my money back?",52,request_refund,gen_z_slang
1582787e-c547-4f88-a5d1-6a5fe6e37626,"Hey, I need help getting a refund for a purchase I made—can you reverse that charge back to my account?",52,request_refund,gen_z_slang
9112793e-5efb-4c5a-8e3b-856f384a2a3a,"Hey, I bought something by accident and I need to cancel it and get a refund—can you help me out?",52,request_refund,gen_z_slang
5f187fd4-35ff-4e66-a5b8-6f784e503ea1,"Hi, I make a card purchase yesterday but I want to cancel it now. Please help me reverse the payment and start the refund as soon as possible. Thanks.",52,request_refund,non_native_speaker
90f29424-5592-4047-8e5e-0d81d044d128,"Hi, I want to ask refund. I pay for something, but I don’t want it now. Please reverse the charge from my account, because the amount is not correct. How can you help me?",52,request_refund,non_native_speaker
16b6a66e-14f1-45b2-bce1-3c9227bc30d0,"Hi, I want refund for my purchase. The item was not good and I don’t want it anymore. Please tell me how I can start the refund and what info you need from me.",52,request_refund,non_native_speaker
cc884cf4-d544-4365-bd04-90ab1bb599f5,"Hi, I want refund for a payment I did, but I still not received the item/service. Can you help me cancel and get all my money back? Please tell me what I need to do, step by step.",52,request_refund,non_native_speaker
ec1ad160-2d68-447d-82c4-ef25c626226f,"Hi, I want to ask for a refund. I bought something last week but the item is not good, I want my money back. What I need to do to get the refund?",52,request_refund,non_native_speaker
3c998b81-098e-43f4-9138-3ae739a71677,"Hello, I need refund for a payment I made. The item was not as described and I want my money back. How can I start the refund, please?",52,request_refund,non_native_speaker
40f75698-6f48-4ab4-b2a4-cd50f57e0f6f,Refund for card purchase; reverse charge.,52,request_refund,short_wording
741b8f82-4620-4dbd-bdc9-0975095e40e2,Need refund for recent charge,52,request_refund,short_wording
672a8dbd-9334-4517-84c6-01fed1135047,Need refund; cancel transaction; help.,52,request_refund,short_wording
7366d254-4a0d-4884-97ad-01f4a2f21a0e,Cancel card purchase refund request,52,request_refund,short_wording
309b54da-bcc8-4979-82fb-ecdbb882cef5,"Charged twice, need refund ASAP",52,request_refund,short_wording
4eeca936-e7be-4944-89f3-a76148aabda2,Cancel purchase; refund money back.,52,request_refund,short_wording
5ea056d2-4ad4-40b0-a8a6-b3694b38adf9,"My card payment got reverted for no reason, and I’m sick of this nonsense—what the hell happened and when am I getting my money back?",53,reverted_card_payment,angry_layperson
91cf0942-f498-4e4e-aa64-bcc864e9513c,"My card payment got reversed out of nowhere—one minute it’s gone through, the next it’s like they yanked it back and left me stuck with nothing to show for it. What the hell happened, and when am I getting my money back for real?",53,reverted_card_payment,angry_layperson
105b35d9-328c-4dba-9694-eaafac5d4df5,"What the hell—my card purchase got cancelled out of nowhere, and now I’m stuck with it showing as reversed. I didn’t do anything, so fix it and tell me why this payment is getting yanked back.",53,reverted_card_payment,angry_layperson
c807467a-7927-4b9f-ba13-8a8c54bfe35e,"I tried to pay with my card and the money got yanked out, then the payment got reversed and now I’m stuck with nothing and my account looks messed up—fix this crap and put the payment through or give my money back ASAP.",53,reverted_card_payment,angry_layperson
3bf290ac-703a-4bbc-be51-5514981081ca,"My card payment got flipped back and reversed for no damn reason, and I need this fixed right now—what the hell happened to the money I was charged?",53,reverted_card_payment,angry_layperson
7a365eed-a0bc-4b01-a04a-0286f741739e,"My card payment got cancelled and the money got shoved back into my account, and I’m pissed because I was charged in the first place—fix this and tell me what’s going on.",53,reverted_card_payment,angry_layperson
3a1328a0-6ae3-4ec1-8359-f3e6cdfe5d4d,My card payment just got reverted I already needed that money now the app says it failed Please fix it immediately I cannot wait,53,reverted_card_payment,panicking_emergency
2787b09b-0c59-4491-9c94-63870cd9cd7c,My card payment got cancelled again The charge disappeared from my account but the merchant says they did not receive payment I need this fixed now I cannot wait I need to know why it was cancelled and whether I will be charged again,53,reverted_card_payment,panicking_emergency
89b41ad5-5ea3-4222-bec8-15802f3ce4c5,Payment just got reversed on my card. I tried to buy today and it went through then the money came back immediately. Now the merchant says paid but my balance changed back. I need this fixed now I cannot miss the transaction.,53,reverted_card_payment,panicking_emergency
7ff19181-0321-4526-a4c4-86c7e15717fc,My card payment was reversed out of nowhere It says cancelled on my account and the merchant says they never received it I need this fixed immediately money back now please check the transaction and tell me why it was reversed and when it will be restored,53,reverted_card_payment,panicking_emergency
5e6c928e-0cba-451a-9d61-25145cdea2dd,Panic my card payment got reversed it already shows cancelled I need the money back now and the purchase was time sensitive Please tell me why this happened and what to do next urgently I do not understand,53,reverted_card_payment,panicking_emergency
e04d0733-8642-4a69-8232-f46729495aff,My card payment got reversed right after I paid. The purchase is not completed. Money looks blocked. I need this fixed now. Why did it cancel. I cannot accept this.,53,reverted_card_payment,panicking_emergency
9fc5d480-1e13-49e0-b791-3c7debe5d468,"Hello, I attempted to pay for a purchase with my card, but the transaction was reversed shortly after authorization, and the amount has effectively not been completed; could you please check whether there was a decline or reversal from the bank’s side and advise what I should do to ensure the payment goes through successfully?",53,reverted_card_payment,polite_expert
bdfeb3ff-8542-4bce-ad8e-f8ef2dfc0786,"Good day, I would like to report that a card purchase I made has been cancelled after the transaction had initially been authorized, and the funds have returned to my account; could you please confirm why this happened and whether the merchant will be able to complete the charge successfully or if the reversal is final?",53,reverted_card_payment,polite_expert
003a9b27-ffe4-4f75-ad0e-ca58391d72f4,"Good day, I would like to request assistance because a card payment I recently attempted was cancelled shortly after I confirmed it, and the transaction now appears as reverted; could you please advise on the reason for this reversal and what I should expect regarding the release of the funds back to my account?",53,reverted_card_payment,polite_expert
8b592e98-967f-481c-a0a6-c4bfc4cec8f3,"Hello, I am contacting you because a card purchase I made recently initially showed as successful, but the funds were subsequently returned to my account; the merchant has since confirmed they did not receive the payment, and I would like you to explain the reason for this reversal and advise what steps, if any, I should take to ensure the transaction is settled correctly.",53,reverted_card_payment,polite_expert
3503f5a4-6c0e-46db-9a37-98cfbe83a00c,"Good day, I would like to report that a card payment I attempted has been reversed by the bank, and the transaction has been cancelled after submission; could you please investigate why this reversal occurred and confirm when the funds will be restored to my account?",53,reverted_card_payment,polite_expert
293cdf52-c0c9-4e3f-986d-44d7d2d72935,"Good day, I attempted to make a card purchase today, but the payment was cancelled and reversed shortly after authorization. My account still shows sufficient available funds, so I would appreciate it if you could confirm why the transaction failed and what steps I should take to complete the purchase successfully.",53,reverted_card_payment,polite_expert
5963f333-dece-49f0-a20e-43e6eaa79855,"Hey, I just noticed a card payment I made got reversed/cancelled, and the money didn’t stay where it should—can you tell me why it was returned and when it’ll be fixed?",53,reverted_card_payment,gen_z_slang
33c22e24-7205-4590-a7a9-ab9fb2789ccc,"Hey, my card payment didn’t go through like it should— it looks like the charge got reversed and the money came back. Can you check what caused it and whether the merchant is gonna try again?",53,reverted_card_payment,gen_z_slang
f505148a-7213-4d43-8fd9-ffdeae4389e4,"Hey, my card payment says it was reversed/came back, but I’m 100% sure I made the purchase and the amount got taken initially—can someone check what happened and get it sorted ASAP?",53,reverted_card_payment,gen_z_slang
c77f5718-2a9a-485d-a506-01a8fa42635a,"Hey, I tried paying with my card and it looks like the charge got reversed—my account shows the money back now. Can you tell me why the payment got cancelled?",53,reverted_card_payment,gen_z_slang
0878a425-a0b7-4658-a262-b3b518cf27af,"Hey, my card payment got reversed outta nowhere—charged then it just vanished from my balance. Can you check what happened and fix it?",53,reverted_card_payment,gen_z_slang
1de17b4d-2528-40c8-a3d6-e334667023da,"Yo, I made a card payment earlier, but it got reversed and the money came back to my account—can you check why that happened?",53,reverted_card_payment,gen_z_slang
7945cb41-d360-430a-96d1-180fe937d7eb,"Hi, I did a card payment yesterday, but later the money came back to my account. Can you please tell me why it was reverted and when I can use it again?",53,reverted_card_payment,non_native_speaker
4fb3dacc-fc97-4d7a-897d-d5700fa55e2b,"Hi, I made a card payment today, but after a while the app reverted it and the money came back. Please help me check why it happened and if it will be charged again or not.",53,reverted_card_payment,non_native_speaker
b8203173-db1d-46b7-a346-d9a1463ccda2,"Hi, my card payment was cancelled by itself. Money was taken, then it return back. Why this happen and when it will be ok?",53,reverted_card_payment,non_native_speaker
25ac507c-a04f-446f-a335-c26dff568e18,"Hi, my card payment was reverted and the money is back in my account. Why this happen and when will it be fixed?",53,reverted_card_payment,non_native_speaker
1f35614c-73d6-408c-ab6b-fb22e594af2f,"Hi, my card payment was reverted and the money is not staying. Why this happened, and when I can get it back?",53,reverted_card_payment,non_native_speaker
de3acd66-a5bb-4da8-ab40-aff0c2e5328b,"Hi, my card payment was reverted after I paid in the shop. Now the money is back in my account. Why this happened and how I can check if the purchase is still ok?",53,reverted_card_payment,non_native_speaker
74340bd9-b61a-4964-9257-3e727d9378b2,Card payment reversed—why?,53,reverted_card_payment,short_wording
c5f8682a-9c7d-4e89-818f-8480a023a6fe,"Card payment reversed, charged back? Pending refund date?",53,reverted_card_payment,short_wording
9105d7f5-e90a-48c5-ac25-d502a81177b5,Card payment reversed; why? Refunded?,53,reverted_card_payment,short_wording
188fbe4c-f78d-4315-8e9b-648c82995d62,Card payment reversed; charged back—what next?,53,reverted_card_payment,short_wording
aadae834-eb91-4ca3-aefd-187b02bc6a96,"Card payment reversed, why?",53,reverted_card_payment,short_wording
5fdf2363-9b86-4ba3-b860-99d6dd3af3f7,"Card payment reversed—money back, why?",53,reverted_card_payment,short_wording
3a67b21a-2903-45b0-9ca3-29317e4a010b,What cards and currencies do you people actually take? I’m sick of guessing—tell me straight up what you support before I waste more time.,54,supported_cards_and_currencies,angry_layperson
a52ac7cb-4f33-4476-84d5-1f64b6293bf3,"I’m sick of this—what damn cards and currencies do you actually take? I need to know right now, not some vague nonsense.",54,supported_cards_and_currencies,angry_layperson
f35421fc-53fe-45ea-a898-35ec8af2eb13,"This is ridiculous—what cards and what currencies do you people actually accept? I’m trying to use my stuff and nobody can give me a straight answer, so tell me clearly what works.",54,supported_cards_and_currencies,angry_layperson
0ddd5267-135d-4542-b5c9-b91a07cddd5e,"Stop messing around—what exact cards can I use and what currencies do you actually accept? List it clearly, because I’m tired of guessing and getting blocked.",54,supported_cards_and_currencies,angry_layperson
7b7f9be0-a331-4fb4-815d-d5f5055400dc,"What the hell cards and currencies do you actually take? I’m not guessing—tell me straight up which ones are supported, because I don’t want to waste my time trying to add the wrong card or sending the wrong money.",54,supported_cards_and_currencies,angry_layperson
e47bc0de-a893-414f-988f-be703e0a5dc7,"This is ridiculous—what cards and what currencies do you even accept? I’m trying to add money and you keep giving me the runaround, so tell me straight what works and what doesn’t.",54,supported_cards_and_currencies,angry_layperson
a070cca4-3a51-4b5c-8347-8ca1ff0ea611,I am stuck I need to know what cards are supported and what currencies you support right now Tell me the full list Please I cannot process payments without it,54,supported_cards_and_currencies,panicking_emergency
7bcb43b1-775a-44e9-8539-87314450f4cc,I need to top up now I am panicking Please tell me exactly what cards are accepted And what currencies I can add right now I cannot risk a failed deposit,54,supported_cards_and_currencies,panicking_emergency
2b09e630-f359-4e81-9d2f-7c84f0afbc3d,I am panicking I need to know which cards and which currencies you support for adding money to my account I have an American Express and I need to top up right now please confirm immediately if it will work,54,supported_cards_and_currencies,panicking_emergency
d59a3c0b-9f13-4daa-91ee-f97568651c04,I cannot confirm what cards you take and what currencies you support. Tell me right now which card types work and which currencies are accepted for deposits and payments. I need exact list.,54,supported_cards_and_currencies,panicking_emergency
361ff149-72a6-4154-b447-aea4e03da502,I need the full list of every card type you accept and every currency you support for adding money right now I cannot find it anywhere Please send the exact supported cards and currencies list immediately,54,supported_cards_and_currencies,panicking_emergency
ff06c428-96bb-4579-9b25-6c2a7636a5ae,I need to top up now I cannot find what cards and what currencies you support Which cards work for deposits And which currencies are accepted Please answer immediately,54,supported_cards_and_currencies,panicking_emergency
9ada6122-bf6f-47be-9a59-ea82a6f53f31,"Hello, I would like to confirm which payment cards are supported for card top-ups and which currencies you currently accept for funding, as I want to ensure my transaction is eligible before proceeding.",54,supported_cards_and_currencies,polite_expert
9646e9e8-09d1-4e6e-a8b1-71aae87ad186,"Good day, could you please confirm which payment cards and account funding currencies are currently supported, and whether there are any restrictions by card type or currency when adding funds?",54,supported_cards_and_currencies,polite_expert
1add4f27-8d15-4c12-babc-291d0148d794,"Good day, I would like to confirm which payment cards and which account currencies are currently supported for transactions and balances on your platform, as well as any applicable limitations by card type.",54,supported_cards_and_currencies,polite_expert
db6d44b4-8e58-4cbe-b170-8ffdcfc1f8d7,"Good day, I would like to confirm which of my international cards and currencies are eligible for use on your platform, as I currently hold cards issued in the United States and would like to know whether they can be linked and used for transactions in the corresponding currencies.",54,supported_cards_and_currencies,polite_expert
e93a2ace-cb44-4a2c-8119-43754784b9f1,"Could you please confirm which payment cards are supported and which funding currencies I can use for top-ups, including any limitations by country or card type?",54,supported_cards_and_currencies,polite_expert
5b914489-d2ad-46a0-9478-8cda0e98b4e2,"Good day, I would like to confirm which payment cards and which currencies are currently supported for transactions on your platform, including any limitations by card type or currency.",54,supported_cards_and_currencies,polite_expert
3c641778-5c0f-46f8-a934-938b4180ac8d,"Hey, quick one—what cards do you support, and which currencies can I use for deposits/transactions?",54,supported_cards_and_currencies,gen_z_slang
62c2c308-f87d-4318-b9d0-023425f83cb9,"Yo, quick Q—what cards can I use to top up, and which currencies do you support for adding money?",54,supported_cards_and_currencies,gen_z_slang
b41e5b00-8b6a-43cb-9d29-18ee15a42a85,"Hey, quick question—what cards and currencies are actually supported for topping up my account? I’m trying to use my AmEx and I need to know if it works with my currency too.",54,supported_cards_and_currencies,gen_z_slang
9a57e8a8-5f1e-467e-960f-a0a4b914555a,Yo quick q—what cards can I link and what currencies do you actually support for adding/holding money?,54,supported_cards_and_currencies,gen_z_slang
b900cae9-a3a8-49cc-aaa6-6e51913d215e,"Yo, quick question—what payment cards and currencies are actually supported on your end? Like list the cards you take and which currencies I can deposit/use.",54,supported_cards_and_currencies,gen_z_slang
fd6a5451-7b55-4baf-bac7-cbf319f8d64c,"Hey, quick q—what cards and currencies do you guys actually support for payments and top-ups?",54,supported_cards_and_currencies,gen_z_slang
046ee715-3441-45a6-80a0-02832a212f03,"Hi, I want to know which cards are accepted and which currencies you support for payments and top up. Can I use my Visa, and can I add money in USD or EUR?",54,supported_cards_and_currencies,non_native_speaker
8b4a67bc-fba3-4da6-a5a1-a79ed3d21ff1,"Hi, I want to add money with my card, but I am not sure which cards you accept, and in what currencies. Can you tell me if my Visa Master card is ok, and what currencies are supported for top up?",54,supported_cards_and_currencies,non_native_speaker
014a6c03-15d7-420f-a9f6-307f4c364757,"Hi, please help me. What cards you support, and what currencies can I use? I want to know before I add money or pay.",54,supported_cards_and_currencies,non_native_speaker
386f09f9-b83d-461a-8be0-2a400e11cd85,"Hi, I want to add money now. Which cards you support for top up? And what currencies you accept for this? I have a credit card, please tell me if it works.",54,supported_cards_and_currencies,non_native_speaker
88b9969f-5af1-419a-98d1-aafe377398f9,"Hi, I want to ask about my payment options. Which cards you support, and which currencies you accept now? I need to know if my credit card is ok and if you take my currency too.",54,supported_cards_and_currencies,non_native_speaker
5f4ae595-ecaa-4040-81df-b2ed99d4dc3f,"Hi, I want to add money, but I am not sure which cards are supported and which currency I can use. Can you tell me exactly list, please?",54,supported_cards_and_currencies,non_native_speaker
87e50472-62a0-4cdc-8696-6e6fb109d204,Supported top-up cards? Supported currencies?,54,supported_cards_and_currencies,short_wording
001bda71-5483-4929-96b4-02879fcdb07e,Supported cards and currencies?,54,supported_cards_and_currencies,short_wording
41165c62-d5a5-42f7-aaa1-969577e3ba3b,Supported cards? Supported currencies?,54,supported_cards_and_currencies,short_wording
89305320-b694-49cb-a674-cb63869a3a16,Supported cards and currencies?,54,supported_cards_and_currencies,short_wording
75b6fd53-6abb-4b82-bd37-b18dd137c6e0,Supported cards and currencies?,54,supported_cards_and_currencies,short_wording
f0c218eb-4f71-48ec-a369-580c44b6c0a9,Supported cards and currencies?,54,supported_cards_and_currencies,short_wording
bf630e03-050c-4685-a60f-083e8215b5f3,"I want my account gone for good—stop dragging your feet and just delete it now, because your service has been a mess and I’m done.",55,terminate_account,angry_layperson
178d5616-f575-4415-9321-3a0988cab418,"I want you to get rid of my account ASAP—delete it and stop all this nonsense, I’m fed up and I want it terminated right now.",55,terminate_account,angry_layperson
8c98ce91-e5a3-48ff-8f58-6d0672ca6a3c,I’m sick of this mess—cancel my account and delete everything tied to it right now. Stop dragging your feet and just do it.,55,terminate_account,angry_layperson
81a02836-be7b-42d7-baee-18d32c2b4db8,"I’m sick of this, I want to shut my account down for good right now and get it fully deleted—don’t make me jump through hoops, tell me exactly what to do.",55,terminate_account,angry_layperson
09ae7895-782b-4251-abea-6a18311fa871,"I want you to shut down and close my account for good—stop dragging this out and do it now, because your service has been a total nightmare.",55,terminate_account,angry_layperson
a8bd341f-baf0-46a0-9780-3a99d5de6a2e,"I want you to shut my account down and delete it for good—stop dragging this out. Your service is trash and I’m done, so do it now.",55,terminate_account,angry_layperson
8afa5ce5-02d1-4435-880f-beef6882e6b3,I need to close my account immediately now do not delay I cannot access anything and I want everything shut down today confirm the closure in writing right now,55,terminate_account,panicking_emergency
fde04828-a7a0-4482-85a8-e8360c06f187,I need to close my account now Please do it immediately I cannot keep using it anymore I need confirmation today I am locked out and support keeps looping me back,55,terminate_account,panicking_emergency
ee63928a-06c6-4c57-b4ae-2460a7f17aa8,I need my bank account deleted now I am being charged and I want it shut immediately do it today no more delays confirm the deletion right now,55,terminate_account,panicking_emergency
8184b433-0132-4a50-be70-731da6f4ea75,I need you to close my account now immediately. I want my access cut off today. Stop all payments from my account. Confirm you have processed the deletion. I cannot wait.,55,terminate_account,panicking_emergency
c37fd10d-dfc8-4cbb-aeb7-87e6ae3a3edf,I need to close my account right now I do not want this anymore stop it immediately verify me and confirm closure today I am locked out and I cannot wait,55,terminate_account,panicking_emergency
3d7d5b63-53c3-4ccb-89f7-b9190852e0c3,I need you to close my banking account now immediately. I am done with this. Stop all access and terminate it today. Confirm the closure by email right now.,55,terminate_account,panicking_emergency
82c79118-29ca-42f0-9d05-696ec16bdd2e,"Hello, I am writing to request the formal closure of my bank account; please advise the exact steps, required verification documents, and any timelines, and confirm that any remaining balance will be handled in accordance with your applicable procedures.",55,terminate_account,polite_expert
2b4189f1-dc56-49a1-97d1-ac9540d72162,"Hello, I would like to formally close my bank account at your earliest convenience and confirm the steps required to terminate all associated services, including any remaining balances and account-related payments.",55,terminate_account,polite_expert
6abb27b2-3d54-44a6-8407-b9bb54fbde00,"Good day, I would like to request the closure of my bank account and the permanent termination of my account access; please advise the precise steps required and confirm whether any remaining balances, scheduled transactions, or related fees must be settled prior to processing this request.",55,terminate_account,polite_expert
1ddafd71-c68e-4616-aa29-f133552bfaff,"Hello, I would like to formally request the closure of my bank account and the termination of all related services effective as soon as possible; please advise the required steps, any verification details you need from me, and whether any remaining balance or scheduled payments will be handled automatically.",55,terminate_account,polite_expert
2f542f17-7312-4483-b526-fc57c875bfb0,"Good day. I would like to formally request the closure of my bank account and the termination of its associated services; could you please guide me through the required verification steps, any outstanding balance or transaction settlement procedures, and the expected timeline for completion?",55,terminate_account,polite_expert
156bf1ec-37d7-4f36-8a82-1a500c13cb96,"Good day, I would like to formally request the closure of my bank account effective as soon as possible; please advise the exact steps, any documentation required, and how any remaining balance, pending transactions, and associated cards or standing orders will be handled.",55,terminate_account,polite_expert
4a3b26a1-fa32-4e4f-b5c2-c31e5eedba41,"Hi, I want to fully close my account ASAP—please delete it and stop any future charges.",55,terminate_account,gen_z_slang
cf1b051e-d796-4a87-af82-3a7ff78b9b54,"Hey, I wanna close/delete my account ASAP—please help me get it terminated and confirm once it’s done.",55,terminate_account,gen_z_slang
80974bed-de0b-4666-9484-7bf11573cf7f,"Hi, I wanna close my bank account ASAP—please help me get it terminated and confirm once it’s done.",55,terminate_account,gen_z_slang
78a281a6-492e-498a-9cda-ea0054c3892d,"Hey, I’m trying to close my bank account for good—how do I terminate it and get confirmation that it’s fully shut down?",55,terminate_account,gen_z_slang
f7bcfca6-2851-4789-a78e-8b604640cac6,"Hey, I wanna fully close my account ASAP—please help me delete it and confirm once it’s done.",55,terminate_account,gen_z_slang
609fe06b-7e1e-46e4-b64f-8955fc542943,"Hey, I need to delete/close my account ASAP—can you help me get it terminated and confirm when it’s done?",55,terminate_account,gen_z_slang
615fb213-fdcd-4800-993d-2ee0cf916cea,"Hi, I want to close my bank account now. Please delete it and stop all charges, because I am not happy with your service.",55,terminate_account,non_native_speaker
2c12b8ac-d6e8-4ad0-aebd-ff1c55e6227f,"Hi, I want to close my bank account and stop all my service. Please help me end it as soon as possible, I am not happy with it.",55,terminate_account,non_native_speaker
56030240-3643-4588-8621-790692c8f971,"Hello, please help me close my bank account and delete it ASAP. I don’t need it anymore, so please do it now.",55,terminate_account,non_native_speaker
dfbaf9df-7cac-4e34-92f4-eb18cb020dd9,"Hi, I want to close my bank account now. Please delete it and stop all future payments. What I need to do from my side?",55,terminate_account,non_native_speaker
a85da34d-7ff4-46bd-9726-2c42cbdd79e9,"Hello, I want to close and delete my bank account. Please help me with this, because I don’t need it anymore.",55,terminate_account,non_native_speaker
c2cfe250-f60a-4a37-aa9c-357e24c8d4a3,"Hi, I want to close my bank account. Please stop it and end it now. I don’t want this account anymore.",55,terminate_account,non_native_speaker
217597c0-80dd-4193-95b1-bb69df180b8a,Delete/close my account now,55,terminate_account,short_wording
a5877915-f163-4c2e-bf74-70a1e25d3af8,Please close my account permanently.,55,terminate_account,short_wording
cd5e583d-7946-4060-8a87-04df8d21a19f,"Close my account, please",55,terminate_account,short_wording
e397d66d-e20d-4309-971b-bd8bb278efe8,Request account closure ASAP,55,terminate_account,short_wording
62f6c156-13fc-4149-96ed-b8cc793c10ed,Request close account immediately.,55,terminate_account,short_wording
b77b1e29-24fa-4378-9b63-ccddece084c2,Please close and delete my account.,55,terminate_account,short_wording
358bdcd6-8cc0-49ac-9d10-0fc97fa6a865,"Why the hell are you charging me a fee just to add money by bank transfer, and how much is it exactly? Nobody told me I’d get hit with charges for doing this.",56,top_up_by_bank_transfer_charge,angry_layperson
5176a783-b3ec-4f13-99f8-c202fb819a9b,"Why the hell am I getting charged a fee just to add money from my bank transfer? Nobody told me about this, and it’s a rip-off—can you explain it and stop it from hitting my account again?",56,top_up_by_bank_transfer_charge,angry_layperson
ba85168f-9563-42c4-8d63-4f2ebceb7f96,"Why the hell are you charging me a fee for putting money in through my bank transfer? Nobody told me it would cost extra, and I want to know exactly what that charge is and why you’re taking it.",56,top_up_by_bank_transfer_charge,angry_layperson
4fcf38da-0562-4d96-8f44-7e0da2e309fc,"Why the hell am I getting charged a fee just to add money by bank transfer? Nobody told me this up front, and it’s getting ridiculous—tell me exactly what this charge is and why I’m being hit for it.",56,top_up_by_bank_transfer_charge,angry_layperson
ca09d354-0883-4e4e-aa4b-00eb3c43ff31,"Why the hell are you charging me a fee just to add money via bank transfer? How much is it exactly, because this is ridiculous and I want it clarified right now.",56,top_up_by_bank_transfer_charge,angry_layperson
b3e0b9a1-892f-4124-84be-4470e83f90e9,"Why the hell are you charging me extra when I add money from my bank transfer? I just want to know what fees you’re taking, because I’m not paying some surprise bullshit charge.",56,top_up_by_bank_transfer_charge,angry_layperson
16124a9c-77a8-4557-843a-ff1b69ecc99c,I just topped up by bank transfer and got charged extra I need to know the exact fee amount right now Why am I paying for this transfer charge How much will you take in total Please confirm the fee for bank transfer top ups immediately,56,top_up_by_bank_transfer_charge,panicking_emergency
1038f206-e090-40b0-826c-12e447d3e0f2,I just made a bank transfer top up and I need to know right now if you will charge me a fee for it. What is the exact amount and when will it be taken. I cannot find it in the app. Please confirm immediately.,56,top_up_by_bank_transfer_charge,panicking_emergency
0c731d97-36af-453c-bce7-42873b943706,I am about to top up using a bank transfer and I am terrified of surprise fees. Will you charge me for this transfer top up. Before I send anything tell me the exact cost and any extra bank charges I might get.,56,top_up_by_bank_transfer_charge,panicking_emergency
f62e5504-79d3-4917-bbb2-a41359a4a21d,I just tried to add funds from my bank transfer and I am terrified there will be a fee I did not expect Tell me the exact charge if any for bank transfer top up and whether you take it from my balance or the transfer amount,56,top_up_by_bank_transfer_charge,panicking_emergency
2a7a8444-4027-4206-adbf-77bf92bcf5e2,I just tried to add funds from my bank and I am terrified I will be charged extra fees Please tell me exactly what fee applies for a bank transfer top up and whether my bank will also charge something I need the total amount before it hits my account,56,top_up_by_bank_transfer_charge,panicking_emergency
8777938b-17e2-4b07-a209-b38ce0f71609,I just tried to add funds from my bank and they charged me again I need to know the exact fees for bank transfer top ups right now Are there extra charges on my side or on your side I am panicking I need the breakdown fast,56,top_up_by_bank_transfer_charge,panicking_emergency
9b5b7c07-e099-4c65-b889-896b4e5c6531,"Good day, I would like to confirm the fees associated with adding funds via bank transfer, specifically whether any charges apply on your side for initiating and processing the transfer, and whether I might also incur intermediary bank or receiving-bank costs.",56,top_up_by_bank_transfer_charge,polite_expert
dc5b570f-53f9-43a0-a7e0-3d157e65f97a,"Good day, I would like to confirm whether topping up my account via bank transfer incurs any additional fees, and if so, what the exact charge amount or percentage would be, as well as whether it is deducted from the transferred sum or applied separately to my bank balance.",56,top_up_by_bank_transfer_charge,polite_expert
85c526c5-74f0-494d-96d9-b1dc8b2ed143,"Good day, I would like to confirm the total fees that may apply when I add funds to my account via a bank transfer, including any charges levied by your institution or reflected from the sender’s bank, and whether these costs are deducted from the transferred amount or charged separately.",56,top_up_by_bank_transfer_charge,polite_expert
e6c150f0-6897-4bbe-9d4b-71972b212685,"Good day, I would like to confirm the fees that may apply when adding funds through a bank transfer into my account, including whether any receiving charges are levied by your bank and, if relevant, any additional intermediary or correspondent bank costs.",56,top_up_by_bank_transfer_charge,polite_expert
ad402fd7-16c7-4406-a512-fc94839ee789,"Good day, I would like to understand the fees associated with topping up my account via bank transfer, specifically whether any charges apply on my side or on your side, and how the total cost is calculated.",56,top_up_by_bank_transfer_charge,polite_expert
69ed70e4-dfef-4af9-8a14-e556dd007bef,"Good day, I would like to understand the fees that may apply when I add funds to my account via a bank transfer; specifically, could you confirm whether any charges are applied on your side and, if relevant, what typical costs or transfer-related fees I should expect from my bank?",56,top_up_by_bank_transfer_charge,polite_expert
00eae664-0c06-4b71-b91d-ebcbcd267dd9,"Hey, quick q—when I add funds via bank transfer, are you gonna charge me a fee? If yes, how much exactly, and does it vary by bank/country?",56,top_up_by_bank_transfer_charge,gen_z_slang
deb94fa2-8e63-40da-ad96-795dac771ed9,"Hey, quick q—if I top up using a bank transfer, do you guys charge any fees, or is it totally free?",56,top_up_by_bank_transfer_charge,gen_z_slang
28a27de4-fc43-4c42-86a5-f472fb0a1a3e,"Hey, quick q—when I add money via bank transfer, do you guys charge me a fee, and if yes, how much exactly?",56,top_up_by_bank_transfer_charge,gen_z_slang
69541817-e375-4990-b36d-f3c800550bd2,"Hey, I’m planning to add funds via bank transfer—what fees am I gonna get charged for that, and does it depend on the country/bank?",56,top_up_by_bank_transfer_charge,gen_z_slang
19635722-7cdb-4170-bb7d-c06e5387fe57,"Hey, if I add funds to my account via bank transfer, will there be a fee charged on my side, and if yes, how much exactly?",56,top_up_by_bank_transfer_charge,gen_z_slang
39923472-473a-4868-a04f-588afd36baf3,"Hey, quick question—if I top up using a bank transfer, will you charge me anything on my end, and if yes, how much exactly?",56,top_up_by_bank_transfer_charge,gen_z_slang
0bde47eb-d3f8-4d42-9152-0133a4ef54e9,"Hi, I want to add money by bank transfer, but can you tell me if there is any fee or extra charge for this? I just want to know the exact cost before I do the transfer.",56,top_up_by_bank_transfer_charge,non_native_speaker
82b78bd0-df4f-41eb-bc17-83ea64870144,"Hi, I want to add money by bank transfer, but I see some fee. Can you tell me exactly how much charge you take for this transfer top up?",56,top_up_by_bank_transfer_charge,non_native_speaker
e200aa09-c9c7-4015-abe7-ee2d1462b1a1,"Hi, I want to add money by bank transfer. How much fee will you charge me for this top up? And if I send more, fee change also?",56,top_up_by_bank_transfer_charge,non_native_speaker
ec72211d-1d67-4e58-913d-1cca34a1c041,"Hi, I try to add money by bank transfer, but I want to know the fee for this. Can you tell me how much charge will be, and when it will show?",56,top_up_by_bank_transfer_charge,non_native_speaker
0d4778a8-cce4-4d3f-b976-d8ad3701510f,"Hi, I want to add money by bank transfer. Can you tell me how much fee they charge for this? SEPA or bank transfer, I just want the exact amount.",56,top_up_by_bank_transfer_charge,non_native_speaker
117bf068-8b27-4d90-9f03-0b39cb8e1750,"Hi, I want to add money using bank transfer, but I am worry about fees. Can you tell me if there is any extra charge for this, and how much will be taken from my bank side?",56,top_up_by_bank_transfer_charge,non_native_speaker
d559d0cb-7159-4fc7-a80b-dabde85976e5,Transfer top up fee amount? Charged amount?,56,top_up_by_bank_transfer_charge,short_wording
a9538593-a3ad-4f12-9a30-5a39f50e7ca1,Bank transfer top up fees? Charges amount?,56,top_up_by_bank_transfer_charge,short_wording
431511e4-333c-4d14-bac8-d58839966726,Bank transfer top-up charge?,56,top_up_by_bank_transfer_charge,short_wording
89624c4d-6c97-4370-bba5-1c9523696870,Bank transfer top-up fee?,56,top_up_by_bank_transfer_charge,short_wording
f064ba66-5f1e-4f8d-a27f-0f87dee434fb,Bank transfer top up fee?,56,top_up_by_bank_transfer_charge,short_wording
d7d105fc-f7b7-49c5-9c9a-ccc72f965a45,Transfer top-up fees? Amount?,56,top_up_by_bank_transfer_charge,short_wording
87217fe4-5c74-4978-b7dd-d1d475383b19,"I just tried topping up with my card and it’s not going through, so now I’m stuck waiting while you people probably took my money—what the hell is going on and when are you refunding or fixing it?",57,top_up_by_card_charge,angry_layperson
6c317c51-0aee-4e3a-991a-d63419540bc0,"I tried to add money with my card and it just keeps failing, and I’m sick of wasting time—what the hell is the card top-up fee or charge, and why won’t it go through?",57,top_up_by_card_charge,angry_layperson
26c3cbe5-a9f8-4c69-a52f-f274b04458a3,"I tried adding money with my card and now I’m getting hit with charges like crazy—what the hell is going on, why am I being charged just to top up, and how can I stop this nonsense?",57,top_up_by_card_charge,angry_layperson
baf7f8fb-8cd4-4832-8e5b-ef3e492ff5ef,"I just tried to add money with my card and it’s not going through, and now I’m sitting here worried I’m getting charged for nothing—what the hell is going on and how much are you taking from me if this fails?",57,top_up_by_card_charge,angry_layperson
30b571a3-ff91-4f40-b85e-9e010396f4f0,"I just tried to add money with my card and I got hit with extra charges—what the hell is this, and why wasn’t I told upfront?",57,top_up_by_card_charge,angry_layperson
ca6ce234-e7e8-43e7-8350-916a248479f3,"I just tried to add money to my card and now I’m getting charged like crazy for it—how is this not a scam? I need to know why you’re taking extra money when I’m just topping up, and I want it sorted out right now.",57,top_up_by_card_charge,angry_layperson
f3213bec-da20-4bd8-99f3-4ae74a3bda39,I tried to add money with my card and it failed at checkout I am stuck with no funds I need this fixed now Please tell me the exact fee and whether any extra charges apply and why the charge did not go through,57,top_up_by_card_charge,panicking_emergency
f1af59c4-dbad-4876-a324-b46ee82020d5,I tried topping up with my card now and it charged me but the balance did not change I need to know immediately if there is a fee or double charge happening right now Please confirm the exact card charge amount and when the funds will appear,57,top_up_by_card_charge,panicking_emergency
0ae123a8-ab67-468c-8171-8d5b83ff39f0,I tried to add money using my card and now I need to know right now if I was charged a fee or if any extra amount was taken from my card please confirm the exact amount charged and whether there will be any additional charges,57,top_up_by_card_charge,panicking_emergency
0971385f-950e-4b56-9e0c-bea8366369e3,I tried to add money with my card and it shows as charged but my balance did not update yet I need this fixed now Is there a fee or extra charge for card top ups and will I get the money back if it failed,57,top_up_by_card_charge,panicking_emergency
900be032-fe5b-4cd1-b739-58eff58341cb,I tried to add money with my card and it says the charge failed but my bank shows a pending charge right now I need the top up fixed immediately I cannot wait please confirm if I will be charged and when the money will be returned if it was declined,57,top_up_by_card_charge,panicking_emergency
79dfd244-6913-4883-8b2a-33f86dca5c6d,I tried to top up using my card and it keeps failing right at the charge step. I need the funds in my account now. Please confirm if any extra fee will be taken by the card issuer or by you. I am getting no clear status and I am stuck.,57,top_up_by_card_charge,panicking_emergency
768739f7-09f1-4930-a898-d8fbaa38ffcf,"Hello, I would like to add funds to my account using a bank card, but I am concerned about the charges associated with this method—could you please confirm whether any fees apply, and whether the amount charged is the same as the top-up value shown before I authorize the payment?",57,top_up_by_card_charge,polite_expert
51406025-1640-40f2-bd94-7552ec35fe3e,"Good day, I would like to ask about the card top-up process: when I charge my account using a bank card, what exact fees (including any percentage or fixed charges, and any taxes) will be applied, and will the card issuer also charge any additional amount?",57,top_up_by_card_charge,polite_expert
8cb51d6b-c044-4786-b716-9453a914fa8e,"Good day, I attempted to add funds to my account using my debit card, but the charge has not reflected in my available balance; could you please confirm whether the payment was successfully processed and advise on any applicable card fees and expected posting time?",57,top_up_by_card_charge,polite_expert
c93082ca-83bb-4156-b027-3a02ad8581ba,"Good day, I would like to confirm whether any additional fees or charges apply when I add funds to my account using a bank card, and whether the amount shown for the top-up includes any card-related charges from my card issuer.",57,top_up_by_card_charge,polite_expert
f627cec3-bc4a-45bc-a804-5e8b0383c9b8,"Good day, I would like to confirm how I can add funds using my bank card, and also whether any charges or fees apply to card-based top-ups, including the exact amount and the applicable exchange rate if relevant.",57,top_up_by_card_charge,polite_expert
818ccd06-a5a1-4c15-b1bc-501858318982,"Good day, I would like to add funds to my account using my bank card, and I would appreciate it if you could confirm the exact fees and any potential additional charges (including currency conversion costs, if applicable) that may be applied when I complete a card top up.",57,top_up_by_card_charge,polite_expert
c110d22a-6581-415a-8730-f074d5c59fa0,"Hey, I just tried topping up my account with my card and I’m seeing a card charge—can you confirm if there’s an extra fee for card top-ups (especially if it’s an international/EU bank card) and whether that charge is normal?",57,top_up_by_card_charge,gen_z_slang
f83e30dc-69cb-46f2-8abb-7936074d2531,"Hey, I just tried to add money to my card and the charge went through—can you tell me why my top-up shows as pending and whether I’ll get charged twice?",57,top_up_by_card_charge,gen_z_slang
074c150d-5f61-4e23-a1b0-73d403d78598,"Hey, I tried adding money with my card and I got charged—can you tell me why I’m being billed and what the actual fee is for card top-ups?",57,top_up_by_card_charge,gen_z_slang
84d27540-23b6-42be-b59e-23a6094242a8,"Yo, I tried topping up with my card and I wanna make sure—am I gonna be charged any extra fees for that, and if so how much?",57,top_up_by_card_charge,gen_z_slang
3138ba8a-e693-4d39-8d91-a78f9c9c97d5,"Hey, I tried topping up with my card and it got charged, but the balance didn’t update—any idea what fees or pending charges I should expect and when it’ll go through?",57,top_up_by_card_charge,gen_z_slang
e6420382-4042-4643-9112-e77776e5763c,"Hey, quick q—if I do a card top-up, do you charge any extra fees, and is there a diff fee depending on if my card’s from a European bank or not?",57,top_up_by_card_charge,gen_z_slang
272f2baa-a47b-43fe-b3e5-eb7f8938a2f3,"Hi, I want to add money using my card, but I see a charge on the card statement. Please tell me what fees are for this card top up, and why it is charged.",57,top_up_by_card_charge,non_native_speaker
582d32b7-3912-4a15-8f8e-f048144c98be,"Hi, I want to add money using my card, but I want to know the fee for this top up. Can you tell me how much they charge, and where I can see it?",57,top_up_by_card_charge,non_native_speaker
b7e787ba-d3ed-4e8f-b5e5-a1828ee77239,"Hi, I want to add money to my account using my bank card, but I don’t know how much charge will be taken from my card, and if there is any extra fee. Can you check for me?",57,top_up_by_card_charge,non_native_speaker
dfdb2d9f-33a8-4068-a6d0-71779bc47119,"Hi, I want to add money to my account using my bank card, but I am not sure if they will charge me extra for this. Can you tell me the fee and how much it will be?",57,top_up_by_card_charge,non_native_speaker
7d700663-ace5-4b94-a6d7-6260349e4447,"Hi, I try to add money by card, but I want to know clearly: do you take any fee or extra charge for this top up?",57,top_up_by_card_charge,non_native_speaker
f65ff2af-4b7e-45c7-8f5c-ea285c16cb2c,"Hi, I try to add money from my card, but I see a charge already. Can you tell me what is the fee or extra charge for this top up?",57,top_up_by_card_charge,non_native_speaker
f6f6c356-d644-4ade-9105-e4cdc9eb3d47,Card top up charged? Fees?,57,top_up_by_card_charge,short_wording
e6114fcb-af1f-4366-82bf-b6646593fa65,Card top-up fee? Extra charges?,57,top_up_by_card_charge,short_wording
1ad562a4-41e9-4cd2-9fbd-6fcbc8b02f6e,Card top up fee? Charges?,57,top_up_by_card_charge,short_wording
236509b6-bc2e-46ca-b85a-6e60614c3489,Card top up charged twice?,57,top_up_by_card_charge,short_wording
4b2c80d9-636f-432f-92a2-20a4e8f7ad1f,Card top up fee? Charges?,57,top_up_by_card_charge,short_wording
a3626f99-3852-48de-ac3a-b9cef4e088df,Card top up fee? Extra charges?,57,top_up_by_card_charge,short_wording
46a22dc9-22e3-4de1-926c-7ac3d068b55a,"I’m trying to put money into my account using cash or a cheque, and nobody’s giving me a straight answer—what the hell do I do with this cheque and where do I deposit cash, because I’m getting nowhere.",58,top_up_by_cash_or_cheque,angry_layperson
b1eb8d8d-0988-4317-9a51-508f14ce3401,"I’m fed up—can I actually put cash or a cheque into my account to add money, or not? Tell me exactly where I’m supposed to go and what I need, because this is ridiculous.",58,top_up_by_cash_or_cheque,angry_layperson
ad4e69ce-8934-4685-839b-985e59ebf54b,"I’m trying to add money to my account with cash, but nobody’s giving me a straight answer—what do I do exactly, and where do I go? This is getting ridiculous.",58,top_up_by_cash_or_cheque,angry_layperson
09cfd2c5-82c9-49f4-afd8-198ea6f2ba33,"What the hell—why can’t I add money using a cash deposit or a cheque anymore? I’m trying to top up and it keeps getting blocked, and nobody’s giving me a straight answer.",58,top_up_by_cash_or_cheque,angry_layperson
ade405e0-b68a-4159-b9f5-19770aa21aa4,"I’m trying to add money using cash or a cheque, and for the life of me I can’t figure out how to do it—where the hell is that option, and why is it so hard to find?",58,top_up_by_cash_or_cheque,angry_layperson
3c1d0bcc-596f-494c-a341-de9ecd7968e0,"I’m sick of this—can I actually put money in using cash or a cheque, or is this just another way to block me? Tell me straight what you accept and how I do it.",58,top_up_by_cash_or_cheque,angry_layperson
637fb62d-14de-493e-b8ea-8cef17c3e90c,I need to add money right now and the app only shows card options. I have cash. I also have a cheque. Where do I do it. Is cash accepted. Is cheque accepted. I cannot find the option anywhere. Please tell me the exact steps fast.,58,top_up_by_cash_or_cheque,panicking_emergency
aba6b621-481b-466b-bdb9-e57ab1dd1da0,I need to top up my account today but I cannot find any option for cash or cheque loading anywhere. Where is it. I am stuck at the screen. Please tell me how to do it right now.,58,top_up_by_cash_or_cheque,panicking_emergency
8f0703b8-265e-4728-bec5-54d77b809818,I need to add money to my account right now by cash or cheque. Where do I do this. Which branches accept it. What documents do I need. I cannot wait. Please tell me the exact steps and limits today.,58,top_up_by_cash_or_cheque,panicking_emergency
61f74e9f-2476-4d08-8457-66a926121b88,I need to add money using cash or cheque right now. I cannot find any option for it in the app. What do I do next. I am stuck and time is running out.,58,top_up_by_cash_or_cheque,panicking_emergency
0afa147a-0ede-4d98-98bb-5762e634e19c,I need to add funds by cash or cheque right now but the app says I cant do it. Where do I deposit the cheque or cash. I have the cheque ready I need it credited today. Tell me the exact steps and locations fast.,58,top_up_by_cash_or_cheque,panicking_emergency
7d83be81-bd5e-492b-a75c-c224a70e51a7,I need to add money by cash or cheque today. My app will not let me do it. Do you accept cash deposits or cheques at all. Where can I take it and what details do I need. Please reply fast.,58,top_up_by_cash_or_cheque,panicking_emergency
6438d231-ec23-4ff0-b0dd-695ca12b6d91,"Good day, I would like to add funds to my account using cash or a cheque; could you please confirm what options are available, the applicable limits, and the quickest way to complete the top-up successfully?",58,top_up_by_cash_or_cheque,polite_expert
a2d2b323-9a8e-44de-ad7a-c26da1705ecd,"Good day, I would like to add funds to my account using cash or a cheque; could you please advise the available options, the nearest places where I can make the deposit, and any identification or deposit requirements I should meet?",58,top_up_by_cash_or_cheque,polite_expert
d8007426-2cbd-496a-af70-e1799b7e2a18,"Hello, I would like to confirm whether I can add funds to my account by making a cash deposit or by paying in a cheque at your branch, and please advise what identification and deposit details are required to complete the transaction successfully.",58,top_up_by_cash_or_cheque,polite_expert
ac6bb670-b330-4364-9694-26967c7b27b0,"Good day, I would like to add funds to my account using cash or a cheque; could you please advise the available deposit options, the required account details, any identification or deposit slip needed, and the typical time it takes for the funds to become available?",58,top_up_by_cash_or_cheque,polite_expert
556fb143-ac20-492f-9498-990cf14880b1,"Good day, I would like to add funds to my account using cash or a cheque; could you please confirm which of these deposit methods you accept, and advise on the steps, applicable limits, and the expected time for the funds to become available?",58,top_up_by_cash_or_cheque,polite_expert
b8b27290-59ab-43e2-82e8-853a74cbbd2e,"Good day, I would like to add funds to my account using cash or a cheque, and I would appreciate it if you could confirm which of these payment methods are currently supported, the required steps at your end, and any applicable limits or identification/documentation requirements.",58,top_up_by_cash_or_cheque,polite_expert
671bcabc-aa88-4b20-8175-017355ed0e33,"Yo, how do I add money to my account using cash or a cheque—like where do I do it and what’s the process?",58,top_up_by_cash_or_cheque,gen_z_slang
2c5563e2-6a6a-4932-8aa0-17d974397f3d,"Yo, can I top up my account with cash or a cheque? If yes, what locations/steps are needed, cuz I don’t wanna mess it up.",58,top_up_by_cash_or_cheque,gen_z_slang
9007e509-8ce4-413c-b66c-c1abae4f3f7f,"Hey, quick q—can I add money to my account using cash or a cheque, or is it card/transfer only?",58,top_up_by_cash_or_cheque,gen_z_slang
a0df5d5a-8ae5-4dbb-af15-8d200384c6df,"Hey, I’m trying to add money using cash (or cheque) but I can’t find the option anywhere in the app—can you tell me how to do a cash/cheque top-up?",58,top_up_by_cash_or_cheque,gen_z_slang
b953f3f0-2662-4538-9aa9-a3009daf891a,"Hey, quick one—how can I add money to my account using cash or a cheque? I don’t see that option anywhere.",58,top_up_by_cash_or_cheque,gen_z_slang
61d1c1da-0c28-4194-a90f-6845461c1ccd,"Hey, can I add money to my account using cash or a cheque, or do I have to use a card/bank transfer only?",58,top_up_by_cash_or_cheque,gen_z_slang
5a4494e1-2c9d-41e7-aaff-b99ef6495502,"Hi, I want to add money to my card, but I only have cash or cheque. How can I do it? Is there a way to top up with cash or cheque in your app?",58,top_up_by_cash_or_cheque,non_native_speaker
f102e3f1-040b-4736-b07d-131543dbe197,"Hi, I want to add money to my account, but I want to use cash or cheque. Do you accept cash top up or cheque top up?",58,top_up_by_cash_or_cheque,non_native_speaker
72d1409d-7b67-4f6d-b472-479e8c93067a,"Hi, I want to add money to my account, but I only have cash and also a cheque. Can you tell me how to do this, please?",58,top_up_by_cash_or_cheque,non_native_speaker
a15af9e2-2e91-4b4c-92b6-35209691b88f,"Hi, I want to add money to my account, but I have cash and also cheque. Can I do it like this? Where I can go or what I need to use?",58,top_up_by_cash_or_cheque,non_native_speaker
80853f57-3bce-4d69-bf41-959bf42481be,"Hi, I want to add money to my account using cash or cheque. Please tell me how I can do it, and where I can submit it.",58,top_up_by_cash_or_cheque,non_native_speaker
2cade471-f3ac-4ea5-809f-aaed5b31aec8,"Hi, I want to put money to my account, but I want to do it with cash or cheque. Where can I go to do that, and what documents I need?",58,top_up_by_cash_or_cheque,non_native_speaker
deb7bca5-6399-47f0-9122-65f27d7b03a9,Cash or cheque top up? How to do it?,58,top_up_by_cash_or_cheque,short_wording
3ca458d7-409d-4bec-a7f2-36e6653f767b,Can I top up by cash or cheque? How?,58,top_up_by_cash_or_cheque,short_wording
0d7f6aaf-0bd5-4569-9c16-0f17226e1224,Cash or cheque top up option?,58,top_up_by_cash_or_cheque,short_wording
7ede5a0c-b8b6-4d18-bdb8-c0d31834c9a4,Can’t find cash or cheque top-up option,58,top_up_by_cash_or_cheque,short_wording
ffb31c96-45ee-4248-832c-aa844937d668,Cash or cheque top up? Steps and limits?,58,top_up_by_cash_or_cheque,short_wording
1e831aa8-2621-4829-a075-04a31a6ab366,Cash or cheque top up?,58,top_up_by_cash_or_cheque,short_wording
951e60df-b405-4a91-b423-711858d1c2a5,"I tried to add money and it just failed, and now I’m stuck—stop jerking me around and tell me right now why it didn’t go through and what you’re doing to fix it.",59,top_up_failed,angry_layperson
0ae56f3f-dde3-442a-aa85-360f9501b4f6,"I tried to add money to my account and it didn’t go through—what the hell happened to my cash, and when am I getting it back?",59,top_up_failed,angry_layperson
2d5d50e5-270b-483e-879b-40aec70862ec,"I tried to top up and it didn’t go through at all—money’s just sitting there like a joke, and your app refuses to accept it. What the hell is going on, fix this now.",59,top_up_failed,angry_layperson
a778a78b-a786-40e7-86a2-0458bdc64722,"I tried adding money to my account just now and it flat out failed again, so now I’m stuck with no funds and no explanation—what the hell is going on, fix it and tell me why it didn’t go through.",59,top_up_failed,angry_layperson
730bcfe9-48dd-4d26-9ee5-a805db21e7c4,"My damn top up didn’t go through again, it just got rejected and I’m stuck with nothing—what the hell is going on?",59,top_up_failed,angry_layperson
9f347825-6469-4bce-b016-10787a02cd47,"I tried to add money to my account and it just failed again, I’m sick of this—where’s my money and why won’t it go through?",59,top_up_failed,angry_layperson
3c19861e-dd75-4d14-9532-a43cdc1ec9c7,I tried to add funds and it failed again. Money did not arrive. Please stop the pending charge and confirm if my top up went through or not. I need this fixed now.,59,top_up_failed,panicking_emergency
41bd4c7e-0db5-40bb-bd68-5deac2ec179a,"I tried to add funds right now and it failed  
Money not added  
The app says denied  
Please fix fast  
I need the top up working immediately",59,top_up_failed,panicking_emergency
ea85f0d3-2fdf-4aa5-a422-268104cc80fe,My card top up failed again right now I tried twice No funds added The app just says it was not accepted I need this fixed immediately Please check my transaction status and refund if it went through,59,top_up_failed,panicking_emergency
2c393eb8-b087-40fb-8628-fc0a36b086b9,My card top up failed again tonight. Money is stuck and the balance did not change. I need this fixed fast now. Please check the transaction and confirm what happened.,59,top_up_failed,panicking_emergency
2810634f-7e74-4a69-a1aa-c54d9f894cfa,My card top up failed again I tried twice now it did not go through I need the money back immediately or the top up to complete please check my account right now I cannot get into service without it,59,top_up_failed,panicking_emergency
d97e1cf2-3bad-482c-bd3d-b79ea660daa7,My card top up just failed again I need it fixed now the funds did not add and the charge is stuck I cannot wait please tell me why it failed and what I can do to get it completed today,59,top_up_failed,panicking_emergency
531928cf-04d1-41f7-a729-b78ec4878e97,"Hello, I attempted to add funds to my account, but the transaction did not complete successfully; could you please explain why the top-up failed and advise what checks I should perform to confirm the status of my payment and the next steps to restore the funds if they were not credited?",59,top_up_failed,polite_expert
f237a054-06e5-489a-aabc-24bb742f5321,"Hello, I am contacting you because my recent card top-up did not complete successfully; the amount was not credited to my account, and I would like to understand the reason it was declined or failed, as well as what steps I should take to resolve it and confirm whether the funds will be released back to my card.",59,top_up_failed,polite_expert
75933077-26ed-41b4-9ff4-3583af53c125,"Good day, I attempted to add funds to my account through the app, however the top-up did not complete successfully; could you please investigate why the transaction was declined and advise on the next steps, including whether the amount should be reversed or retried?",59,top_up_failed,polite_expert
98e3b85c-ca78-484b-b7f1-cd161369bf41,"Good day, I attempted to add funds to my account using my card today, however the transaction did not complete successfully and the top-up failed; could you please review the attempt and advise what may have caused the decline and what steps I should take to complete the deposit?",59,top_up_failed,polite_expert
538fdd4f-4981-45d3-9e1b-75a4eb83e2a1,"Good day, I would like to request assistance because my recent account top-up attempt was not successful, and I need you to verify the transaction status and confirm what caused it so I can resolve the issue promptly.",59,top_up_failed,polite_expert
6088ba46-304c-48fe-be68-84639b3407fe,"Good day, I attempted to add funds to my account via a credit card, but the transaction did not complete successfully and the top-up was rejected; could you please investigate the reason it failed and advise what I should do next to complete the payment?",59,top_up_failed,polite_expert
04fedfeb-6883-4caf-ace6-8a511fc37b14,"Hey, I tried to top up and the payment just didn’t go through—my balance didn’t change. Can you check what happened?",59,top_up_failed,gen_z_slang
a8bc0c95-efb5-4ea3-b782-3a3151cebc65,"Hey, my card top-up didn’t go through—money didn’t land and it says it failed. Can you check what happened and get it sorted?",59,top_up_failed,gen_z_slang
ca773b53-6157-4ae4-82f3-6cf2d56dc84e,"Hey, I tried to top up my account today and it just failed at the last step—no success, no clear reason. Can you check what happened on your side and tell me why it got denied?",59,top_up_failed,gen_z_slang
37c59813-558b-41e4-a8ae-47d276e2f9cd,"Hey, I tried to add funds and it just didn’t go through—transaction failed and my balance didn’t get updated. What’s up with that?",59,top_up_failed,gen_z_slang
22269ed9-fb6e-416c-8c69-c29965677b53,"Hey, I tried topping up my card earlier today, but the payment didn’t go through and it failed—any idea why this happened? It worked just fine a couple days ago, so I’m kinda confused.",59,top_up_failed,gen_z_slang
d5625952-8bc0-468e-bf3d-30276b99b63b,"Hey, I tried to top up my account, but it keeps getting denied and the payment doesn’t go through—any idea why?",59,top_up_failed,gen_z_slang
b895aa92-2d3c-4679-95d4-7219aa29abec,"Hi, I tried to add money to my account, but it failed. The app says it was not added, and I dont know why. Can you help me check what happend and fix it?",59,top_up_failed,non_native_speaker
ec2f3fc7-7b1f-49f3-ae28-ccfb16534464,"Hi, I tried to add money to my account, but the top up failed. The payment was ok, but it not added. Can you check what happened?",59,top_up_failed,non_native_speaker
c6546e44-bd2e-43fb-8771-6db187fe6971,"Hi, my top up was not successful. I tried again today but it still did not go through, and the app shows it failed. Please help me fix this and tell me what I should do next.",59,top_up_failed,non_native_speaker
c318ab4b-dddf-48f0-9d4f-4fe8366d0412,"Hi, my top up did not work. It failed and money not added, please help me check why.",59,top_up_failed,non_native_speaker
681f75da-2000-41f7-afe0-a0547becf19e,"Hi, I tried to add money to my card today, but it was not successful. The app just shows failed and I don’t know why. Can you please check my account and tell me what is going on?",59,top_up_failed,non_native_speaker
9fc7c45b-a9c9-4d03-8e4f-e10c2ab07f6f,"Hi, I try to add money, but the top up failed. Money not added to my account and I need help, please tell me what happened.",59,top_up_failed,non_native_speaker
d3564ccb-2f9b-4eed-a35a-4971fed28bfa,Top up failed. Still pending. Please check?,59,top_up_failed,short_wording
f97735f5-7094-4faf-b3dc-edc5f5861ace,Top-up failed on card today. Why?,59,top_up_failed,short_wording
98ce7174-26d9-42f4-9dd0-b7529a3d6cec,Card top up declined; funds not added.,59,top_up_failed,short_wording
83c64a31-44d9-4e46-887a-4f4b60f1fb6b,Top up didn’t go through. Need help.,59,top_up_failed,short_wording
0a94ac7b-123d-4f5b-a6d8-c0942eb3b70a,Top up failed at checkout,59,top_up_failed,short_wording
7a3ffea4-6573-4d86-828c-1bfbf0d46ee1,"Top-up failed, funds not added.",59,top_up_failed,short_wording
80787f4c-4369-4e67-8df3-76de4da2d934,"What the hell are the top-up limits on this thing—what’s the max amount I’m allowed to load, because I’m not trying to waste time only to get blocked.",60,top_up_limits,angry_layperson
95a08003-d4cc-4511-a3b2-d17e7ee52fa5,"Why the hell is my top-up limit so damn low? I’m trying to add money and it keeps getting blocked—fix it or tell me how to raise the limit, because this is ridiculous.",60,top_up_limits,angry_layperson
b15a648c-0129-4740-a7bf-76f27ddfc1d5,"Why the hell is there a cap on how much I can add money, and what’s the exact maximum I’m allowed to top up in one go and in total?",60,top_up_limits,angry_layperson
77e28358-fe96-4689-a3a3-0feac72e020d,"What the hell, why is there a limit on how much I can add to my card at once—tell me straight what the top-up limits are, because this keeps blocking me and it’s driving me nuts.",60,top_up_limits,angry_layperson
f086757b-ebe1-4ac7-b1aa-d53cba1899a9,"Why the hell is there a stupid limit on how much I can add to my balance, and how am I supposed to know what that cap is before I try?",60,top_up_limits,angry_layperson
750cf07d-c608-468d-951e-5750b83e1065,"Why the hell is there a limit on how much I can add to my balance? Nobody told me the max amount, and I keep getting stopped mid-transfer—tell me exactly what the highest limit is and how I can change it.",60,top_up_limits,angry_layperson
93d2597e-9807-4844-b65f-78b1349e062e,I cannot figure out my top up limits. How much am I allowed to add in one go. And how much per day and per month. It keeps stopping. I need the exact limits now.,60,top_up_limits,panicking_emergency
828dbb4a-0091-4408-897b-d83430b92817,I am panicking now. I need to top up today. What is the maximum limit per top up and per day. Please tell me before I try and fail,60,top_up_limits,panicking_emergency
9331a960-fabc-438a-a26b-b0ef9efc2297,I need to top up now but it is blocking me saying a limit reached. What is the top up limit per day and per transaction. I cannot complete payment. Fix this now please.,60,top_up_limits,panicking_emergency
72a2db95-50f1-4c41-b3f4-e80596b98d29,I need my top up limits today. I keep getting blocked. It says limit reached even on small amounts. What is my daily and per transaction limit. Please tell me how to raise it or fix it right now.,60,top_up_limits,panicking_emergency
3dbd6436-6c6a-4d30-97c2-951c6fee9574,I cannot find the limit for topping up my account. What is the maximum I can add in one go and per day. I need to know right now before I try another payment.,60,top_up_limits,panicking_emergency
f33cf93d-b7ae-4d9f-90c2-5b3ac1bff1a3,I need to top up right now and it keeps blocking me I do not know the limit for how much I can add in one go and per day Please tell me the exact top up limits fast,60,top_up_limits,panicking_emergency
fbd2454e-9251-49a8-85eb-c4937fd918ed,"Good day; I would like to confirm the current limits applicable to my card top-ups, including both the maximum amount per transaction and the maximum total amount allowed within a given time period, as I am trying to ensure my planned payment will not be declined.",60,top_up_limits,polite_expert
b04a9af2-7ed7-4f90-837b-5fc153d0a3a3,"Good day, I would like to confirm the maximum limit applicable to card top-ups on my account, including whether there is a daily and monthly cap and how the limit is determined for my specific payment method.",60,top_up_limits,polite_expert
6345a71f-ca6f-417c-93ed-55d7f8ccae43,"Good day, I would like to ask what the maximum amount I can add to my account in a single transaction and within a given period is, and whether these limits differ depending on the payment method used.",60,top_up_limits,polite_expert
64228948-d68f-4ec3-9acc-1a7431f1cd39,"Good day, I would like to confirm the maximum amount I am permitted to add to my account per transaction and per day, as I am currently seeing uncertainty regarding whether there are any top-up limits.",60,top_up_limits,polite_expert
dca2de20-5cb8-40c8-a3c8-d95b2880fe1a,"Good day, I would like to inquire about the applicable limits for card top-ups, including both the maximum amount per transaction and the maximum total amount allowed within a given day or month.",60,top_up_limits,polite_expert
a43f6825-2d32-440e-a7e7-3e0c3c0704be,"Good day; I would like to confirm the maximum amount permitted per top-up on my account, and how I can check the applicable daily or per-transaction limit before I attempt another payment.",60,top_up_limits,polite_expert
12997426-fe84-475d-8776-4fa2a6841e43,"Yo, quick question—what’s the max limit I can top up each day/week? I don’t wanna get blocked halfway through.",60,top_up_limits,gen_z_slang
1e7cc4b5-bf04-48e1-92d7-d54aeadb083b,"Hey, quick q—what’s the daily/overall limit for topping up my account, and does it reset each day?",60,top_up_limits,gen_z_slang
80a3b7f7-3330-4444-aa2b-4fe922078622,"Hey, quick question—what’s my max limit for adding money to my account, and where can I check it?",60,top_up_limits,gen_z_slang
6653d972-bd9c-4136-8655-cc1c4a403c39,"Hey, quick question—where do I check the max amount I can add to my card in one go, and is there also a daily/weekly cap?",60,top_up_limits,gen_z_slang
5ec8c289-2f42-4e6c-ae90-d2d4cccc6864,"Yo, quick q—what’s the max limit I can top up to my card in one go, and is there also a daily/monthly cap?",60,top_up_limits,gen_z_slang
332be495-d8ed-4f89-9ae5-6434b6d609da,"Hey, quick q—what’s the max amount I’m allowed to add to my account per day/week? I’m trying to top up and don’t wanna get blocked.",60,top_up_limits,gen_z_slang
197414de-f089-4760-a2d9-9bc3c1c67c78,"Hi, I want to add money to my card, but I need to know the limit for top up. What is the max amount per day and per transaction?",60,top_up_limits,non_native_speaker
f2483ecc-14b1-4e4e-ba4a-95f16f53b361,"Hi, I want to add money to my account, but I want to know the max limit for top up. Is there a daily or monthly limit? Please tell me.",60,top_up_limits,non_native_speaker
0fe6db3e-4f84-42b0-8ec3-4ed9c8a90eed,"Hi, I want to add money, but I don’t know my top up limit. Can you tell me what is the max I can add, and how I can see it in my app?",60,top_up_limits,non_native_speaker
b6c71ff8-c138-442e-b47b-4b0b2824aad8,"Hi, I want to ask: is there any limit for me to add money to my account? What is the maximum I can top up in one time and per day?",60,top_up_limits,non_native_speaker
cbe8030d-044d-4e07-8f75-b9bad936da67,"Hi, I want to add money to my account, but can you tell me the maximum limit for top ups? Is there a limit per day or per transaction?",60,top_up_limits,non_native_speaker
3ac0fee4-44bb-4788-8f77-5fcebf491887,"Hi, I want to add money to my account, but I don’t know the limit for top up. Can you tell me how much I can add in one time and per day?",60,top_up_limits,non_native_speaker
c2656907-8362-4179-8060-200467288619,Maximum top-up limit? Daily weekly?,60,top_up_limits,short_wording
79ce2bbf-66e7-4c8c-b697-8dba347b823d,Top-up limit amount? Daily monthly?,60,top_up_limits,short_wording
873409ea-fe1c-4565-85fb-bacaf7836a58,Top-up limits? Max amount?,60,top_up_limits,short_wording
2a3a115a-6acf-4425-80a6-5cbe13603a2f,Max top-up limit? Daily/weekly? How check?,60,top_up_limits,short_wording
17e1c3ae-22ed-470a-b60d-eff1a4d99bd1,Top-up limit amount? Daily limit?,60,top_up_limits,short_wording
06603dcc-5c2c-4a9b-90b6-773aeddefbb8,Top up limit amount?,60,top_up_limits,short_wording
b1e011a3-07e6-40dc-8efd-686d318d6f44,"I tried to add money and it got yanked back almost immediately—what the hell is going on, and where’s my money gone to?",61,top_up_reverted,angry_layperson
62dd34a9-d3f4-4ed9-b5db-7f57517fd133,"My damn top-up got canceled and the money vanished, and nobody can explain why—this is messed up, I want it fixed and the charge sorted out now.",61,top_up_reverted,angry_layperson
75ed1b22-0696-4368-893a-172a6c4a3f5f,"I just tried to put money in and it didn’t stick, my top up got yanked back and I’m missing my cash—what the hell is going on and when am I getting my money back?",61,top_up_reverted,angry_layperson
be603da1-9da7-486e-bb46-741a0a534055,"My top-up got reversed out of nowhere, and I’m stuck without the money I added—this is ridiculous, sort it out now.",61,top_up_reverted,angry_layperson
b3fc42e3-829a-4bb6-8117-8d1b6197c046,"I just tried to top up and the whole thing got canceled, and now I’m stuck waiting for my money—what the hell happened and when am I getting it back?",61,top_up_reverted,angry_layperson
d7029312-66ae-46d8-8be5-21d246348ddf,I tried to add money to my account and the app just pulled the plug and canceled it—now I’m stuck without my cash and it’s totally ridiculous.,61,top_up_reverted,angry_layperson
1f32817a-6cfc-4fe7-b7eb-ad7535f86d6d,"I tried to add funds and it reversed  
Money was taken then came back  
My balance is short now  
I need this fixed immediately  
Please check the transaction and confirm what happened and when it will settle",61,top_up_reverted,panicking_emergency
4e8f0d82-06e0-45d3-813e-67b76613e8df,I just tried to top up my account and it got reversed instantly. Money left my side then the app says it failed. Where is my cash right now. I need it restored immediately.,61,top_up_reverted,panicking_emergency
9364fcef-755e-4cc6-b1c6-f108885d011c,I just tried to top up and it got cancelled. The app reversed the funds. Where is my money now. I need it back immediately.,61,top_up_reverted,panicking_emergency
216eb611-0130-450a-bcfd-e7115770282a,My card top up just got reversed it shows as canceled and the money is stuck I need it fixed right now please tell me why it happened and when I will get the funds back,61,top_up_reverted,panicking_emergency
af14efd8-65d7-433f-851f-732a167c232f,I just tried to top up and the funds are gone. The transaction is reversed now. Please tell me where my money went and when it will be back. I need this fixed immediately.,61,top_up_reverted,panicking_emergency
6333ccc4-1845-4ab7-b6f5-3ab33dbb1e9b,"My mobile top up got reversed and the money is gone  
It says it failed but I still see the charge pending  
Please confirm what happened right now  
I need the top up restored or the funds returned immediately",61,top_up_reverted,panicking_emergency
191871e3-6385-4204-9fa7-2bc5bf4127b3,"Hello, I attempted to add funds to my account, but the transaction appears to have been reversed shortly afterward, and I would like to confirm why it was revoked and when the amount will be credited back to my payment method.",61,top_up_reverted,polite_expert
7a245276-2f27-4678-a84c-4407f10204c8,"Hello, I am contacting you because my recent card top-up has been cancelled unexpectedly, and the funds have not been credited to my balance; could you please investigate the transaction status, confirm whether the payment will reverse completely, and advise on the expected timeline for the funds to return?",61,top_up_reverted,polite_expert
ae2b11a3-87f9-4954-954c-ada9461c0c59,"Hello, I would like to report that the recent funds addition to my account appears to have been reversed; could you please confirm the status of the transaction and advise when the balance will be restored, including any reference details I should quote for follow-up?",61,top_up_reverted,polite_expert
049acec5-6519-4e04-8263-d58409a9118e,"Hello, I would like assistance confirming whether the recent card top-up I initiated was reversed, and, if so, could you please explain the reason for the reversal and the expected timeline for the funds to be restored to my account?",61,top_up_reverted,polite_expert
f1d663d8-bc1e-4aa1-999a-8539b60ba19d,"Good day; I recently attempted to add funds to my account, but the transaction was reversed and the amount returned to my original source—could you please investigate why the top-up was reverted and confirm whether there is any additional action required on my side?",61,top_up_reverted,polite_expert
28a779b0-fa77-4264-b6ee-8509096006f0,"Hello, I would like to report that my card top-up was canceled and the funds appear to have been returned to the original balance rather than credited as expected; could you please investigate the transaction status and confirm whether the reversal is complete, along with the anticipated timing for any final update?",61,top_up_reverted,polite_expert
5eb99fbd-1ec7-4ecb-b70e-9d7f2e73d6de,"Hey, I tried to add funds, but the top-up got canceled and the money didn’t go through—was it reversed or sent back to my account?",61,top_up_reverted,gen_z_slang
3bea9e9b-b770-4108-860b-a95024e575a2,"Yo, I tried topping up and the app ended up reversing it—now the money’s back out and my balance didn’t update. Can you check what happened?",61,top_up_reverted,gen_z_slang
f38b9d50-cd50-4b76-9c8b-e4808f77aa91,"Hey, I just tried to top up my account and the money got taken and then reversed back—what happened and can you help me sort it out?",61,top_up_reverted,gen_z_slang
4f7d5f8d-91f0-428f-a965-02c28586d947,"Yo, I tried to top up, but it got canceled and the money didn’t go through—now my balance is messed up and I’m not sure what happened.",61,top_up_reverted,gen_z_slang
ee1635ab-0db9-4111-894a-eeb0f86df473,"Hey, my card top-up got canceled out of nowhere and I’m not seeing the money back yet—can you check what happened and when I’ll get the refund?",61,top_up_reverted,gen_z_slang
8ece5cfd-9f38-46b4-8e59-2ea080c4e1ce,"Hey, I tried topping up and it looked successful for a bit, but now it’s like the whole thing got cancelled—my balance didn’t get the money. Can you check what happened and where the funds went?",61,top_up_reverted,gen_z_slang
2db5e255-7bb8-48e6-aded-84595011f73b,"Hi, my last top up was reverted and I can’t use the money. Can you check what happened and when it will be back?",61,top_up_reverted,non_native_speaker
326d0d24-9787-403f-857b-2a4232c8eb79,"Hi, I just tried to add money to my card, but after a few minutes it got canceled and the money back to my account not keep. Please help me, why it happen and can you fix it?",61,top_up_reverted,non_native_speaker
e586f716-2679-4e5f-bbf3-a582207a5c60,"Hi, I did a top up today, but the money came back and the charge is reverted. Can you check why this happen and when it will be fixed?",61,top_up_reverted,non_native_speaker
5b26e38f-18b3-4a13-98fd-a37f74052d46,"Hi, I tryed to do a top up, but the money was sent back and the payment is cancelled. Can you check what happen and when it will be back to my account?",61,top_up_reverted,non_native_speaker
9ad91fe5-edc7-4b65-b329-8cdc6ac22232,"Hi, I try to add money today, but the app canceled it and the top up is not on my balance. Please check what happened.",61,top_up_reverted,non_native_speaker
99236549-2f86-4980-b110-6af5332133b1,"Hi, my top up was cancelled and money come back, but I need it. Why this happen? Please check my account and tell me what went wrong.",61,top_up_reverted,non_native_speaker
115834cd-5788-4ff1-82d4-2bd64d288beb,Top up reversed; refund pending?,61,top_up_reverted,short_wording
7651559a-af0f-435d-8b4d-24de069c72e3,"Top-up reversed, funds missing.",61,top_up_reverted,short_wording
12ded8cb-07c4-40a3-80f6-dec6d99b06ed,Top-up reverted; funds missing?,61,top_up_reverted,short_wording
86fc5797-d9ea-4584-8fd5-26e96e536246,Top-up reversed after charge pending,61,top_up_reverted,short_wording
80c422b5-0a5d-47bf-8033-5826a3ec119c,"Top up reversed, no credit received",61,top_up_reverted,short_wording
b5b6f645-e15c-484f-a921-7861ca94aa35,Top up reversed; funds missing,61,top_up_reverted,short_wording
cefca70c-1636-4cae-82d0-3e8cdc27f78b,"I tried adding money with my card and it just won’t go through—where’s my money, because this is ridiculous and I’m sick of waiting.",62,topping_up_by_card,angry_layperson
87b042fd-a16f-44a5-9062-8b1c2f85967a,"I tried adding money with my card and it didn’t go through, and now it’s just stuck—this is ridiculous, I need the money in my wallet right now or someone better fix it.",62,topping_up_by_card,angry_layperson
404f7e8a-bc35-4396-8c9c-e1a6be29ceeb,I tried adding money with my card and it didn’t go through—where’s my money and why are you messing me around?,62,topping_up_by_card,angry_layperson
6acb4b68-50bb-49a7-89d4-51822b7db4dc,"I’m trying to add money using my card and it’s not going through—money just gets stuck and nothing shows up. What the hell is going on, and why can’t I use my card to top up like a normal person?",62,topping_up_by_card,angry_layperson
dea00c97-6556-4a49-acd3-15387d268dc6,"I’m trying to add money with my card and it just won’t go through—why the hell is this happening, and how do I get my money topped up right now?",62,topping_up_by_card,angry_layperson
c0d674a5-6da4-474e-b564-15a98e7bff4f,I’m trying to add money with my card and it just won’t go through—why is it constantly failing and leaving me stuck without the top up?,62,topping_up_by_card,angry_layperson
cce82131-bf3a-42e4-8098-29050aa58e64,I tried to add money to my account with my debit card and it failed. The card got charged. I do not see the balance anywhere. Please fix this now.,62,topping_up_by_card,panicking_emergency
7010f632-a831-4fe7-8824-81491718cbe6,I just tried adding money using my card and the charge went through but the funds are not showing in my account right now I need this fixed immediately,62,topping_up_by_card,panicking_emergency
7e7d7ade-0b5d-45cc-94d2-4f2527128b47,I tried to add money to my account with my card in the app now it says it failed and I cannot see the funds anywhere please fix this now I am stuck with no access to my money,62,topping_up_by_card,panicking_emergency
d77faa8c-1104-4f55-8774-6ed9562e0801,I tried to top up my account using my card and it failed again and again. Money did not reach my balance. My card was charged or at least pending. I need this fixed now. Where is the money going and when will it be credited back to me.,62,topping_up_by_card,panicking_emergency
43f5b18d-3907-4e06-a178-d01bd8f70b41,I just tried to add funds with my bank card and it failed I need the top up to go through now I cannot see any amount added and the app shows nothing please fix this immediately,62,topping_up_by_card,panicking_emergency
90d7c8bf-8c2d-440c-b016-f6ed155b1c71,I tried to add funds with my card and the top up is not showing in my wallet I need this now Please tell me why it is missing and whether the charge went through,62,topping_up_by_card,panicking_emergency
66dfd833-2956-4175-b1d0-cf4615e71232,"Hello, I would like to add funds to my account using my debit card, but the top-up keeps failing at the confirmation stage; could you please advise what checks I should perform and whether there are any restrictions on card-based top-ups?",62,topping_up_by_card,polite_expert
79536d26-2f5d-4c67-93af-9ee4ad226faa,"Good day, I attempted to add funds to my account using my debit card, but the transaction was completed on the card side while the balance was not credited on your platform, and the amount appears to have been deducted; could you please advise where the funds may be held and how long the reconciliation and refund process typically takes?",62,topping_up_by_card,polite_expert
dc56d0fc-ab12-4f1f-ac82-0bd726e74f0a,"Good day, I attempted to add funds to my account using my credit card, but the top-up did not complete successfully; could you please advise why the payment was not reflected and what steps I should take to have the funds restored or applied correctly?",62,topping_up_by_card,polite_expert
5595ff4c-61d1-4891-ba2d-61e40188d34c,"Good day, I would like assistance with adding funds to my account using my debit or credit card, but the top-up is not being completed successfully; could you please advise what may be causing the failure and the steps I should follow to complete the transaction?",62,topping_up_by_card,polite_expert
aea9f950-24d2-4d5b-9a41-9a524e3c5904,"Good day, I am attempting to add funds to my account using my debit card, yet the top-up does not complete successfully—could you please advise why this may be happening and what steps I should take to resolve it?",62,topping_up_by_card,polite_expert
1965bb4f-bc9e-436d-b71a-7a3b9ef046c6,"Hello, I am attempting to add funds to my account using my debit card, but the payment does not reflect in my available balance; could you please advise whether the transaction is pending, declined, or has failed to complete, and what steps I should take to resolve this?",62,topping_up_by_card,polite_expert
27f2ab76-41b7-4454-af81-f55ed07642df,"Yo, I’m trying to top up my account using my card but it keeps getting declined—can y’all check what’s up and tell me what to do next?",62,topping_up_by_card,gen_z_slang
410a46de-edc8-4168-a680-347755b2a316,"Hey, I’m trying to add money using my card, but it keeps failing—what do I do to get the top up to go through?",62,topping_up_by_card,gen_z_slang
5a530c27-692b-4268-b949-24f40e124d62,"Hey, I’m trying to add funds to my account using my card, but the top-up keeps failing—can someone check what’s going on and tell me what to do next?",62,topping_up_by_card,gen_z_slang
a5f7b994-f868-4ab9-85cb-1d006d3cfce5,"Yo, I tried adding money to my card in the app with my credit/debit card, but the charge went through and I don’t see the top-up showing up in my balance—what gives?",62,topping_up_by_card,gen_z_slang
4f1f454c-6d83-45ab-a969-d31cefb4ed3e,"Hey, I tried to add money to my account using my card in the app, but the top-up didn’t go through and the funds are just stuck/unclear—can you check what happened?",62,topping_up_by_card,gen_z_slang
b69f4cc8-cc46-46a9-9bc3-36a49768f9c4,"Hey, I tried to top up my card and it went through on my end, but the balance didn’t update and the money looks like it got swallowed—can you help me track it?",62,topping_up_by_card,gen_z_slang
54dccdd1-9e7f-49ac-b9c8-6f62c6efe41d,"Hi, I try to add money with my card, but it fails every time. The payment is ok on my side, but the top up not added to my balance. Please help me.",62,topping_up_by_card,non_native_speaker
5ffb8628-397d-469a-98f4-9fcca0022f57,"Hi, I want to add money to my account using my card, but it not working. Please help me top up, I do it step by step and then failed. What can I do?",62,topping_up_by_card,non_native_speaker
f08730f7-a5ca-4455-925a-7b489df42837,"Hi, I try to add money to my account with my card, but it not working. Can you help me?",62,topping_up_by_card,non_native_speaker
fbfeec31-3259-4979-9e82-eb845f113eff,"Hi, I try to add money to my account using my card, but it not work. Please help me, I see no top up done.",62,topping_up_by_card,non_native_speaker
9747edfd-d650-4a91-b9e6-9cab1e82fed0,"Hi, I try to add money with my card, but after I do it the money gone and I got no top up. Please help.",62,topping_up_by_card,non_native_speaker
cc296d27-235a-44d0-b9a7-8e620ec390d8,"Hi, I try to add money to my account using my card, but it is not working. The payment is showing on my bank app, but I don’t see the money arrive here. Can you help me please?",62,topping_up_by_card,non_native_speaker
59dab447-d781-4040-9a24-864729b2b821,Card top-up failed; funds missing,62,topping_up_by_card,short_wording
ea1b04d4-9cba-42cb-8354-54d7046e80a6,"Card top-up failed, money not credited.",62,topping_up_by_card,short_wording
f43bb353-2185-4d5d-8a0a-37f1d54eba33,"Card top up failed, money missing",62,topping_up_by_card,short_wording
0ecc58ec-7de8-4e74-8023-217145f2934c,Card top up missing funds,62,topping_up_by_card,short_wording
c4a545ec-fc7c-4e0d-b7e8-058646d4a54d,Card top-up charged; not showing,62,topping_up_by_card,short_wording
002c685b-c8f3-41f1-8b69-83cc6cdd4704,Card top up failed in app,62,topping_up_by_card,short_wording
db7121b3-2564-403f-be5f-6c57ea64cf44,I just got charged twice for the same payment and nobody told me why—this is bullshit. How do I get my money back?,63,transaction_charged_twice,angry_layperson
be9a865b-3500-4706-aa75-f9c8cbaf974a,"Are you kidding me? I got charged twice for the same purchase, and nobody’s explaining it—stop taking my money twice and fix this now.",63,transaction_charged_twice,angry_layperson
57a1e2d6-b6ed-4094-8d2c-d26f223094c1,"I got charged twice for the same thing, and I’m furious—why is my money getting taken two times for one purchase? I want one of those charges gone right now.",63,transaction_charged_twice,angry_layperson
6fb3b720-3f23-434c-8c23-c5340d9b24b9,Are you kidding me? I paid for the same thing twice and now it’s showing up twice in my account—how the hell do I stop getting charged again and get my money back?,63,transaction_charged_twice,angry_layperson
940a1699-4c8e-4567-8014-9764db89fdd7,"I’m pissed off — I got charged twice for the same purchase, and I didn’t do it twice. What the hell is going on, and when are you refunding the extra charge?",63,transaction_charged_twice,angry_layperson
2bcdb112-ed75-4973-8725-a6ae709d39cf,"I just got charged twice for the same purchase on my card, and I’m pissed—this is ridiculous, I want my money back now.",63,transaction_charged_twice,angry_layperson
3f739898-a78d-4815-b7e7-520e25daae24,"I was charged twice for the same purchase today  
I did not make two payments  
The amount shows two separate charges  
Please stop this and refund the duplicate immediately  
I need this fixed right now",63,transaction_charged_twice,panicking_emergency
439856f2-5267-4cee-8e92-a9b2273bef34,I just checked my account and I see the same payment charged twice today. I did not authorize two charges. Please stop this now and refund the extra one. I need this fixed immediately.,63,transaction_charged_twice,panicking_emergency
0e1cd614-18d2-47ca-b001-265235cd8c27,I just checked my account and I got charged twice for the same purchase today. The amounts are the same. I did not make two separate transactions. Please stop this and refund the duplicate charge right now.,63,transaction_charged_twice,panicking_emergency
f70809f5-509d-4b23-8a27-0d1fe4d7061b,I got charged twice for the same purchase today. Same merchant same amount. I only paid once. Please investigate immediately. Stop any further charges. Confirm the correct charge and refund the extra one right now.,63,transaction_charged_twice,panicking_emergency
ebd63bf8-20b4-442e-896c-97cee151e5f6,I was charged for the same purchase twice today I see two identical amounts on my account I did not authorize two payments Please stop this and refund the extra one immediately I need help right now,63,transaction_charged_twice,panicking_emergency
6b044d20-d271-4353-b514-a92b5a0501c9,I just got charged twice for the same purchase I can see two identical charges on my account right now This is urgent I need a quick review and immediate reversal for one of them Please confirm what happened and how fast you can fix it,63,transaction_charged_twice,panicking_emergency
94f955da-5e58-44d2-8b0d-361155a843c0,"Hello, I would like to report that I have been charged twice for the same card payment on my account; the transaction appears more than once on my statement, and I kindly request that you investigate the duplicate authorization and arrange a full refund of the extra charge at the earliest opportunity.",63,transaction_charged_twice,polite_expert
db87102a-74c3-49d7-9383-dfce70615b49,"Good day, I would like to request assistance because I have noticed that I was debited twice for what appears to be the same card payment/transfer; the transactions show the same merchant details and similar timestamps, and the duplicate charge has resulted in an unexpected reduction of my available balance.",63,transaction_charged_twice,polite_expert
22a61bec-83a1-40e4-bfdf-0c223eeea797,"Hello, I would like to request your assistance because I have noticed that I was charged twice for what appears to be the same card purchase; could you please investigate the transaction details and confirm why duplicate charges were applied, and arrange a refund for the amount charged in error if applicable?",63,transaction_charged_twice,polite_expert
b1ce4db3-2110-4e4d-bb0a-7588869f5544,"Good day, I am writing because I have observed what appears to be the same purchase being charged twice on my account statement—both entries show the same merchant and similar amounts—so I would like to request that you investigate and reverse the incorrect duplicate charge and confirm once the adjustment has been applied.",63,transaction_charged_twice,polite_expert
365335de-342c-4a29-aab5-f74426d0569a,"Hello, I would like to report that I was charged twice for the same card purchase; I can see two separate debit entries for the identical amount and merchant, and I would appreciate your assistance in investigating the duplicate charge and advising on the expected timeline for reversal or correction.",63,transaction_charged_twice,polite_expert
3427251f-433c-4860-bdcf-9d31d02ffbe4,"Hello, I am contacting you because I have noticed that I was charged twice for the same card purchase on my account statement. Could you please investigate the merchant reference and posted transactions, confirm whether the duplicate charge is a processing error, and arrange for the reversal or refund of any amount that was incorrectly debited?",63,transaction_charged_twice,polite_expert
bed91e0e-a721-4ba8-83bb-fa41767f3f87,"Hey, I just noticed I got hit with the same charge twice—same merchant, same amount—on my account. Can you please check it and refund the duplicate asap?",63,transaction_charged_twice,gen_z_slang
10d752d9-53ef-4b81-8b2c-0c42e8da558c,"Hey, I just noticed a couple of my card purchases show up twice and I’m being charged two times for the same thing—like I didn’t buy it twice. Can you please investigate and refund the duplicate charges?",63,transaction_charged_twice,gen_z_slang
562bb18a-4417-4725-ba51-cb8f8ea5887a,"Hey, I noticed a charge on my card twice for the same purchase, and I definitely only paid once—can you check what’s going on and help me get the extra one reversed?",63,transaction_charged_twice,gen_z_slang
920f1cc0-14b0-48ed-a2fc-707464f6c357,"Hey, I got charged twice for the same card purchase today—both charges are showing on my account, and I only made the transaction once. Can you help me reverse the extra one?",63,transaction_charged_twice,gen_z_slang
1c2d7075-33f4-4571-9a26-63365d0a4f88,"Hey, quick question—my card got charged twice for the same purchase (same merchant + amount) and it’s showing as two separate transactions. Can you check what happened and reverse one of them?",63,transaction_charged_twice,gen_z_slang
ded217dc-43e7-4a02-8735-15ecf1d5ecbf,"Hey, my card payment at [merchant] is showing up twice on my account—same amount, same time-ish. Can y’all check and reverse the duplicate charge?",63,transaction_charged_twice,gen_z_slang
350a906b-f96e-404c-8886-aa672b416ee8,"Hi, I think my card was charged two times for the same purchase. I see the same payment twice in the app, and I did only one transaction. Please check and return the extra charged money.",63,transaction_charged_twice,non_native_speaker
ab8cad42-4874-4029-b2a3-48638a442335,"Hi, I see the same purchase charged twice on my account. This happened today, and the total is the same both times. Please check and fix it, because I only pay once.",63,transaction_charged_twice,non_native_speaker
674abc19-a78e-4641-af1d-657252668ae8,"Hi, I see one payment on my account, but it is showing twice. I think I was charged two times for the same transaction. Can you please check and tell me why?",63,transaction_charged_twice,non_native_speaker
860daba7-e223-4193-8501-a850fec93061,"Hi, I think I was charged two times for the same purchase. I did not buy it twice. Please check my card, and return the extra charged amount.",63,transaction_charged_twice,non_native_speaker
0dc57fac-1695-459b-a705-beba18755317,"Hi, I need help please. Today I see my card got charged two times for one same payment. I only paid once, so why I have two charges? Can you check and fix this?",63,transaction_charged_twice,non_native_speaker
a812b013-c36f-4696-80be-f232c0889c8d,"Hi, I am very sorry, but today I bought one thing and I see the same charge taken two times from my account. Can you check and help me fix it please, I need this asap.",63,transaction_charged_twice,non_native_speaker
7b7fea56-ddf2-4c4a-8dae-dc545f1fc408,Card payment charged twice same merchant; need refund and explanation.,63,transaction_charged_twice,short_wording
19afcda1-5d59-4d8d-8297-b8a86f64c443,Charged twice same purchase. Please refund duplicate.,63,transaction_charged_twice,short_wording
9e6e2712-10aa-445b-a47e-8e47dd6901e4,Charged twice same merchant same amount. Please review.,63,transaction_charged_twice,short_wording
b7b48af4-2452-4827-a047-e857675d386d,Charged twice same card payment. Duplicate charge shows. How to fix?,63,transaction_charged_twice,short_wording
b15cb782-aaad-4d6e-acb1-aec0d2216f86,Charged twice for same card purchase—please verify and refund.,63,transaction_charged_twice,short_wording
ca67e0f1-7610-4708-8744-cda11dc33d75,Charged twice same purchase; need refund.,63,transaction_charged_twice,short_wording
34eb0921-75df-404d-a401-8604fa9e19a3,"I can’t believe you guys charged me a fee just to send my money somewhere else—transfers shouldn’t come with extra charges, fix this and refund me.",64,transfer_fee_charged,angry_layperson
7ff1c61c-0d47-4646-b708-dc4f18b7167e,"Why the hell did you charge me extra just to send my money over? I was not told about any fee, and now I’m getting hit with charges for a transfer like it’s normal—this is ridiculous.",64,transfer_fee_charged,angry_layperson
91459d5f-18ea-417b-bf65-3920e78745e4,"What the hell—why did you just randomly slap a fee on my money transfer when I was supposed to be transferring money without getting charged? This is ridiculous, and I want that fee reversed right now.",64,transfer_fee_charged,angry_layperson
7656c7db-475e-49dc-8cdd-1ec7034784e3,"I just tried to send money and got hit with a fee like nobody warned me—why the hell did you charge me extra for the transfer, and where’s my money going?",64,transfer_fee_charged,angry_layperson
a64b728a-12b4-4064-9849-e3ea0e585899,"Why the hell did you charge me a fee just to send money? I didn’t ask for any extra costs, so explain this mess right now.",64,transfer_fee_charged,angry_layperson
6ea0d939-78c0-4181-bf84-a4a6b0a3deb9,"I just made a transfer and you slapped on an extra fee like it’s nothing—why the hell am I being charged for a transfer at all, and how do I get that money back?",64,transfer_fee_charged,angry_layperson
709e09ca-f3c7-4d31-8ccd-9c9aaf1d707b,I just made a transfer and now I see an extra fee taken from my amount not from somewhere else Please tell me why I was charged and how to get it reversed immediately I need this fixed today,64,transfer_fee_charged,panicking_emergency
97006373-6776-4870-ad5d-628f73108b32,Stop please I am panicking I was charged a transfer fee and I did not agree to any extra fee The transfer already went through but the amount is less now than what I sent Please reverse the charge right now and tell me why it happened I need this fixed immediately,64,transfer_fee_charged,panicking_emergency
8abadfc0-e99f-4bbb-a78a-9677f49790cd,I just made a transfer and I got charged an extra fee again The amount sent looks smaller than what the recipient should get I am panicking Please confirm the exact fee taken and why it was deducted and fix this now,64,transfer_fee_charged,panicking_emergency
a74b277e-dcc9-4122-8340-5208f39234e2,I just made a transfer and I got charged an extra fee again. Why did this happen. I need the fee reversed now. Check the transfer details immediately.,64,transfer_fee_charged,panicking_emergency
56817db9-b136-4399-a865-1e2cf93e16dc,I just made a bank transfer and got hit with an extra fee I did not expect. I feel trapped and charged twice. Why was I charged and can you reverse it now.,64,transfer_fee_charged,panicking_emergency
863cea40-768f-4bb3-a584-11c7ddacdc32,I just made a bank transfer and got hit with an extra transfer fee it was not shown anywhere I need this reversed now I am being charged again and again and the receipt shows the extra amount why is this happening fix it immediately,64,transfer_fee_charged,panicking_emergency
4ea5ee3c-ad19-4c46-933f-cf9d0ad6867e,"Good day, I would like to request your assistance regarding a transfer fee that was applied to my recent bank transfer; although I initiated a payment for the amount shown in my instructions, the recipient received less than expected, and I need to understand exactly how the transfer charges were calculated and why they were deducted.",64,transfer_fee_charged,polite_expert
b500ca8d-2a72-4116-9f7c-801abcaa1ee4,"Good day, I am writing to request clarification regarding an unexpected fee that was charged to my account after I initiated a transfer; could you please confirm the reason for this charge, the applicable fee schedule, and whether any waiver or adjustment is available given my account and transfer details?",64,transfer_fee_charged,polite_expert
82841643-566b-43ac-bc8d-98be959ce973,"Good day, I am writing because I was charged an unexpected transfer fee on a money transfer that I believed would be free under my account terms, and I would like to understand the reason for the charge and request a review of the transaction details.",64,transfer_fee_charged,polite_expert
988c8d0f-d9fc-474e-bb3e-8e3ab567515a,"Good day, I would like to request clarification regarding a fee that was deducted from my account when I initiated a recent money transfer; I was not expecting any additional charges for this transaction, and I would appreciate a detailed explanation of why the transfer fee was applied and how it was calculated.",64,transfer_fee_charged,polite_expert
73c427ea-db86-4849-9e76-4f2e0f44a90e,"Good day, I would like to ask for clarification regarding a fee that was charged on my recent funds transfer; could you please explain the reason for this charge and confirm the exact amount and how it was calculated?",64,transfer_fee_charged,polite_expert
cf149832-5336-420f-98e2-12f822acf33b,"Good day, I would like to clarify an unexpected fee: when I completed a recent transfer from my account, a transfer charge was deducted, and I would appreciate a detailed explanation of why this fee was applied, how it was calculated, and whether it could have been avoided under the current terms of service.",64,transfer_fee_charged,polite_expert
48d8e3e7-44e6-4a5c-a8b7-abaeb82d166f,"Yo, I just made a transfer and got hit with a fee outta nowhere—can you explain why I was charged when I thought transfers were free?",64,transfer_fee_charged,gen_z_slang
6a02f4a2-d12f-46c8-9265-60f7d6a91b7f,"Hey, I just made a transfer and I noticed I got charged an extra fee on top of the amount—receiver got less than what I sent. Can someone check what happened and refund/adjust the fee?",64,transfer_fee_charged,gen_z_slang
66d1183f-b8e9-4434-99a4-c8689a344efc,"Hey, I just sent a transfer and got hit with an extra fee that wasn’t there before—like why am I paying a charge on top of the amount I already sent?",64,transfer_fee_charged,gen_z_slang
6c880d6a-c45d-4715-a40d-91c7f3b8e9f8,"Yo, I just sent a transfer and got hit with a fee I didn’t expect—can you tell me why and how to get it reversed?",64,transfer_fee_charged,gen_z_slang
098d5a7e-4c4f-485b-8bb4-3b85bbf33144,"Yo, I just did a transfer and got hit with an extra fee—can you explain why I was charged and whether I can get it refunded?",64,transfer_fee_charged,gen_z_slang
de48ab01-f2f4-49c0-ba55-8a52d771ee97,"Hey, I just did a transfer and my bank statement shows an extra fee taken out, so the recipient ended up getting less than what I sent. Can someone check why this charge happened and whether it can be reversed or adjusted?",64,transfer_fee_charged,gen_z_slang
e2920683-0f61-442f-bef5-f2fac1e42e0a,"Hi, please help. I made a money transfer today, but I see extra fee charged from my side. I think this transfer fee was not told to me. Can you check and tell me why I was charged, and if you can refund it?",64,transfer_fee_charged,non_native_speaker
16794fc4-b76b-41bf-b67a-391c6515269d,"Hi, I send money to my friend and I got charged extra as transfer fee. I thought transfer fee was not charged, why this happen?",64,transfer_fee_charged,non_native_speaker
f77d36f5-6c41-4b84-8e0b-ce264cd05786,"Hi, I made a money transfer today, but I see extra charge on my account. The fee is not said before, please check and tell me why. Aren’t transfers free?",64,transfer_fee_charged,non_native_speaker
a577bbf6-20cb-4282-86cd-3290c16f11fb,"Hi, I did a money transfer today and I see a fee charged. I thought transfers are free, why you charge this fee? Please check and tell me.",64,transfer_fee_charged,non_native_speaker
fb88c160-e661-40e0-b8e6-d8fbc0782dc2,"Hi, I made a transfer and later I saw extra fee charge. The person got less money than what I sent. Can you please tell me why you charge this fee and how much exactly was taken?",64,transfer_fee_charged,non_native_speaker
45013d03-4c2d-4736-b271-47d9d85da22d,"Hi, I did a transfer today and I see extra fee charged. Can you please tell me why this fee was charged and how it is calculated?",64,transfer_fee_charged,non_native_speaker
29b03af1-05ed-4197-af9b-01c1d15dc547,Charged fee on transfer; why charged?,64,transfer_fee_charged,short_wording
ae95f77f-ea6f-4e65-91de-cee7e02bc893,Charged fee on my transfer—why?,64,transfer_fee_charged,short_wording
d6369446-2ae7-474c-8b7f-4a878a87266a,Charged fee on my transfer—why?,64,transfer_fee_charged,short_wording
c7633e6b-ef41-4421-b274-de74a8f66bb3,Why charged a fee for my transfer?,64,transfer_fee_charged,short_wording
9515756f-dec8-4165-86ab-02cfbc62f91b,Charged transfer fee—why?,64,transfer_fee_charged,short_wording
f6fb81e1-9834-4022-8521-5e7bdc25732d,Charged fee on my transfer. Why?,64,transfer_fee_charged,short_wording
983e1773-a4c9-4708-a1d8-74192da6ea97,"I’m trying to send money into my account and it keeps failing—what the hell is going on? I need this fixed right now, because I’m wasting my time and getting nowhere.",65,transfer_into_account,angry_layperson
7c5eae29-fb20-464a-aadc-21659329c0ea,I’m trying to get money transferred into my account and it’s not going through—what the hell is taking so long and why won’t anyone just fix it?,65,transfer_into_account,angry_layperson
448208cd-84e6-44cd-8965-86eef6dc0421,"I’m trying to send money into my bank account but it won’t go through and I’m getting fed up—what the hell is going on, and how do I fix this right now?",65,transfer_into_account,angry_layperson
e1d3e0d9-f046-4782-a6d3-b29e9580c1d0,"I’m trying to put money into my account, and it’s not going through—this is ridiculous, I’ve been stuck waiting and nobody’s fixing it.",65,transfer_into_account,angry_layperson
e844da54-e2e7-4812-99ee-2d21b3d1b715,"I’m trying to put money into my bank account and it’s not going through, and nobody’s giving me a straight answer—what the hell do I do to actually get my money transferred in?",65,transfer_into_account,angry_layperson
3833836d-b277-4081-b297-a60ea63f6ab0,Why the hell can’t I move money into my account from another bank? I’ve been trying to do it and it just won’t go through—tell me what the hell I need to enter and why it keeps failing.,65,transfer_into_account,angry_layperson
f88e8143-36ed-4f0a-a9fa-f509e762b6cd,"I need to move money into my account right now  
The transfer will not go through  
It keeps failing at the last step  
I am losing time I cannot wait  
Tell me what to do immediately",65,transfer_into_account,panicking_emergency
5e7765b2-095b-4bb4-b2ef-f9480da39f9f,I am trying to move money into my account right now and it keeps failing. The transfer will not go through. Money is stuck on the other side. I need this fixed immediately. What is the exact step to complete it and why is it rejecting my transfer.,65,transfer_into_account,panicking_emergency
96540f21-0434-4e18-a73d-16bc26a6333d,My money transfer is stuck I cannot move funds into my account It keeps failing and nothing arrives I need it fixed now Please tell me what to do next immediately,65,transfer_into_account,panicking_emergency
bb4f8463-6b02-4cf9-8d34-65da3934e1b4,My account balance is low right now I need to add money immediately How do I transfer funds into my account today I keep getting stuck at the transfer step Please tell me the exact steps and what info you need from me right now,65,transfer_into_account,panicking_emergency
9e08f6cd-9ae4-4d49-aaf2-48992b851527,I am panicking I need to transfer money into my account now I cannot find where to do it in the app I need the exact steps and any required details like account number and sort code please respond immediately,65,transfer_into_account,panicking_emergency
e6ce7f59-6786-42e1-b3f6-c0c98a9ed66b,I need to move money into my account today It is not going through The transfer keeps failing I get no clear reason I am stuck without funds Please tell me exactly what to do next right now,65,transfer_into_account,panicking_emergency
c7a80f93-861b-4e4f-9c9b-0b86706134fd,"Good day, I would like to add funds to my bank account; could you please advise the precise steps and required details for making a transfer into my account, including any reference or beneficiary information I must provide to ensure the payment is credited correctly and without delay?",65,transfer_into_account,polite_expert
9d0b84ab-145b-46e4-9419-c6b741509728,"Hello, I am attempting to transfer funds into my account, but the transfer is not completing as expected; could you please advise the correct steps and confirm whether there are any holds, verification requirements, or account details I must verify to ensure the funds are credited successfully?",65,transfer_into_account,polite_expert
fed86cae-823d-47f5-87de-04e00c17e841,"Good day, I would like to transfer funds into my account, but I am uncertain about the correct steps and the required details (such as the account reference and any bank information); could you please guide me through the exact process and confirm what I should enter to ensure the transfer is credited successfully?",65,transfer_into_account,polite_expert
8e0a958d-633c-4ff1-8818-e76334f7926f,"Hello, I would like to transfer funds into my account, but I am unsure which transfer method to use and what details—such as the receiving account number, bank/branch information, and any required references—are necessary to ensure the payment is credited correctly and without delays.",65,transfer_into_account,polite_expert
cb1c42cc-9d66-41c7-8de9-a59616f4b1a7,"Good day, I would like assistance with making a transfer into my bank account; could you please advise the correct steps and confirm which details (such as the recipient account number, routing information, and any reference or beneficiary information) I must provide to ensure the funds are credited without delay?",65,transfer_into_account,polite_expert
d41dce31-0e17-41b7-9669-d0871b74a475,"Good day, I would like to add funds to my account by transferring money from an external bank, but I am unsure of the correct procedure and required details (such as the beneficiary information and reference), so could you please advise how I should initiate the transfer and how long it typically takes for the funds to appear?",65,transfer_into_account,polite_expert
0d0ca392-ea82-47eb-a920-6efa097b20d2,"Yo, I’m trying to send money into my account via bank transfer—can you tell me the steps and what details I need to use so it doesn’t get delayed or rejected?",65,transfer_into_account,gen_z_slang
68e70661-b545-4e1f-948c-1a162524da39,"Hey, I’m trying to move money into my account, but it keeps failing/declining—can you help me figure out what’s wrong and how to complete the transfer?",65,transfer_into_account,gen_z_slang
e2102ad9-35bb-46ce-aa9f-aa8890c09d53,"Hey, I’m trying to add money to my account via bank transfer, but it won’t go through—can you tell me what details I should use (and what to do if it keeps failing)?",65,transfer_into_account,gen_z_slang
f1a656cd-b59c-4afd-9e9a-e8bf91f83ef0,"Hey, I’m trying to add money to my account but the transfer keeps failing—can you help me figure out how to send money into my account successfully?",65,transfer_into_account,gen_z_slang
5724499e-c5f4-4819-a2c5-325475519771,"Hey, how do I add money to my account—like what are the available ways to transfer funds in, and how long does it usually take?",65,transfer_into_account,gen_z_slang
ce4fa71b-235a-4356-90de-599bf979b518,"Yo, how do I move money into my account from my other bank—like what steps do I follow, and when should it show up?",65,transfer_into_account,gen_z_slang
482143bf-2d93-4e57-bed3-589d6e63934d,"Hi, I want to add money to my account, but I don’t know how to transfer from my bank account to my account. Can you help me please?",65,transfer_into_account,non_native_speaker
4f14e1f6-1425-40ba-95b9-090599e881db,"Hi, I want to move money to my account, but I don’t know how to do it. Can you tell me the steps, please?",65,transfer_into_account,non_native_speaker
4760d0ec-a4bb-41dc-9cd1-64c50b3a61bc,"Hi, I want to transfer money into my account, but it not work. How can I do it, step by step? Please tell me what I need to enter and how long it takes.",65,transfer_into_account,non_native_speaker
d65d1bf0-b204-421a-8d8c-944af5afdfc5,"Hi, I want to add money to my bank account, but the transfer is not working. Can you tell me how I can send money into my account, and what I need to do?",65,transfer_into_account,non_native_speaker
eeeffcd0-8a6d-4828-a4e4-5c40fc59fa4f,"Hi, I want to put money into my bank account, but I don’t know how to make the transfer. Can you tell me step by step, please?",65,transfer_into_account,non_native_speaker
9143ff08-fcab-4de3-9414-656097fe5458,"Hi, I just checked my bank account and it shows balance is low. How can I put money into my account? Please tell me step by step, I am confused.",65,transfer_into_account,non_native_speaker
387d4218-b942-48bc-905e-3feda7aaa241,Transfer money into my account? How?,65,transfer_into_account,short_wording
bd505f36-d88e-4add-987a-466773b15c79,Incoming transfer to my account; steps? required details?,65,transfer_into_account,short_wording
e4f21f34-9f4f-40c4-a514-e2060af5e001,Transfer money into my account—how?,65,transfer_into_account,short_wording
ffbba0d2-8848-4cd8-b693-f75457576eaa,Incoming transfer to my account,65,transfer_into_account,short_wording
e55e7886-832d-4fa4-b0e8-fb71d2a82ccc,Bank transfer into my account—how?,65,transfer_into_account,short_wording
3e7321de-dd17-4782-a1ec-0863f2b9354b,Incoming transfer to my account—how?,65,transfer_into_account,short_wording
a99eb435-e9a4-4b30-8987-ccd9ca783c77,"I sent money to my buddy and they still don’t have it—what the hell is going on, how long am I supposed to wait for this mess to get fixed?",66,transfer_not_received_by_recipient,angry_layperson
11dfe538-1cd2-4cad-b808-83211b06ae49,"I sent money to my mate days ago and it’s still not showing up for them—where the hell is it, and why should I be the one chasing you?",66,transfer_not_received_by_recipient,angry_layperson
43878d19-c013-402a-a73b-b66c4533a82d,"I sent money to my friend the day before yesterday and it still hasn’t shown up—this is ridiculous. I checked the details like ten times and they’re right, so why the hell is the payment not getting to the recipient?",66,transfer_not_received_by_recipient,angry_layperson
93135bef-f8fe-4796-8ea1-be008e22e09a,"I sent money to my landlord a few days ago and it shows as done on my end, but he’s saying he still hasn’t got a damn thing—how is that even possible? I double-checked the account info I used, so I need you to figure out where my money actually went and make sure the recipient gets it.",66,transfer_not_received_by_recipient,angry_layperson
281e4996-55df-4565-a32e-35929b8356a8,"I sent money to someone and it still hasn’t shown up for them—where the hell is it, and why am I stuck chasing this?",66,transfer_not_received_by_recipient,angry_layperson
d8b36396-7c2f-4b41-860d-7a697c664b4f,"I sent money to someone a few days ago and they still haven’t gotten a dime—what the hell is going on, and when are you actually going to fix this?",66,transfer_not_received_by_recipient,angry_layperson
5f8b0dba-7827-4fd4-9530-2e1e1b23d694,I sent money to my recipient and they still did not get it This has been hours now I need it confirmed now Please tell me why the transfer is stuck and when it will arrive I cannot wait any longer,66,transfer_not_received_by_recipient,panicking_emergency
619ab374-7fec-4029-9b44-a0f4a8a07c0b,"I sent a transfer to my landlord yesterday it says completed on my side but they still have not received it today  
I checked the account details and they are correct  
Please verify if the payment really left my account and where it is now  
I need this fixed urgently",66,transfer_not_received_by_recipient,panicking_emergency
5fddfd9d-cf23-42ad-8dba-0208c65b2e41,I sent money to my recipient hours ago it is not showing up anywhere I need it now please find the transfer status right away I have the confirmation details but no funds reached them yet this is urgent,66,transfer_not_received_by_recipient,panicking_emergency
91671766-b18f-477b-b63a-f67c8e81d8ef,"I sent money to my recipient days ago  
They still do not have it  
No confirmation shows on their side  
Where is the transfer right now  
I need it resolved immediately",66,transfer_not_received_by_recipient,panicking_emergency
16ffe6fd-4d8a-4468-83bd-71b91e69551b,I sent a transfer two days ago and the recipient still has not received it. My landlord is calling me nonstop. The money left my account already. I need this fixed right now. Please check status and tell me when it will arrive.,66,transfer_not_received_by_recipient,panicking_emergency
f1a67ad2-616e-47ee-b13e-d828f845130d,I sent money to my recipient hours ago they still cannot see it or pick it up. This is urgent where is it. Please check status now.,66,transfer_not_received_by_recipient,panicking_emergency
d5e004e3-8b0b-4519-9dd9-5cb625dc4f2e,"Hello, I would like to report that I initiated a bank transfer to my recipient, but they have not received the funds yet; could you please check the transfer status and confirm whether it has been processed or is still pending, and advise on the expected timeframe for delivery? The transfer was made recently, and the recipient requires the money urgently.",66,transfer_not_received_by_recipient,polite_expert
81faf0a9-bf27-4a6a-a9d9-9ea7d8ebe496,"Good day, I have initiated a bank transfer to my recipient, but they have not received the funds yet; could you please verify the status of my transaction and advise on the expected timeframe or any further information you require to complete the investigation?",66,transfer_not_received_by_recipient,polite_expert
b04bb6cf-d13b-42f4-991f-c100012f3cd2,"Good day, I would like to report that I initiated an internal bank transfer two days ago to my recipient, yet they have not received the funds and cannot access them; could you please investigate the transfer status and confirm whether it is pending, returned, or completed successfully using the transaction details?",66,transfer_not_received_by_recipient,polite_expert
e8df3da6-3abf-4f93-af4d-aed365422a8e,"Good day, I recently initiated a bank transfer to a recipient, and while the payment has left my account, the recipient has not yet received the funds; could you please investigate the transfer status and advise on the expected timeframe and any actions required on my side?",66,transfer_not_received_by_recipient,polite_expert
49433298-4366-4d89-82b2-fdc406cd440c,"Hello, I would like assistance because I initiated a bank transfer to another person, but the recipient reports that they have not received the funds yet; could you please advise on the typical processing timeframe and what checks you can perform to confirm whether the transfer has been completed, is still pending, or requires further action on my side?",66,transfer_not_received_by_recipient,polite_expert
7b6b32d8-47c9-4eae-80f0-77f4e2da71f3,"Hello, I would like assistance because I initiated a money transfer to the intended recipient, but they have not received the funds yet; could you please advise on the current status of the transfer and the expected timeline for delivery?",66,transfer_not_received_by_recipient,polite_expert
269f8b5a-26df-4ec3-b700-e55945722bc5,"Yo, I made a transfer to my friend earlier today, but they still haven’t gotten the money. Can you check the status on my side and tell me what’s going on?",66,transfer_not_received_by_recipient,gen_z_slang
92b3058a-a081-432a-8034-13be9a61a988,"Hey, I sent money to my friend earlier today but they’re saying they still haven’t received it—can you check what’s going on and when it’ll show up?",66,transfer_not_received_by_recipient,gen_z_slang
c6c28f8c-09a6-41d6-b537-053de37759f5,"Hey, I sent money to my friend yesterday and they still haven’t received it—can you check what happened with that transfer on your side?",66,transfer_not_received_by_recipient,gen_z_slang
ce835670-b817-4e22-8fd9-4de28800a915,"Hey, I sent a transfer to my friend like 2 days ago and they still haven’t gotten it—can you check what’s going on and when it’ll arrive?",66,transfer_not_received_by_recipient,gen_z_slang
b0b1b60a-4003-4577-a675-839132f045a3,"Yo, I sent money to my friend yesterday but they still haven’t gotten it—any idea where it’s stuck and when it’ll show up?",66,transfer_not_received_by_recipient,gen_z_slang
0a6ddeeb-fb7b-45b3-83a8-f48f64927bce,"Hey, I sent a money transfer yesterday and the recipient still hasn’t gotten it—my app shows it went through, but they’re saying they don’t see the funds. What’s going on?",66,transfer_not_received_by_recipient,gen_z_slang
b759f6a5-c87b-4101-a52d-c265d8cd478d,"Hi, I sent a money transfer yesterday, but the receipient still doesn’t see the money. Can you help me check what is wrong and when it will arrive?",66,transfer_not_received_by_recipient,non_native_speaker
e3e43e25-210b-4c17-bc38-6b9b92d6604f,"Hi, I sent money to my friend yesterday, but they still did not get it. Can you please check where the transfer is and when they can receive it?",66,transfer_not_received_by_recipient,non_native_speaker
e4b2fe21-cd48-490d-8733-25d1c3c335fa,"Hi, I made a bank transfer yesterday in the morning, but the person says they still not got the money. The account number is correct, I checked twice. Can you please check where it is and when it will arrive?",66,transfer_not_received_by_recipient,non_native_speaker
98cbbfe1-2f17-490b-9e69-fe1c47d9f223,"Hi, I sent money to my friend yesterday and it is still not in his account. It is urgent for him. How long this transfer need to come? Please check if something wrong with it.",66,transfer_not_received_by_recipient,non_native_speaker
852475b0-f91f-4904-a294-4c7e57ac75f5,"Hi, I sent money to my friend yesterday, but she still did not get it. The transfer is showing as done on my side, but on her side nothing arrive yet. Please help me check what happened.",66,transfer_not_received_by_recipient,non_native_speaker
cb6e1678-a8e0-49ff-9ceb-31cc865779f3,"Hi, I sent a money transfer to my friend last week, but they still did not get the money. I am sure I sent it right, can you please check what is wrong and when they can receive it?",66,transfer_not_received_by_recipient,non_native_speaker
a7e700f5-6a9a-4d7c-80b9-c69ccf95ee1b,"Transfer sent, not received yet. Recipient status?",66,transfer_not_received_by_recipient,short_wording
36c8c037-e15a-4bee-8ff5-82ee36d7e66c,Recipient not seeing transfer yet,66,transfer_not_received_by_recipient,short_wording
532e33e0-64b3-44f4-8172-52b96377769f,"Transfer sent, not received yet. Recipient waiting. Status?",66,transfer_not_received_by_recipient,short_wording
6a7c856c-e3ec-4e31-9754-a4b6eaf8c4f1,"Transfer sent, not received yet",66,transfer_not_received_by_recipient,short_wording
aeab3236-8058-4dcb-9884-16050ee08c30,Transfer sent; recipient not received. When?,66,transfer_not_received_by_recipient,short_wording
86839ee5-a5e7-4168-a522-878dc2de6ad2,"Bank transfer done, recipient not received",66,transfer_not_received_by_recipient,short_wording
3da1dc0a-7973-4b75-b66a-532e30d195bf,"I sent money out and it’s been taking forever, so how long am I stuck waiting for it to actually show up—when is it going to arrive, days or what?",67,transfer_timing,angry_layperson
8c3b301a-97c4-4803-a53b-347546463b2a,"I sent money and it’s been ages—what the hell is taking so long, and when am I actually getting my transfer? I need it by today, not some vague waiting bullshit.",67,transfer_timing,angry_layperson
101283e3-2f48-4583-afaa-c9334a63d642,"I sent money and it’s been forever—how long until it actually shows up in my account? I’m sick of waiting, and I need a straight answer right now.",67,transfer_timing,angry_layperson
0341c636-174c-4938-a55f-718958457556,"Why the hell is my money taking forever to show up after the transfer? I sent it and it’s still not in my account—how long is this gonna take, seriously?",67,transfer_timing,angry_layperson
0db9acff-44b4-40e2-a1d7-f58529f48faa,"I sent money out and it’s been way too long, where the hell is it—how many days does it take for the funds to show up in my account?",67,transfer_timing,angry_layperson
6de16d94-ee02-4900-af12-0985599c383e,Why is my money taking forever to show up after I sent it—how much longer do I have to sit around waiting for the transfer to actually land in my account?,67,transfer_timing,angry_layperson
8fed83eb-a2db-42bd-8308-bc19c63e24c4,I sent an urgent transfer this morning and it still has not arrived. How long is it going to take. Please tell me the exact timing now. I cannot wait any longer.,67,transfer_timing,panicking_emergency
ddcc7296-8b84-4429-881e-c9548d00f289,I sent money today and it is not here yet. Please tell me exactly when it will arrive. It is urgent and I cannot wait. The transfer left but the funds are still missing. How many business days is this taking and is it stuck.,67,transfer_timing,panicking_emergency
10a70560-e528-40fe-b902-b5cfd88df86c,My transfer was sent and it is not arrived yet I need to know exactly how long the delay takes and when it should show up in my account now I am stuck waiting and the deadline is today please tell me the time window right now,67,transfer_timing,panicking_emergency
69b1c027-9d6e-4aac-9485-33127247cb18,I just sent a transfer and it is not showing up yet I need the money urgently How long does it usually take to post and when should I expect it in my account I cannot wait any longer,67,transfer_timing,panicking_emergency
3f4bb3f6-0204-461d-bfe9-8a7a4b643c6c,I sent a bank transfer just now and I need it to arrive today I cannot wait How long will it take for it to reach the other bank in the US and when will the recipient actually see the funds I am freaking out please confirm the exact timing now,67,transfer_timing,panicking_emergency
f8c5d140-0278-477d-a3bf-562821c26978,I sent a transfer hours ago It still shows as processing I need the money today Where is it How long until it actually arrives in my account,67,transfer_timing,panicking_emergency
4383103d-1afa-4a39-9eeb-d50cc86ed773,"Good day, I would like to understand the expected transfer settlement timeline: I initiated an international bank transfer to my recipient on [date], and I would appreciate confirmation of when the funds should be credited to their account, including whether any additional processing time applies based on the originating country and transfer method.",67,transfer_timing,polite_expert
e079966a-0645-4a19-9012-f519668ec35b,"Could you please confirm the expected processing time for my international transfer and the earliest date I should expect the funds to be credited to the recipient’s account, as the transaction appears to have been sent but I have not yet received any update?",67,transfer_timing,polite_expert
ee4ecabf-1269-41c1-a270-d53d92bc62e9,"Good day, I would like to confirm the expected timing for a recent international transfer: specifically, when the funds should be credited to my recipient’s account and what processing or settlement period I should anticipate under normal circumstances.",67,transfer_timing,polite_expert
c3dc3d8a-5f1d-423f-9bc8-a1160fa9b411,"Good day, I would like to clarify the expected transfer delivery time: if I initiate a bank transfer today, when should I reasonably expect the funds to be credited to the recipient’s account, and does the timing differ depending on the destination country or payment method?",67,transfer_timing,polite_expert
7de80689-8ed3-43a8-ad7a-b45fe011350c,"Good day, I have initiated an international bank transfer and would like to confirm the expected transfer time to completion; could you please advise how long it typically takes for the funds to reach the recipient’s account, and what factors may affect the processing timeline?",67,transfer_timing,polite_expert
938d65c6-abca-4552-bb33-77a6431eddf4,"Good day, I would like to clarify the expected processing and posting timeline for an international bank transfer that I initiated recently, as I need to know when the funds should arrive in the recipient’s account and when they will become visible in my account statement.",67,transfer_timing,polite_expert
6dcd78b4-d569-46c4-aef8-522b86ecfa6a,"Hey, I just sent a transfer—how long does it usually take to show up in the recipient’s account, like what’s the expected delivery date?",67,transfer_timing,gen_z_slang
2ea277d1-2fa6-4343-8575-cee709e5fff1,"Hey, I sent a transfer yesterday and it still hasn’t shown up in my account—how long does it usually take to reach, and when should I expect it?",67,transfer_timing,gen_z_slang
cb701a79-e0d0-47d9-875f-b3d609f5c7b3,"Hey, how long am I supposed to wait for my transfer to actually show up in the other bank account—like is it instant or does it take a couple business days?",67,transfer_timing,gen_z_slang
08b4346b-ddff-410b-9f8a-134bf3933959,"Hey, I just sent a bank transfer yesterday and it still hasn’t shown up—how long does it usually take to clear, like when should I expect it to actually go through?",67,transfer_timing,gen_z_slang
3822b906-76c6-462c-9a02-6122832e1c54,"Hey, I sent a transfer a bit ago and I’m tryna figure out when it’ll actually hit my account—what’s the usual arrival time for outgoing transfers from where I’m sending from?",67,transfer_timing,gen_z_slang
15404aba-b83d-4ef7-8aee-e7787c68afe1,"Hey, I just sent a bank transfer and I’m tryna figure out the usual timeline—like how long does it usually take to go through and show up on the other side?",67,transfer_timing,gen_z_slang
5191e647-3561-48de-b86e-d416f5137bac,"Hi, I make a transfer yesterday, but I still don’t see the money in my account. How long it normally take to arrive?",67,transfer_timing,non_native_speaker
08eae543-2223-46c9-86fd-881162175235,"Hi, I send money to my friend yesterday. Can you tell me when the transfer will arrive in his account? How many hours or days it need?",67,transfer_timing,non_native_speaker
ddde9424-5a61-4131-bd1a-a53503004045,"Hi, I made a bank transfer yesterday, but money not in my account yet. How many hours or days it take until it arrive?",67,transfer_timing,non_native_speaker
6a52f7ec-c6ad-4841-be18-f4eb5cafd7a6,"Hi, I send money to another bank yesterday morning, but still not arrive. How long it usually takes, and when I can expect the money in my account?",67,transfer_timing,non_native_speaker
342d3f51-2685-4043-8e9c-8ef066b42068,"Hi, I made a bank transfer yesterday, but I still don’t see the money in my account. How long it normally takes to arrive, and when I can expect it to hit?",67,transfer_timing,non_native_speaker
b710b55f-1111-4809-bdf7-c655b89ac95d,"Hi, I send money to my other bank account yesterday, but still I don’t see the money in my balance. How long it take to show and finish the transfer?",67,transfer_timing,non_native_speaker
b1f7d1c8-aea0-403b-b491-d5ea00b172c5,How long for transfer to arrive?,67,transfer_timing,short_wording
e717e515-20cc-4dfb-8ab1-e93aa35eca41,How long for international transfer?,67,transfer_timing,short_wording
e0ec531c-dfd3-4d6b-9bf8-c5de39af0f29,"Transfer pending, when arrive?",67,transfer_timing,short_wording
e7f11e81-bcec-4f8c-8214-bcdb4d72c53a,When will my international transfer arrive?,67,transfer_timing,short_wording
743fe433-2857-46ba-a920-dff265619f24,How long for international transfer?,67,transfer_timing,short_wording
03d178f5-1c01-4cc8-970b-edeb6b2b7fd5,Transfer pending—when arrive?,67,transfer_timing,short_wording
52f68ffe-31e9-44cf-a493-154f7ee0a949,"What the hell is going on? I’m trying to verify my ID and it keeps failing, and nobody will tell me why—this is ridiculous, sort it out.",68,unable_to_verify_identity,angry_layperson
840d08f6-7005-4266-84ec-18f12ba102e5,"I’m sick of this, I’m trying to sign in and it keeps telling me it can’t verify who I am. I’ve sent everything they ask for—my damn ID and selfies—and it still won’t let me through, so what the hell is going on?",68,unable_to_verify_identity,angry_layperson
02e0e989-ce5d-4065-97ba-e6e1fdd22d51,"This app won’t recognize me at all—I can’t verify my ID, and it’s blocking me from using my account. I’ve tried multiple times and it keeps failing, so fix it or tell me what the hell is wrong with my info.",68,unable_to_verify_identity,angry_layperson
9b093eb6-2fa5-45d0-b86d-601d2098a876,"This is ridiculous—I can’t verify my identity, and now you’re blocking my account for no damn reason. I’ve done everything you asked, and I still can’t get in.",68,unable_to_verify_identity,angry_layperson
0cf8c924-b148-4f10-a711-bf70487de7dd,"Why the hell can’t your app figure out it’s me? I keep trying to verify my ID and it just rejects me—this is getting ridiculous, fix it or tell me what you want from me so I can get my account working.",68,unable_to_verify_identity,angry_layperson
067803e0-5a71-4ca3-ba49-826c3d5eb7f6,"Your app keeps telling me it can’t recognize me and I can’t verify my ID at all, this is ridiculous—I’m stuck out of my own account and nobody fixes it.",68,unable_to_verify_identity,angry_layperson
45b32623-e27f-4d56-aca3-427b59f354f1,I cannot get verified right now I keep failing the identity check in the app I already sent my ID twice and it still says it cannot confirm it is me please fix this fast I need access today,68,unable_to_verify_identity,panicking_emergency
81fc0da0-caf0-4dc7-8c82-bf1678724d05,I cannot verify my identity in the app It keeps saying it does not recognize me I am locked out right now Please fix this immediately I need access to my account,68,unable_to_verify_identity,panicking_emergency
a39bbe4f-86d8-4f63-90e3-5ac897f82ba9,I cannot verify my identity. The system keeps rejecting my ID. I need my account access now. Please fix this immediately.,68,unable_to_verify_identity,panicking_emergency
e2cab931-6a94-475c-90b7-4dc152686c30,My identity verification keeps failing. I cannot complete verification. My account access is blocked right now. I have submitted my documents and it still says it cannot verify me. Please fix this immediately or tell me the exact steps to resolve it.,68,unable_to_verify_identity,panicking_emergency
183ae36d-aabf-47bb-9cef-9749922b160a,I cannot verify my identity right now. It keeps failing. I need access today. What do I do next to fix this immediately.,68,unable_to_verify_identity,panicking_emergency
378d03e4-8a32-43e3-8a78-018ca7b6df07,I cannot verify my identity in the app It keeps rejecting my ID photo and selfie I need access now I am locked out Please fix this immediately,68,unable_to_verify_identity,panicking_emergency
0cec737b-b98d-40db-8d3d-ce077a73a421,"Good day, I am unable to complete identity verification in your banking application, and the process repeatedly fails when I submit my details, so I cannot proceed with my account access; could you please advise what information or documents I should use and how I can resolve the verification failure?",68,unable_to_verify_identity,polite_expert
d53d777b-eae0-4b74-b19b-1bcf689ee020,"Good day, I am unable to complete the identity verification during sign-in, and the process does not confirm my details; could you please advise what documents or information are acceptable and whether there are any common reasons the verification may fail?",68,unable_to_verify_identity,polite_expert
9b2f9eda-764a-4481-acf1-42725468f933,"Hello, I am experiencing difficulty completing identity verification; whenever I attempt to confirm my identity in the banking app or website, the verification step fails and I am unable to proceed with accessing my account.",68,unable_to_verify_identity,polite_expert
97c7b87c-31da-4ffb-942e-50f21a79103e,"Good day. I am currently unable to complete the identity verification step in your banking application, and the system is not accepting the information I provide, which is preventing me from accessing my account services. Could you please advise what details or documents I should use and how I can resolve this verification issue?",68,unable_to_verify_identity,polite_expert
f24f0b7f-ebad-468c-9f08-d394c6cf6e68,"Hello, I am currently unable to complete the identity verification step for my account, and despite entering my details carefully, the system does not accept my documents; could you please advise what specific information or document format is required, and how I can resolve this so I can proceed with accessing my banking services?",68,unable_to_verify_identity,polite_expert
57296f95-dcf5-4517-914f-569231d52b47,"Hello, I am experiencing difficulty confirming my identity during the login process; the system will not allow me to complete verification, and therefore I cannot access my account. Could you please advise what documentation or steps I should provide to successfully verify my identity and regain access?",68,unable_to_verify_identity,polite_expert
7b846fcc-6f08-4b53-adcf-1f0c9d25e0b4,"Hey, I’m trying to finish signing up but it keeps failing the identity check—what am I supposed to do to get verified?",68,unable_to_verify_identity,gen_z_slang
24bcbb21-091e-4209-b5aa-df258d36cdd3,"Hey, I’m stuck—when I try to sign in, the app keeps failing to verify my identity, and I can’t get past the check.",68,unable_to_verify_identity,gen_z_slang
98b26734-2b4c-4c07-9ffb-466175114f32,"Yo, I’m stuck—every time I try to verify my identity in the app, it keeps rejecting it like it doesn’t recognize me.",68,unable_to_verify_identity,gen_z_slang
bf7423b0-60f1-4140-9626-7f3d9d41b6f1,"Yo, I’m trying to verify my ID in the app, but it keeps saying it can’t confirm it, like it doesn’t recognize me at all—any idea what I should do?",68,unable_to_verify_identity,gen_z_slang
9f38de97-af46-4820-af64-d6afcd237222,"Hey, I’m trying to finish signing up, but the app keeps saying it can’t verify my identity—like it won’t accept my ID and I’m stuck. What do I need to do to get this sorted?",68,unable_to_verify_identity,gen_z_slang
1eac542c-26d6-4405-8d49-82de6f1102c2,"Hey, I’m trying to verify my ID but it keeps failing and won’t go through—can you help me fix this?",68,unable_to_verify_identity,gen_z_slang
c04a532c-1092-4c20-a0d6-5f1c9de49793,"Hi, I try to login and open my account, but I can’t prove my identity. It says they can’t verify me, and I don’t know what I should do next.",68,unable_to_verify_identity,non_native_speaker
44a03d03-bb01-4fd6-b95e-b63543ebe05f,"Hi, I try to verify my identity for my account, but it always failed. I send my documents, but system says it cannot confirm me. Why this happen? What I need to do?",68,unable_to_verify_identity,non_native_speaker
f90c0df8-32ed-4271-b993-423543200a86,"Hi, I try to login in the app, but it says it can’t verify my identity. I already upload my documents, but it still not working. Please help me, I need to use my account.",68,unable_to_verify_identity,non_native_speaker
8b337129-3fdd-4286-a34e-cada5bdbf8f1,"Hi, I try to verify my identity in the app, but it does not recognize my ID. It always says I cannot pass, and I already try again many times. Please help me, what I need to do?",68,unable_to_verify_identity,non_native_speaker
7dbb4f14-b8aa-4a3b-b0b1-676debfcfef7,"Hi, I am trying to use my account, but the app say it can’t confirm I am me. What I need to do to verify my ID again, and which documents you want?",68,unable_to_verify_identity,non_native_speaker
804f5afd-792d-4ef4-9c67-08ea36f5a673,"Hi, I can’t get into my bank app. It says it can not verify my identity, and every time I try it fails. I already check my details but still not work.",68,unable_to_verify_identity,non_native_speaker
b8cb2a4f-3fa0-45fb-9d82-20a3c81b704c,"Face/ID check failing again, can’t verify me",68,unable_to_verify_identity,short_wording
807473a7-133f-4fbd-aaba-7aede5975c18,Can’t verify my identity after upload,68,unable_to_verify_identity,short_wording
9188cf0c-d3d8-4db9-b545-51c295075ddf,ID verification failing again,68,unable_to_verify_identity,short_wording
99ffa640-ca59-46a5-929f-1dae669777dd,Cannot verify my identity online,68,unable_to_verify_identity,short_wording
7a9d8245-9f0a-4e19-bea0-d37a61374b47,ID verification failing in app,68,unable_to_verify_identity,short_wording
4039b6fb-f5bb-47fa-a464-429635f501d9,Identity verification failed; can’t proceed.,68,unable_to_verify_identity,short_wording
1688d246-34b8-40ef-9d7e-8c04ac40d68b,"I’m trying to verify who I am and it’s getting ridiculous—what the hell do you need from me to get this done, and why are you making it so hard?",69,verify_my_identity,angry_layperson
8f5fe1e1-f04a-4628-9096-2e42a61819ec,"I’m trying to get this sorted, but you keep blocking me and asking me to prove who I am—what the hell do you need from me, and what are the exact steps to get my identity verified already?",69,verify_my_identity,angry_layperson
2078c693-3bff-4bbe-8b13-07f0041570fb,"I’m trying to get into my account, but you keep blocking me and asking me to prove who I am—so tell me exactly what the heck I need to submit and how long this identity check is gonna take, because this is wasting my time.",69,verify_my_identity,angry_layperson
4b3bd299-2d76-457c-8ff5-dc2081cfac30,"I’m trying to verify who I am, and this stupid process keeps stalling—what the hell do you need from me to get this done, because I’m not guessing and wasting more time.",69,verify_my_identity,angry_layperson
2289237e-3a6b-47a2-9717-320ecdede96c,"I’m trying to verify who I am, but you lot keep blocking me and asking for more stuff—what exactly do you need from me, and how long is this gonna take before you stop wasting my time?",69,verify_my_identity,angry_layperson
fcb28c8c-5958-478d-88f0-2393f70df580,"I’m sick of this nonsense—my account won’t let me do anything until you verify who I am, so tell me exactly what you need from me and how to get it done, because I’m not playing games here.",69,verify_my_identity,angry_layperson
f921cf2b-e00c-4d46-b524-cd9194b65a29,I am locked out and I cannot access my account I need to verify my identity right now Please tell me the exact steps and what documents you need I am worried this will delay payments,69,verify_my_identity,panicking_emergency
1918a3f0-94a7-418a-bb51-f37282d5d7e2,I am locked out again. I need to verify my identity right now. What exact documents do you need and what are the steps. I cannot wait any longer.,69,verify_my_identity,panicking_emergency
4a8ea4c9-6fdc-40cb-91e8-ddff5c041ce2,I need to verify my identity right now. The system keeps blocking me. I cannot access my account. I have my documents ready. Tell me the exact steps to complete verification fast.,69,verify_my_identity,panicking_emergency
8be92e0b-0d46-4cef-b289-407bdc28af62,I need to verify my identity right now. My account is locked. What exact documents do you need. How do I complete the check today. I am stuck and time sensitive,69,verify_my_identity,panicking_emergency
09e9090d-2155-4fc1-87a4-dd23a9bb4811,I just got blocked and it says my identity needs verification now. I cannot log in. What exact documents do you need. How fast can you verify. I am stuck right now.,69,verify_my_identity,panicking_emergency
04344a5c-4eba-47d2-a57f-019cac0999a2,I need to verify my identity right now. My account is locked. I cannot access my money. What documents do you need. What steps do I follow to pass the check. I am stuck and time critical.,69,verify_my_identity,panicking_emergency
48ce1731-8c91-4e09-ac21-549a536ae452,"Good day; I would like to complete the identity verification for my account—please advise what documents or information I need to provide, along with the exact steps and any acceptance requirements, so I can ensure the process is completed successfully.",69,verify_my_identity,polite_expert
9f0d9e12-6ce2-42d1-befb-092d374c0040,"Good day, I would like to complete the required identity verification and would appreciate it if you could confirm the precise steps I need to follow, including which documents or information are acceptable and how long the review typically takes.",69,verify_my_identity,polite_expert
e372a127-4b6e-4753-8318-951ae1109153,"Hello, I would like to confirm my identity for my account, and I would appreciate it if you could advise me on the precise steps required and which documents are acceptable for the verification process.",69,verify_my_identity,polite_expert
f37ca287-848e-40e9-b289-97b7f4a76abd,"Good day, I would like to complete the identity verification required for my account and would appreciate guidance on what information or documents I must provide, as well as how closely my profile details need to match those documents.",69,verify_my_identity,polite_expert
22d75d18-dd65-4e00-a10a-1ec81eeb48f0,"Good day, I would like to verify my identity with your institution and would appreciate it if you could confirm the specific documents and the precise verification steps required, including where and how I should submit them.",69,verify_my_identity,polite_expert
689092f1-eb0a-4f6d-ba47-514af855449d,"Good day, I would like to complete an identity verification, and I would appreciate your guidance on which specific documents or information you require from me and the exact steps I should follow to ensure the process is successful.",69,verify_my_identity,polite_expert
e313c076-1b4c-4a51-942f-fbbcd65db010,"Hey, I’m trying to get my account sorted but it keeps asking me to verify my identity—what do I need to submit, and how long does the check usually take?",69,verify_my_identity,gen_z_slang
1ac6ddf7-f285-475d-9b1f-48a2f8a5095f,"Hey, I’m trying to finish identity checks for my account—what exact info/docs do I need to upload, and do the details on my profile have to match my ID 1:1?",69,verify_my_identity,gen_z_slang
09213103-d6c6-4cfb-94a9-0891026caf3b,"Hey, I’m trying to get my account sorted but it keeps asking me to verify who I am—what exactly do I need to upload/do to finish the identity check?",69,verify_my_identity,gen_z_slang
24cdd69e-70e8-44b8-9380-2ac3bd214f10,"Hey, I’m trying to complete my identity verification, but I’m not sure what I need to submit—can you tell me what documents/info are required and how to do it?",69,verify_my_identity,gen_z_slang
85fd2863-d04b-4ecc-bb55-7f6b28da55d3,"Hey, I’m trying to get my account fully set up but it keeps asking me to verify my identity—what do I need to do, and what documents will they want?",69,verify_my_identity,gen_z_slang
cdf88ec1-6313-4f97-ab60-b33eb8b64bc1,"Hey, I’m trying to get my account set up but it keeps asking me to verify my identity—what exactly do I need to do and what docs/info should I have ready?",69,verify_my_identity,gen_z_slang
15565230-e4e1-4122-a540-67d2875b9458,"Hi, I want to verify my identity. What documents do I need, and where I can upload them?",69,verify_my_identity,non_native_speaker
741a4a4a-c549-4ee8-89e1-9bf4cfe8622a,"Hi, I got a message that I must verify who I am, but I don’t know what to do. Can you tell me what documents I need and how to finish it?",69,verify_my_identity,non_native_speaker
274e91a2-3bdb-45e0-9699-ed29d7773975,"Hi, I want to verify my identity but I don’t know what documents you need. Can you tell me what I must send and how to do it?",69,verify_my_identity,non_native_speaker
7851e530-9821-4672-a311-bbc1a93e6663,"Hi, I want to verify my identity. How can I do it, and what documents I need to show?",69,verify_my_identity,non_native_speaker
dea117e4-f054-4aeb-81f6-edc23aff5751,"Hi, I need help to check my identity. How can I prove who I am, and what documents do I need to send?",69,verify_my_identity,non_native_speaker
0c0a37a2-8ed2-4bb8-99fc-a59398bcd5b4,"Hi, I need help to check my identity. What documents I should send, and what steps I do now?",69,verify_my_identity,non_native_speaker
6dd83923-9106-4688-9710-cb3cd590a29e,Identity check needed? What documents?,69,verify_my_identity,short_wording
d2d97497-0c04-4c1e-9c8e-9cb5fdb7e7d1,Identity verification failed; need steps,69,verify_my_identity,short_wording
4d37d9ef-d418-4397-9f5e-d380092f51e9,"Need identity verification, how?",69,verify_my_identity,short_wording
dd83e85b-2733-42b6-9b9e-5fea7d459361,Need identity verification steps,69,verify_my_identity,short_wording
e84dd08c-ca68-4dd7-bf27-964d4b153276,Identity verification steps? Documents needed?,69,verify_my_identity,short_wording
e29c6edb-e679-44ad-9f55-0819c54b88a7,Identity check needed documents?,69,verify_my_identity,short_wording
9cdbdfbc-3c34-4afe-9b3e-ccfe0f85d59c,Why are you people dragging me around asking where my money comes from? I just want to get my funds sorted and stop blocking everything—tell me what you need and get it done.,70,verify_source_of_funds,angry_layperson
05be5c82-762d-4721-96b5-0a36f52bd042,"What the hell is going on—why are you asking me to prove where my money comes from again, just let me use my own funds already, and tell me exactly what you need so I can get this fixed.",70,verify_source_of_funds,angry_layperson
61100774-fd3e-484c-a534-2c46c320eec6,"I’m sick of this crap—my account got flagged and now you’re asking me to prove where my money actually came from. What exactly do you want from me, and how fast can you sort it out?",70,verify_source_of_funds,angry_layperson
d0fb45bb-8790-4243-9ea7-36df73790e17,"What the hell is my money coming from, and who are you even saying it’s sourced from—tell me exactly where my available funds are getting pulled from, because nobody should have to chase this crap down.",70,verify_source_of_funds,angry_layperson
bee9e285-dd8d-4c58-ae3a-6a8f601ab6e8,"This is ridiculous—y’all keep telling me you need to check where my money is coming from, but nobody clearly explains what you want or how to prove it. How am I supposed to verify where my funds came from without wasting my time?",70,verify_source_of_funds,angry_layperson
8cd45d6c-3c77-4d8c-b5ba-38f5c0bb13a5,"What the hell is going on with my money—where exactly is it coming from? I need you to show me the source of my funds right now, because I’m sick of waiting and getting the runaround.",70,verify_source_of_funds,angry_layperson
5be19424-cc8a-4ca3-9f33-ff25012c50e1,I need my funds source verified now I have a transfer pending and support keeps asking where the money comes from I do not understand what documents you need I am not trying to hide anything I need clear steps right away to prove the source and release the transfer,70,verify_source_of_funds,panicking_emergency
2a78c331-2ece-41b1-b47d-68d91e3a5220,I need to verify where the money in my account comes from right now. They just froze my activity and I cannot access my funds. Please tell me exactly what documents you need and how fast this can be reviewed. I need the result today.,70,verify_source_of_funds,panicking_emergency
4bdf72c3-7b83-4484-9785-579f1acebf66,My bank transfer was flagged I need to verify where the money came from now I am stuck please tell me exactly what documents you need and where I upload them I cannot wait,70,verify_source_of_funds,panicking_emergency
6978b7dc-7bbe-4f06-b7dd-8ab01493dfa0,I need to verify where my money came from right now My account is on hold I cannot wait I already sent documents but it still says pending I need exact steps and what you still need from me today,70,verify_source_of_funds,panicking_emergency
7f491819-23ac-4465-b727-046df340e82b,I need immediate verification of where my money comes from right now. They froze my account. What exact documents do you need today. I cannot wait.,70,verify_source_of_funds,panicking_emergency
c574823b-b2d7-448b-bb2c-a723d72fce88,I need my account verified right now They keep asking where my money comes from I do not understand what documents you need I can not delay I need clear steps today,70,verify_source_of_funds,panicking_emergency
36bde6dd-0023-46b4-a513-e88204e2aea7,"Good day, I would like to confirm and provide evidence for the origin of the funds used in a recent transaction, and I require guidance on the specific documentation and verification process needed to complete this review.",70,verify_source_of_funds,polite_expert
59e7478c-5871-4687-92ff-a25b7caa731f,"Hello, I would like to verify the origin of the funds in my account; could you please confirm what information is available regarding the source of those funds and the steps I must follow to complete this verification?",70,verify_source_of_funds,polite_expert
876f6a5a-a593-4eb8-a716-454c29fee4a7,"Hello, I would like to verify the origin of the funds used for a recent deposit and confirm that the supporting documentation provided meets your requirements; could you please advise on the process and any specific information you need from me?",70,verify_source_of_funds,polite_expert
3ca202b7-15ba-4ba0-a707-fb6b2bb03f35,"Good day, I would like to verify the origin of the funds credited to my account, and to understand which information you require from me to confirm their source.",70,verify_source_of_funds,polite_expert
d3a70a92-433e-40cf-acc2-26be6d664bf3,"Hello, I would like to understand the process and requirements for verifying the origin of the funds involved in my recent transaction, and I also want to know which specific documents or evidence you would accept to complete this review.",70,verify_source_of_funds,polite_expert
23ec5a64-a60b-461b-b8e0-c1977c2d541c,"Good day, I would like to request assistance in verifying the source of funds for a transfer into my account, and I would appreciate guidance on what documentation is required and what information you need to complete this review.",70,verify_source_of_funds,polite_expert
617a3b51-f3c5-4608-b2a5-efbaf252d7f9,"Hey, I need to get the source of where my money is coming from verified for my account—can you tell me what you need from me and how long it usually takes?",70,verify_source_of_funds,gen_z_slang
99285a3c-2b48-4c4b-bd7f-51e7f74607d0,"Hey, I’m trying to finish onboarding but you keep asking me to confirm where the money in my account is coming from—can you tell me exactly what you need from me to verify it?",70,verify_source_of_funds,gen_z_slang
086762dd-3179-4f28-afcd-07932907082e,"Hey, I need to confirm where the money in my account is coming from—can you show me the source of my available funds and what docs I might need to provide?",70,verify_source_of_funds,gen_z_slang
d5246e6d-43da-49d8-9005-7c3c61f50b53,"Hey, can you help me figure out where the money in my account is coming from? Like I wanna verify the source of those funds and understand what the deposits are tied to.",70,verify_source_of_funds,gen_z_slang
2501ce10-b3f8-4c36-af76-885842c43b29,"Hey, I need to verify where my money is coming from—can you tell me what you need from me to confirm the source of my funds?",70,verify_source_of_funds,gen_z_slang
541b7dca-5728-41ca-99e9-91a4969f59dd,"Hey, quick question—can you help me confirm where my money is coming from? I need the source of the funds for my account.",70,verify_source_of_funds,gen_z_slang
e3a65f47-5f2f-400f-95c0-ef2f83541ce1,"Hi, I want to check where my money is coming from. Can you tell me what documents you need and how I can verify the source of my funds?",70,verify_source_of_funds,non_native_speaker
1b219e62-5ecd-44d9-9340-da4219560a1c,"Hi, I need help to check where my money is coming from. Please tell me what documents I need and what steps I must do, because I want to verify the source of my funds.",70,verify_source_of_funds,non_native_speaker
be1c0a20-9668-415f-ac55-8846db00d000,"Hi, I want to see and verify where my money came from. Where can I check the source of my funds in my account?",70,verify_source_of_funds,non_native_speaker
a43d0b56-ce7a-41bc-8e62-26b096dc0eeb,"Hi, I need help please. I deposit money, but bank ask me to verify where this money come from. Can you tell me what documents I need and what exact info you want about the source of funds?",70,verify_source_of_funds,non_native_speaker
28e6093c-f137-45f8-8518-ca028fadc2d9,"Hi, I want to ask about my money. Can you check and verify where my funds come from? I need confirm the source, please.",70,verify_source_of_funds,non_native_speaker
2eab9605-deb6-40f5-8b50-d8c0ce0bba30,"Hi, please help me. I want to check and verify where the money in my account come from, because bank ask for source of funds, and I don’t understand what they need from me.",70,verify_source_of_funds,non_native_speaker
9c7d72a6-48c1-4acc-8d18-a8cf4263393e,Source of funds verification request,70,verify_source_of_funds,short_wording
fdc57951-e4fb-4456-8ae9-347ab7807831,Source of funds verification needed? Documents required?,70,verify_source_of_funds,short_wording
7187a76e-55dc-4444-8898-68ffce47757b,Need source-of-funds details and history.,70,verify_source_of_funds,short_wording
22826fe5-efb2-464e-9b54-84389b9c495b,Source of funds verification request; need proof and transaction history.,70,verify_source_of_funds,short_wording
752c8664-d6a7-4580-aeae-0b0da0839c70,Source of funds verification needed,70,verify_source_of_funds,short_wording
18b63a2d-5b02-4eca-a827-a605328bdd30,Source of funds verification request. What documents needed?,70,verify_source_of_funds,short_wording
d46ffce7-f3f5-489f-a961-745497b85d28,"I already topped up and now I’m stuck—how the hell do you verify that top-up and get it approved, and what exact info do you need from me?",71,verify_top_up,angry_layperson
f3ec158c-0c42-46b2-8e11-c39a729ba474,"I just tried topping up and now you people are acting like I need some stupid code—where the hell do I go to verify it, and why am I being forced to verify something I already started?",71,verify_top_up,angry_layperson
3f6cc91c-b722-4ac3-8cf8-db769b932e27,"I can’t find the verification code for my top-up card anywhere, and this is driving me nuts—where the hell do I get it, step by step, because I’m not guessing and I’m not waiting forever.",71,verify_top_up,angry_layperson
b24780c3-acfa-47b9-89a9-1d8960c7f244,"I just topped up and now I need to verify it, but nobody’s telling me where the hell the verification code is or how to check it—what’s going on and how do I fix this right now?",71,verify_top_up,angry_layperson
626f2daf-7ac5-4162-ab12-0b7cef2ddcd5,"What the hell is this code verification nonsense for my top up? I already paid, so why are you making me jump through hoops just to get my money to go through?",71,verify_top_up,angry_layperson
ccd234cc-cb01-4478-8979-656c975a29a4,"Why the hell can’t I get my top-up verified? I’ve tried multiple times and it just keeps getting stuck, wasting my time—tell me what you actually need from me to get this done right now.",71,verify_top_up,angry_layperson
0c4a75d5-f36a-4ca2-a81f-74b5c58bd929,I tried topping up and it stops and asks me to verify the top up again and again What is this verification and why is it blocking my payment I need it fixed now,71,verify_top_up,panicking_emergency
63ce9702-01bc-4ba7-aea5-225815297947,Top up is failing again I need the verification code right now I never got it in the app Please fix and confirm the top up is verified before my payment times out,71,verify_top_up,panicking_emergency
6c446807-e4f0-4093-9221-960cf660fbeb,I tried to top up and it says I must verify it right now I never got any code or instructions I am stuck can someone check my account and tell me how to complete the verification fast,71,verify_top_up,panicking_emergency
3c09a656-8dd0-4ca0-93a5-3bf6c376e140,I just tried a top up and it says I must verify it right now I do not have the verification code please tell me what I need to do immediately,71,verify_top_up,panicking_emergency
676843d2-a76f-423e-b32c-a4f6fe0e3834,I tried to top up but it did not verify I am stuck now no money moved please confirm the top up verification immediately I need this fixed fast,71,verify_top_up,panicking_emergency
25967c04-e72a-4c6b-bdf8-c144f082a5cc,I need to verify a top up right now but I do not have the verification code Where is it coming from I am stuck and the payment is failing please fix fast,71,verify_top_up,panicking_emergency
cc9c6c6e-9b8b-4124-8752-74357ec78835,"Hello, I would like to confirm the status of the verification required for my recent top-up, as I cannot locate the verification code or where it should be entered; could you please guide me through the correct steps so that the top-up can be completed successfully?",71,verify_top_up,polite_expert
f1c0ca71-9821-4f7c-926e-6a5e2fc60735,"Hello, I would like to confirm whether it is necessary for my card top-ups to undergo an additional verification step, and if so, could you please advise what conditions trigger this requirement and how I can complete it successfully?",71,verify_top_up,polite_expert
80b1a202-922b-41ca-8b2f-ad414f9b277c,"Good day, I would like to verify a recent top-up; however, I cannot locate the required verification code/card details and would appreciate your guidance on where to find it and how to complete the verification successfully.",71,verify_top_up,polite_expert
9c9ba862-9bf1-4f0f-99bb-aa8ffe290fc7,"Good day, I would like to verify the top-up on my account; could you please advise where I can obtain the required verification code and what steps I should follow to complete the verification successfully?",71,verify_top_up,polite_expert
d564d0c6-7f78-4a48-80b3-58ab9cf0ddf9,"Good day, I would like to verify whether a recent top-up has been successfully confirmed, and if not, please advise what information or steps are required to complete the verification and ensure the funds are credited without delay.",71,verify_top_up,polite_expert
f1f376c2-9c62-4538-8a99-e7d2074f6d83,"Hello, I would like to verify a recent top-up transaction; could you please confirm what verification steps I must complete, and advise where I can obtain the required verification code or reference number to finalize it?",71,verify_top_up,polite_expert
b3e609a6-61c8-4c50-af32-88b3e4277e35,"Hey, I’m trying to add money but it keeps asking me to verify the top-up—can you tell me what I’m supposed to do and where to enter whatever code/info it wants?",71,verify_top_up,gen_z_slang
6f10071d-b96b-4fe7-bbfa-e5a5284ecf41,"Yo, I just tried to top up and it’s asking me to verify it—what exactly do I need to enter to get it done?",71,verify_top_up,gen_z_slang
d655e482-61cf-43dd-a2da-9d5364beb56b,"Hey, I just did a top-up and I’m tryna verify it—where can I find the verification code, and which card details do I need to use?",71,verify_top_up,gen_z_slang
1dd10a41-0911-4f5a-ae35-ddde46525a68,"Hey, I’m trying to top up rn—do I need to do a verification step, and where do I find the verification code for it?",71,verify_top_up,gen_z_slang
2e2ed6b9-f42b-4cd1-9240-296dfd96cfe8,"Hey, I’m trying to complete my top-up but it’s asking for a verification code—can you help me figure out how to get it and where to enter it?",71,verify_top_up,gen_z_slang
2dd6ac15-e5ae-42f2-978d-ff7f268c0554,"Hey, I’m trying to verify my top-up but I can’t find the verification code anywhere—where exactly do I get it and how do I complete the verification?",71,verify_top_up,gen_z_slang
6a780119-6afe-4432-adde-e9b9c49dd6e6,"Hi, I need help please. I want to make a top up, but it says I must verify it. Where can I get the code and how to do this step?",71,verify_top_up,non_native_speaker
021155b8-9c54-4b42-a399-fdb754c47a41,"Hi, I want to check and verify my top up, but I don’t know where to do it. Can you tell me how to verify, and where I can get the code?",71,verify_top_up,non_native_speaker
898b7c4c-2c0b-418a-bf5d-48c38a519dcd,"Hi, I try to do a top up, but it says I must verify it. Where can I get this verification code, and what I need to do next?",71,verify_top_up,non_native_speaker
fd7d9bc3-bee4-47fd-9182-8b2dca49496d,"Hi, I need help to verify my top up. Where can I find the verification code, and what I must do step by step?",71,verify_top_up,non_native_speaker
cd432302-2a51-4242-a203-b0041840ff5c,"Hi, I want to make a top up but it asks for a verification code. I cannot find where to get this code. Can you please tell me what I need to do?",71,verify_top_up,non_native_speaker
afa79d0f-500a-4cae-ae27-28673e1f685d,"Hi, please help. I try to do a top up, but it ask for verification. Where I can get the code, and what I need exactly to verify it?",71,verify_top_up,non_native_speaker
16af22d3-b10b-4f69-91f4-af118539a11f,Top-up verification failed again?,71,verify_top_up,short_wording
dee28e5e-13e5-44fd-807c-1236d425338c,Need top-up verification code? Where?,71,verify_top_up,short_wording
be096bae-c9ad-4849-b40b-bcbe41226a7b,Top up verification failed?,71,verify_top_up,short_wording
769c7bf7-e2dd-4065-b23b-fcb1aa40d91b,Top up verification failed? Code not received,71,verify_top_up,short_wording
e0a9eab5-9125-4e7f-b52f-e233c31ddd75,Verify top-up status? Which card?,71,verify_top_up,short_wording
dc09b7e6-d89d-4586-a68a-f3e21acc6a5a,Top up verification code? Need it?,71,verify_top_up,short_wording
9fd816e5-b120-4997-b9c5-f40a3a095657,"My no-physical card just keeps getting declined every time I try to pay online, and I’m sick of it—what the hell is going on and how do I get it working again right now?",72,virtual_card_not_working,angry_layperson
c4e9929e-f270-41f1-8d12-0d928d5a318a,"My non-physical card keeps getting declined, and I’m sick of it—why the hell won’t it work when I need it?",72,virtual_card_not_working,angry_layperson
ee05cc39-40b8-4f0f-8e29-9c457cf9b636,My online card thing just won’t work—every time I try to pay it gets rejected and I’m sick of this. I need it fixed ASAP because I’ve got bills to pay and this is wasting my time.,72,virtual_card_not_working,angry_layperson
2c18c630-c6a6-443a-8af7-210c5c1d57d1,"My virtual card just won’t work—every time I try to pay it gets declined and I’m stuck here. What the hell is going on, and how do I fix it?",72,virtual_card_not_working,angry_layperson
7b61ae0d-675f-49dc-af0d-1b30731d7055,"My damn temporary card is getting rejected every time I try to pay, and I’m sick of wasting time—what the hell is going on and how do I get it working again?",72,virtual_card_not_working,angry_layperson
7616505c-ea4b-4e26-b0e4-f0c2bd314c0a,"My damn card keeps getting rejected every time I try to pay online with it, and I’m sick of it—what’s going on and when is it getting fixed?",72,virtual_card_not_working,angry_layperson
5a8bd47e-c1e4-4dea-9d02-8bb8812242bc,My virtual card is not working right now I keep getting payment rejected every time I try to use it I need this fixed immediately I cannot complete any transaction please help fast,72,virtual_card_not_working,panicking_emergency
f892f18f-6dc6-4dc8-bcb9-5f09e347f78f,My virtual card is not working again It keeps getting declined at checkout right now I need the payment to go through immediately Please tell me why and fix it fast,72,virtual_card_not_working,panicking_emergency
2e8455ce-6ef7-42aa-ac41-a0b251525d2f,My virtual card will not work right now I keep getting declined at every purchase online and in stores I need this fixed immediately please tell me what to do next,72,virtual_card_not_working,panicking_emergency
b57e94be-52f4-4ddf-bf15-c1284da123fa,My virtual card just keeps getting declined. It worked yesterday. Now every purchase fails. I need it to work immediately. Please check my card status and payment authorization right now.,72,virtual_card_not_working,panicking_emergency
cb70dac7-579a-4d26-aa88-101cb602bab0,"My virtual card stopped working right now  
Payments keep getting rejected  
I need it to work immediately  
I already tried again and again  
Please fix this fast or tell me what to do next",72,virtual_card_not_working,panicking_emergency
7f020397-0789-4f6d-bd13-714e0ad53127,My virtual card is not working right now. Every purchase gets rejected. I cannot pay. Please fix this immediately. I need it working today.,72,virtual_card_not_working,panicking_emergency
543c11b9-1a5e-4c5a-ad23-65ce77119d9f,"Hello, I would like assistance because my virtual card is being consistently rejected during online purchases, and I am unable to complete transactions; could you please advise on the necessary checks or steps to restore its functionality?",72,virtual_card_not_working,polite_expert
0b1cb28f-fa9f-42c4-98cc-72603768b8a6,"Hello, I am unable to use my virtual card for a recent online purchase, as each payment attempt is being declined; could you please investigate why it is not working and advise what steps I should take to restore successful authorization?",72,virtual_card_not_working,polite_expert
5bb18d4f-54aa-4950-b74d-7c6ba1b5255f,"Hello, I am experiencing an issue with my virtual card: when I attempt to make an online purchase, the transaction is consistently declined, and I would like guidance on the most effective troubleshooting steps to restore successful payments, including whether there are any required verification or availability checks on my account.",72,virtual_card_not_working,polite_expert
ed41b9a7-a0b2-4dc6-b089-35938f3fa19b,"Hello, I would like your assistance because my virtual card is currently not functioning as expected: when I attempt to make a payment, the transaction is declined, and the card does not complete the purchase even though sufficient funds are available. Could you please advise what checks I should perform and whether there is anything you need to review on your side to restore its payment capability?",72,virtual_card_not_working,polite_expert
ffd6aefc-5527-4b12-9f44-56f8b5e89337,"Hello, I am experiencing an issue with my disposable virtual card: it is being declined when I attempt to make a payment online, and I would appreciate your assistance in verifying the card status, confirming sufficient available funds, and restoring successful authorization.",72,virtual_card_not_working,polite_expert
4f733baa-18b4-4e63-9c95-85f8a1a334f6,"Hello, I am experiencing an issue with my virtual card: it is not being accepted for online purchases at the moment, and I would like assistance in determining why the transactions are failing and what steps I should take to restore functionality.",72,virtual_card_not_working,polite_expert
36c9eac2-7ace-40e2-bd2e-70b9383e83cd,"Yo, my virtual card keeps getting declined every time I try to pay in-store and online—what’s going on and how can I fix it?",72,virtual_card_not_working,gen_z_slang
b6a05a0b-3467-43fe-8dde-b71bea8118f7,"Hey, my virtual card isn’t going through—every time I try to pay online it gets declined, and I can’t use it at all right now. Can you help me fix it?",72,virtual_card_not_working,gen_z_slang
7c97f030-6205-47b6-9aa0-2489da1aa163,"Hey, my virtual card isn’t working at all when I try to pay online—keeps getting declined, and I can’t complete any transactions. Any idea what’s going on?",72,virtual_card_not_working,gen_z_slang
ffbca997-1d59-479a-85ea-109db7d3e6d3,"Yo, my virtual card isn’t working at all—every time I try to pay online it gets declined or says it can’t be used.",72,virtual_card_not_working,gen_z_slang
481f3477-595b-4861-a982-7c6608202c09,"Yo, my virtual card just won’t go through—every time I try to pay, it gets declined, and I can’t figure out how to fix it.",72,virtual_card_not_working,gen_z_slang
5f57f800-928b-4b24-9eaf-8027e7f02200,"Hey, my virtual card keeps getting declined when I try to pay for stuff—like it won’t go through even though there’s money in the account. What’s going on?",72,virtual_card_not_working,gen_z_slang
29ef503d-5b59-42f7-abb4-a55efd859322,"Hi, my virtual card not working today. I try to pay for online subscription, but it always gets rejected. Can you help me please, what should I do?",72,virtual_card_not_working,non_native_speaker
66f06c52-aab4-4baa-a2d2-05bfbfb45bff,"Hi, my virtual card not working since yesterday. When I try to pay online or for subscription, it always says declined. Please help me, what can I do?",72,virtual_card_not_working,non_native_speaker
734b713f-fce5-4638-8746-2998647fafc0,"Hi, my virtual card not working. I try to pay online today but it always get rejected. Can you please tell me what I need to do to fix it?",72,virtual_card_not_working,non_native_speaker
6aa4c368-b234-4939-8fd6-2471804da7e1,"Hi, my virtual card is not working again. I try to pay online, but it always gets declined. Can you help me, please?",72,virtual_card_not_working,non_native_speaker
edec3b81-0262-4ce2-a81a-97ba239e5c3f,"Hi, I am having problem with my virtual card. I tried to pay at the shop today, but the payment got rejected. Can you please tell me what I must do to fix it?",72,virtual_card_not_working,non_native_speaker
b6697868-484b-44f9-9cee-a5ec10f87ce8,"Hi, my virtual card is not working now. I try to pay online but it always gets declined. What I should do, please?",72,virtual_card_not_working,non_native_speaker
ab9121c9-3bc9-453b-8247-f5fcd8e175e1,Virtual card denied in-store online.,72,virtual_card_not_working,short_wording
31b25912-b759-4e7a-bdc1-5c88dd4cbe9a,Virtual card declined online transactions,72,virtual_card_not_working,short_wording
3c27b2b4-052b-4d17-8fcc-ef568ca3d0c6,"Disposable virtual card declined online, help please",72,virtual_card_not_working,short_wording
9b46601f-ee6e-4dcb-8183-d0c75831beed,Virtual card not working—declined at checkout.,72,virtual_card_not_working,short_wording
5a8b9ed0-5e51-426b-913c-9b69030442a9,Virtual card not working—declines at checkout. Need help.,72,virtual_card_not_working,short_wording
b6408646-615f-42e9-887c-4542711a75aa,"Virtual card declined at checkout, help?",72,virtual_card_not_working,short_wording
be40c3ca-bb1a-4ae1-9c6f-7ad6084c617b,"Why the hell can’t I figure out if your card is Visa or Mastercard? I just need to know which one you support, don’t make me chase this around.",73,visa_or_mastercard,angry_layperson
a50c583e-287a-4d2a-9d92-328b4c7d4c75,"I’m trying to use my card and you people keep acting like I should know whether it’s Visa or Mastercard—just tell me which one you accept and whether I get any choice, because this runaround is ridiculous.",73,visa_or_mastercard,angry_layperson
f018492e-f15d-4764-9227-9bc07b146ccf,"I’m sick of this—why can’t I get a straight answer on whether I can choose a Visa or a MasterCard for my card, and how do I switch it if they keep sending the wrong one?",73,visa_or_mastercard,angry_layperson
4b738e46-1dd7-4799-9834-f92ca5ef6c06,Why the hell can’t I get a clear answer on whether you’ve got Visa or Mastercard? I’m trying to pay and you’re acting like it’s some secret—just tell me which one you support.,73,visa_or_mastercard,angry_layperson
f5ca9d16-e1e9-47a9-96f9-0fc9428fc40c,"Why can’t you just tell me straight what kind of card you’re actually using, Visa or Mastercard? I’m sick of the runaround and I need to know today.",73,visa_or_mastercard,angry_layperson
ff35c701-38dc-4b97-8763-7d7349ec6697,"Why the hell don’t you just tell me if my card will be Visa or Mastercard? I want to know which one I’m getting, not this vague runaround.",73,visa_or_mastercard,angry_layperson
dae4b2e0-e97a-4f1e-9f15-7714de407e22,I am trying to pay right now and it is failing. Do you accept both Visa and Mastercard. I need this fixed immediately.,73,visa_or_mastercard,panicking_emergency
ba6a2773-cf03-4742-9ed8-3bea265948b4,My card payment keeps failing again again. I need to know if you accept Visa or Mastercard right now. I am stuck without cash. Please confirm today.,73,visa_or_mastercard,panicking_emergency
124ce9db-bfed-4485-8b13-b9c0eccc3d0f,I am trying to pay right now but my card option is wrong I need to use a Visa instead of Mastercard but the app will not let me switch I am stuck at checkout please fix this immediately,73,visa_or_mastercard,panicking_emergency
2b3c0624-9060-468e-ba34-7e582bd0271f,I am stuck at checkout and it keeps asking Visa or Mastercard how do I switch which one will be used I need this payment to go through now,73,visa_or_mastercard,panicking_emergency
e8561e53-75ce-49ff-9c1e-8415e0cc0917,I cannot make my card payment right now It keeps rejecting my card I need to know if you accept Visa or Mastercard immediately This is urgent,73,visa_or_mastercard,panicking_emergency
39fb3bd1-22f6-429b-8a85-6a3798449225,I am trying to pay right now and I need to know which card networks you accept Visa or Mastercard I cannot wait please tell me if I get a choice or if it is only one option,73,visa_or_mastercard,panicking_emergency
af07f405-040a-474f-b31c-616380d968a6,"Good day, I would like to confirm whether your bank currently supports both Visa and Mastercard payment cards, or whether only one of these networks is available for my account.",73,visa_or_mastercard,polite_expert
c282e3bd-0887-444a-ae3c-009a58c45bbb,"Hello, I would like to confirm whether I can choose between a Visa and a Mastercard for my card, or whether the bank assigns one automatically, and in either case, how this affects acceptance and international transactions.",73,visa_or_mastercard,polite_expert
0ef0ce1a-3696-4cef-8732-c39315d7a8b4,"Good day, I would like to confirm which card networks your service supports, specifically whether you accept Visa and/or Mastercard for payments.",73,visa_or_mastercard,polite_expert
fbd9b038-e881-4798-9623-8db344158902,"Hello, I would like to confirm whether I can have both a Visa card and a Mastercard issued under my account, or whether the bank supports only one card network per customer, and if both are possible, what the associated fees and delivery timelines would be.",73,visa_or_mastercard,polite_expert
760b131a-ef86-4680-8bc2-b7ad821e14b4,"Hello, I would like to confirm whether you issue cards under both major international schemes, namely Visa and Mastercard, and, if so, how I can select or request the specific one I prefer when applying.",73,visa_or_mastercard,polite_expert
1fa54d79-9a80-4c4b-9269-b1605d7e2af7,"Hello, I would like to confirm which card network I can receive for my account, specifically whether I can be issued a Visa or a MasterCard, and if the selection depends on eligibility criteria or availability in my region.",73,visa_or_mastercard,polite_expert
3271fae9-cce2-44e2-b9ad-9cbe66b2eaef,"Hey, quick question—when I’m setting up my card, how do I know if it’ll be a Visa or a Mastercard? Is there a way to pick which one I get?",73,visa_or_mastercard,gen_z_slang
34e4e2f3-5dde-4c52-b285-d1cb39bce4aa,"Hey, quick q—do you guys offer cards that run on Visa or Mastercard, or is it like only one option?",73,visa_or_mastercard,gen_z_slang
9bf5d278-4cd3-4ffd-89ec-272b15188687,"Hey, quick question—do you guys take Visa or Mastercard for card payments, or only one of them?",73,visa_or_mastercard,gen_z_slang
4227ff7c-ddfc-48c5-ac10-fe32d8f57373,"Hey so I’m trying to set up a card and I wanna know—do I get to choose whether it’s Visa or Mastercard, or is it random?",73,visa_or_mastercard,gen_z_slang
f2b44089-b509-45a4-8ca2-73952c2a0df9,"Hey, quick q—can I get a card that’s a Visa specifically, not Mastercard?",73,visa_or_mastercard,gen_z_slang
0787ea92-e6de-45f8-8239-caccbc071a5a,"Hey, quick question—what card networks do you actually accept (Visa or Mastercard), and if I’m eligible, how do I pick one for my credit card?",73,visa_or_mastercard,gen_z_slang
da3a120e-6167-4ba1-988f-c84169e88a3f,"Hi, I want to know can I pay with Visa or Mastercard? Are both card types accepted for my account, or only one?",73,visa_or_mastercard,non_native_speaker
13db6731-5bec-4a6e-ae38-e6f1a5c764a6,"Hi, I want to know if you offer Visa or Mastercard for payments. Can I choose which one, or you give only one type?",73,visa_or_mastercard,non_native_speaker
d2c16476-f440-4790-84fb-fb2678bdea1c,"Hi, I want to pay by card, but I not sure if my Visa or Mastercard is accepted. Can you tell me which one is ok?",73,visa_or_mastercard,non_native_speaker
1adecaf7-a96a-4352-a4eb-f4cc9548add0,"Hi, I want to ask: can I get Visa card in this bank, or only Mastercard? I need one of them for travel, please tell me what you have.",73,visa_or_mastercard,non_native_speaker
82c0989e-459f-4314-9fd4-90958d0ce729,"Hi, I want to ask something. Can I get both Visa and Mastercard from you, or only one card? I need clear answer please.",73,visa_or_mastercard,non_native_speaker
fa51a3cc-75f6-4989-88c1-f72ba3ba9041,"Hi, I want to pay with my card. Do you accept Visa or Mastercard at your place? I ask because I am not sure which one you take.",73,visa_or_mastercard,non_native_speaker
96acfec8-93e7-43bb-9221-ba3921fc7992,Visa vs Mastercard choice?,73,visa_or_mastercard,short_wording
536ea2c9-bbb1-431e-8e04-a9791cc0fee6,Visa or Mastercard options?,73,visa_or_mastercard,short_wording
d33409d0-73e7-4122-914e-16f172f5bde1,Visa or Mastercard accepted?,73,visa_or_mastercard,short_wording
c5085c9d-b6b9-4f19-af29-b7fbab04f56a,Visa or Mastercard options?,73,visa_or_mastercard,short_wording
6993d1a1-e375-4b16-844c-1f2e6a8a78ed,Choose Visa or Mastercard?,73,visa_or_mastercard,short_wording
2adc7edd-7f9f-4c3b-ab6e-87ea685953d1,Visa or Mastercard accepted?,73,visa_or_mastercard,short_wording
f949c6ce-ed52-4ae9-aac3-6259b3b3201b,"Why the hell are you still asking me to verify my identity again and again when I already sent everything—this is locking me out of my account and it’s driving me nuts, fix it.",74,why_verify_identity,angry_layperson
5f090136-1488-4b95-ac56-517866dd3f97,"Why the hell do you keep making me verify my identity in the first place, and what exactly are you trying to get from me? I already gave you my info, so stop hassling me and tell me what this is for.",74,why_verify_identity,angry_layperson
f3a04d4a-21a0-4e19-a7a2-3be074c7d1b3,Why the hell do I have to keep proving who I am every single time—can’t I just use my own account without you grilling me for more info?,74,why_verify_identity,angry_layperson
fe496158-807b-4b9a-bdc8-5cbc00bb0f71,"Why the hell are you making me do this identity check again when I already did it before? This is wasting my time, and I’m sick of getting blocked just to prove who I am.",74,why_verify_identity,angry_layperson
245551b4-bc81-4888-8668-2ca5b2fb6b18,"I’m getting hit with some identity check crap and I’m sick of it—why do I have to keep proving who I am just to use my account, and how do I stop this nonsense?",74,why_verify_identity,angry_layperson
eaa21e63-6a57-476c-99d0-a881dba0a662,"Why the hell are you making me verify my identity again? I already sent everything, and now it’s just stuck—are you going to let me use my money or not?",74,why_verify_identity,angry_layperson
04c331bc-8909-4ef3-8387-f0b645a0f67f,I am trying to sign in and it keeps asking for more identity details again and again why do you need so much information right now I cannot complete this while I am stuck on these repeated requests please stop and tell me exactly what you need and why,74,why_verify_identity,panicking_emergency
fc6bcc09-9c0c-49a0-932e-3d70b696ba91,Stop asking me to verify my identity again and again I already did once today This is locking me out I need access now Why do you need more verification I cannot keep uploading documents,74,why_verify_identity,panicking_emergency
ae2f637c-3667-415a-8b38-5dad289c9c0f,I cannot proceed with my account right now They are asking me to verify my identity again I do not understand why I have already done it before What is the reason for this request and how do I complete it fast,74,why_verify_identity,panicking_emergency
a22ce246-c9d5-46ec-aa98-5022716ad6ef,I am being forced to verify my identity again right now I do not understand why I need to do this I am not comfortable providing more documents please stop this immediately and tell me what options I have to proceed without verifying my identity,74,why_verify_identity,panicking_emergency
935f8bb9-a1ec-4b7e-a3a2-19d8911813d9,My account login keeps getting blocked I cannot complete the identity check It keeps asking for more documents and I do not know why I must verify again Please tell me what you need and how long it will take I am stuck and need access now,74,why_verify_identity,panicking_emergency
6b8609d6-ab44-4905-8386-1c8107faa7b3,I cannot log in again they keep asking me to prove who I am I do not understand why it is required I am scared my account will be locked I need it fixed right now I already sent documents once,74,why_verify_identity,panicking_emergency
86ea9608-48a4-4671-b284-a80e28d7f341,"I would like to understand why an additional identity verification is required at this stage, what specific information is necessary for the check, and whether I can continue using my account services—such as making transfers—while the verification is in progress.",74,why_verify_identity,polite_expert
a28cec3f-b3c8-4e0c-bf9c-0f0bb343316f,"Hello, I would like to understand why I am being asked to verify my identity at this time, and what information or documents are required so I can complete the process without delay.",74,why_verify_identity,polite_expert
101b0a51-1898-4f8f-aafd-db57011b378a,"I would like to understand why you require me to verify my identity at this time, and what the specific purpose of this verification is, as I would prefer to know how it affects the account access and whether it will be required again in the future.",74,why_verify_identity,polite_expert
af808084-b3ed-4ab1-9bf4-a5e452f83ed0,"Hello, I would like to understand why I am required to verify my identity, and whether this verification is necessary for every transaction or only during certain account actions.",74,why_verify_identity,polite_expert
d90d1efa-4117-48a6-a156-aad8cfabb3fb,"Good day, I would like to understand why my identity has not yet been verified, and what impact this status has on my ability to access and use my account in the meantime, as well as the expected timeframe for completion.",74,why_verify_identity,polite_expert
30b11f72-c6e7-4260-b8b0-8ca8c8435dca,"Could you please explain why identity verification is mandatory for my account at this time, and confirm what specific information or documents are required from me to complete the process successfully?",74,why_verify_identity,polite_expert
e441e04b-e02d-4e33-9c88-af9081e19b62,"Hey, quick question: why do I have to verify my identity in the first place, and is it something I’ll need to do every time I log in or use my account?",74,why_verify_identity,gen_z_slang
16751cee-0f25-4378-891a-e11246d9fcec,"Hey, quick q—why do I have to verify my identity before I can keep using my account/making transfers?",74,why_verify_identity,gen_z_slang
a5678ffa-ad60-4236-93ff-468b4fcd58ba,"Yo, do I really have to verify my identity before I can finish this? It’s kinda annoying—can I skip it or do it later?",74,why_verify_identity,gen_z_slang
59a78d20-3f01-4565-8cd1-bf03bd425ce9,"Yo, why do I have to do an identity check right now—like what’s the point, and what info do you actually need from me to verify it?",74,why_verify_identity,gen_z_slang
b2e7636d-461a-43ab-8daa-b468a920bfa3,"Yo, why do I have to verify my identity right now—what’s the point of this check, and is there a faster way to finish it?",74,why_verify_identity,gen_z_slang
dba2a6c3-58bf-4c2e-9b1b-3bb57e72c2cc,"Yo, why do I keep getting asked to verify my identity before I can use my account—like what’s the point and how long is this gonna take?",74,why_verify_identity,gen_z_slang
4476f0a2-6671-49c8-83f3-f08d2dd346e4,"Hi, I want to ask why you need me to verify my identity again. I already did it before, so why I must give my ID details one more time?",74,why_verify_identity,non_native_speaker
16c42ec3-c786-478a-bc6c-26a754071a84,"Hi, I want to use my account, but it asks me to verify my identity. Why I must do this, and if I don’t finish now, can I still use the account?",74,why_verify_identity,non_native_speaker
29b46922-60c8-44fc-9c00-c418a9b81ca4,"Hi, I try to open my account, but you ask me to verify identity again and again. Why you need this, and when I can use my account normal?",74,why_verify_identity,non_native_speaker
e93d1ca7-2544-4aa7-80e5-a7482cafa486,"Hi, I want to ask: why you need me to verify my identity again? I already sent my details before, so can you explain why this is necessary and what will happen if I cannot do it now?",74,why_verify_identity,non_native_speaker
b25df10f-3245-44fa-8a84-3b9af1be6f6b,"Hi, I want to ask why I must do identity verification. What is the purpose and why it is mandatory for my account?",74,why_verify_identity,non_native_speaker
62407a6c-b66f-4a2b-bc3b-f235550e6ee1,"Hi, I am trying to login, but it asks me to verify my identity. Why it is doing this, and do I have to do it every time?",74,why_verify_identity,non_native_speaker
12352eb6-9fd9-4db1-bb2a-73dcf0576b55,Why required identity check?,74,why_verify_identity,short_wording
91b61ad2-f112-4d06-a460-3ec9d9e6fd5c,Identity not verified yet; access blocked—why?,74,why_verify_identity,short_wording
927eb946-1d8b-45f2-a372-e88f08eb5903,Why identity check needed?,74,why_verify_identity,short_wording
427a654f-eab0-4bc4-84b3-93b900bf092c,Identity verification required? Every login?,74,why_verify_identity,short_wording
5137cbdb-fcba-4009-ac65-60a11337f70a,Why identity verification required?,74,why_verify_identity,short_wording
9824e66e-6a29-47d8-a1a0-2f1749560f2b,Why need identity verification?,74,why_verify_identity,short_wording
87b16d96-1b7c-49fa-b59c-2359fb4fac19,"I just went to withdraw cash and I asked for $100, but the machine only spat out $20—what the hell is that, and where’s the rest of my money?",75,wrong_amount_of_cash_received,angry_layperson
d007fcf0-e591-473b-ac39-95427a18ca5a,"I’m pissed off—at the ATM I didn’t get the amount of cash I asked for. I got shorted, and I want the missing money fixed right now, not some runaround.",75,wrong_amount_of_cash_received,angry_layperson
51e3e976-f8f0-4122-afc8-bceeee0af1bc,I went to get cash and somehow I got way less money than I asked for—this is total BS. What the hell am I supposed to do now to get the rest of my money?,75,wrong_amount_of_cash_received,angry_layperson
d9a5c383-61b8-4531-b40e-62572bdf4626,"I just tried to pull cash and what I got is way less than what I asked for—this is unacceptable, I want the missing money fixed right now.",75,wrong_amount_of_cash_received,angry_layperson
1ca2518a-2990-4de3-a7cc-d7edaead6636,"I just pulled cash from the ATM and it’s totally wrong— I asked for 30 bucks and only got 10, so where’s the rest of my money? This is messed up and I want it fixed right now.",75,wrong_amount_of_cash_received,angry_layperson
0ee788b4-d666-485d-b829-5ad5edae40f4,"I went to withdraw cash today and what I got was not what I asked for—there’s no way I should be shorted like that. The amount that came out is wrong, and this is really pissing me off.",75,wrong_amount_of_cash_received,angry_layperson
c675f8d6-e3b2-4829-a73b-25b242697710,I withdrew cash from my account today and the ATM gave me less bills than I requested. I only received part of the amount. The rest is missing. Please fix this now. I need the correct cash amount credited today.,75,wrong_amount_of_cash_received,panicking_emergency
ed6d33ee-2c34-41de-80ee-b296ee13eb1d,"I just withdrew cash and the machine gave me the wrong amount  
I was expecting 200 but I only got 60  
Please stop this and fix it now  
I need the missing 140 today",75,wrong_amount_of_cash_received,panicking_emergency
241144c1-3a81-427e-8df8-7b32489c8bdb,I withdrew cash from my ATM and it gave me less than I selected. I got shorted immediately. Where is the missing money. I need it fixed now.,75,wrong_amount_of_cash_received,panicking_emergency
842a35bb-e846-4409-9fc5-34358d46c0bc,I just withdrew cash and it was wrong I requested 100 dollars I only received 20 dollars at the ATM I need this fixed now where is the missing 80 dollars I am stuck and cannot pay my bills,75,wrong_amount_of_cash_received,panicking_emergency
1338fedf-0e3c-4d8b-975b-3c5b9c359184,I withdrew cash at the ATM and it gave me way less than I requested I asked for 100 and only got 20 I need the missing 80 now because this is urgent and I am standing here with the receipt please fix this immediately,75,wrong_amount_of_cash_received,panicking_emergency
0b739af0-1bdc-41d8-a4db-f5f82aa4e6fb,I just used the ATM and it gave me the wrong cash amount I asked for 200 and it only dispensed 40 I am stuck with the shortfall right now I need this fixed immediately please,75,wrong_amount_of_cash_received,panicking_emergency
4530215c-0372-449d-9f31-097cbea939e0,"Good day, I withdrew cash from one of your ATMs for a selected amount, however I received a different cash sum than what was requested. The amount debited and shown in my account/app does not match the cash I actually received, and I would like your assistance in correcting this discrepancy and arranging a refund or top-up of the missing balance.",75,wrong_amount_of_cash_received,polite_expert
c0852949-403c-4b8c-8be1-510446ee6e94,"Hello, I would like to report that during a cash withdrawal from an ATM today, I requested £30, but the machine dispensed only £10; could you please advise what steps I should follow to have the missing £20 investigated and credited back to my account, and whether I should provide the receipt and any ATM reference number?",75,wrong_amount_of_cash_received,polite_expert
73d83106-1639-4e4e-8b8d-14c96f580150,"Good day, I attempted a cash withdrawal from your ATM, and I received an incorrect amount of cash; the amount shown in my banking app and the receipt appears to be higher than what I actually received. Could you please advise how I can have the missing funds investigated and credited back to my account, and whether any immediate steps are required on my side?",75,wrong_amount_of_cash_received,polite_expert
380604ee-de24-471d-884b-e4b1f89d4daa,"Good day, I am writing because the cash I received from an ATM withdrawal appears to be incorrect: I requested to withdraw the amount of [£/€/$ X], but the machine dispensed only [£/€/$ Y]. Could you please advise how this should be handled and whether a correction or refund will be processed for the missing funds?",75,wrong_amount_of_cash_received,polite_expert
5c7795cd-b8a6-4788-be1a-1a3455e2fce7,"Hello, I would like to report that during my recent cash withdrawal from your ATM, the amount dispensed was not the amount I requested; I received less cash than expected, and the transaction otherwise appears to have completed successfully.",75,wrong_amount_of_cash_received,polite_expert
66089ee3-28f9-4970-babd-cb2a990821ed,"Good day, I attempted to withdraw cash from your ATM for the amount I selected, but I received significantly less money than requested; could you please advise on the next steps to have the shortfall investigated and corrected?",75,wrong_amount_of_cash_received,polite_expert
65184e29-1a9a-4b9a-9480-da288947924a,"Hey, I just withdrew cash from the ATM and it printed “$100 dispensed,” but I only actually got $20—what’s going on?",75,wrong_amount_of_cash_received,gen_z_slang
c41d64ca-af7c-4c7d-b2dd-daf5b4a66eed,"Hey, I just did a cash withdrawal at the ATM and I didn’t get the full amount I selected— I received less cash than what the receipt/app is showing. Can you help me sort the difference and get me the missing money?",75,wrong_amount_of_cash_received,gen_z_slang
b6909e21-2935-4596-8c31-d0bc5894eb87,"Yo, I just withdrew cash from the ATM and I got way less than what I selected on the screen—where’s the rest of my money?",75,wrong_amount_of_cash_received,gen_z_slang
b731c347-ed4d-4f58-ac33-8cac6c9d01b0,"Hey, I just pulled cash from the ATM and it gave me less money than what I requested—can you tell me how to fix it and get the missing amount back?",75,wrong_amount_of_cash_received,gen_z_slang
cb996904-ec16-49c5-8734-399281fa7495,"Hey, I just withdrew cash from the ATM and it gave me way less than I selected—picked $50 but only got $20. My app says the $50 withdrawal went through, so how do I get the missing $30 back?",75,wrong_amount_of_cash_received,gen_z_slang
85ce6e9d-87cc-4184-9d9e-eb12430e253c,"Yo, I just withdrew cash from the ATM and it only spit out £40 when the screen said it would give me £100—what do I do to get the rest?",75,wrong_amount_of_cash_received,gen_z_slang
6f8311a8-0edd-4f1d-95b6-7ed7df454e6b,"Hi, I went to the ATM and I get cash, but it was not the right amount. I asked for more money, but I got less cash. Please help me check this.",75,wrong_amount_of_cash_received,non_native_speaker
a3654323-05bd-4e66-b6e1-f698d6bc06ac,"Hi, I went to the ATM and I asked for cash, but I got less money than I should. The amount of cash I received was not correct. Please help me fix this.",75,wrong_amount_of_cash_received,non_native_speaker
4b342da5-dc85-40f9-ba94-f632d8090924,"Hi, I try to withdraw cash today, I requested 100 dollars, but I got only 20 dollars in the ATM. Can you please help me, why it is like this?",75,wrong_amount_of_cash_received,non_native_speaker
9a71c5c3-a019-4061-9c80-d548efc9a189,"Hi, I withdrew cash from an ATM today, but I got the wrong amount. The machine gave me less cash than it should, and my banking app shows a bigger amount. Please help me get the missing money.",75,wrong_amount_of_cash_received,non_native_speaker
d418caee-e5a9-41ad-9bf2-89a0aed9a50b,"Hi, I am at home now. I withdrew cash from ATM for 50 pounds, but they gave me only 20 pounds. Please tell me what I should do, I need the rest.",75,wrong_amount_of_cash_received,non_native_speaker
501eac47-2905-448f-a032-cd60f2f59f53,"Hi, I went to withdraw cash today and the ATM gave me less money than I requested. In my app it shows I should get more, but I only received smaller amount. Please help me check where the rest went.",75,wrong_amount_of_cash_received,non_native_speaker
12895f65-fdd8-4346-a9c3-e4416f7f550d,ATM short cash; received less than requested.,75,wrong_amount_of_cash_received,short_wording
c5d0aa2b-4cd3-4b66-86a7-e0b1a2a901b4,Cash withdrawal shorted; less cash received than expected,75,wrong_amount_of_cash_received,short_wording
58bed620-975c-4263-bd18-ad3c409821a2,ATM dispensed less cash than requested; charged full amount in app,75,wrong_amount_of_cash_received,short_wording
9e557cf5-b85a-47de-8a99-e416572ce784,"Requested cash $120, received $90 only.",75,wrong_amount_of_cash_received,short_wording
81c8e26a-4cff-49dc-8529-bdb47dc03b97,ATM shorted my cash withdrawal,75,wrong_amount_of_cash_received,short_wording
b711bd2d-7212-4cfe-986f-137962af0f9f,Cash withdrawal shorted; got £20 instead of £100.,75,wrong_amount_of_cash_received,short_wording
e2f3b67e-bdb4-49d8-86ea-ed18e7c0df5b,"I just tried to pull cash and the exchange rate they used is straight-up wrong—I’m getting hit way harder than what it should be, and I’m pissed because I need the money for right now, not some inflated bullshit rate.",76,wrong_exchange_rate_for_cash_withdrawal,angry_layperson
63e9ef20-2a50-44b0-804c-6fd626128557,"I went to withdraw cash with my foreign money and the exchange rate they used is completely wrong, like way off the actual rate, and I’m sick of getting ripped off for something as basic as pulling money from an ATM.",76,wrong_exchange_rate_for_cash_withdrawal,angry_layperson
bd9c98c7-52c1-447a-98a4-fdd76ea919ed,"I just pulled cash from an ATM in a foreign currency and they shorted me big time—the exchange rate they used is totally ridiculous, so I got way less money than I should’ve, and I’m furious because this is exactly what I didn’t agree to.",76,wrong_exchange_rate_for_cash_withdrawal,angry_layperson
67d591a4-07aa-4038-8bb5-27cadfc26c17,"I just pulled cash from your ATM and the damn exchange rate they used is totally wrong—what I got doesn’t match the real rate, and I’m getting screwed for it.",76,wrong_exchange_rate_for_cash_withdrawal,angry_layperson
f6a54a90-b29a-45c9-b89b-7922d3b8bf48,"I’m seriously pissed off—when I pulled cash out at your ATM, you gave me a lousy exchange rate and I got charged way more than I was expecting. Fix this shit and tell me why the rate was wrong, because I’m not paying for your mistake.",76,wrong_exchange_rate_for_cash_withdrawal,angry_layperson
9783adc4-46aa-44c7-81cb-e92c4d6923d0,"I just tried to pull cash out abroad and you guys slapped some totally bogus exchange rate on it—now I’m getting way less money than I should, and I’m furious about it. What the hell are you going to do to fix this?",76,wrong_exchange_rate_for_cash_withdrawal,angry_layperson
a8f43a1c-845a-4fff-9523-6deebb266021,I just withdrew cash at the ATM abroad and the exchange rate they used is wrong I checked the live rate and it is way off They took more in my account than they should have and the receipt shows the bad rate I need this fixed immediately I need confirmation and a refund if the rate was incorrect,76,wrong_exchange_rate_for_cash_withdrawal,panicking_emergency
89fd50f7-01b1-4a76-b577-05daa52a3e3f,I withdrew cash yesterday in a foreign currency from your ATM and you gave me the wrong exchange rate. The amount is lower than what the real rate showed. I already checked the rate at the time. Your posted rate and what you applied do not match. I need this fixed and the difference refunded now.,76,wrong_exchange_rate_for_cash_withdrawal,panicking_emergency
2576c89f-b2b5-435f-a2bb-7ae4a29d8b47,I just withdrew cash and the bank machine converted my currency at a much worse rate than expected I checked the app rate and it is higher I need the correct exchange rate for my withdrawal now and I need the difference refunded immediately,76,wrong_exchange_rate_for_cash_withdrawal,panicking_emergency
92cc29b8-4d7e-4515-a9f9-36b5fc147eae,I withdrew cash abroad today and the amount is wrong You charged me an exchange rate that is not the one on my card offer I checked the rate and it is different I need you to fix the charged exchange rate and refund the difference immediately,76,wrong_exchange_rate_for_cash_withdrawal,panicking_emergency
b33ab302-98f1-4531-b514-bce7694853df,I just withdrew cash from your ATM and the exchange rate used is wrong. I picked one currency and the amount converted is way off. Please fix this now. The receipt shows one value and what I got is another. I need a correction and the difference back.,76,wrong_exchange_rate_for_cash_withdrawal,panicking_emergency
4402b4dd-7561-4d3e-9d14-87516791c21e,I just withdrew cash abroad at your ATM and the exchange rate was wrong again I got charged way more than it should be in my account I need this fixed now and I need the correct rate applied or my money back today,76,wrong_exchange_rate_for_cash_withdrawal,panicking_emergency
81ecc2da-938f-403f-9e16-151467530a31,"Good day, I would like to report that during my cash withdrawal from an ATM abroad, the foreign currency conversion rate applied to the transaction appears to be incorrect; as a result, I received less cash than I expected based on the exchange rate that was advertised or should have been applied, and I would appreciate a review of the rate used, the transaction timestamp, and any applicable fees or margins so you can confirm the correct calculation.",76,wrong_exchange_rate_for_cash_withdrawal,polite_expert
99eaafc3-c79d-4da2-b4f5-4a1d54b25d4f,"Good day, I am writing because the exchange rate applied to my cash withdrawal at a foreign ATM appears to be incorrect; the amount debited from my account does not match the rate I expected based on the prevailing market rate and the rate shown at the time of withdrawal, and I would like this discrepancy reviewed and, if applicable, corrected or refunded.",76,wrong_exchange_rate_for_cash_withdrawal,polite_expert
59794117-fe47-424e-aac7-da8b1742c65a,"Good day, I would like to report that when I made a cash withdrawal in a foreign currency, the exchange rate applied appears to be incorrect compared with the rate shown at the time of the transaction; could you please verify the rate used, confirm whether any additional fees or commissions were included in the conversion, and advise how the final amount was calculated for the debit to my account?",76,wrong_exchange_rate_for_cash_withdrawal,polite_expert
480449d4-be07-4d5e-9df9-5b1118ce254a,"Good day, I would like to report that when I withdrew cash from an ATM abroad, the exchange rate applied to my transaction appears to be incorrect and far less favorable than the rate shown to me for that currency; as a result, the amount charged in my home currency does not match what I expected, and I kindly request a review and correction of the exchange-rate calculation for this cash withdrawal.",76,wrong_exchange_rate_for_cash_withdrawal,polite_expert
ebc1e5d0-a5ad-4b04-9910-5fbf5fe63fd6,"Good day, I would like to report that when I withdrew cash in a foreign currency from your ATM, the exchange rate applied to the transaction appears to be incorrect; I checked the rate at the time of withdrawal, but the rate shown on my receipt and/or account statement differs from what was presented, and I would appreciate your review and correction, if applicable.",76,wrong_exchange_rate_for_cash_withdrawal,polite_expert
5e15f832-45e7-4b95-a825-bf1d6e1d2a11,"Good day, I would like to report that during a cash withdrawal in a foreign currency, the exchange rate applied to the transaction appears to be incorrect; could you please review the rate used at the time of withdrawal, confirm what the correct rate should have been, and advise whether any adjustment or refund will be made to align the final charged amount with the proper exchange rate?",76,wrong_exchange_rate_for_cash_withdrawal,polite_expert
c63def8a-69b7-463e-a45d-0cef19c50eca,"Yo, I just withdrew cash abroad and the ATM used some super off exchange rate—way worse than what the rate was showing, so I got hit with a way bigger charge than expected.",76,wrong_exchange_rate_for_cash_withdrawal,gen_z_slang
8ceca448-5ad5-4a8b-b5bc-2b52b2bc5c4d,"Yo, I just withdrew cash from the ATM and the exchange rate they used was totally off—I ended up getting way less in the local currency than what it should’ve been.",76,wrong_exchange_rate_for_cash_withdrawal,gen_z_slang
5e88acb1-a9b9-4137-a445-3825977c8507,"Yo, I just withdrew cash at an ATM abroad and the exchange rate they used seems off—my payout is way lower than what it should’ve been based on the real rate. Can you check what rate got applied?",76,wrong_exchange_rate_for_cash_withdrawal,gen_z_slang
d51115a6-2622-477c-a752-e2eb6fd6cd70,"Hey, I just tried to withdraw cash from an ATM abroad and the exchange rate they used was way off—way higher than what I saw in the rate apps. This is basically not what I expected, can you help fix/adjust it?",76,wrong_exchange_rate_for_cash_withdrawal,gen_z_slang
be29a933-36e1-476e-9a7a-5285ff9a6432,"Hey, I just pulled cash from your ATM abroad and the rate they used looks way off compared to what I’m seeing online—any chance you can check the exchange rate applied to my withdrawal and fix it if it’s wrong?",76,wrong_exchange_rate_for_cash_withdrawal,gen_z_slang
be5170aa-a82a-4d3b-ab61-051da86117a4,"Yo, I just withdrew cash at an ATM overseas and they used a way worse exchange rate than what was advertised/what it should’ve been—ended up with way less money than expected. Can you check what rate got applied and fix it?",76,wrong_exchange_rate_for_cash_withdrawal,gen_z_slang
b67615fa-c3f2-4baf-bf3a-355d0273c257,"Hi, I withdraw cash today, but the exchange rate they use was wrong. I see a different rate than what I expected, so my cash amount looks less. Can you please check and fix it?",76,wrong_exchange_rate_for_cash_withdrawal,non_native_speaker
0c9c019d-e39e-4820-807b-2c17c06f80eb,"Hi, I use my card for a cash withdrawal in another currency, but the machine changed it with the wrong exchange rate. The amount I get is less than it should be. Can you check what rate you used and fix it?",76,wrong_exchange_rate_for_cash_withdrawal,non_native_speaker
67640ba3-381d-4f6b-8f1a-59c98f9c08d4,"Hi, I withdraw cash abroad from your ATM, but the money convert rate is wrong. I see a much worse rate than what I expected, so I paid more. Please check this for me.",76,wrong_exchange_rate_for_cash_withdrawal,non_native_speaker
8b097390-e668-4563-a10f-b18a55f4e2ea,"Hi, I withdraw cash at your ATM last weekend while I was traveling. But the exchange rate they used was wrong, so I got charged more than it should be. Can you check and fix this for me?",76,wrong_exchange_rate_for_cash_withdrawal,non_native_speaker
711c08ee-5f82-41a5-9798-487b24cef2bf,"Hi, I try to withdraw cash from ATM with foreign currency, but the exchange rate looks wrong. The rate on my bank app and the rate at the ATM are very different, and I got less money than I expected. Can you please check this for me and fix it?",76,wrong_exchange_rate_for_cash_withdrawal,non_native_speaker
c51b6585-e4ea-4f5c-aa06-6146cc9b602e,"Hi, I withdraw cash from ATM in another country, but the exchange rate looks wrong. I got less money than expected. Can you check why and fix it, please?",76,wrong_exchange_rate_for_cash_withdrawal,non_native_speaker
8739ef07-6488-41dd-882a-71a09adde812,"Cash withdrawal abroad, bad FX rate shown.",76,wrong_exchange_rate_for_cash_withdrawal,short_wording
0fd2ec5d-3063-48cb-a8d1-24bd52f20c96,"ATM cash withdrawal, wrong exchange rate, charged extra.",76,wrong_exchange_rate_for_cash_withdrawal,short_wording
fdd6e73d-177e-4136-b5b9-ede49360b089,Cash withdrawal FX rate wrong,76,wrong_exchange_rate_for_cash_withdrawal,short_wording
547cb46b-6167-4f7b-a066-d72a316b3883,ATM cash withdrawal wrong exchange rate charged,76,wrong_exchange_rate_for_cash_withdrawal,short_wording
a36a50c7-c532-4ef1-b07b-e23e0432a6e0,"ATM cash withdrawal, wrong FX rate charged",76,wrong_exchange_rate_for_cash_withdrawal,short_wording
d84f3ad0-a3c8-40b5-8d82-44df43faed29,ATM withdrawal in EUR used bad exchange rate—charged more than expected. Why?,76,wrong_exchange_rate_for_cash_withdrawal,short_wording
