id,text,label_text,persona
a1f7be49-a831-4eba-8386-bcc4a5a9ed10,"I paid for that stupid purchase ages ago and you still haven’t dumped the money back into my account, this is freaking ridiculous!",Refund_not_showing_up,angry_layperson
3b8976d9-a225-4f0e-817e-3748b67f321f,I asked that store to give me my money back weeks ago and it still ain't showing up on my account—what the hell is going on?,Refund_not_showing_up,angry_layperson
9d597d19-62d4-4c27-a60c-d0cbcb8a8e03,I asked that stupid merchant to give me my cash back ages ago and it still ain’t showing up—what the hell is taking so long?!,Refund_not_showing_up,angry_layperson
474bf7c3-dcb8-438a-9f17-86ddf9a295b8,"I’ve been waiting forever for that cash they promised me after I sent it back, and nothing shows up anywhere—what the hell is taking so long with my money?!",Refund_not_showing_up,angry_layperson
082c043d-37c1-45ac-a01a-afc2cf1f021c,I sent back my purchase ages ago and you still haven’t put the cash in my account—what the hell is taking so long?,Refund_not_showing_up,angry_layperson
62638b66-e74b-4e81-8d07-47218c6c34ec,Refund not showing up I am panicking need the cash now please check my account immediately,Refund_not_showing_up,panicking_emergency
7bb759de-5e29-4727-8503-00b85e3ef9a3,Returned purchase yesterday money still missing account need it now,Refund_not_showing_up,panicking_emergency
9ad7db04-835c-469c-995d-39844169af3c,Refund missing from account I asked seller weeks ago nothing returned need money now urgent,Refund_not_showing_up,panicking_emergency
cc795eb5-8302-4dab-9f80-01ba8e36c89e,Refund from store still not in account urgent need cash now waiting days nothing showing please fix immediately,Refund_not_showing_up,panicking_emergency
94505c45-3712-47bc-9036-2b9e8c22faa6,Refund not in account urgent need the money I have been checking all day,Refund_not_showing_up,panicking_emergency
c49b0379-a2b3-4f5f-b352-b472a7d6784a,"I wish to bring to your attention that a merchant‑initiated refund, which was confirmed as processed on 12 April 2026, has not yet been reflected in my account balance; could you kindly investigate the status of this transaction and advise when the credited amount will appear?",Refund_not_showing_up,polite_expert
51faaca7-c6d9-4962-882c-cc3fb1543861,"I wish to bring to your attention that the reimbursement associated with the merchant transaction dated 12 March 2024 has not yet been credited to my account, and I would appreciate clarification on its status.",Refund_not_showing_up,polite_expert
ca8ab75d-f0d1-4ea5-bf4a-03976ed1a5cb,"Dear Sir or Madam, I wish to bring to your attention that a refund issued by a retailer on 12 March 2024 has not yet been credited to my account, and I kindly request your assistance in locating the outstanding credit and confirming when it will be posted.",Refund_not_showing_up,polite_expert
10cd561e-e7fe-4171-81dd-1e62f6260b8c,"I respectfully wish to bring to your attention that the refund expected from a recent transaction has not yet been reflected in my account ledger, and I would be grateful for an authoritative update on its processing status.",Refund_not_showing_up,polite_expert
6bb27a9c-e949-41ba-b05f-77c10c82e963,"I initiated a merchant‑issued refund on 15 April 2026 and, despite the stipulated processing period having elapsed, I have not observed the corresponding credit on my account statement; I would appreciate your assistance in investigating the status of this reimbursement.",Refund_not_showing_up,polite_expert
68bb48af-2c88-40d1-9abb-dbe10bab157f,"Yo, I asked for a refund from that shop a few days ago and it still ain’t showing up in my balance, what’s good?",Refund_not_showing_up,gen_z_slang
d9bdb3d0-7c98-421d-b53a-18b38eaea6e0,"Hey, I hit up the seller for a refund about a week ago and it’s still MIA on my account—can you look into why it hasn’t show up?",Refund_not_showing_up,gen_z_slang
25ad719a-85a6-40d4-961f-1d522b2c4da5,"Yo, I requested a refund like forever ago and there's still zero cash showing in my account, what’s the holdup?",Refund_not_showing_up,gen_z_slang
7f0b90a3-c0b9-4997-94d4-403ffbf8cdff,"Yo, I got a refund that should've hit my account but it’s still MIA, can you check what’s up?",Refund_not_showing_up,gen_z_slang
500efdf7-9474-43e7-a946-1c3e301e47cf,"Hey, I asked for a refund about a week ago and it’s still nowhere to be seen on my account, can you check what’s up?",Refund_not_showing_up,gen_z_slang
55ecc6b7-ebe4-4c02-9a11-d3ef24ebcc93,"Hi, I returned a purchase and was told the refund will be sent, but I no see any money on my account yet, can you please help?",Refund_not_showing_up,non_native_speaker
2672fd94-ea9e-4697-9141-786aa3993b3e,I asked for a refund few days ago and still cannot see any money coming to my account.,Refund_not_showing_up,non_native_speaker
2ca53180-6f68-49c7-a48a-5357176019c2,"Hi, I asked the seller for money back but it not appear in my account yet, can you help please?",Refund_not_showing_up,non_native_speaker
1c075a88-afca-4069-aa3a-5caf3491e8c8,"Hi, I hope you are good. I waiting for my refund but it not appear on my balance yet. Could you please look and tell me what happen? Thank you.",Refund_not_showing_up,non_native_speaker
605e3e6e-ed7d-4b18-8e33-f55d2070efcb,"I asked for a refund from the shop but I still not see any money in my account, please help.",Refund_not_showing_up,non_native_speaker
c60f68a5-cd99-4390-9902-f9bb1408964d,Refund missing from statement,Refund_not_showing_up,short_wording
70262746-8dc8-4ef2-97cf-50374959497f,Refund not on statement,Refund_not_showing_up,short_wording
69ee98b3-a2dd-4d86-9dfc-26d29e14695a,Refund missing from statement,Refund_not_showing_up,short_wording
c649e0f8-4a30-4de8-9b0e-2c00f9c3afe2,No refund received,Refund_not_showing_up,short_wording
6fc74ad8-faf9-45cc-9d38-37970054c9b7,Refund not received,Refund_not_showing_up,short_wording
05c662db-66fe-425e-a3b3-6665995a0a85,I finally got my new card and I can’t even get it to work—what the hell do I have to do to make this thing usable already?,activate_my_card,angry_layperson
3e2d3e00-3ec3-48e7-9b04-65cfcd22a789,"I finally got my damn new card and now I’m stuck trying to figure out how the hell I’m supposed to turn it on, so fix this already!",activate_my_card,angry_layperson
e15dc944-1fa1-434b-aec4-19a50b5dfded,I’ve been waiting forever for this new card to actually work and now you make me jump through a bunch of dumb steps—just tell me how the heck I get this thing usable!,activate_my_card,angry_layperson
696418ec-6ecb-4c68-bc17-7c5b9e28194d,I finally got my new card in the mail and nothing works—what the hell am I supposed to do to get this damn thing turned on?,activate_my_card,angry_layperson
62213244-18bc-4ef6-934f-1b69592e35cc,I just got my new card and I'm sick of waiting—tell me right now how the hell I’m supposed to get it working!,activate_my_card,angry_layperson
02940286-1d30-43e5-a3c6-5f602f750b0b,"New card  
Cant spend  
Need activation now  
Help",activate_my_card,panicking_emergency
48f398c5-a672-4217-87ec-e13a6b9a534f,Just got my card need it working now can’t make any payments please help fast,activate_my_card,panicking_emergency
810856d1-f2a3-47b6-90a6-660e2a2c3559,Card just arrived cant use need it active right now urgent please,activate_my_card,panicking_emergency
08201254-98a3-489b-a7ac-9d8c640849d5,Just got my card cant spend anything need it active asap,activate_my_card,panicking_emergency
55050290-a914-47d9-aa51-c4d46a515968,New card just came need it active now can't pay anything urgently,activate_my_card,panicking_emergency
a506010c-6e21-4cb7-a32c-b63493b1495c,I kindly request assistance to activate my newly issued card so that I may begin utilizing it for all authorized transactions.,activate_my_card,polite_expert
962978af-f803-4996-9afe-de6742dc7431,I would be grateful if you could provide the necessary steps to activate my newly issued credit card.,activate_my_card,polite_expert
3c3d7d2c-b942-4dc7-8bde-6abc524db362,"I have received my newly issued debit card and require assistance in successfully activating it, as my attempts via the online banking platform have not yielded the desired result.",activate_my_card,polite_expert
f22ef249-a251-446d-8583-f512632e6377,I kindly request detailed instructions on the procedure required to activate my newly issued card.,activate_my_card,polite_expert
6a499d6a-b149-4c49-9d88-a85cfb2bcd14,I would appreciate detailed guidance regarding the procedure necessary to activate my newly issued card.,activate_my_card,polite_expert
64903230-93c3-47a7-b73a-4b72eb64de57,"Hey, I just got my new card—how do I turn it on so I can start using it?",activate_my_card,gen_z_slang
1618b0a6-624e-46b4-80e4-ef70ec03e907,"Yo, I just received my new card—what’s the quick way to get it active?",activate_my_card,gen_z_slang
b3a8c1df-70c4-43ba-b18b-3efa800a60ca,"Yo, just got my new card and need to fire it up—how do I turn it on?",activate_my_card,gen_z_slang
d72b1a0e-f5f0-437b-b086-30674940723a,"Hey I just got my new card, how do I activate it so I can start using it?",activate_my_card,gen_z_slang
2cfeaed3-2b94-4767-a301-53e94dbda197,"Yo, just got my new card—how do I flip it on fast?",activate_my_card,gen_z_slang
cd5e885d-bdba-4f86-871f-2731a40e3060,"Hello, I just receive my new card and I do not know how to turn it on for use, can you please help me?",activate_my_card,non_native_speaker
4c10b518-9d9f-4e82-b07b-e2875ed1e074,"Hi, I have new card and I not know how turn it on for use, please help me.",activate_my_card,non_native_speaker
03fead83-19de-4b3e-bdaf-72fd393f4c8f,"I have got my new card and I not know how to start using it, can you tell me what I need do?",activate_my_card,non_native_speaker
4d3a0327-3cdf-4cbd-a72c-453da32540e9,"Hi, I just get my new card and I want to use it now, can you help me make it active?",activate_my_card,non_native_speaker
f4b077c5-3abf-4b69-b5e7-e7b8959c76a4,"I have new card but I not able to use it yet, please help me turn it on.",activate_my_card,non_native_speaker
da260247-6ec9-472f-bba2-daebc273a6d7,Card activation needed,activate_my_card,short_wording
5dde3835-7979-4950-8a3d-477d176be9d9,Activate new card?,activate_my_card,short_wording
7fb901ea-0953-4d58-bd2c-72cad2a7df2a,Activate new card,activate_my_card,short_wording
c3d73dc3-f616-4e49-b434-7ea02d4f85e9,Can't activate card,activate_my_card,short_wording
85c84703-853b-4bba-b71a-7a376e7e155a,Card activation needed,activate_my_card,short_wording
9a213823-d047-4012-89fb-bf7fe5e88136,"What the hell, why the heck do you guys say I gotta be some stupid age to even get an account?!",age_limit,angry_layperson
fd84e46e-eb4d-46bd-a153-83918ebeaa6c,I’m only 17 and you won’t let me open a freaking account? This is bullsh*t!,age_limit,angry_layperson
71073576-cb0c-4985-993a-42e1cc0d1113,"I’m sick of this crap—tell me the damn age you gotta be just to get an account, ‘cause my kid wants one!",age_limit,angry_layperson
d3db8d0a-597e-4f5c-92f3-d51fc7f2d624,Why the hell can't my 16‑year‑old get a damn account already?,age_limit,angry_layperson
3a99ead1-1b31-4f49-b15c-01a0f70caa7a,I'm fed up with this nonsense—just tell me if I can actually open a bank account for my kid or if you only let some grown‑up fools sign up!,age_limit,angry_layperson
a320451b-063f-4482-af56-0ad4290ae9e1,Open account for my 4 year old ASAP need help,age_limit,panicking_emergency
79192551-4c6e-4da8-b6b4-364f6bb9485c,Need to open account urgent my child is only 12 how can we proceed,age_limit,panicking_emergency
77e770c3-4b01-48a8-b76e-ea8f11ec3d05,I need an account for my 9 year old now help fast my child needs money I can’t wait,age_limit,panicking_emergency
ae833ba1-dfa4-4275-a6fa-d1d57b8ac2ec,Need account for my baby now cant wait any longer how old can they be please help urgently,age_limit,panicking_emergency
4dd65723-01c3-4a5c-8706-7d0a18bdaa33,Urgent need account for my child cant wait how old must be,age_limit,panicking_emergency
6b469aec-e031-45a6-bf5d-652b44b0a367,I would like to inquire about the minimum age required to open a personal deposit account and whether your institution provides any specific product offerings or custodial arrangements for individuals who are under the standard legal majority age.,age_limit,polite_expert
02d1503a-2073-47ea-a662-958a3129f9cd,Could you please clarify the minimum age required for an individual to open a personal savings account and advise whether any additional documentation is necessary for applicants who are under twenty‑one?,age_limit,polite_expert
0679f299-773b-4318-a929-be792d17e11b,I would like to inquire about the minimum age required for an individual to open a personal account and whether any provisions exist for granting access to minors under specific conditions.,age_limit,polite_expert
2916fc4e-efc2-4d6e-9f9c-6da3a3167109,"Could you kindly confirm the minimum age at which an individual may open a personal savings or current account with your institution, and advise if any supplementary documentation is required for applicants under that threshold?",age_limit,polite_expert
8d06b1bb-3481-4f95-9e0a-d1b7bc8d9169,"Kindly inform me of the minimum age at which an individual may open an account with your institution, and advise whether it is permissible to establish an account on behalf of my under‑aged daughter.",age_limit,polite_expert
d4767dfb-8188-4d5f-822a-fea205db9941,"Yo, what’s the minimum age to get an account with you?",age_limit,gen_z_slang
6e3128bf-7f67-41d5-91be-bb4ca64d3b74,"Hey, can u let me know what the minimum age is to open a bank account?",age_limit,gen_z_slang
16ed69e6-c19e-45fb-b5c1-e5ba0d34dafd,"Hey, can you tell me how old I gotta be to open an account with you?",age_limit,gen_z_slang
5d5017d0-df63-4887-a3e5-df3f9801e0c7,"Hey, can someone who's 17 actually open a checking account with you guys?",age_limit,gen_z_slang
e7b5670a-cd02-4736-95f5-1fd96f4b2a06,"Yo, what's the youngest age I can be and still open a personal account?",age_limit,gen_z_slang
c177fd22-2691-4b87-9194-22a62448636a,I need know how many years old I must be to make a bank account.,age_limit,non_native_speaker
a4e1007a-4839-48d3-a812-89e69d9ecf3e,"I want open a bank account for my kid, what age does he need to be?",age_limit,non_native_speaker
f5734b56-9d65-4506-8203-4f782e59d0ae,"Hi, can you tell me how old my child must be to open an account at your bank?",age_limit,non_native_speaker
4f9ffd39-6a5a-437a-802c-28c9662781eb,"I only 17, can I make a bank account?",age_limit,non_native_speaker
a0748d9d-eed4-43ef-8f08-74339be9edbc,"Hello, I want open a account but not sure how old must be, can you tell me please?",age_limit,non_native_speaker
c241180b-a8fc-47d4-9888-cd131acf366c,Minimum account age?,age_limit,short_wording
da4b3b53-48ae-44da-94e6-00961de3fd40,Account opening age?,age_limit,short_wording
9a26949a-8cd9-4089-b3a0-2348321d6b43,Account age requirement?,age_limit,short_wording
1ec40a64-68bf-4361-a391-188101e9c0d1,Teen opening account?,age_limit,short_wording
6ff93ead-5419-4e88-bbb3-98871a48ac72,Account opening age?,age_limit,short_wording
76c9f0e7-de51-4b0e-8e92-e59d86d7ea2e,"Why the hell won't my phone let me add cash with Apple Pay, this is ridiculous!",apple_pay_or_google_pay,angry_layperson
e7188cb4-cde3-4779-9bb7-d2c154e441bb,"What the hell, I tried to add money using that damn Apple Pay thing on my phone and it keeps crashing—fix this already!",apple_pay_or_google_pay,angry_layperson
7f71ed9f-f4f7-4a4e-9653-1c4681708d9b,I tried to add money with the stupid payment thing on my phone and every damn time it throws an error—fix this crap right now!,apple_pay_or_google_pay,angry_layperson
a9703576-c8da-48c3-a335-636480aab401,"I tried using that phone‑pay thing to put cash in my account and it just keeps failing, what the hell is wrong with it?!",apple_pay_or_google_pay,angry_layperson
9d0e6d0a-6fd5-4cab-9bde-c321fde9b088,"Yo, I tried using that stupid phone payment thing to put cash in my account and it just keeps failing—fix this damn mess right now!",apple_pay_or_google_pay,angry_layperson
98d0c2c2-1b37-49a8-8c7d-b6c44bc7dac7,Apple watch top up wont work urgent need money,apple_pay_or_google_pay,panicking_emergency
746500da-7ccc-45f1-bf16-7c57c4533858,Cant add money with phone payment app now help fast,apple_pay_or_google_pay,panicking_emergency
6d510d79-1b03-4043-83b3-60ef5a4b80df,Need money fast Apple Pay failing account locked emergency,apple_pay_or_google_pay,panicking_emergency
683322d3-7a48-4efb-ad4f-126a92661237,Added my new American Express to phone can't pay with Apple Pay transactions failing need money now help quickly,apple_pay_or_google_pay,panicking_emergency
d4c5bfb9-6be4-4565-8e14-c3e618f84811,Cannot top up with my American Express on Apple Pay now need fix,apple_pay_or_google_pay,panicking_emergency
d83cb442-5766-43bd-bc4e-99e0b7568d4b,"I have attempted to fund my account via Apple Pay using my American Express card, yet the transaction repeatedly fails, and I would appreciate guidance on any prerequisite configurations or limitations that may be preventing a successful top‑up.",apple_pay_or_google_pay,polite_expert
e7dd678a-9c96-47fd-862f-b0d0927732c4,"I have linked my American Express card through Apple Pay, and every attempt to top‑up my account is being declined; I would appreciate your assistance in diagnosing the issue and providing a prompt resolution.",apple_pay_or_google_pay,polite_expert
33e1d27a-d6f2-4051-8990-b07f295f40a3,"I would like to inquire whether I may fund my account through the mobile payment service associated with my Apple Watch or Google, and what steps are required to complete such a transaction.",apple_pay_or_google_pay,polite_expert
60883b62-f691-4dbb-8e79-f1586866a1f2,I would appreciate guidance on why my attempts to fund my account through the mobile‑wallet service associated with my smartwatch have not succeeded.,apple_pay_or_google_pay,polite_expert
d8099bd6-29e2-4a2f-8d1a-30a078e1ceb0,"I have recently received my new debit card and find that I am unable to add it to Apple Pay nor use Google Pay for a top‑up, and I would appreciate guidance on how to enable these mobile payment functionalities.",apple_pay_or_google_pay,polite_expert
728b246b-5a00-4616-a3cb-9397d227583c,"Yo, I’m trying to top up with my AmEx via ApplePay and it keeps glitching—what’s the deal?",apple_pay_or_google_pay,gen_z_slang
e3774b4d-b19b-4bcd-a532-c15ad3ee3f0c,"Yo, can I actually use my Amex through Apple Pay to top up my account?",apple_pay_or_google_pay,gen_z_slang
c3466e8e-8be0-4083-8e8f-a756c9d92f0e,"Yo, can I top up using the phone’s payment thing?",apple_pay_or_google_pay,gen_z_slang
2ddab1c5-b56a-4bf1-983a-cfbd37be7c0e,"Yo, I’m trying to top up through my phone’s digital wallet and it keeps throwing a fail error, what’s the deal?",apple_pay_or_google_pay,gen_z_slang
ae4072f3-2835-44be-943b-2bf57f46dd29,"Yo, I'm tryna top up with Apple/Google Pay but it keeps acting weird—how do I get it working?",apple_pay_or_google_pay,gen_z_slang
50f57394-c85a-41c6-bb8c-87f0eb269dca,"I not understand how I can top up with my Apple Watch, please help.",apple_pay_or_google_pay,non_native_speaker
bdfe1937-4b06-427b-b1fd-8e424f9892aa,I try add money to my phone wallet for paying but it no work.,apple_pay_or_google_pay,non_native_speaker
923a5490-4b25-43f8-8f7f-10522a891e18,I try add money using Google Pay but it keep say error and no money go to my account.,apple_pay_or_google_pay,non_native_speaker
d0c8f844-6244-4a41-b775-e774f7bb2669,"Hi, I try to top up with my Apple Watch but it no work, please help me.",apple_pay_or_google_pay,non_native_speaker
bc0340be-c1aa-4c40-8903-228e7e70e4a8,"Hello, I try add money using Apple Pay on my phone but it not work, please help.",apple_pay_or_google_pay,non_native_speaker
c10f2048-14e1-4694-9311-d5deb9b8d2b2,Apple Pay top‑up failing,apple_pay_or_google_pay,short_wording
1ed424e0-ea1d-4d7b-945a-ddcd9e600264,Apple Pay topup failing,apple_pay_or_google_pay,short_wording
213fb82a-ef28-4b3e-b4f7-1a58bf5958bd,Add money via Apple Watch?,apple_pay_or_google_pay,short_wording
a08c48ee-60b8-42ef-9557-3e08d22cce00,Apple Watch top-up?,apple_pay_or_google_pay,short_wording
a61cde4c-fbf0-442b-856b-47fa25df75cd,ApplePay AMEX top‑up failed,apple_pay_or_google_pay,short_wording
0fea1a89-5651-4b1e-83db-eeaebc415bd2,I went to every damn cash machine around here and none of them will let me pull out any money—fix this now!,atm_support,angry_layperson
a8f1f802-33a7-4d94-acc7-ef9ae3c1b0d7,Enough already—just give me the location of a damn ATM that actually accepts my stupid card!,atm_support,angry_layperson
09a750c7-cfbb-47c5-8557-0ff20a72a42d,I'm fed up—where the hell am I supposed to go to get cash out with this stupid card?!,atm_support,angry_layperson
511ff451-7d99-486a-aa50-ab6d0d8a51fc,I’m fed up trying to locate any damn machine that’ll actually take my card!,atm_support,angry_layperson
5e795b44-0c65-428e-847b-29adad607642,I’m fed up—none of these damn cash machines are even close to my place and I need money right now!,atm_support,angry_layperson
bbc34225-356a-45ab-beeb-fa391a234af9,need cash now atm won t give money card stuck help fast,atm_support,panicking_emergency
80e43bdc-c4ee-4624-b2db-91785abb5a8e,Need cash now cannot find any ATM that accepts my card,atm_support,panicking_emergency
a34be0dd-c9d5-47b7-8681-309f6f14d027,Cant get cash urgent card rejected everywhere which ATMs accept my card,atm_support,panicking_emergency
c2806aa5-6ceb-4b65-9bd6-99f3ae2a61a5,Urgent need cash cannot find any ATM where can I withdraw now,atm_support,panicking_emergency
b69aa76a-bf9e-4136-83e4-74e4c21bf56f,Urgent need cash find nearest ATM that accepts my card now,atm_support,panicking_emergency
e0a1b041-e78c-4773-9ccb-c329aa89c612,Kindly inform me of the specific ATMs that accept my card and the locations at which I may carry out cash withdrawals.,atm_support,polite_expert
a51ddfe6-dd23-493f-8ac0-30378508a107,"I would appreciate clarification on which ATMs within your network accept my card for cash withdrawals, including any applicable limits and fees.",atm_support,polite_expert
69839070-5de8-4d6a-88f1-2701fa9a5bf1,I would appreciate assistance in identifying the nearest Automated Teller Machine to my present location.,atm_support,polite_expert
96c3720c-f376-4fd2-9b4c-5eb07a0f1e8f,I require guidance on identifying the closest ATMs that will accept my debit card for a cash withdrawal.,atm_support,polite_expert
813bf010-d9c7-4901-b4c4-b5d94375bc87,"I would appreciate detailed information regarding the specific ATM networks where my card can be employed for cash withdrawals, including any geographical or fee‑related constraints.",atm_support,polite_expert
2b02b56d-28c3-4454-9995-de49d3bda7ce,"Hey, can u let me know which ATMs actually accept my card for pulling cash?",atm_support,gen_z_slang
bbdcdc4e-9a10-4676-9211-b84795199654,"Hey, can u tell me which ATMs actually work with my card and if there are any spots where I cant pull cash?",atm_support,gen_z_slang
6fa39021-50a4-4b4d-a70b-eb7bca934210,"Hey, can u tell me which ATMs work with my card and where the closest spot is?",atm_support,gen_z_slang
30497aa3-260d-4dd0-8382-01f550605650,"Hey, can you tell me which ATMs actually take my card? I need cash ASAP.",atm_support,gen_z_slang
6640fe0f-6876-4246-8d6d-c94052bbc40b,"Yo, can u tell me which ATMs actually take my card?",atm_support,gen_z_slang
131ad657-804b-4176-a298-73683422990f,Can you tell me which ATM i can use my card?,atm_support,non_native_speaker
8db23aff-e154-439d-995e-0b0a9043e751,"Hi, I want to know where is nearest ATM for my card, can I use it to get cash please?",atm_support,non_native_speaker
006b5c3d-54fc-4843-b0f1-ff6cac88aa83,"Hi, can you tell me where I can find an ATM that work with my card please?",atm_support,non_native_speaker
071cc743-9f34-4ba1-be1f-025bff22e6e1,"Hello, can you tell me what ATM i can use my card for cash?",atm_support,non_native_speaker
fb9d942e-a4b6-4f02-8351-217b05e3d2b1,"Hello, I have my bank card and need to take cash, can you tell me which ATMs I can use please?",atm_support,non_native_speaker
4fbc010c-9d47-4b7d-801a-d49bd8cd5f5c,Nearest ATM location?,atm_support,short_wording
937d0d91-0d2a-4f32-9763-3668dde03765,Nearest ATM location?,atm_support,short_wording
427d3a41-c8ad-409e-9965-39181166ea23,Nearest ATM location?,atm_support,short_wording
60dce1b9-0c93-4356-b757-9b76fa9a906a,ATMs accepting this card?,atm_support,short_wording
4fd4bee0-bf64-4c04-8618-74a6d14bf83f,Nearby compatible ATMs?,atm_support,short_wording
e41365e5-80ab-4e85-ac64-848dc787c896,"Why the hell does my balance keep hitting zero and never top itself up automatically, this is damn annoying!",automatic_top_up,angry_layperson
366b1ec2-8b5e-49dd-b672-87abdfc312f4,I'm fed up with my balance hitting zero and you never throwing more cash in when I need it—sort this out right now!,automatic_top_up,angry_layperson
5caeda58-846b-4978-9563-83ceff415ce9,I'm sick of my account hitting zero every damn week and having to scramble for cash—I need the system to dump money in automatically so I don’t have to chase it down every time!,automatic_top_up,angry_layperson
786439eb-29c6-4bac-af34-5abe48cc2f5a,"Yo, why the hell doesn’t my cash just refill itself when it’s about to run dry—I’m sick of having to keep topping it up manually!",automatic_top_up,angry_layperson
27110fce-d78a-4de8-860a-1a91591b2607,I’m fed up with this stupid app not letting me set up that auto‑top thing—where the hell is it and why does it keep blowing my balance?!,automatic_top_up,angry_layperson
cc069ff5-4570-4b9e-8c21-91549081d4fc,Balance zero panic need auto topup activated immediately,automatic_top_up,panicking_emergency
8f10e0a3-feca-4e62-a7ec-126240cadc3b,Balance hit zero need money now auto top up not working help quickly,automatic_top_up,panicking_emergency
959d8d9d-cce2-43f9-a668-3f1b83b8095c,Help my balance empty need auto refill immediately,automatic_top_up,panicking_emergency
692e84c6-b31d-419f-95a1-3ffc7e9d89f0,Balance hit zero need money added automatically each time it falls below five pounds urgent,automatic_top_up,panicking_emergency
fd01aa3b-5453-4b0a-9298-2946dd1f05ac,Balance dropped overnight need top up now auto feature not working help fast,automatic_top_up,panicking_emergency
397cc93c-90a8-4efa-9015-3f5674f311a8,"Could you please confirm whether my account can be configured to automatically replenish the balance when it drops below a specified threshold, and advise me of any applicable limits on such scheduled top‑ups?",automatic_top_up,polite_expert
f2ac2547-d958-4163-82a2-0045dc57850b,I would appreciate clarification on how I may arrange for my account to be automatically replenished when its balance descends beneath a specified threshold.,automatic_top_up,polite_expert
54599118-f24b-4cea-b59b-01285d6316b2,"I wish to ascertain how I may arrange for an automatic replenishment of my account whenever its balance falls below a predetermined threshold, and would appreciate clarification regarding any applicable limits.",automatic_top_up,polite_expert
0bde3e0e-a130-473a-954c-344eec97987f,"I would like to inquire whether my account provides an automatic replenishment facility that can be activated when the available balance drops below a predefined limit, especially during periods when I am traveling abroad.",automatic_top_up,polite_expert
1cebc126-f9ee-4e3d-a37a-e334204cc69b,Could you kindly advise if my account may be configured to perform an automatic replenishment of funds whenever the available balance falls below a specified threshold?,automatic_top_up,polite_expert
3d27b133-c683-4a2b-979c-6281b43f0356,"Yo, can you tell me how to enable the auto‑top option in the app ’cause I’m constantly low on cash and need it to refill itself.",automatic_top_up,gen_z_slang
06bc5685-e8e3-4811-b01f-c66e5bfa662a,"Hey, can you set it so my account automatically refills itself whenever the balance gets super low?",automatic_top_up,gen_z_slang
6dd5b86e-3306-44e6-a25b-d4c0cb7db0be,"Hey, can u show me how to turn on the auto‑add money feature and tell me what the max limit is?",automatic_top_up,gen_z_slang
0dba5aaa-ca9a-4e8c-aeca-6d609a46dcba,"Hey, I turned on the auto‑refill for my account but it’s not kicking in when my balance drops, what’s up?",automatic_top_up,gen_z_slang
34c3f783-a267-4481-a0fa-042aa8ec1d8e,"Hey, can you tell me how to set up the feature that auto‑adds cash when my balance is low and what limits there are on it?",automatic_top_up,gen_z_slang
c259295b-7b43-4d13-a079-17024a755f7e,"Hi, I need my card fill with money automatically each few days while I travel, can you help please?",automatic_top_up,non_native_speaker
50bfd9fa-0e3c-492e-8430-e25645791e24,I need to know how to set my card to add money automatically when the balance is small.,automatic_top_up,non_native_speaker
0f2a87f6-d510-4aef-85ca-8f16dec965ba,I need know where I can make my account put money automatically when it gets low and also what is the max amount.,automatic_top_up,non_native_speaker
75682fb2-3291-4ce9-ac6a-e62453704d31,Can you help me set app to put more money in automatically when my balance get low?,automatic_top_up,non_native_speaker
6c1503e4-e06c-4b12-9dbf-a9271787d4c7,"I want app to put more money on my card automatic when I travel, can you help?",automatic_top_up,non_native_speaker
681cf1a8-5d51-4b76-9185-0efafb0394cf,Auto top-up when balance low?,automatic_top_up,short_wording
47c78dfa-9cc9-4c5a-82ff-2bf2f67a4180,Enable auto top‑up,automatic_top_up,short_wording
0f94f647-945f-41ca-912d-2142ca7ece0f,Enable recurring top‑up,automatic_top_up,short_wording
a2a55f57-9705-4417-bb24-8c0cb897a5bb,Enable auto top‑up?,automatic_top_up,short_wording
957c554a-a3af-4890-a637-49a8b19189ae,Auto refill option?,automatic_top_up,short_wording
65648155-ad95-4ef1-b20e-719a1b124e7e,"I sent my money over this morning and my balance still shows zero—what the hell is going on, fix this now!",balance_not_updated_after_bank_transfer,angry_layperson
736de940-d0b9-4dd1-b9fe-fc09a4798526,"I'm fed up—sent my cash over yesterday and the app still shows nada, fix this now!",balance_not_updated_after_bank_transfer,angry_layperson
c34bd9dd-fed6-491b-aa1d-b170743450c5,"I sent my cash over an hour ago and it’s still nowhere—what the heck is going on with my account, I need that money right now!",balance_not_updated_after_bank_transfer,angry_layperson
34e637e5-1ae4-40ff-9b71-f7ae68606293,I sent a transfer this morning and my account still shows zero—what the hell is taking so long to show up?!,balance_not_updated_after_bank_transfer,angry_layperson
e4800561-b644-4e81-ad0f-34f66c6a1f4e,I just sent a bunch of cash over and my account still shows the same old amount—what the hell is taking so long?!,balance_not_updated_after_bank_transfer,angry_layperson
18eae510-3b59-4b1b-8c2c-0b811d047200,Transfer from my bank just made nothing in balance need it now urgent,balance_not_updated_after_bank_transfer,panicking_emergency
941c420d-0658-4b77-98a5-8180f54639a6,Transferred funds two hours ago still not in account need immediate assistance,balance_not_updated_after_bank_transfer,panicking_emergency
0d2cc434-d29c-44e4-876a-1b730152978d,Just transferred money into my account balance still same need it now,balance_not_updated_after_bank_transfer,panicking_emergency
1790a5b0-03f0-4e51-89e9-700f84cb966f,Just sent a transfer five minutes ago balance still the same need the money now,balance_not_updated_after_bank_transfer,panicking_emergency
b1041335-1b75-420e-bb12-ca798575b07d,Transferred money five minutes ago balance unchanged urgent fix needed,balance_not_updated_after_bank_transfer,panicking_emergency
6999dd22-d782-43e0-8ba1-57422bc4977c,"Dear Sir/Madam, I would like to inquire why the funds transferred from my account earlier today have not yet been reflected in my available balance.",balance_not_updated_after_bank_transfer,polite_expert
e0db693c-e812-440a-a8ca-7b8a144d4a03,"I would appreciate your assistance in verifying the status of a recent transfer I executed from my UK bank account earlier today, as the transferred amount has not yet been reflected in my available balance.",balance_not_updated_after_bank_transfer,polite_expert
8b49b07a-40a2-4841-99e1-808b06c9483e,"Dear Sir/Madam, I executed a bank transfer from my United Kingdom account earlier today and have noted that the transferred amount has not yet been reflected in my available balance; I would appreciate your assistance in verifying the status of this transaction at your earliest convenience.",balance_not_updated_after_bank_transfer,polite_expert
e8089bd3-eb5b-4435-99a1-6a16701074e4,"I recently initiated an interbank transfer into my account, and although I have received confirmation of successful receipt from the sending institution, my available balance has not been adjusted accordingly; could you kindly advise on the expected processing time and any steps required to resolve this discrepancy?",balance_not_updated_after_bank_transfer,polite_expert
144ce2d0-94b1-45b6-aa49-6d67ac59377c,"I initiated a bank transfer from my United Kingdom account earlier this afternoon, and I notice that the corresponding funds have not yet been reflected in my account balance; I would be grateful if you could verify the status of this transaction at your earliest convenience.",balance_not_updated_after_bank_transfer,polite_expert
2c252a34-61f2-4f65-8af7-306974cd28a5,"Yo fam, I just did a transfer from my UK account and my balance is still stuck—what’s the ETA for it to show up or is something messed up?",balance_not_updated_after_bank_transfer,gen_z_slang
25bce9c7-ba10-4481-be76-114148c4b74f,"Yo, I sent a bank transfer a couple of hours ago and my balance still shows nothing—can you check if it actually went through?",balance_not_updated_after_bank_transfer,gen_z_slang
49f07510-d41d-4e12-ae4a-0f842b1d46a6,"Hey, I did a bank transfer a few hours ago and my balance still hasn't moved—can you peep it for me?",balance_not_updated_after_bank_transfer,gen_z_slang
912bc1a9-ca14-482f-b941-1660feb6447f,"Yo, I transferred cash into my account and it's still not showing up—what’s the hold‑up?",balance_not_updated_after_bank_transfer,gen_z_slang
28eb2528-e946-4957-ad55-3bbf83f459db,"Yo, I just sent a transfer and my balance is still stuck on the old number, can u fix it?",balance_not_updated_after_bank_transfer,gen_z_slang
52d8c3f7-e188-4204-b41d-4fbb68e09ab5,"I made a transfer to another bank but the money still show in my balance, can you tell me why?",balance_not_updated_after_bank_transfer,non_native_speaker
132ad7d0-03e8-4da4-a33d-2fd277d078f8,"I have send a transfer yesterday but my balance not change, can you please check?",balance_not_updated_after_bank_transfer,non_native_speaker
6e96126e-65c5-4e89-9592-f0db5d73831f,"Hello, i did a bank transfer a few hours ago and my balance still same, please check for me.",balance_not_updated_after_bank_transfer,non_native_speaker
a5eaf766-d4b7-48fd-bf3b-8408aa029a70,"Hello, I sent money from my UK bank a few hours ago and it still not show in my balance, can you please check for me?",balance_not_updated_after_bank_transfer,non_native_speaker
fdc467c8-cd2b-4672-95d0-7074107b7130,"Hello, I did a transfer from my other bank yesterday and the money still not show in my balance, can you please check for me?",balance_not_updated_after_bank_transfer,non_native_speaker
8eae60b5-be32-4da7-8ab0-b90d153920ac,Balance unchanged after transfer,balance_not_updated_after_bank_transfer,short_wording
dc91b7f9-85e2-4be3-90c2-368b101c309c,Transfer missing from balance,balance_not_updated_after_bank_transfer,short_wording
f299e320-11e5-4af7-9874-36019340d97b,Transfer not reflected,balance_not_updated_after_bank_transfer,short_wording
0b6c4a98-70a5-4b32-ba56-3cfe525f43f0,"Transfer completed, balance unchanged",balance_not_updated_after_bank_transfer,short_wording
329902d4-8cbd-4617-90fd-193e1e87d39d,Balance unchanged after transfer,balance_not_updated_after_bank_transfer,short_wording
0802149d-c854-407f-bec2-2cd0863b208b,I dropped cash at your branch yesterday and my account still shows no money—what the hell is going on with my deposit?!,balance_not_updated_after_cheque_or_cash_deposit,angry_layperson
d4d2f26f-0246-448b-893a-7522ad31d653,"Yo, I dropped cash at the branch two freakin' days ago and it’s still not showin’ up—what the hell is goin’ on with my money?!",balance_not_updated_after_cheque_or_cash_deposit,angry_layperson
4948f5fb-9810-49b2-8df1-79c020b00c25,"Hey, I dropped off a cheque two days ago and my balance still says zero—what the hell is taking so long? Fix it now!",balance_not_updated_after_cheque_or_cash_deposit,angry_layperson
6511854d-7e8d-49f4-afef-7411daf98375,I slammed cash into the deposit slot just now and my money’s still nowhere – what the hell is taking forever?!,balance_not_updated_after_cheque_or_cash_deposit,angry_layperson
762c7c4d-4e83-40c7-a4a3-c3d623f9a964,I dropped cash in this morning and when I check my app there's still nothing there—what the hell is going on?!,balance_not_updated_after_cheque_or_cash_deposit,angry_layperson
0af8b8d4-81b5-4c63-86a1-61865fa3973b,Put cash in yesterday still zero balance need it now urgent please fix,balance_not_updated_after_cheque_or_cash_deposit,panicking_emergency
5c7f861a-5883-401d-9a5b-dedc20719822,I deposited a cheque this morning still zero balance I need the money now urgently,balance_not_updated_after_cheque_or_cash_deposit,panicking_emergency
5e908ce7-ae7a-45a2-b96e-5e145bdfd817,Cash deposit yesterday morning no change in balance account frozen need funds now,balance_not_updated_after_cheque_or_cash_deposit,panicking_emergency
58a5ff9c-80fa-4134-ae34-c280b9737b05,Cash deposited early morning still no change in balance need this fixed immediately,balance_not_updated_after_cheque_or_cash_deposit,panicking_emergency
6582342e-0dcd-4c1b-baa9-b4634c47c9cf,Deposit cash and check yesterday balance still same need it fixed now,balance_not_updated_after_cheque_or_cash_deposit,panicking_emergency
47168467-ffe2-485c-b3ab-fb2009ce2c47,"Dear Sir or Madam, I wish to bring to your attention that, although I deposited cash and presented a cheque at the branch on 12 April 2026, my account balance has not been updated accordingly, and I would be obliged if you could investigate the cause of this discrepancy at your earliest convenience.",balance_not_updated_after_cheque_or_cash_deposit,polite_expert
81f7632e-7aea-4713-8d46-7136084d19a9,"I would like to inquire about the status of the funds from my recent cheque deposit, as they have not yet been reflected in my account balance.",balance_not_updated_after_cheque_or_cash_deposit,polite_expert
dc654b28-39d4-4e3a-94d8-9d187cf973e9,"Dear Sir or Madam, I am writing to inform you that a cheque deposited into my account on 12 April 2026 has not yet been reflected in the available balance, and I would be grateful if you could investigate the status of this transaction and advise when the funds will become accessible.",balance_not_updated_after_cheque_or_cash_deposit,polite_expert
9b3fad4b-f88f-40d4-b813-9f7fe718a5f9,"Dear Sir/Madam, I kindly request clarification regarding the cash deposit of £500 made on 24 September, as my account balance remains unchanged and the transaction does not appear in the statement.",balance_not_updated_after_cheque_or_cash_deposit,polite_expert
01ff8548-e429-4c02-a280-700256cc198d,"I deposited a cheque and cash into my account earlier today, yet I observe that the corresponding funds have not been reflected in my available balance; I would be grateful if you could promptly investigate this discrepancy and advise when the amount will be credited.",balance_not_updated_after_cheque_or_cash_deposit,polite_expert
4c2e633e-5590-4ebf-8185-76046427159d,"Yo, I dropped off a cheque this morning but my app’s still showing the same old balance—what’s the hold‑up?",balance_not_updated_after_cheque_or_cash_deposit,gen_z_slang
2a83cd96-d804-4581-acd8-f77748cf27a9,"Yo, I dropped some cash at the branch earlier but my app still shows zero—what's up?",balance_not_updated_after_cheque_or_cash_deposit,gen_z_slang
9214f628-9266-4201-aede-2ca4be12b1da,"hey, i dropped some cash at the branch earlier today but my app still shows the old balance, can u sort it out asap?",balance_not_updated_after_cheque_or_cash_deposit,gen_z_slang
3d5e616b-4aa0-43fa-a471-5f443ec85234,"Yo, I dropped a check and some cash at the branch earlier today but my balance is still stuck, can you sort it out ASAP?",balance_not_updated_after_cheque_or_cash_deposit,gen_z_slang
aca03af6-b6e5-4fa6-b144-c0372a680400,"Yo, i dropped cash and a check at the branch yesterday but my balance still hasn't updated, plz sort it out fast.",balance_not_updated_after_cheque_or_cash_deposit,gen_z_slang
1738f906-e22a-4b9f-8769-cd7bf0cfca63,"Hi, I put cash and cheque in my account but the balance not change yet, please tell me when it will update.",balance_not_updated_after_cheque_or_cash_deposit,non_native_speaker
9978b57f-ba65-4e2c-9a32-8069ff13c6d3,"Hello, I deposited a cheque yesterday and my balance still the same, can you please check for me?",balance_not_updated_after_cheque_or_cash_deposit,non_native_speaker
a109bd7e-9bc4-411b-a567-c960945d090d,"Hi, I put a cheque in account two days ago but my balance still same, can you please check for me?",balance_not_updated_after_cheque_or_cash_deposit,non_native_speaker
b3b44881-fc97-4e09-99a6-b802f9cc26a0,"I put cheque and cash in my account but the balance still same, can you tell me when it will be updated?",balance_not_updated_after_cheque_or_cash_deposit,non_native_speaker
c8486868-9c24-415f-8f3f-a10a21cdf921,"Hi, I put cash in the branch yesterday and still not see any money on my account, can you please check it?",balance_not_updated_after_cheque_or_cash_deposit,non_native_speaker
f2507cb6-99c0-4f0e-8ee4-9a9c357b44e1,Cash deposit not showing,balance_not_updated_after_cheque_or_cash_deposit,short_wording
3ee165fd-3dd3-4139-a5be-a111c15f0c53,"Cheque deposited, balance unchanged",balance_not_updated_after_cheque_or_cash_deposit,short_wording
a049fd03-8425-4894-a9e6-56e1abd029fe,Cheque not credited,balance_not_updated_after_cheque_or_cash_deposit,short_wording
9e36f00c-1b38-4656-894a-967760a80409,Cash deposit not reflected,balance_not_updated_after_cheque_or_cash_deposit,short_wording
7b6c7be3-0071-4af3-9d84-058fd2d5828d,Cash deposit not showing,balance_not_updated_after_cheque_or_cash_deposit,short_wording
70e682f4-b410-4f4a-aa34-b3dd0901fa95,I’ve tried a million times to send cash to my cousin’s account and every damn time it just gets blocked—what the hell is wrong with your system?!,beneficiary_not_allowed,angry_layperson
390da284-623b-402c-b714-57db589f7d07,"What the heck is up with your stupid app blocking my transfer to my cousin’s account— I've been trying for ages and it just says no way, fix this now!",beneficiary_not_allowed,angry_layperson
1e1d7f3b-f6e5-41de-bb84-1ed3ad769679,I've been trying to send cash to my friend's account over and over and it keeps getting blocked—what the hell is wrong with your system?!,beneficiary_not_allowed,angry_layperson
905d8c4b-33e0-48bc-9686-3a4c4f28af03,I tried sending money to my friend's account and the app just blocked it—what the hell is going on?,beneficiary_not_allowed,angry_layperson
bcb24200-0aef-4cd6-b37d-c745c93dbe8e,I’m fed up with this damn app blocking me from sending my cash to the guy I need—what the hell is going on?,beneficiary_not_allowed,angry_layperson
da6ba418-c1c4-4c78-8674-0c7e71f7aa18,trying to transfer to my mom it’s rejected I need the funds urgently please help fast,beneficiary_not_allowed,panicking_emergency
6bea4b9e-93d1-45c1-babe-ebde68075f5d,Transfer denied again I need it now why won’t it go through,beneficiary_not_allowed,panicking_emergency
ce64ec29-1216-4c2a-a836-b5158a2d5963,transfer to my mom failing blocked cannot send urgent help needed,beneficiary_not_allowed,panicking_emergency
fbab2cac-b826-4a10-96d3-371b985edfcf,Cant transfer to my aunt why is it blocked I need the money now,beneficiary_not_allowed,panicking_emergency
12d64092-9580-4c8d-a212-3e7bfa8d1e91,Cant transfer to saved contact app stops it need money sent now,beneficiary_not_allowed,panicking_emergency
e15e4037-f037-4118-b919-1e0bf2967507,"I am attempting to execute a funds transfer to a designated beneficiary, yet the system repeatedly returns an error indicating that the transaction cannot be processed.",beneficiary_not_allowed,polite_expert
9f875472-6769-4ba0-99fd-d82e906cefde,I am unable to complete a transfer to the intended beneficiary and would appreciate clarification as to why this transaction is being blocked.,beneficiary_not_allowed,polite_expert
94eb4344-9e71-4072-a5d8-7c63b847bfa2,"I have repeatedly attempted to initiate a funds transfer to a specific recipient, yet each submission is declined with an error indicating that the beneficiary cannot be processed; kindly advise on the reason for this restriction and how it may be resolved.",beneficiary_not_allowed,polite_expert
cd6415be-4c0c-4670-8b77-a2aa15344f33,"I have attempted several times to initiate an outbound transfer to the designated recipient, yet each submission is rejected by the system with a notice that the beneficiary cannot be processed; I would appreciate clarification on why this restriction applies and guidance on how to resolve it.",beneficiary_not_allowed,polite_expert
7841ad9a-35c7-474c-9f4e-37dd6befd421,"I attempted to initiate a bank transfer to a previously used beneficiary, yet the system rejected the transaction without clarification, and I would appreciate guidance on why this transfer is currently disallowed.",beneficiary_not_allowed,polite_expert
61457fe6-0c83-4e26-be70-70880cf95e31,"Hey, I tried sending money to my friend's account but it keeps throwing a “not possible” error—what's up?",beneficiary_not_allowed,gen_z_slang
3ede86c6-eb9f-48ad-b293-ee610aee4144,"Bruh, I’m tryna transfer cash to my buddy’s account and it just says not allowed—what’s up?",beneficiary_not_allowed,gen_z_slang
ed0d01ae-7964-4599-a265-41523fb9ac33,"Yo, I tried sending cash to my friend’s account but it keeps getting blocked, what’s the deal?",beneficiary_not_allowed,gen_z_slang
79bf957d-8827-4e80-8774-10a7ef8cdacc,"Hey, I tried doing a transfer to my buddy’s account and it keeps failing, what’s up?",beneficiary_not_allowed,gen_z_slang
0e3d6227-fe31-4bab-a382-2d457bd227c2,"Yo, I'm tryna transfer money to a buddy and it just says it's not possible—what's the deal?",beneficiary_not_allowed,gen_z_slang
2a3e10d1-5f95-4c2f-a9ee-a08a815733a6,"I try send money to my family but the app say I cannot do it, please help.",beneficiary_not_allowed,non_native_speaker
8ec9c14c-920e-45fa-a92e-c7eda336c74a,"Hi, I try send money to my friend but the app say cannot do it, please help me.",beneficiary_not_allowed,non_native_speaker
fc720c9a-8d53-4e55-b9eb-2e4725a12db2,"I try make transfer to my aunt but the app says it cannot be done, please help.",beneficiary_not_allowed,non_native_speaker
f052f547-b643-4193-bfc1-aee659f4431c,"Hello, I try send money to my family's account but the app say not allowed, please help me.",beneficiary_not_allowed,non_native_speaker
4b532fdb-d587-400a-ac9d-c31b9f3372c6,"I try to transfer money to my beneficiary but the app says it cannot, can you help me understand why?",beneficiary_not_allowed,non_native_speaker
a112461f-d0f7-441a-8791-24086a48c2a5,Transfer denied – recipient blocked,beneficiary_not_allowed,short_wording
febf9a47-b5eb-4998-8acc-23099366be91,Recipient transfer denied,beneficiary_not_allowed,short_wording
21734862-d83e-405d-b689-b2c2a7e65cd9,Transfer blocked beneficiary,beneficiary_not_allowed,short_wording
9d5aa388-bbf3-413b-8084-6e83d88f4622,Transfer to beneficiary blocked,beneficiary_not_allowed,short_wording
ac3cf03f-eda8-4b31-bc3b-612c8e88eb46,Can't send to beneficiary,beneficiary_not_allowed,short_wording
f7461de0-0c6c-414a-9a84-051404c8bdbc,I messed up and sent cash to the wrong account—stop that damn transaction right now before it actually goes through!,cancel_transfer,angry_layperson
fd00f666-2156-44de-9fac-431a456b9b19,"Stop that stupid money send I just made before it goes through, I’m freaking sick of this!",cancel_transfer,angry_layperson
3d1c8473-746d-41e7-8e55-cf1900e83e0b,I messed up and sent my cash to the wrong account—stop it now before it’s gone!,cancel_transfer,angry_layperson
078f30df-0445-4d2e-82d6-1f6dcf801d6c,I freaking messed up and sent my cash to the wrong place—stop it now before it disappears from my account!,cancel_transfer,angry_layperson
191d6149-0af0-4549-b447-7195bf82f067,This crap is insane—I've just sent my money to the wrong spot and I need you to stop it ASAP before it vanishes!,cancel_transfer,angry_layperson
f3c12514-47e6-4a50-9064-9aea53ba8d7f,Stop the transfer now my money is leaving I need it halted immediately,cancel_transfer,panicking_emergency
796108bc-c706-492a-bde9-4dad7138b661,stop the transfer i just sent wrong account number please hurry,cancel_transfer,panicking_emergency
65995761-0275-41c4-8c43-280c7b0e7445,Stop my transfer immediately it is about to leave I need it halted now,cancel_transfer,panicking_emergency
1b7e7099-af4e-4381-b09a-d8862d678f92,my transfer just sent to the wrong account stop it now please urgently,cancel_transfer,panicking_emergency
605bbaba-d13b-4c3a-8c0e-b8051fa699dc,Stop it now I sent money to the wrong account please,cancel_transfer,panicking_emergency
d17266e9-1e97-4952-8915-7b397685f826,I would like to request the cancellation of a recent funds transfer that was entered in error.,cancel_transfer,polite_expert
a5b8b9ab-a85c-440e-ad56-94f305d03e69,"I respectfully request the immediate reversal of a funds transfer that was submitted in error, as I entered incorrect beneficiary information and wish to prevent the transaction from being processed.",cancel_transfer,polite_expert
e8d3c33a-a77c-4933-9d2f-0eabeded2a0c,"I would appreciate your assistance in reversing a funds transfer that was executed this morning, as the payment was inadvertently directed to an incorrect account.",cancel_transfer,polite_expert
667a5fcd-9fe4-4775-9d15-470a87ab09bb,"I respectfully request the immediate cancellation and reversal of the recent funds transfer I authorized, as an incorrect amount was entered and I must prevent its settlement.",cancel_transfer,polite_expert
c7b35cb4-6a67-4d6e-b236-88794c7a829e,I kindly request the immediate cancellation of a funds transfer I initiated earlier today.,cancel_transfer,polite_expert
189d2e01-be3f-4ca9-b888-e23930f9d5cb,"Yo, I messed up a transfer and need it stopped ASAP ’cause it's for rent tomorrow.",cancel_transfer,gen_z_slang
da6be255-24d8-4a54-b1a4-b2d0c00712f0,"Yo, I accidentally sent cash to the wrong account this morning—can you pull that transaction?",cancel_transfer,gen_z_slang
3567a335-5329-4699-818f-14b968940e2a,"Yo, I screwed up a transfer earlier and need it pulled back ASAP ’cause it’s for my rent tomorrow.",cancel_transfer,gen_z_slang
27643ef6-646a-407a-8878-edbed0983e7d,"Yo, I kinda goofed on a transfer and need to pull the plug on it ASAP before it clears.",cancel_transfer,gen_z_slang
61d80edb-470b-4338-a0ba-ea426d5a78a8,"Yo, my bad—I just sent a transfer to the wrong account, can you cancel it ASAP before it goes through?",cancel_transfer,gen_z_slang
f953cfed-333a-4760-b650-b87ceb22a32e,"I send money to the wrong account, please help me stop it now.",cancel_transfer,non_native_speaker
4149dd7e-621f-4bc8-92b7-c2d9d8cebbdd,"Hello, I made mistake sending money and I need stop it now please.",cancel_transfer,non_native_speaker
c1f67b41-6fab-4028-b32b-225966d8d552,"Hello, I send money to the wrong account by mistake and I need you to stop it, please.",cancel_transfer,non_native_speaker
cf7a22cf-80c8-4354-8edc-c7e7df7956a3,"I send money to the wrong account by mistake, can you stop the transfer please?",cancel_transfer,non_native_speaker
9f39171d-9bff-46af-8d7d-a552dc91984a,"Can you please stop the money transfer I just did, I made a mistake.",cancel_transfer,non_native_speaker
e9f9e1e6-337b-41ed-ad8c-3dafbc45dbe0,Cancel recent transfer,cancel_transfer,short_wording
717275c2-294d-4e5d-ab5f-0f9f3507bc48,Cancel recent transfer now,cancel_transfer,short_wording
b469d3ba-ca42-4596-a99c-3b2c290e1d15,Cancel recent transfer,cancel_transfer,short_wording
af109ec4-e24b-4d73-b085-27cefe778b77,Stop recent transfer,cancel_transfer,short_wording
6fd682ed-5bdb-4211-966d-dfb2a9ba4990,Cancel wrong transfer,cancel_transfer,short_wording
7c7ea206-6817-4e63-aed6-5a071d29ff99,My damn card’s about to expire and I need a fresh one right now—what the hell do I have to do?,card_about_to_expire,angry_layperson
c25d54ff-1c4d-45e5-a2d3-2ca366871a5e,My damn card’s about to die and I need to know how much a replacement costs and when the stupid thing will actually show up!,card_about_to_expire,angry_layperson
eb50c0e3-a844-4e8c-b5ab-c162dbdd5514,My damn card’s gonna run out next week—when the hell am I getting a new one and how long’s this stupid wait?!,card_about_to_expire,angry_layperson
5b0902a1-90bf-4992-8277-7c1b8bc575c2,My damn card's about to die and I still haven't gotten a new one—how long is this gonna take and why the hell am I stuck with a useless piece of plastic?,card_about_to_expire,angry_layperson
36b818f1-b9eb-4835-b330-a5f71e4ad3eb,"My stupid card’s gonna run out next week and I still haven’t gotten a replacement, what the hell is going on?",card_about_to_expire,angry_layperson
d24f8874-88ba-4b74-ac90-b0896ae15e82,Card expiring next week need new one now send to my address overseas,card_about_to_expire,panicking_emergency
8a914f71-fd03-49da-a82e-d0528b83d393,Card expires in three days need a new one now send it quickly,card_about_to_expire,panicking_emergency
42f5daa1-0cf3-482c-8981-387fdc5f0d7a,Card expiring next week need replacement urgently tell me how to order and when it will arrive,card_about_to_expire,panicking_emergency
2a000170-9cad-4d2c-a35f-0f7dc5efa6c4,Card expires next week need a replacement now urgently,card_about_to_expire,panicking_emergency
97ee91a7-3613-4167-908c-a40927f7ebdf,My card expires Thursday need a new one now send fast no time to wait,card_about_to_expire,panicking_emergency
241040b2-3a0a-41cb-9388-35e21d813031,"I have been notified that my credit card will expire next month and I would appreciate detailed information regarding the replacement procedure, any applicable fees, and the anticipated delivery timeline for the new card.",card_about_to_expire,polite_expert
1888c7d8-af3c-40f5-acbd-1a2be073d25c,"I am writing to inquire about the procedure for receiving a replacement card, as my current debit/credit card is approaching its expiration date.",card_about_to_expire,polite_expert
96a10ad4-9c89-4de7-8df6-d5615131e6bf,I would like to inquire about the procedure for obtaining a replacement card before the expiration date of my current debit card.,card_about_to_expire,polite_expert
c594db1c-46e3-4ff1-8c27-a483dd1e52e3,"Could you kindly inform me of the required procedures, any applicable fees, and the expected delivery timeframe for obtaining a replacement card as my current card nears its expiration?",card_about_to_expire,polite_expert
ac7a8be3-f866-4541-ae86-4827210a5217,"I have noted that my current card will expire next month and would appreciate guidance on the replacement procedure, any applicable fees, and the expected delivery timeframe for the new issuance.",card_about_to_expire,polite_expert
f54b87c5-d1f7-4a86-83a8-5ff707188e99,"Yo, my card’s about to expire soon—can you hook me up with a replacement before it dies?",card_about_to_expire,gen_z_slang
8636bcdf-01d9-4ece-b0bf-2bcf6bdddcb9,"Yo, my card’s about to expire next month—can I order a replacement and how long does it take?",card_about_to_expire,gen_z_slang
b732cbbd-bfcc-43dd-8f13-6f6a37a6e2b9,"Yo, my card’s about to expire soon—can I order a new one, how long’ll shipping take and what’s the fee?",card_about_to_expire,gen_z_slang
3d7fb3a3-fd5b-46ff-9cbb-99d32612bbe1,"Yo, my card’s about to expire next month—what’s the deal on getting a new one?",card_about_to_expire,gen_z_slang
91d66536-31b1-4054-90e9-feddf29af531,"Yo, my card's about to expire so I need a new one—what's the cost and how fast can it be sent?",card_about_to_expire,gen_z_slang
712d630b-6114-41e7-8b08-590d74343642,"Hi, my card almost expire soon, please tell me how I can order new card and how much it cost.",card_about_to_expire,non_native_speaker
a2c116e8-90e8-47f9-892d-fe8cc79bcebd,"Hello, my card is almost expire soon, can you please send me a new one?",card_about_to_expire,non_native_speaker
995f962e-262f-4fd0-93b6-0a7d0255d499,"Hello, my card will expire very soon, can you please tell me how I can ask for a new one, what cost is and when it can arrive?",card_about_to_expire,non_native_speaker
4eaf2866-14a5-47d0-82ba-a0ab84d27e6c,"Hello, my card will be expire soon so I need a new one, can you tell me how much it cost and when I can get it?",card_about_to_expire,non_native_speaker
bd6a9d1b-0424-4933-9bfc-3529fa5692e4,"Hi, my card is almost expire soon, can you tell me price for new card and how many days it come?",card_about_to_expire,non_native_speaker
013d89e6-8e4b-4e6c-9f24-8f73295af557,"Card expiry soon, replacement?",card_about_to_expire,short_wording
1f24d7b0-2a7f-4b13-865f-4036e8c62c16,Expiring card replacement cost?,card_about_to_expire,short_wording
69419b94-7641-4d45-a4ec-0eab891e3e14,Card expiring soon,card_about_to_expire,short_wording
cd93cc5e-0214-4294-9dd5-5290360c6c69,Card expiring soon,card_about_to_expire,short_wording
a1985a35-74ac-41ea-b6af-e521bc145759,Card expiring soon,card_about_to_expire,short_wording
21b6b776-8dc7-45a7-ba2a-0755c0981854,What the hell is up with my card not working everywhere I try to pay—I'm sick of being told it's fine in some places but gets rejected at the grocery down the street!,card_acceptance,angry_layperson
6265e6cf-b936-4211-b9ef-7aa7ff997be0,I’m sick of trying to use my damn card everywhere and it keeps getting rejected—where the hell is this thing supposed to work?,card_acceptance,angry_layperson
f577f1ac-2919-4ccb-bc77-79d68c424534,I'm sick of trying to find out where the hell I can actually swipe this damn card!,card_acceptance,angry_layperson
25a6aae0-1586-4141-8392-c93c425b1bbf,I'm fed up with my damn card getting rejected everywhere I try to buy something—what the hell is going on?,card_acceptance,angry_layperson
da44fe59-fa07-492e-9a3c-515321d1275c,"I’ve been trying to pay everywhere—coffee shop, gas station, online—and my card keeps getting blocked, so what the hell is going on?!",card_acceptance,angry_layperson
159bf184-12ed-45db-a9a7-8860f85c9e59,Card declined at every place I try cannot pay tell me where it works now,card_acceptance,panicking_emergency
b433f39b-0729-4cf7-9c38-ad8540b20d35,Help I need to know if my card works at the pharmacy now urgent,card_acceptance,panicking_emergency
511a5bc9-d52d-4032-88e0-e705fe1b1444,Card wont work at restaurant need to buy medicine fast,card_acceptance,panicking_emergency
5824cbdd-08e7-456e-beff-530b765b9cdc,My card declined at the grocery I need to pay now,card_acceptance,panicking_emergency
ca9f9e99-d7c1-47f1-a906-f62c447abc38,My card not working at stores I need it everywhere now help,card_acceptance,panicking_emergency
744e0a66-c125-4021-8bb1-6cf8bed8af1c,I would appreciate clarification on the specific geographic regions and merchant classifications where my card may be presented for transaction processing.,card_acceptance,polite_expert
495ec1e1-6810-4f1b-a119-4034e35d3135,"Could you kindly confirm the extent of merchant acceptance for my debit/credit card, specifically regarding its usability at brick‑and‑mortar retailers as well as online platforms, and advise whether any regional or network limitations apply?",card_acceptance,polite_expert
bed838f1-8dc5-49b5-b4e7-9adbe577c301,I would appreciate clarification regarding the range of merchant locations and online platforms at which my issued payment card may be employed for transactions.,card_acceptance,polite_expert
02c216f0-0950-4b9f-ad2c-58d2a6c4c17d,"Kindly advise me on the range of merchants and locations where my debit/credit card may be utilized, including whether service stations are included in the acceptance network.",card_acceptance,polite_expert
216633e5-1433-48ab-92b4-d0d841fef12d,I would appreciate clarification regarding the geographical regions and merchant categories in which my debit/credit card is authorized for transactions.,card_acceptance,polite_expert
72fc97e7-1c6c-4b6d-94d5-51d6b33d1b66,"Hey, can u tell me if my card works everywhere or are there places it won’t be accepted?",card_acceptance,gen_z_slang
054f753d-4101-468c-9bed-f9b63173953e,"hey, quick q—where legit can i swipe or use this card, like which stores or sites actually accept it?",card_acceptance,gen_z_slang
efc9ba5c-aa2a-4913-a0a4-3f9e085fc4bc,"Hey, quick question—does my card work everywhere I need it to, or are there specific places that won’t accept it?",card_acceptance,gen_z_slang
8838ee1c-7712-4672-910e-427132d3486c,"hey, can i use my card for online purchases everywhere or are there certain sites/places that block it?",card_acceptance,gen_z_slang
7a698927-b6e1-48c4-8e9b-8be3a46680d6,"Hey, quick question: is my card good everywhere or are there spots where it'll get declined?",card_acceptance,gen_z_slang
e5785988-8b0b-45d6-ae0c-db8ab3fa001f,"Hello, I want know where my bank card can used and if there some limit for shop or online?",card_acceptance,non_native_speaker
d9b66f32-2a3c-4f48-b26f-a311506b88de,"Hi, I want to know if my card can use in all shops and countries?",card_acceptance,non_native_speaker
4fb3fcc4-5435-4e1f-8acf-7bb2cfcba196,Please tell me if my card can used in many countries and all shops?,card_acceptance,non_native_speaker
09a184d0-0e28-4838-861a-96edac5c0516,"Hello, could you please tell me which places my card can use and if any place it cannot work?",card_acceptance,non_native_speaker
977245bb-f1cb-4208-bc84-5f7cb6332b45,"Hi, I want to know where my card can be used for paying, please help me.",card_acceptance,non_native_speaker
ab89a0ec-1d96-4dcd-ac76-976c259e366c,Card accepted worldwide?,card_acceptance,short_wording
1189b811-b7e2-4824-8c1f-868fe05a3428,Card accepted everywhere?,card_acceptance,short_wording
ffd7c67a-1b50-432a-b7e4-00236d47cd7d,Card usage locations?,card_acceptance,short_wording
614e960b-dfd2-4a6f-8480-61a7c26bde70,Where can I use card?,card_acceptance,short_wording
7eddc4c5-3bfe-4b89-9b9b-69d7fb94bc55,Card usage locations?,card_acceptance,short_wording
a82b41d7-67c2-480a-bb0a-b24c1d2a25b8,I ordered my new damn card weeks ago and it’s still nowhere—what the hell is taking so long?!,card_arrival,angry_layperson
d7452eb6-34e9-491d-bb41-5f5c4224870d,I've been waiting forever for my new card and it still hasn't shown up—what the hell is taking so long?,card_arrival,angry_layperson
dfac919d-7efa-47d1-bbbe-8606ac4e0dcd,I’ve been waiting forever for that damn card they promised me and it’s still not showing up—where the heck is it?,card_arrival,angry_layperson
1bb23208-6ea7-4b08-a182-cd5f2817410d,I’ve been waiting forever for my damn new plastic to show up and nobody’s given me a straight answer—where the hell is it and when the heck am I supposed to get it?!,card_arrival,angry_layperson
86413d2b-e88c-4562-9ae0-57576b3cd27a,I ordered my damn card ages ago and it still hasn't showed up—what the hell is taking so long?,card_arrival,angry_layperson
908e36c2-6eb5-4bef-813e-e629ac9e4504,Card still not here need it now urgent,card_arrival,panicking_emergency
86e7a146-57b3-45db-8e31-824d73a5c936,Ordered new card last week still not here need it today urgent,card_arrival,panicking_emergency
a55923f8-2f77-4c73-a73b-42f8209737c5,Where is my card I have been waiting days need it immediately,card_arrival,panicking_emergency
88cbebb0-b2ed-4c1e-a165-948ac51c09df,Ordered card two weeks ago still not here need it now urgent,card_arrival,panicking_emergency
d2f4f5ba-4f4b-4835-89e6-9a85d3420ff3,Ordered card two weeks ago still not here need it now urgently please help,card_arrival,panicking_emergency
7d0eca35-7118-4923-ba09-f27061fbb5e4,"I would appreciate clarification regarding the anticipated delivery date and any available tracking information for my newly issued debit card, as I have not yet received it.",card_arrival,polite_expert
42a3f79b-4b3d-459f-bd30-1750744b54d5,"I am writing to inquire about the delivery status of my recently issued credit card, which has not arrived within the standard processing period, and to request confirmation that it remains in transit.",card_arrival,polite_expert
9310d1b1-1924-421f-a2c0-e5c579b4d4e3,"I kindly request an update on the expected delivery date of my newly issued payment card, as I have not yet received it.",card_arrival,polite_expert
d11af763-84f8-4847-bd67-75f5c4fdcc29,"I am writing to request an update on the delivery status of my newly issued debit card, which I ordered more than a week ago and have not yet received.",card_arrival,polite_expert
32ed2ddc-2e13-4484-b63b-f9292e2c383a,"Could you kindly confirm the dispatch date and provide the tracking reference for my newly issued debit card, as it has been over two weeks since I placed the order without receipt?",card_arrival,polite_expert
7c9d6bcf-b229-4d52-a614-0585fa3049d1,"Yo, I ordered my new card like forever ago and it still hasn't showed up—what's the hold‑up?",card_arrival,gen_z_slang
f9c8af59-3a6f-4238-96f6-ee449b88c479,"Hey, it’s been over a week and my new card still ain’t here, any update?",card_arrival,gen_z_slang
a03533f5-e6e2-440a-a297-fabea0fd91a7,"Hey, what's the ETA on my new card? I've been waiting forever lol",card_arrival,gen_z_slang
4824b64c-0a9f-47af-97b8-d2ee2c8cd815,"Hey, I ordered a new card like 7 days ago and it's still MIA—what's the sitch?",card_arrival,gen_z_slang
97dfe6fc-0512-408b-8d34-76e33521a8ce,"Yo, i ordered my new card like two weeks ago and it still hasn't showed up—any update on where it's at?",card_arrival,gen_z_slang
263703c6-cd86-4442-9e62-26ac1c4fa1f3,"I order new card last week but I still no receive it, can you help?",card_arrival,non_native_speaker
550663bb-5eb9-4893-9f02-9c4aaccca690,"I order my card many days ago but still not arrive, can you tell me when it will come?",card_arrival,non_native_speaker
a885f365-a3d9-4e80-b915-54d3a46e7bff,"Hello, I ordered my new card two weeks ago and it still not come, can you help me find where is it?",card_arrival,non_native_speaker
e41787e2-84eb-464b-845f-221176a6b661,"Hi, I order my new bank card but it not arrive yet, can you please tell me where is my card?",card_arrival,non_native_speaker
7d8f73e8-ef28-4b64-ba46-ddafd2af6148,"Hi, I ordered my new card two weeks ago but it still not arrived, can you help me please?",card_arrival,non_native_speaker
bb60b44e-2830-4957-9b4c-f5db9d5b383a,Card still not delivered,card_arrival,short_wording
bcd3afcf-b539-4111-8dcb-aef9e3faad0a,Card delivery status?,card_arrival,short_wording
012967d3-f7c2-468a-b98a-7747dbb6ac6e,Card still not arrived,card_arrival,short_wording
1a94a4dd-c5b2-4bab-9a27-863806b41340,Card delivery status?,card_arrival,short_wording
553332e6-2869-4235-9569-dbd4ad1aee29,card not arrived,card_arrival,short_wording
fc1452a6-1a56-4712-b2f1-21d2c4e173d6,I’ve been waiting forever—when the hell is my new card gonna show up? I need it ASAP!,card_delivery_estimate,angry_layperson
5d9cf13d-41ac-4f0f-b104-139e8f47675c,I’ve been waiting forever for my damn new card—when the heck is it actually gonna arrive already?,card_delivery_estimate,angry_layperson
e431fb2d-9015-4cc2-94e7-4aefaa1a651f,I’ve been waiting forever—when the hell am I supposed to get my damn new card?,card_delivery_estimate,angry_layperson
579b8b76-05ae-4e9f-a98c-776c9a1593bb,I’ve been waiting forever for my damn card—when the hell is it finally gonna show up?,card_delivery_estimate,angry_layperson
f2267bff-8a4c-4f45-856f-44587db4c64a,I’ve been waiting forever – tell me exactly when my damn new card’s gonna show up or I’m done with you!,card_delivery_estimate,angry_layperson
2441bae8-97fd-4d45-ac81-04c695200945,Card not here yet I have bills due send me exact arrival time now,card_delivery_estimate,panicking_emergency
4f12b65c-7391-4d79-bae2-704640bd304c,Card not arrived need it now urgent please ship immediately,card_delivery_estimate,panicking_emergency
b35b0cbc-26d5-4c47-9c19-df042814c6c7,Card still not here need it by tomorrow urgent help,card_delivery_estimate,panicking_emergency
cd413169-ecda-4a92-9935-dc64b351f7d3,Card missing need it now urgent where is delivery date how fast can you get it please,card_delivery_estimate,panicking_emergency
98c05013-11c3-43b6-93a6-04a4442bebf1,My new card should be here today I need it now tell me how long until delivery,card_delivery_estimate,panicking_emergency
32237c6e-5e16-457d-a166-2f72fa0e86bd,"I would appreciate clarification regarding the anticipated delivery timeframe for my newly issued debit card, as I have not yet received it.",card_delivery_estimate,polite_expert
3c498df4-96af-4697-96e5-a4cd97e49d74,I would be grateful if you could confirm the anticipated delivery window for my newly issued credit card and advise whether it can be scheduled to arrive by a specific date.,card_delivery_estimate,polite_expert
027b4ef3-5f66-4f97-93ca-5213a1e3f0ab,"I would be grateful if you could furnish me with the anticipated delivery date for my newly issued debit card, as I need to coordinate its receipt with forthcoming financial commitments.",card_delivery_estimate,polite_expert
be386fde-295c-4ff0-95c9-6a9456df398d,"I would appreciate clarification regarding the anticipated timeframe for delivery of my newly issued debit card, including any available options to schedule its receipt.",card_delivery_estimate,polite_expert
c94767d4-53d4-4f63-86e0-bbb8de3c4ae4,Could you kindly inform me of the expected delivery timeframe for my newly issued debit card to my United States address?,card_delivery_estimate,polite_expert
170114ef-063e-4758-9da8-cf56d2616eac,"Yo, can you let me know when my new card’s gonna arrive?",card_delivery_estimate,gen_z_slang
be7e8911-7d2c-4ee9-80e5-9f2a5cc6f622,"Hey, any idea when my new card’s gonna drop at my place? Need it ASAP.",card_delivery_estimate,gen_z_slang
1e566275-bf0e-44d5-b1ce-28597779f6cd,"Hey guys, can you tell me how soon my fresh card’s gonna hit my mailbox?",card_delivery_estimate,gen_z_slang
21536a74-c6a6-41ce-a140-99158d19ac00,"Yo, any clue how soon my new card will drop at my door?",card_delivery_estimate,gen_z_slang
55901c7f-a243-49d5-be96-332129c03edc,"Hey, can you tell me how long till my fresh card actually shows up?",card_delivery_estimate,gen_z_slang
a58c867f-f422-492d-b149-976f8b02a351,"Hi, can you tell me when my new card will come, I need know how many days it take to arrive?",card_delivery_estimate,non_native_speaker
e1ed32c4-3304-482f-a953-8a42af8f7ae1,"Hi, I order a new card can you tell me when it will arrive?",card_delivery_estimate,non_native_speaker
9f09e3c7-9e6a-4514-8954-f1b339dd9c99,"Can you tell me how many days my new bank card take to arrive, I need it soon?",card_delivery_estimate,non_native_speaker
7e984e7a-6fd6-43e5-b5c9-1bfdc015d6bf,"Hello, can you please tell me when my new card will arrive, how many days it need?",card_delivery_estimate,non_native_speaker
460c0c10-fb7f-4c36-9bf0-fa2d36e99f5b,"Hi, I am waiting for my new card, can you tell me when it will come?",card_delivery_estimate,non_native_speaker
087ebe28-8a44-483e-8e9e-9acb743b827c,Card arrival estimate?,card_delivery_estimate,short_wording
133c9fdc-e56a-4d13-b626-6319845b4c65,Card arrival time?,card_delivery_estimate,short_wording
dbd0cc2c-d5d4-4c37-8465-c9b62eeda595,When card arrives?,card_delivery_estimate,short_wording
94270499-c7cc-47f4-80e4-c9b78581a354,Card arrival time?,card_delivery_estimate,short_wording
394ae27f-64e6-40cf-814c-54d70fdc8130,When card arrives?,card_delivery_estimate,short_wording
70e9c281-44c9-477f-abb7-faa2e6b03529,I finally got my damn new card and now I've gotta jump through some ridiculous steps just to get it onto the app—tell me how the heck I’m supposed to link it already!,card_linking,angry_layperson
d93aa618-b0e6-45e8-b61e-5d33154ef4af,I'm fed up with this nonsense—tell me how the heck I can hook my old card onto my account right now!,card_linking,angry_layperson
4c5ef1b2-5c10-480d-9285-72c7ab81dc15,"Why the hell won’t my damn card even show up in the app when I’ve got it already, and why is this so messed up?",card_linking,angry_layperson
b9724ff1-75b9-45dc-9dc1-d9907605ab6c,I’ve got a damn card already on file and now I can’t get this new one hooked up—what the hell is wrong with your system?,card_linking,angry_layperson
56d60e9d-f84d-49c0-b9ef-5d24d8dd007f,"Listen, I'm fed up trying to get my damn card hooked up to your app and every time I click something it just blows up—fix this now!",card_linking,angry_layperson
3c56a429-86cf-4351-8d90-c0d36b9718a5,Link my replacement card immediately I cant use app urgent,card_linking,panicking_emergency
5e44d88b-4083-4102-8bb3-f69a9d7690b6,Card arrived now need it in the app ASAP help,card_linking,panicking_emergency
4086a1c5-46f6-40ef-9c4d-f8e2747b2905,Help I found my card need it linked to app immediately cannot use money,card_linking,panicking_emergency
623e1590-7de0-42dc-ad5c-aaa36fdf6525,New card won’t link need it now urgent,card_linking,panicking_emergency
a021693e-b932-47de-b5f2-88a4dc820a0e,Found a replacement card need it linked instantly I can’t use my phone,card_linking,panicking_emergency
1d001e8f-f42e-4c96-951d-31123f411de5,"Could you kindly advise me on the procedure required to associate my existing debit card with my current account, as I wish to enable its use for transactions?",card_linking,polite_expert
3668eda8-fa3c-4647-922f-e4c0dee69d58,"Dear Sir or Madam, I kindly request assistance in linking my newly issued debit/credit card to my digital banking account, as I am presently unable to locate the appropriate option within the application.",card_linking,polite_expert
4d193b24-16d0-4c6e-b69a-b4bb6f82b5cb,"Dear Sir or Madam,

I have recently received my new debit card and would appreciate detailed instructions on how to securely associate (link) this card with my online banking application so that I may begin utilizing its full range of digital services.",card_linking,polite_expert
dac96ecb-07a1-4000-909b-24e2b7206815,I have located a debit card previously reported as lost and wish to ascertain whether it may be reinstated for use through the mobile banking application.,card_linking,polite_expert
f4f2d94d-1413-45df-836b-b2cf9acea94b,"Dear Sir or Madam, I have recently received a new payment card and kindly request comprehensive instructions on how to securely associate it with my existing online banking account.",card_linking,polite_expert
f030af1a-bb38-48f4-93f4-7de2a146412b,"Yo, can u show me how to link my new card to the app?",card_linking,gen_z_slang
c61d6143-0f1e-4607-b114-acfc93235342,"Hey, how do I link my new card to the app pls?",card_linking,gen_z_slang
a286f858-ab50-4bbf-b2f4-a650b6d71e69,"Yo, I just got my card and need to get it hooked up in the app rn, can you show me how?",card_linking,gen_z_slang
178935c0-d4d7-45dc-b4cb-8b0c212d4da4,"Yo, just received my new card—how do I link it up in the app?",card_linking,gen_z_slang
02585808-06fe-4239-9429-dbafde217cf0,"Hey, I just got my new card—how do I hook it up in the app?",card_linking,gen_z_slang
4b9f399c-9d67-4c08-a860-10736231f7af,"I found my card again and I want to add it to the app, can you tell me how?",card_linking,non_native_speaker
787a2b13-3e68-4f1a-96c9-748cc7e84599,"I have a new card, please tell me how I can add it to my account in the app?",card_linking,non_native_speaker
d8921ad3-6768-4cd2-9a55-db3aa4a98c21,"I have an old card and I want to put it into the app, please tell me how I can do it.",card_linking,non_native_speaker
397f99ca-c7cd-4499-a340-433be6f1a30b,"Hi, I got a new card and I need help to add it to my account.",card_linking,non_native_speaker
e4bed3eb-cf85-4537-a540-6f7e1edfa5f2,"I got my new card but the app not show it, can you tell me how I put it in?",card_linking,non_native_speaker
8ff7e505-9f9c-4209-9628-9a663a215a47,Link extra card?,card_linking,short_wording
8c453d48-62ab-4507-8748-c88e5f40fe4a,How link card?,card_linking,short_wording
9108c0be-be83-4274-9600-2e9cc7e330bc,How link my card,card_linking,short_wording
4709b245-175f-41a6-8f8a-4698823ecae9,Add card in app,card_linking,short_wording
6a80cd55-8928-470e-bbf1-ca6912db5d57,Add my old card,card_linking,short_wording
1592928d-57ca-4817-a5e2-2623a6222bbb,What the hell is wrong with my damn card—it won’t let me do *anything* at all!,card_not_working,angry_layperson
77532750-6875-4596-8a66-3c2999699a1f,"I'm sick of it—every time I try to pay with my damn card it just refuses, what the hell is going on?",card_not_working,angry_layperson
1e6bfb2d-354c-442e-ad32-a8241eea1f2b,"Seriously, my stupid card just stopped working and now I can’t buy anything—fix this ASAP!",card_not_working,angry_layperson
8d04b91b-e3f2-4f48-9628-10a7d7f174c5,"My freaking card is dead—I've tried swiping it a dozen times and nothing happens, so fix this crap now!",card_not_working,angry_layperson
24407d3c-8dfc-458b-bb37-a99a638ee752,"I swear my damn card just refuses to work no matter what I try, this is ridiculous!",card_not_working,angry_layperson
e67f5302-97fc-405c-a38c-990eeb5d0f73,"Card declined everywhere now  
Need cash urgently  
Tried ATMs and stores  
Cannot pay rent  
Fix it immediately",card_not_working,panicking_emergency
339b9453-db14-416c-8f48-473b757a49e7,My card keeps getting declined I cannot pay anything I am panicking need help fast,card_not_working,panicking_emergency
74a556b0-5e9c-48db-b5e4-109bdfd6a1a8,Card won’t work need assistance immediately my account locked out,card_not_working,panicking_emergency
54e3f0be-b0c2-41f5-9b3b-e67fabcd1854,Card stopped working need help now cannot pay bills panic,card_not_working,panicking_emergency
2f2a9e65-e16e-4a34-9e99-3e0645680c9b,card wont work i need it now for urgent payment help me fast,card_not_working,panicking_emergency
b3ad7434-9410-481b-8f7b-7a420122b431,I have discovered that my issued payment card is presently unable to complete any point‑of‑sale or online transactions despite being within its validity period and having sufficient funds; I would appreciate assistance in diagnosing and resolving this matter.,card_not_working,polite_expert
30a33677-bc9c-49af-83ac-55886bcfc6ac,"I wish to bring to your attention that my payment card is consistently unable to authorize any transactions despite having been recently activated, and I would appreciate your prompt assistance in diagnosing and resolving this matter.",card_not_working,polite_expert
4816dcf6-41f3-4298-85f6-1e6cf8503e0d,I have encountered an issue wherein my debit card fails to authorize any transaction—both online and at point‑of‑sale terminals—despite confirming that sufficient funds are available and that the card remains active.,card_not_working,polite_expert
95de9e0a-f2ea-4405-91c7-6addb9ef57eb,"I have observed that my debit card is consistently declining every transaction despite an available balance, leading me to suspect that the card may have been unintentionally deactivated or otherwise rendered inoperative.",card_not_working,polite_expert
da64c87b-0b5d-47e7-af24-e003164d36ae,"Kindly assist me in investigating the cause of repeated declines on my payment card, as it consistently fails to authorise any transaction despite a confirmed sufficient account balance.",card_not_working,polite_expert
1f6ed64c-1b4f-4faa-b8c9-7251897f4142,"Yo, my card’s acting sus right now—can’t swipe or make any payments, need it fixed ASAP.",card_not_working,gen_z_slang
9fbe33a4-2072-4437-8ecc-99963ce6b892,"Yo, my card is totally dead and won’t go through any transaction—what’s up?",card_not_working,gen_z_slang
3dbed9bb-d093-42a4-afdb-5e87b166dc69,"Yo, my card just straight up refuses to work whenever I try to pay, what’s the deal?",card_not_working,gen_z_slang
c7771a72-ab76-4536-a6a7-2b881977de26,"Yo, my card suddenly went whack and won’t go through any purchase rn.",card_not_working,gen_z_slang
72bc8086-9efd-4df7-8b14-cc9cae88e908,"Yo, my card straight up refuses to work whenever I try to buy anything, can you fix it ASAP?",card_not_working,gen_z_slang
402fb6d0-da89-429a-8762-192578c9cdd5,"Hi, I try to use my card but it no work.",card_not_working,non_native_speaker
c438476d-740b-4469-a4dc-cf430ca83cd4,"I try to pay with my bank card but it no work, please help.",card_not_working,non_native_speaker
e8914b94-6ce5-45ab-9ba3-7bd342b0442b,"I try use my card but it no work, maybe broken.",card_not_working,non_native_speaker
180e2c85-9b0d-4c3d-a1d9-6efde85d778b,"Hello, I try use my card today but it no work, can you please help me?",card_not_working,non_native_speaker
79748ce4-610f-46b6-8c30-05236a616269,"Hi, my card no work any more when I try to buy something.",card_not_working,non_native_speaker
03fd6da7-8547-4f68-9fa0-f78e5d9c934f,Card won’t work,card_not_working,short_wording
ccdafa22-de24-41a0-ac9d-5c4c853767af,Card won’t swipe,card_not_working,short_wording
08da9044-eaef-4244-8f74-a87e1cc4e7fb,Card won’t work,card_not_working,short_wording
4ba1a3d5-55eb-47c1-9469-e9f00f26abed,Card not functioning,card_not_working,short_wording
7e3d5be3-d8a8-41c6-a92e-e4bc5ce643a6,Card not working,card_not_working,short_wording
8597361f-beba-46c2-84a5-500dc18becb4,I'm pissed off seeing a random charge added when I used my card—what the heck is that for?,card_payment_fee_charged,angry_layperson
57e6569d-3c6e-4b07-9b8f-cbf5c9724d7b,I just got hit with some stupid extra charge on my card purchase and I'm fed up—explain why the hell I was charged!,card_payment_fee_charged,angry_layperson
2c642705-0bc1-482f-bd7e-d362c6ac7d4a,I just tried to use my damn card and you slapped an unfair charge on it—what the hell is that for?,card_payment_fee_charged,angry_layperson
873d5578-b5db-4910-ba19-a382680fc325,I can’t believe you slapped an extra fee on me just for using my card—what the hell is that?,card_payment_fee_charged,angry_layperson
bc01d008-ef02-4937-9166-d880d03271cc,I just paid for something with my card and now there’s a stupid extra fee on my account—what the hell is that?!,card_payment_fee_charged,angry_layperson
e381e6bd-7c1c-48ba-968c-70b43e0da7f4,Charged a fee on my card payment I didn’t expect urgent fix needed now,card_payment_fee_charged,panicking_emergency
3cbd0d6b-eed5-4161-a4c4-d4bcd843d1fe,Unexpected fee on my card payment I’m panicking need this fixed now,card_payment_fee_charged,panicking_emergency
26b9c316-bfe1-4ae6-8dbe-a7fcaf4a47d5,Charged extra fee on my card payment I need it reversed now,card_payment_fee_charged,panicking_emergency
5b9a7a97-9da3-4321-b70f-a7aa40c1a6a1,Charged extra fee on card purchase why now my account empty help,card_payment_fee_charged,panicking_emergency
4b044339-0d73-48e7-83e3-8a77467b5f9d,Unexpected fee on my card payment I didn’t authorize Need help immediately,card_payment_fee_charged,panicking_emergency
e5d29344-2128-400f-85b9-b031f1a47abb,I have noted an unexpected surcharge on a recent card transaction and would kindly request clarification as to why this fee was applied and under what circumstances such charges are incurred.,card_payment_fee_charged,polite_expert
581cc5b3-48e1-49d7-b95a-56f1053c462a,I have observed that an unexpected fee was applied to a recent card transaction and I would appreciate a detailed explanation of the rationale behind this charge.,card_payment_fee_charged,polite_expert
aede2bf0-f916-47d1-8e6d-809ffd852f1e,"Dear Sir or Madam, I have observed an unforeseen surcharge levied on a recent card payment and kindly request a detailed explanation of the applicable fees.",card_payment_fee_charged,polite_expert
5284ff1d-6dbb-4d18-b052-89b125b53d06,I have observed that a fee was applied to a recent card transaction and I kindly request clarification on the circumstances and criteria governing the imposition of such charges.,card_payment_fee_charged,polite_expert
dd4ef7ce-67b9-48f6-be5a-f2ba3811d39c,"I have observed a charge on my account described as a fee associated with a recent card payment, and I kindly request a detailed explanation of the circumstances under which such fees are assessed.",card_payment_fee_charged,polite_expert
9bba06ad-ed09-4076-8b3f-2988f097ba8e,"Yo, just noticed a random fee on my card purchase—what’s the deal?",card_payment_fee_charged,gen_z_slang
02e1a868-9ef7-4fb4-ab8d-c1d373dcd522,"Hey, I just noticed a weird fee on my card purchase that shouldn’t be there—can you look into it real quick?",card_payment_fee_charged,gen_z_slang
5e1a37f3-d84d-4b65-8564-41264fc6caee,"Yo, just saw a random fee pop up after a card payment—what's the deal?",card_payment_fee_charged,gen_z_slang
85f7018c-4249-4ef0-8607-74e59fe100b3,"Yo, why’d my card get slapped with a random fee on that purchase, no heads‑up?",card_payment_fee_charged,gen_z_slang
418c6e06-e180-496d-9d73-203184fe5b49,"Yo, why’d you slap a fee on my card payment?",card_payment_fee_charged,gen_z_slang
89dc0557-7c65-4deb-95a5-c2d82f80db3b,"Hello, I used my card to pay and I see an extra fee added, can you please tell me why it happen?",card_payment_fee_charged,non_native_speaker
b60a05a9-1548-477a-9285-417668aa6e09,"Hi, I used my card for a purchase and now I see an extra fee on my statement, can you tell me why?",card_payment_fee_charged,non_native_speaker
aba48fd0-27c7-4716-b784-878c10e7df28,"Hello, I use my card for buy something and I see extra fee on the payment, I not understand why, please help me.",card_payment_fee_charged,non_native_speaker
146e8ecb-6c7b-4bcc-9ae1-6403bcc49dab,"Hello, i used my card for a purchase and now there is extra fee on my account, i never had this before, can you tell me why it was charged?",card_payment_fee_charged,non_native_speaker
e1f50cec-197c-4b41-bbd9-de858fef7378,"Hi, I see a fee on my card payment and I do not understand why it was taken.",card_payment_fee_charged,non_native_speaker
2e5bf167-d15d-45a7-acaf-2f258a1b2b52,Card payment extra fee,card_payment_fee_charged,short_wording
7964b023-86b8-4b3b-9e67-b3176f703b38,Charged extra for card payment,card_payment_fee_charged,short_wording
b549b8c9-5fa3-4d67-8bf0-857ffeb3eb25,Unexpected card fee,card_payment_fee_charged,short_wording
9d094de8-1d07-40c7-8f16-2f54d86ca16f,Unexpected card fee,card_payment_fee_charged,short_wording
9dd52300-6e90-45ef-9d2b-7cab43a164eb,Fee on card payment,card_payment_fee_charged,short_wording
2e000c89-1358-4b73-b794-978fc0425606,I’m furious ‘cause there’s a stupid charge on my card I never did – what the heck is going on?,card_payment_not_recognised,angry_layperson
c03279b9-ef96-4af6-89b2-b4b0c4f5e784,"I’m fuming—just saw a random charge on my account that I never made, freeze the card right now!",card_payment_not_recognised,angry_layperson
87adfd04-c415-403d-abe1-ed3ffd520491,"I'm fuming—there's a bogus $50 charge on my card that I never made, and I want it gone NOW!",card_payment_not_recognised,angry_layperson
5535d51e-7f2f-4c19-b81e-41a4962f3286,"What the hell, some random dude used my card and slapped a charge on my account for stuff I never bought—fix this now!",card_payment_not_recognised,angry_layperson
04d600d7-0b08-4017-849e-420353f17f92,"What the hell is this weird charge on my account, I never bought that crap!",card_payment_not_recognised,angry_layperson
7790b582-d7c6-4755-b9bd-9b1134817055,unknown charge on my card now freeze it fast stop this,card_payment_not_recognised,panicking_emergency
4fc7f21d-77ff-40e4-a151-e085ee905e4d,"Unknown charge on my card  
Freeze the card immediately  
I did not make this payment  
Help me now",card_payment_not_recognised,panicking_emergency
81f1d218-b6c7-4001-a952-892ed286443b,unknown charge on my card i didnt make it stop transaction now,card_payment_not_recognised,panicking_emergency
0ed4aff3-ccf1-40c1-86ee-73b894db9751,Unrecognized charge on my card now freeze it send help immediately,card_payment_not_recognised,panicking_emergency
db57ba44-cd95-4d61-a35e-c214bd2a5fef,Unknown charge on my card freeze it immediately I am panicking,card_payment_not_recognised,panicking_emergency
3d464c10-107c-4290-8fd0-e03a054a6ce7,"I wish to bring to your attention a charge appearing on my account that I did not authorise, and I kindly request a thorough investigation into its origin and the appropriate remedial actions.",card_payment_not_recognised,polite_expert
2ef9e3ac-5b56-4ab9-84ee-4f60513142ca,"Upon reviewing my recent account statement, I have identified a card transaction of € 172.45 dated 12 March that I neither initiated nor authorised, and I kindly request clarification regarding its origin.",card_payment_not_recognised,polite_expert
5f15125f-04f8-4afe-99fe-4b2e4217cad4,"I have observed a debit on my card account for a merchant whose services I have never utilised, and I respectfully request an immediate inquiry into this unauthorised transaction.",card_payment_not_recognised,polite_expert
90061a99-fa45-498f-aa9e-cbc4e240d1b0,I have observed a charge on my latest account statement that I do not recognize and kindly request an investigation into the source of this unauthorized card transaction.,card_payment_not_recognised,polite_expert
d5e7e8fe-634a-400d-af86-7152165f0814,"I have identified a recent debit on my card statement for a merchant whose name I do not recognize, and I kindly request a thorough review and clarification of this charge.",card_payment_not_recognised,polite_expert
51c7d5be-99d7-4fe0-b71e-e3f5e02f967f,"Yo, I just saw a random charge on my card I never made—looks kinda sus, can u look into it asap?",card_payment_not_recognised,gen_z_slang
f941d86a-be86-431d-9cc3-4b6cccce9a2a,"Yo, I just got hit with a card charge I never made—what’s the deal?",card_payment_not_recognised,gen_z_slang
6cb0c558-9721-4f83-85b4-a4c48644b125,"Yo, I got a weird charge on my card rn that I don’t recognize—can u peep it?",card_payment_not_recognised,gen_z_slang
946af3cf-4421-4f39-854e-ed1e9fdcbcf0,"Yo, I just saw a charge on my card that I swear I didn’t make, can u check what’s up?",card_payment_not_recognised,gen_z_slang
177c3bfd-1605-4684-adf9-8c2220f268bb,"Yo, I just noticed a charge on my card that ain’t mine—can you freeze the card and help sort this out?",card_payment_not_recognised,gen_z_slang
350efa8d-744b-42d2-995a-db035797e2d7,"Hello, I see a charge on my card that I did not do and I need your help please.",card_payment_not_recognised,non_native_speaker
00a0a137-da82-4bc1-98e2-86080d8bb4c0,"Hello, I see a charge on my card that I did not do, can you please help?",card_payment_not_recognised,non_native_speaker
2fb854fc-15de-4fd2-8f0d-28b1843c7f46,"Hello, there is a payment on my card I did not make and I need your help.",card_payment_not_recognised,non_native_speaker
caa99b76-2ea5-4251-8962-2e4767e67c36,"Hello, there is a payment on my card i dont know where come from, please help me.",card_payment_not_recognised,non_native_speaker
4d1c01ec-fbbd-4340-bfed-88814c4fbe99,"I have a charge on my card i do not know, it came from name I never use, can you tell me why it is there please?",card_payment_not_recognised,non_native_speaker
80dbef52-622d-42e6-b0f1-468424137c77,Unknown charge on card,card_payment_not_recognised,short_wording
6ecef906-5b1c-455c-96ef-55b9f955ec6a,"Unrecognized payment, freeze",card_payment_not_recognised,short_wording
4cb67a3c-4ef6-484e-8e99-8ff76a770517,Unknown card charge,card_payment_not_recognised,short_wording
91c10872-3909-45cc-a9b4-12535071cade,Unknown card charge,card_payment_not_recognised,short_wording
f3b86c85-3427-4f83-8a3d-71497a007180,Unrecognized card payment,card_payment_not_recognised,short_wording
311de77b-e045-47eb-8421-c0ee1905c4bb,I just got hit with a bogus exchange rate on my overseas purchase and I’m fed up—what the hell is going on?,card_payment_wrong_exchange_rate,angry_layperson
663e247d-7542-4513-85d0-aa9f5e0f4c1f,"I just got hit with a stupid price on my overseas purchase—you guys used some crazy rate and overcharged me, fix it now!",card_payment_wrong_exchange_rate,angry_layperson
a923d70d-79ee-471f-9d1d-6c8ebf0e33d6,I just got slammed with some whacked‑out exchange rate on my overseas purchase and it’s totally ripping me off—fix this now!,card_payment_wrong_exchange_rate,angry_layperson
3ca37d7d-7e52-489b-9fe4-da3c7013494d,"Yo, I just checked the price of that thing I bought abroad and you guys overcharged me like crazy—what the hell is this?",card_payment_wrong_exchange_rate,angry_layperson
e06db210-833c-4d2f-9701-4c6d234889a9,"Man, I just checked my bill and that overseas shop cost me double what it should’ve because you guys screwed up the conversion rate!",card_payment_wrong_exchange_rate,angry_layperson
027df9e6-f37f-4c54-b951-7bc5ccc1c01a,Card charge from London shows huge exchange rate I didn’t expect fix this immediately,card_payment_wrong_exchange_rate,panicking_emergency
67fb6321-e9e7-454d-ac23-96710465b571,Card payment in Tokyo wrong exchange rate amount huge need correction immediately,card_payment_wrong_exchange_rate,panicking_emergency
07d6f0bf-349d-4407-87b1-36d6f9224b0d,My card payment overseas used wrong rate I was overcharged need it fixed immediately,card_payment_wrong_exchange_rate,panicking_emergency
ce412572-f8f6-4cb5-adfc-5103bef0dab1,Card payment abroad huge extra cost wrong rate please fix immediately,card_payment_wrong_exchange_rate,panicking_emergency
a89cff35-9c1d-4e1d-b624-78f9ce25c833,Card payment yesterday wrong exchange rate charged far more than expected urgent help needed,card_payment_wrong_exchange_rate,panicking_emergency
7be55d3b-6274-4f5b-89b9-1401b90f38be,"I have noted that the foreign exchange rate applied to my recent card purchase in euros differs from the inter‑bank rate prevailing at the time of the transaction, and I kindly request clarification and appropriate adjustment.",card_payment_wrong_exchange_rate,polite_expert
a5053436-eab9-4776-9b54-2b0ad4dab505,"I have observed that the foreign‑currency transaction on my debit card was settled at an exchange rate that appears inconsistent with the prevailing interbank rate, and I respectfully request a detailed verification of the rate applied.",card_payment_wrong_exchange_rate,polite_expert
7b9cbbed-8cc6-42bd-9fa9-13b852c42a3e,"I have noticed that the foreign‑currency transaction processed on my card appears to have been settled at an exchange rate that deviates from the prevailing interbank rate, and I kindly request a verification of the applied conversion and any necessary adjustment.",card_payment_wrong_exchange_rate,polite_expert
6b67fe5d-7e0a-447f-bbf5-cc31ff3b8f67,I recently completed a card transaction abroad and have noticed that the foreign‑exchange rate applied to the purchase differs from the prevailing interbank rate; I would appreciate it if you could review the conversion applied and advise on the discrepancy.,card_payment_wrong_exchange_rate,polite_expert
7ac146e1-ba6a-413b-9151-1b472c951777,"I have noticed that the foreign‑currency conversion applied to my recent card purchase does not correspond with the prevailing interbank rate, resulting in an apparent overcharge; I would appreciate your review of this transaction and correction of any discrepancy.",card_payment_wrong_exchange_rate,polite_expert
46cf8ea5-97eb-4bcc-9605-568d87e1cee6,"Yo, I just checked my latest foreign purchase and the exchange rate looks totally off, can you look into it?",card_payment_wrong_exchange_rate,gen_z_slang
b2523f18-2882-4525-a4ef-2a5c25f9875c,"Yo, why’s the exchange rate on my recent overseas card purchase so whack? I’m being charged way more than it should be.",card_payment_wrong_exchange_rate,gen_z_slang
ccaf7dba-6bf6-4594-a0d1-5cfa2b0331a6,"Yo, I just checked my statement and that overseas purchase was charged way too high—looks like the FX rate is messed up, can you fix it?",card_payment_wrong_exchange_rate,gen_z_slang
a609116a-10e6-4603-9654-7d0d708718d9,"Yo, I just saw my latest overseas purchase and the exchange rate applied is totally off – way higher than what the app was showing, can you fix that?",card_payment_wrong_exchange_rate,gen_z_slang
76dafcef-1fbf-4e6d-99fd-03a48e16945f,"Yo, I just saw my card charge for that overseas buy and the FX rate looks totally off—can you sort it out?",card_payment_wrong_exchange_rate,gen_z_slang
f02bc4c7-2fe5-4c1d-941d-d33070367330,"Hello, i bought something overseas and the rate on my card is wrong, can you please fix it?",card_payment_wrong_exchange_rate,non_native_speaker
dc89cd70-d93e-4a05-8250-f608569f1a33,"Hi, I used my card for shop in Europe and the exchange rate looks wrong, please check it for me.",card_payment_wrong_exchange_rate,non_native_speaker
57269b3f-66cc-49d0-a107-df0b8eefdebf,"I bought a thing abroad with my card and the exchange rate looks very wrong, I think I was charged far too much.",card_payment_wrong_exchange_rate,non_native_speaker
9bced3a5-1dd1-4099-b817-5ad98680e1e3,"Hello, I used my card for a shop yesterday and the exchange rate look wrong, I pay much more than I think I should, please help me fix.",card_payment_wrong_exchange_rate,non_native_speaker
adca1011-a648-497e-9887-1f261ac79f32,"I pay with card in another country and the exchange rate on my bill look wrong, much higher than I expect.",card_payment_wrong_exchange_rate,non_native_speaker
1899fed8-a670-4e24-9be2-daaf034f6714,Exchange rate overcharged,card_payment_wrong_exchange_rate,short_wording
21ff522c-4680-497a-a0fd-1e66f66a9f43,Card payment wrong rate,card_payment_wrong_exchange_rate,short_wording
7a6e2b47-26e6-4a5b-8b0c-ebadb22c199f,Card payment wrong rate,card_payment_wrong_exchange_rate,short_wording
2b821d52-4855-445f-ade3-fdc8e4fed982,Incorrect FX rate purchase,card_payment_wrong_exchange_rate,short_wording
ccd12100-79c5-4935-8c98-ae88a64523ed,Card purchase wrong rate,card_payment_wrong_exchange_rate,short_wording
47a6dd7e-f040-45cc-96d7-b910f610557f,"I jammed my card into that busted ATM and it just chomped it down, so I need it out of there right now!",card_swallowed,angry_layperson
988dfcf2-adcf-4b35-9251-c75c84496df5,I just stuck my card in an ATM and it ate it—what the hell are you gonna do to get it back already?,card_swallowed,angry_layperson
0462e1c4-d5ed-433e-9091-afe807f977c4,That stupid ATM just chomped my card and left me high‑and‑dry—what the hell are you gonna do about it?,card_swallowed,angry_layperson
22b4cc75-325f-4105-9c6d-7350a3c021b5,"I jammed my freaking card into the ATM and it just chomped it down, now I'm mad as hell—how the heck do I even get it back?",card_swallowed,angry_layperson
03f54d83-7358-4a98-ac47-9e4b9680a54c,That damn ATM chomped my card and left me high‑and‑dry with no cash—sort this out ASAP!,card_swallowed,angry_layperson
a2d2f8d9-ef8e-4a8a-8efc-420c8a681046,ATM swallowed my card need it now cant access account,card_swallowed,panicking_emergency
172ac2fd-690d-4a9d-854f-6437da600a11,ATM ate my card now I am stuck need immediate help,card_swallowed,panicking_emergency
7acc3617-abad-461c-8419-b4f329cfc3a1,ATM swallowed my card I’m panicking need it back immediately help fast,card_swallowed,panicking_emergency
1c16850d-0382-4836-8085-04379b3a12a1,ATM took my card I cannot get it back I need cash urgently,card_swallowed,panicking_emergency
03b415d3-960a-42b0-8c12-67901b1329e7,ATM ate my card urgent need it back now,card_swallowed,panicking_emergency
4749ded8-9363-4d27-8a3d-e1c64a5ca586,I attempted to withdraw cash at an ATM and the machine retained my debit card; I require assistance in retrieving it or arranging for a suitable replacement.,card_swallowed,polite_expert
8916e545-c7f0-4bc8-91f6-4291cc6c40b0,"I attempted a cash withdrawal at the ATM situated on Main Street, and the device retained my debit card; I would appreciate your assistance in recovering the card or arranging an appropriate replacement.",card_swallowed,polite_expert
c3ea66df-658b-441b-88d8-1c4a81dbb123,I attempted a cash withdrawal at an ATM and the device retained my debit card; please advise on the steps required to recover the card and arrange for any necessary replacement.,card_swallowed,polite_expert
704eddff-d359-4ec5-9aeb-fbc5762912cd,I attempted a cash withdrawal at the ATM on High Street and the machine retained my debit card; I would appreciate your guidance on the necessary procedures to recover the card or arrange for an appropriate replacement.,card_swallowed,polite_expert
40d52189-807a-46a8-9e3a-789db68c4f8f,"I wish to inform you that, during my most recent transaction, the automated teller machine retained my debit card and failed to return it to me.",card_swallowed,polite_expert
1a8e614e-a36e-4522-bef0-47dff3026217,"Yo, the ATM just straight up swallowed my card—what’s the move to get it back or a new one?",card_swallowed,gen_z_slang
01a2e2de-455a-4eb3-bf5c-d71cef45d84b,"Yo, the ATM legit ate my card and I can’t pull it out, help me ASAP.",card_swallowed,gen_z_slang
2ce8df8b-344e-4dc7-8f1f-0d34baf61e40,"Yo, I was at the ATM and it straight up ate my card, plz tell me what to do.",card_swallowed,gen_z_slang
e860c51a-bc89-450a-9fac-0286a837b7bc,"Yo, the ATM just ate my card—can you help me get it back or issue a new one ASAP?",card_swallowed,gen_z_slang
ca6335f7-8d2e-40d6-9f49-6a844941e430,"Yo, I was pulling cash and the atm just ate my card, need it back asap.",card_swallowed,gen_z_slang
71a85d3e-ee10-4ff0-8495-a4bd4bd145b7,"I go to ATM and the machine ate my card, please tell me how I get it back.",card_swallowed,non_native_speaker
c0bcabb0-01fd-4833-8a0c-928c2e953b48,"I go to ATM and the machine keep my card inside, I cannot pull it out, please help me get my card back.",card_swallowed,non_native_speaker
8e8402c5-9948-4c4a-866d-c5a9b1d449ec,"I go to ATM and it swallow my card, please help me get it back.",card_swallowed,non_native_speaker
679a9f3d-db6d-47f6-8795-c9625f7c73b3,"Hello, I put my card in the ATM and it swallow my card, can you help me get it back?",card_swallowed,non_native_speaker
1f181e44-9e6e-42ac-a811-5c4ee2117fce,"I put my card in the machine and it take my card, I need a new one fast.",card_swallowed,non_native_speaker
521da9e6-936b-4db2-988c-66d3195229b1,ATM ate my card,card_swallowed,short_wording
39269536-7aa4-49e5-98e4-f87d3b1af011,ATM ate my card,card_swallowed,short_wording
ec60b6f5-69c5-4f8e-8f0d-825c2d81f2a1,Card stuck in ATM,card_swallowed,short_wording
3f72c7a5-9e4c-4fd5-a5a6-5d317c994382,ATM kept my card,card_swallowed,short_wording
29420705-d4d4-461d-a4dd-22cc8540a64f,ATM ate my card,card_swallowed,short_wording
c83d41a4-bee1-491e-b4f1-eba17ba18b6e,Why the heck did you slap another ridiculous fee on my account just because I grabbed cash from an ATM?,cash_withdrawal_charge,angry_layperson
1a57419a-350e-4344-83e0-f9e4b3dfc774,I just tried to pull out cash and you slapped me with some stupid extra fee—what the hell is that for?!,cash_withdrawal_charge,angry_layperson
4f4ba384-e589-4014-89b7-284dff236f54,I just got slammed with an outrageous extra charge when I tried to pull cash out of the ATM—what the hell is that for?,cash_withdrawal_charge,angry_layperson
8a6c97c4-0042-49b1-bc8d-df83a8133f25,I just got hit with a stupid fee after pulling cash from the ATM—what the hell is that for?,cash_withdrawal_charge,angry_layperson
ab8c9dda-41c4-43ad-a54b-63ada7c21f0f,"What the hell is this extra charge on my ATM pull, I didn’t sign up for any damn fees and I'm sick of getting ripped off every time I try to get cash!",cash_withdrawal_charge,angry_layperson
51a86f56-ab13-4a9d-a18c-80de5e59daaa,"ATM cash taken  
Fee added  
Did not expect this  
Balance wrong  
Help now",cash_withdrawal_charge,panicking_emergency
c79e5f24-b78a-455c-82f4-1c784cd0e176,Withdrawal fee appeared on my account I am panicking need this fixed immediately,cash_withdrawal_charge,panicking_emergency
77f6d4af-449c-4404-9312-0264ef462b28,Withdrawn cash ATM fee appeared why urgent need help now,cash_withdrawal_charge,panicking_emergency
6d602b8c-193b-4445-8de7-6a0fcf0769b8,atm fee just hit my balance panic need it removed now,cash_withdrawal_charge,panicking_emergency
401e4836-202d-4e75-a37a-dcb11e2ee9a7,Fee on ATM withdrawal just showed account balance down panic need fix now,cash_withdrawal_charge,panicking_emergency
e5c07235-3847-4006-9ea0-18277037c4cf,I have observed an unexpected fee applied to a recent ATM withdrawal from my account and would appreciate clarification regarding the applicable charges.,cash_withdrawal_charge,polite_expert
68b7dfe1-b371-4a0f-8a49-c1f137559512,I have observed an unexpected fee applied to my recent ATM cash withdrawal and would appreciate clarification regarding the applicable charges.,cash_withdrawal_charge,polite_expert
5e34921b-8744-4d9c-9083-7eded3c150b4,"Dear Sir/Madam, I have observed an unexpected fee applied to my recent cash withdrawal at an ATM and would kindly request a detailed explanation of this charge in accordance with your fee schedule.",cash_withdrawal_charge,polite_expert
f669a0d3-509a-4d07-a119-a6735ca18155,I have observed an unexpected fee applied to my recent ATM cash withdrawal and would appreciate clarification regarding the applicable charges.,cash_withdrawal_charge,polite_expert
e4152eb7-44ac-4ba5-b48f-dd3ca8b75187,"I would appreciate clarification regarding the transaction fee that appears on my recent account statement in connection with an ATM cash withdrawal, as I was not previously informed of any such charge.",cash_withdrawal_charge,polite_expert
365069f8-88ba-4f9a-9153-30aaea6ba419,"Yo, why did I get hit with an extra ATM fee when I pulled cash?",cash_withdrawal_charge,gen_z_slang
710194b5-d106-4f76-973f-4a0f5f3b1e3c,"Hey, wtf is this random fee on my cash pull from the ATM, it used to be free lol.",cash_withdrawal_charge,gen_z_slang
40c128d5-9d3d-4369-a788-f1195c26115f,"Hey, I just saw a fee on the ATM cash pull I made today—never got charged like this before, what's the deal?",cash_withdrawal_charge,gen_z_slang
be8fc182-7b21-4629-b335-a7d7f1787303,"Yo, why did my account get hit with a fee after I pulled cash at the ATM?",cash_withdrawal_charge,gen_z_slang
c8d6aca3-b329-43f8-88fb-63e4642124cb,"Yo, why’d I get hit with a fee when I pulled cash from the ATM? I’ve never been charged for that before.",cash_withdrawal_charge,gen_z_slang
d870ce40-d525-49c7-bf54-a303545797bb,"I take cash from ATM and I see a fee on my statement, I thought taking money was free, can you tell me why there is charge?",cash_withdrawal_charge,non_native_speaker
90f32355-828f-4c6e-9358-d297ac4a157b,"Hi, I take out cash from ATM and now I see a fee on my account. I thought the withdrawal was free, can you tell me why there is charge?",cash_withdrawal_charge,non_native_speaker
4f7ea8e1-84c2-47f6-abac-0f01e6504450,"I see fee on my account when I take cash from ATM, why you charge me?",cash_withdrawal_charge,non_native_speaker
2bbb9eb9-02a4-4fbb-81ef-deb9430c76bf,"I take money from ATM and now I see a fee on my account, why it happen?",cash_withdrawal_charge,non_native_speaker
1e7eb019-c054-47c4-b949-333ab2965851,"Hi, i saw a charge on my account after i take cash from the ATM, can you tell me why?",cash_withdrawal_charge,non_native_speaker
fce80e82-cdb0-4f68-9139-c1bc575554f3,Unexpected ATM fee,cash_withdrawal_charge,short_wording
4043872e-5993-47dd-90b0-0d7fbc69bb9f,ATM fee applied,cash_withdrawal_charge,short_wording
1ac55cdb-d70c-41c2-8315-506f22e1ccf5,Unexpected ATM fee today,cash_withdrawal_charge,short_wording
915e45fe-4efd-4257-93b5-3f636022b243,withdrawal fee charged,cash_withdrawal_charge,short_wording
0c1f2f91-ffef-4239-aa39-007c1aa074fe,ATM fee charged,cash_withdrawal_charge,short_wording
11749d97-5afa-46d2-bb0a-0bcb85a1007b,"What the heck, my app’s showing I took out cash from some ATM I never even set foot in—fix this damn mistake now!",cash_withdrawal_not_recognised,angry_layperson
e68285ad-aee7-4fb3-9f85-c9c3c4d65c3b,I just saw some random ATM pull money from my account that I never even used—what the hell is going on and why hasn't anyone fixed this yet?!,cash_withdrawal_not_recognised,angry_layperson
32d6f6ae-6294-4e85-900c-ba020c927371,Someone stole my card and some jerk pulled out cash from an ATM I never even used—fix this now!,cash_withdrawal_not_recognised,angry_layperson
f6320570-34c2-46a8-9074-5459212a8637,"I just checked and there's some damn cash gone from my account that I never took out—what the hell is going on, stop it now!",cash_withdrawal_not_recognised,angry_layperson
c005cddf-e715-491d-8a7b-445963a05f08,"Yo, I didn’t take out any cash but my app’s showing a withdrawal—what the hell is going on and fix it right now!",cash_withdrawal_not_recognised,angry_layperson
abfb3ea6-8cea-46f4-a87c-48ad59d35d6b,Cash taken from ATM I didn’t use account balance zero need freeze card ASAP,cash_withdrawal_not_recognised,panicking_emergency
9bad00b5-d6ae-4e72-899c-112ddb035a5c,saw a withdrawal i never made my balance gone please stop this now,cash_withdrawal_not_recognised,panicking_emergency
b6a162f6-62c3-4e89-a247-0b8fb9ba8e24,Unknown withdrawal on my account funds gone need immediate help please,cash_withdrawal_not_recognised,panicking_emergency
4bdf7d45-28a5-4dd1-b6b6-33830adeef59,Unauthorized cash withdrawal now my account empty freeze card immediately,cash_withdrawal_not_recognised,panicking_emergency
6ca34641-f986-47a5-8030-92624b3839b1,Unknown ATM withdrawal cleared my balance I didn’t do this need immediate help,cash_withdrawal_not_recognised,panicking_emergency
99a5e41f-5aa4-4e6f-90c4-57d485d53870,"I have observed an unauthorised cash withdrawal from my account that I did not initiate, and I respectfully request an immediate investigation and appropriate remedial action.",cash_withdrawal_not_recognised,polite_expert
dbfdda7a-617b-4638-8251-da1e568f6621,"I have observed an unauthorized ATM cash withdrawal reflected on my account statement, which I did not initiate, and I kindly request your assistance in investigating and rectifying this discrepancy.",cash_withdrawal_not_recognised,polite_expert
d33af99f-33d6-4890-9344-8cebf3423523,"I wish to bring to your attention a cash withdrawal recorded on my account on [date] that I did not authorize, and I respectfully request an immediate investigation and appropriate remedial action.",cash_withdrawal_not_recognised,polite_expert
c9835157-aec5-47dc-9967-a8bf645ff9e3,"I have observed a cash withdrawal of £500 reflected in my account that I did not authorize, and I respectfully request an immediate investigation and appropriate remediation.",cash_withdrawal_not_recognised,polite_expert
70d21078-c6a8-4d0a-abd1-cf28002a1b1f,"I have noticed an ATM debit entry on my recent account activity for a location to which I have not travelled, and I respectfully request that this transaction be investigated promptly and the necessary corrective measures be taken.",cash_withdrawal_not_recognised,polite_expert
1f7d048a-8c61-42b0-ac1e-b69f779b978e,"Hey, I just saw a cash withdrawal on my app that I didn’t make—can u freeze the card and fix this ASAP?",cash_withdrawal_not_recognised,gen_z_slang
3bfcf761-732b-41d8-9943-988ad0a54c23,"Yo, why’s there a random ATM withdrawal poppin’ up in my app that I never made, lol?",cash_withdrawal_not_recognised,gen_z_slang
28c8cd16-e764-40bc-be06-1d20313010a9,"Yo, I see a random ATM pull in my app but I never took out cash, what’s the deal?",cash_withdrawal_not_recognised,gen_z_slang
d94e7590-c5cf-489a-a311-52d666477bb9,"Hey, I just saw a cash pull on my app that ain’t mine—can you lock it down ASAP?",cash_withdrawal_not_recognised,gen_z_slang
6a4b2ce2-e305-4e19-9941-11091ae97441,"Yo, I just spotted a cash pull on my app that I never did, can you check what’s up?",cash_withdrawal_not_recognised,gen_z_slang
cf7511a6-9b9a-488b-b2eb-0f2e8f83fbac,"Hello, I looking at my app and there is a cash withdraw showing but I never take money out, can you please check it for me?",cash_withdrawal_not_recognised,non_native_speaker
aa3a76d1-199e-4a5c-a14d-ece3bf306f50,"Hello, I see a cash withdrawal in my app but I never take any money from ATM, can you please check this for me? Thank you.",cash_withdrawal_not_recognised,non_native_speaker
01fed858-0927-4a7e-bf2c-d939e282bb8b,"Hi, I see cash taken from an ATM in my app but I never took any money, maybe someone use my card, please help me thank you.",cash_withdrawal_not_recognised,non_native_speaker
7b7c3f1a-660a-4dac-b239-ab8259f35c85,"Hello, I looking at my account and there is a cash withdraw that I never make, please tell me what to do.",cash_withdrawal_not_recognised,non_native_speaker
bb549c7c-10d4-47a8-86cc-1da020ed198a,"Hello, my app show a cash withdraw that I never do, please check for me quickly.",cash_withdrawal_not_recognised,non_native_speaker
bb06191c-e063-47b5-aa54-edf2b177a425,Unknown ATM charge,cash_withdrawal_not_recognised,short_wording
0df0c732-0f5d-407a-9521-678e040983ab,Unrecognized cash withdrawal,cash_withdrawal_not_recognised,short_wording
49978656-1003-4abc-b5c1-776afe54f9d7,Unknown ATM withdrawal,cash_withdrawal_not_recognised,short_wording
d15b3cb6-d4e1-4fa7-8e65-f7702f3c8fe8,Unexpected ATM charge,cash_withdrawal_not_recognised,short_wording
71f260c4-152d-4671-a397-1b33cdd38f4a,Unrecognized ATM withdrawal,cash_withdrawal_not_recognised,short_wording
1caaa915-928c-43f2-9951-aa1ca4f0b507,"I’m fed up—my damn PIN’s messed up and I can’t even figure out where the heck I can switch it, so tell me right now how the hell I do this!",change_pin,angry_layperson
75d57777-dbd8-4296-ba67-8c893b05879a,I'm sick of this crap—tell me right now how the hell I'm supposed to switch my card's damn secret code!,change_pin,angry_layperson
76da1a9a-2681-48d5-96a9-ff16883367e5,"Seriously, I've been trying to get my damn PIN changed for ages and every time I call you guys the answer is some useless robot—tell me exactly where I can flip it, now!",change_pin,angry_layperson
64d039ed-b6d3-4a1c-a908-c1bbfe30b457,I'm fed up with this junk—fix my damn PIN now or I'm done with you guys!,change_pin,angry_layperson
9d5fbd73-6daf-4488-8cd6-3252fd9f9b30,"I'm sick of this crap, I need to change my card's secret number right now—tell me where the hell I can do that already!",change_pin,angry_layperson
837e5ca9-eaf7-4a95-86d0-5ebb5070d6fa,My pin not working need it changed now,change_pin,panicking_emergency
effaec84-ff36-421c-9492-c11c5cd5e1ac,Urgent I need a new PIN I can’t use my card at the ATM please tell me which machine lets me reset it now,change_pin,panicking_emergency
7d060eba-8b88-4b28-b34a-02799a387496,Need new PIN now account blocked cannot remember old one please reset immediately,change_pin,panicking_emergency
3048c4b3-913c-429f-acfa-67aa7f181124,Lost my PIN need new one right now cannot log in help asap,change_pin,panicking_emergency
b0e064d8-70f8-48dd-8e64-2f64da5b91d6,Need new PIN for card ASAP,change_pin,panicking_emergency
35e50b68-9d30-4a21-b5a4-ba8f1e4e4de3,"I kindly request assistance in updating the Personal Identification Number associated with my debit card, and I would appreciate guidance on how to effect this change promptly.",change_pin,polite_expert
482df4af-43eb-4a4e-b372-f0bbfff51a68,Kindly advise me on the procedure and the specific ATMs where I may update my account’s personal identification number.,change_pin,polite_expert
c44845b7-5d18-4d0a-9460-269101fcb553,"Kindly advise me on the proper procedure for updating the personal identification number associated with my debit card, as I am presently unable to complete this modification via the standard online portal.",change_pin,polite_expert
5bad9882-c68e-4d4a-9447-bea5e490218c,"I would like to inquire about the procedure for updating my debit‑card Personal Identification Number, preferably through an automated teller machine or a secure online channel.",change_pin,polite_expert
93b1b548-6aea-458b-96e4-d1401f8d1797,Could you kindly advise me on the procedure for updating the personal identification number associated with my debit card and indicate which ATMs or banking channels support this function?,change_pin,polite_expert
00a6b77d-92a1-4601-aa22-8fd908c977ee,"Hey, can u drop the steps for updating my card PIN?",change_pin,gen_z_slang
30bc98b5-a4ae-436e-85b2-94d3f8b9de50,"Yo, can I just switch my PIN at an ATM or do I have to swing by a branch?",change_pin,gen_z_slang
0243ba2f-d5e0-410a-abd4-bcab3a602e59,"Yo, can I just switch up my PIN at an ATM or do I have to handle it through the app?",change_pin,gen_z_slang
c05eabe3-f412-4ad0-970a-28d06f7dac7a,"Yo, can you let me know which ATM I need to hit to swap my PIN?",change_pin,gen_z_slang
4c042f13-be50-4b27-a04c-38fd8e29375a,"Yo, can I swap my current PIN for a fresh code, just let me know the quick steps.",change_pin,gen_z_slang
02ae6f73-05b3-4b40-aba8-7ef3efbb46c4,"I need new PIN for my card, how I do it?",change_pin,non_native_speaker
51f03532-0667-4a00-a3a4-c170b856d4ab,Hi I need help to set new PIN for my card because I not remember old one.,change_pin,non_native_speaker
3b923146-6207-4df7-9c6c-fefc68d58b9e,"Hi, I want to change my card pin, please tell me how I can do it?",change_pin,non_native_speaker
f5895669-c973-4cb2-8276-d9defe275b7b,"Hello, I need a new PIN for my card, can you tell me how I change it?",change_pin,non_native_speaker
46bdc101-87ed-4c60-8684-f58c4ad67dfe,"I need to change my card PIN, please tell me how I can do it.",change_pin,non_native_speaker
bde1eea9-f0cd-4d9c-8b72-1a267139cf04,Reset ATM PIN,change_pin,short_wording
e9126dbb-f498-4972-b650-00b0c631f602,Need new PIN,change_pin,short_wording
f22a79ba-ffc8-43f8-bff1-a59e952f4974,Change my PIN,change_pin,short_wording
de85bb93-e765-4399-acf9-762cb1d4e333,Need new PIN,change_pin,short_wording
98be63e2-0ffb-4e71-8140-7e230ce28b9a,Need new PIN,change_pin,short_wording
c10ec087-16a1-4b91-b63c-eaa13d643ebb,What the hell is going on? Some jerk got my card details and’s been charging me for junk I never bought—fix this now!,compromised_card,angry_layperson
5aa341b3-8609-4184-84d5-cfcac08e52fe,"Yo, somebody grabbed my card data and’s racking up insane charges—freeze the damn thing right now!",compromised_card,angry_layperson
0de94b4d-7a01-45d4-82f5-d13d84197ea7,What the hell is going on? My damn card’s being used for a bunch of purchases I never made—stop it right now!,compromised_card,angry_layperson
75f761fb-8ed5-405f-83da-32edc07c1221,"Hey, some idiot has been swiping my damn card without my say‑so—fix this mess right now!",compromised_card,angry_layperson
0e00acd4-9b6b-41e2-bc11-733ebfdbe606,"Damn it, some thief used my card and yanked all my money—freeze it right now!",compromised_card,angry_layperson
24e60f47-3270-4f90-85fc-97fee7429868,My card has strange purchases I didn't make freeze it right now,compromised_card,panicking_emergency
35e9848c-855e-41bf-874c-65662727d112,Someone is using my card unauthorized charges showing freeze it immediately,compromised_card,panicking_emergency
7dd04fa4-846d-45a9-aaab-9cd3525dac53,Card stolen abroad transactions appearing freeze it immediately I didn’t authorize any purchase,compromised_card,panicking_emergency
d66cb0ac-25a0-4666-94d4-0fec7f277d85,My card has been used by another person freeze my account now I see purchases I never made,compromised_card,panicking_emergency
78a25bef-45ad-47c4-af60-6c5b787977ac,My card stolen money taken unknown transactions freeze card ASAP,compromised_card,panicking_emergency
5deca1cb-2079-4351-853c-747600fce2e5,I have detected unauthorized transactions on my card and respectfully request that it be frozen immediately while a fraud investigation is initiated.,compromised_card,polite_expert
e610bc19-2f6e-4f36-9ad8-fa092c7133a2,Please be advised that I have identified multiple unauthorized charges on my account; therefore I kindly request the immediate suspension of the compromised card and issuance of a secure replacement.,compromised_card,polite_expert
33e9c8d9-6e47-43e3-b94e-b1b74dab8093,I have noticed several unfamiliar charges on my payment card and kindly request that you initiate an investigation while promptly blocking the card to prevent any further unauthorized usage.,compromised_card,polite_expert
34e3d835-d322-4532-a4f0-f8012a76cc96,I have become aware of unauthorized transactions on my account and respectfully request that my card be immediately frozen pending a thorough investigation.,compromised_card,polite_expert
0933bc85-d2ca-409f-a5ee-a12682a4f60d,"I have observed several transactions on my account that I did not authorize and suspect that my payment card details may have been exposed, therefore I kindly request guidance on immediate protective measures and the issuance of a replacement card.",compromised_card,polite_expert
3d555784-b381-41b3-b916-bb1bc1b1c288,"Yo, looks like my card got jacked—random charges popping up that I never made. Can you freeze it pronto and help me sort out this fraud?",compromised_card,gen_z_slang
b3e9ca1f-f422-4317-96d1-5d8222a4886c,"Yo, I just saw some sus charges and think my card got jacked—can you freeze it ASAP?",compromised_card,gen_z_slang
05001558-b2ab-49ca-bf32-881d1f00054e,"Yo, I just noticed some random charges on my account and think my card info got leaked—can you freeze it and hook me up with a new one ASAP?",compromised_card,gen_z_slang
0d058555-43e7-49de-9bd0-e4f8be201bc9,"Yo, I think my card got hacked ’cause there’re some random charges showin up—can u freeze it and sort this out ASAP?",compromised_card,gen_z_slang
29f673b3-52f7-4e97-9ae4-0d157671f33d,"Yo, I just saw a bunch of random charges on my account—someone’s using my card, can you lock it down ASAP?",compromised_card,gen_z_slang
eb236e87-b867-464a-bacd-7b03f486fc27,"My card have strange purchases I never make, please freeze it now.",compromised_card,non_native_speaker
55842c3b-b382-4749-a1d0-697191e80fdf,"I think someone using my card for buy things I not do, please freeze it now.",compromised_card,non_native_speaker
6da6c1bf-3b2e-4352-8d68-c56e95b1fb87,"I think somebody use my card without permission, many strange purchases from places I never go and I need you block it now.",compromised_card,non_native_speaker
e9678863-67be-443c-95e8-b6a7bd3b7f28,"Hi, I think somebody is using my card without me, I did not do those purchases, can you please block it and stop more charges?",compromised_card,non_native_speaker
9c25c842-a751-4810-a518-b85a1b90eb32,"Hi, I think somebody got my card information because I see many purchases I did not make, can you please block this card and send me a new one? Thank you.",compromised_card,non_native_speaker
d69cd33b-9e3a-4579-8be1-30c498d0c7ae,Card fraud suspected,compromised_card,short_wording
b1619ce8-ab3d-42e0-baac-7541dcb67392,Freeze card immediately,compromised_card,short_wording
eeec0a9c-ee66-4c37-872e-7e914b26a327,"Unauthorized charges, freeze card",compromised_card,short_wording
931a60b4-9166-48fb-97e1-001e9365b93e,"Unauthorized use, freeze card",compromised_card,short_wording
9f8d3a36-ebb5-4c51-9f00-b658f11b3dc4,Freeze card unauthorized use,compromised_card,short_wording
0d6554bf-aabb-40d3-8215-04a660e27478,My damn card won’t even tap at the checkout and I’m fed up—what the hell is going on?,contactless_not_working,angry_layperson
d2520329-c18a-4ccd-86e8-fdb7014ff741,I'm sick of my stupid card refusing to tap at any register—what the hell is going on and why can't I just pay like everyone else?,contactless_not_working,angry_layperson
1ee53332-0d41-4fec-a28d-0ee53394507e,I’m fed up with my stupid card—every time I try to just tap it the damn thing does nothing and I get stuck at the checkout!,contactless_not_working,angry_layperson
ea461789-d966-4ce3-84b7-30aa14b479b8,I’m sick of trying to tap my card at the shop and it never works—fix this damn thing right now!,contactless_not_working,angry_layperson
75f78c0a-4794-4ba2-98db-2b28d5e3d703,My damn card won’t even tap at the coffee shop and I’m fed up with this crap!,contactless_not_working,angry_layperson
06c7372c-5f7a-4ba8-87ec-b7f176284c5a,Card wont tap bus stop payment failed need immediate fix,contactless_not_working,panicking_emergency
1ce89f98-4d4c-481b-bc8d-46b51a211b95,Card won’t tap stop everything need help now,contactless_not_working,panicking_emergency
8d506e5e-5c27-44e1-bfed-eca8e4c9928c,Card wont tap at checkout need fix now,contactless_not_working,panicking_emergency
fb7caa05-1c88-4ed9-b7fd-3c705fcbc590,Card wont tap bus stopped im stuck need fare now,contactless_not_working,panicking_emergency
7fd05362-cec6-4149-ab3c-5bde5cd1eb90,Card tap fails now bus stop halted need help fast,contactless_not_working,panicking_emergency
85e7809b-5c80-4ddc-bf9c-c26dfb2ae7df,"Despite several attempts, my debit card’s contactless function fails to authorize transactions, including public‑transport fare payments, and I would appreciate guidance on verifying any applicable security settings or necessary re‑activation procedures.",contactless_not_working,polite_expert
a61ba5df-1239-4aba-a0f0-2cd8bef68c19,I kindly request assistance in resolving the issue wherein the contactless payment functionality of my debit card consistently fails to activate during transactions.,contactless_not_working,polite_expert
7d5f07ab-bc92-4b7c-abb6-f66b689897d5,"Despite having sufficient funds, each attempt to execute an NFC‑enabled transaction using my debit card is being declined, and I would appreciate your guidance in rectifying the malfunction of the contactless payment functionality.",contactless_not_working,polite_expert
7e86b6bf-1631-4aa1-a7f4-1c66efe01639,"I have noticed that the contactless feature on my debit card no longer functions when presented at point‑of‑sale terminals, and I would appreciate guidance on how to reactivate or troubleshoot this capability.",contactless_not_working,polite_expert
60c0fc66-b458-44ea-9f86-07ee5ab88d57,"I attempted to complete a transaction using my card’s contactless feature at a transit terminal, yet the device declined the payment despite a sufficient balance, and I would appreciate guidance on how to resolve this issue.",contactless_not_working,polite_expert
bf0a0fe5-8464-4407-a42c-b0f8b516af27,"Yo, I tried tapping my card on the bus today and it just wouldn’t work, what’s the deal?",contactless_not_working,gen_z_slang
859a1152-485a-435e-b64d-0b7b56c51d38,"Hey, my card’s tap‑n‑go just refused to work at the store today, any idea what’s whack?",contactless_not_working,gen_z_slang
988f7bbf-190b-4fdf-88ad-f38cfee6b513,"Yo, my card’s tap‑and‑go was straight dead today—tried a few spots and it just won’t work, idk what’s up.",contactless_not_working,gen_z_slang
d3af858e-ca77-477a-9b3c-f48b479d951b,"Yo, my card won’t do the tap‑pay thing at the register, it just keeps failing.",contactless_not_working,gen_z_slang
d3499c78-adf9-48fa-bb68-dc1b89658dbb,"Yo, my card’s been totally ignoring me whenever I try to tap‑pay, any idea what’s up?",contactless_not_working,gen_z_slang
78bbfe4e-c036-49ad-8354-a2ddd9f80d6d,"When i try tap my card for pay it not work, please help.",contactless_not_working,non_native_speaker
6d152ff4-0b72-4b13-b979-51826c7293d8,"Hi, my card not work when I try tap in store today, please help me fix.",contactless_not_working,non_native_speaker
b969c135-4b87-4ed8-8406-7df362fe1551,"Hello, my card no work when I try to tap it for pay at the shop, can you help please?",contactless_not_working,non_native_speaker
96db1479-7555-46ca-aab0-bae1dc34c4b9,"I try use my card for tap payment but it not work, can you help me?",contactless_not_working,non_native_speaker
0aadf54e-9e62-4463-8941-cc9dd4229cde,"Hello, I try use tap on my card but it not working today, can you help me please?",contactless_not_working,non_native_speaker
5dab9dc8-eef7-4cd6-85c1-9aef3d28585f,Contactless stopped working,contactless_not_working,short_wording
8b10244d-84fa-4a59-b1ee-a02e0ad83ba1,Contactless not working,contactless_not_working,short_wording
d2dcd665-54f7-4d70-a968-41491633b708,Contactless payment failing,contactless_not_working,short_wording
5ce07942-c59a-4a7d-99cb-934d82431901,Contactless payment failing,contactless_not_working,short_wording
78517fad-b181-4a9a-9abb-3301278e85b8,Contactless fails today,contactless_not_working,short_wording
09ecf600-43f2-47c8-9a1a-c8fc8fb7f501,I’m stuck in Canada and you keep telling me I can’t get a card—what the hell is up with that?!,country_support,angry_layperson
db29b58c-8ac0-4e1d-8e7e-3d87b03edcdf,I live in the US and I'm fed up with you saying I can't even get a stupid card here!,country_support,angry_layperson
7f86b43b-1a26-41ee-9db4-c752f559e501,"I’m fed up with you telling me only Brits get a card—I'm not from the UK, so why the hell am I blocked?",country_support,angry_layperson
29653c87-09ce-438c-89a6-150930f80c88,I’m stuck in Spain and your damn website keeps telling me I can’t get a freakin’ card here—sort this out right now!,country_support,angry_layperson
93866b95-3388-4b67-bcef-ae4c6cab83b0,"I’m fed up with this nonsense—I’m stuck in Australia and you still won’t give me a damn card, what the heck is that about?",country_support,angry_layperson
9801e76f-7f72-4bfc-b66c-22d0b448a951,I am from Canada need a card now can’t sign up help fast please,country_support,panicking_emergency
a1054dc9-a3a8-40c6-99a9-e7d6ee306180,I’m outside the UK need a card immediately can I still get one,country_support,panicking_emergency
2749397c-3878-4f16-90c6-852e6d320571,I am in Germany need a card fast can I get it here now,country_support,panicking_emergency
48c90b96-3674-49c4-8208-ce82da79cad4,Help now need card I am in US cannot wait,country_support,panicking_emergency
f5c8735c-7ba4-4e66-962d-cf90ac3f0567,I am in Europe need a card immediately can I get one,country_support,panicking_emergency
839ec76e-b19f-4783-a097-1fd7875d85f0,I would appreciate it if you could furnish me with a comprehensive list of the jurisdictions in which your banking services and card offerings are presently available.,country_support,polite_expert
2edd3116-5719-4e46-a3bc-24daf6de3b1e,I would appreciate clarification on whether your institution currently provides account opening and debit‑card services to individuals residing in the United Kingdom.,country_support,polite_expert
0c37a4e4-7114-495d-be80-8b0ae5ffb65b,I would appreciate it if you could confirm whether your banking services and card issuance are presently available to residents residing in jurisdictions beyond the United Kingdom.,country_support,polite_expert
590dd2d4-7c5a-451c-b9c1-c895c90129c1,"I would appreciate clarification as to whether individuals residing outside the United Kingdom, specifically in my current country of residence, are presently eligible to apply for and receive a banking card from your institution.",country_support,polite_expert
f8e15d09-a9e9-4f72-9ad0-04679a64e309,Please advise whether your banking services are presently available in the European Union and provide a comprehensive list of all jurisdictions in which you operate.,country_support,polite_expert
e0ef87e7-0f9d-4278-a0a1-c0fac55b25c4,"Yo, I just moved to Brazil—can I still cop a card from you guys?",country_support,gen_z_slang
b8ea552e-6b8c-4b84-b94c-787a24bbe6f2,"Hey, I'm chillin in Canada but wanna know if I can still snag a card from y’all.",country_support,gen_z_slang
63971ebb-740b-448c-a709-3abc306762ec,"Yo, can I still cop a card even tho I'm based in the US?",country_support,gen_z_slang
18f6c841-0fce-463e-8ded-949c9c2b2347,hey can i get a card in Canada? let me know if you guys ship there.,country_support,gen_z_slang
bb8d13e9-4727-4e52-988b-fd0c4598d0d7,"Yo, can you drop the list of countries you operate in so I know if I can sign up?",country_support,gen_z_slang
42d0f64f-2cdc-453b-8740-17a7e191701e,"Hi, can you please tell me if your card works in Canada because I want use it there?",country_support,non_native_speaker
9d9bd5f6-cca8-441e-bc7b-4a0e70bd7faf,"Hello, I am from Brazil and I want to know if your bank works here so I can open account?",country_support,non_native_speaker
4311943d-f0d9-4090-84e8-22f0d0729fd5,"Hi, I am wonder if your bank have service in my country, can you give me list of places you work?",country_support,non_native_speaker
129a809b-31bc-4b27-b392-bfcf2b9de1fa,"Hello, I live in Mexico, can I get a card and use it here?",country_support,non_native_speaker
ca83c5ce-e6d7-444b-a7a6-1ab06a283d04,"Hello, I am living in the US now, can I get your card and open an account here?",country_support,non_native_speaker
bb3343c0-9899-4904-a743-83ea4efbde69,Card available in EU?,country_support,short_wording
947460ce-b8ae-4a91-ab74-4589743be095,Supported countries list?,country_support,short_wording
17c56c1d-2c7b-459c-8cf2-2703f38271ea,Operating countries list?,country_support,short_wording
936b2a72-bd18-4bdb-81b5-efdd19db4b7b,Supported countries list?,country_support,short_wording
08cae94a-9dfa-40bd-bb3c-74487d08467a,Supported countries list,country_support,short_wording
73425b38-6d44-491e-82ea-f583f111b3bd,"What the hell is up with my card? I tried to buy something and it straight‑up refused to work, I've had enough of this crap!",declined_card_payment,angry_layperson
4978e9fb-1459-4bb3-808c-43b0aac3aa01,"What the hell is wrong with my stupid card, it got turned down again when I tried to buy groceries!",declined_card_payment,angry_layperson
a40906fb-8dc7-49dc-85e9-87d16b9efbc2,I’m sick of this crap—my card just got flat‑out rejected at the shop and I can’t even get my groceries!,declined_card_payment,angry_layperson
aa492a3c-0099-4496-9729-71a6aa5f4335,"What the hell, I tried to pay at the grocery and my stupid card just said no—fix this now!",declined_card_payment,angry_layperson
cfa2cd58-a1b1-4e86-a9f9-bc0b56fe36c0,Why the hell did my card get bounced at the checkout again? I swear I'm not broke—fix this right now!,declined_card_payment,angry_layperson
341f0b6d-395c-4bbe-8e28-c56ac30b371b,My card payment was rejected again I have bills due now please fix this immediately,declined_card_payment,panicking_emergency
9511ce62-dc92-4fc3-b005-d74d69a81670,Cant pay rent now card wont go through I need immediate help,declined_card_payment,panicking_emergency
c7e5d712-1463-4217-ae56-34dfca232cbe,My card got rejected at the store I can’t pay anything help me fast,declined_card_payment,panicking_emergency
aa210205-a089-4008-9271-58b44109d957,My card keeps getting refused I need to pay my bill now,declined_card_payment,panicking_emergency
b7531b41-2cf4-4ac3-bc24-a158f65bda7d,Card wont work in shop payment stopped need help now,declined_card_payment,panicking_emergency
7369f663-e913-45f2-b939-834cb9d1d019,"Earlier today I attempted to execute a purchase using my card, yet the transaction was declined despite an available balance and no prior notification; I would appreciate your assistance in determining the underlying cause and restoring full payment functionality.",declined_card_payment,polite_expert
2b24b71b-4357-452b-b220-24c4fb57ac3e,"I attempted to complete a purchase with my card today, and despite having sufficient funds available in my account, the transaction was declined at the point of sale; I would appreciate your assistance in investigating the cause and advising on any corrective actions required.",declined_card_payment,polite_expert
5a9dc4a0-9b30-4698-a793-5d3aeedb74e8,"I attempted to complete a purchase using my card at a merchant today, yet the transaction was declined despite the account being in good standing and sufficient funds being available.",declined_card_payment,polite_expert
c94cfe29-62e4-4c95-a206-9dda08420150,"Despite having sufficient funds and a valid expiration date, my recent card transaction was rejected, and I would appreciate clarification on the underlying cause and assistance in rectifying the issue.",declined_card_payment,polite_expert
1f248f5f-043d-4c09-9fe7-abe4f45a0e5b,"I attempted to complete a purchase with my credit card earlier this afternoon, yet the transaction was declined despite having an adequate available balance and no prior indications of fraud or restrictions.",declined_card_payment,polite_expert
60accb1c-fdc8-46b4-a28a-6f6d6c0d6055,"Hey, I tried to pay for a game and my card just bounced, what's up with that?",declined_card_payment,gen_z_slang
d7945f1f-2981-4bcd-9dee-6e2032a30fed,"Yo, my card payment keeps getting bounced whenever I try to checkout, what's the deal?",declined_card_payment,gen_z_slang
c789131f-3529-4c3a-8c43-4176947b5431,"Hey, I tried to cop something with my card and it just got bounced even though I’ve got enough cash—what’s the deal?",declined_card_payment,gen_z_slang
23f2e937-486f-4526-a097-8ab49e7028f5,"Yo, my card got bounced at the store earlier—can you peep what’s going on?",declined_card_payment,gen_z_slang
8d5522f1-e05a-4603-b59c-3f3f12b78bae,"Yo, my new card straight up got rejected every time I tried to buy dinner for my crew and I'm feeling super awkward about it.",declined_card_payment,gen_z_slang
62005d80-5a0c-46f3-b1b8-1f8e2eb8d50f,"I try use my card to pay but it keep getting declined, can you tell me why?",declined_card_payment,non_native_speaker
044144b9-f471-4987-942e-5d55721db9c9,"Hello, I just get my new card and when I try to pay for grocery it keep saying not allowed, can you help me?",declined_card_payment,non_native_speaker
7e230812-c15f-4cd6-a5f3-06c3c6ebf754,"Hi, I try use my card to pay for thing but the payment no work, can you help fix it?",declined_card_payment,non_native_speaker
87ad40c5-d577-46b4-94ef-991f7d3c35e3,"I try use my card for buy and the shop says it not work, can you help?",declined_card_payment,non_native_speaker
b10992b3-2572-41fd-a132-b4f43cd21917,"I try use my card for buy something and it say no, please help.",declined_card_payment,non_native_speaker
05d7e0dc-8d07-469e-9ca2-028ed98efaa4,Card payment declined,declined_card_payment,short_wording
1a3aafa1-265e-47d3-b6ce-61b26fba4a22,Card declined at restaurant,declined_card_payment,short_wording
1cfb0e57-32dc-408a-be67-6879f8a4fdc1,Card payment declined,declined_card_payment,short_wording
6ce11bf7-99af-4918-a94c-b47028a10745,Card payment declined,declined_card_payment,short_wording
1d9bfd94-740b-46ce-bde5-41ce79c1a8bc,Card payment declined,declined_card_payment,short_wording
b4129580-3a76-4f0f-adc3-49769e37e82e,What's the freakin' deal? My damn card won't spit out any cash at every ATM I try and I'm sick of it!,declined_cash_withdrawal,angry_layperson
85d10b49-de28-4a20-b7c0-ce8ca9b46b7c,I tried pulling cash at an ATM and they flat‑out blocked it right in front of my friend—what the hell is going on?,declined_cash_withdrawal,angry_layperson
2096ef53-07d3-428a-80ed-f362203cf0f4,"Why the heck does my card keep getting rejected at every damn ATM I try, I'm stuck without cash and fed up!",declined_cash_withdrawal,angry_layperson
d9dd00fc-0cfc-4ccb-bc35-1d3ec672d910,"Hey, I tried pulling out money at the damn ATM and it wouldn't give me a single cent—what the hell is going on?",declined_cash_withdrawal,angry_layperson
d69fa973-1126-414a-8f5e-ba5b5a9e1814,I went to the damn ATM and it flat‑out refused to give me any cash—what the hell is wrong with my card?!,declined_cash_withdrawal,angry_layperson
2955b165-96c0-40e7-97b4-98275a1b73d4,Card declined at ATM again need cash urgently help,declined_cash_withdrawal,panicking_emergency
3f921792-34bc-483c-9402-ffc83aeabdf5,ATM declined my card again need cash urgently account locked help,declined_cash_withdrawal,panicking_emergency
42b10591-e7c2-4634-93dc-8e19e243e21c,ATM refused my card no cash I’m panicking need help now,declined_cash_withdrawal,panicking_emergency
0c8e9e8d-058f-4333-b3ad-098158b268e0,ATM refused cash my card blocked I am panicking need help now,declined_cash_withdrawal,panicking_emergency
4779186b-eec6-4a76-b5c3-ae146732dc69,cash not coming out atm says declined i need money now help,declined_cash_withdrawal,panicking_emergency
712d4e66-d3f8-491f-83cd-56854d9e28e9,"I endeavored to obtain cash from an ATM this morning, yet the machine declined the transaction despite my account appearing adequately funded; I would appreciate your assistance in determining the underlying reason for this refusal.",declined_cash_withdrawal,polite_expert
b389359a-2dff-44d4-a378-67a3f93306fa,"I attempted to withdraw funds from an ATM today, but the transaction was declined without explanation, and I would appreciate your assistance in determining whether any restrictions or issues are affecting my account’s cash‑withdrawal functionality.",declined_cash_withdrawal,polite_expert
8be90835-fd3f-49c5-84f0-c0d171dd6c5e,"I attempted to withdraw cash from an ATM earlier today, but the transaction was declined despite having sufficient funds and entering the correct PIN.",declined_cash_withdrawal,polite_expert
1f71af60-1e7c-4227-b76b-c9d27d010bfc,"I have attempted to withdraw cash from several ATMs this morning, and each attempt has been declined; I would appreciate it if you could examine my account for any holds or restrictions that might be causing these refusals.",declined_cash_withdrawal,polite_expert
c6a459f7-d9f6-408c-bdfd-3ef159da5624,"I attempted to withdraw cash from an automated teller machine earlier today, and despite having adequate funds in my account, the transaction was declined on multiple machines; I would appreciate your assistance in determining the underlying cause and restoring functionality to my debit card.",declined_cash_withdrawal,polite_expert
cf642429-331d-44e7-9b90-40fc7e781594,"Yo, my card keeps getting blocked at every ATM I try—already hit two different ones, can you check what’s up with my account?",declined_cash_withdrawal,gen_z_slang
0bb7bc1a-601f-4691-aa9d-f5dc3f6e97b1,"Yo, I tried pulling cash at the ATM and it just bounced even tho I entered the right PIN, what’s up?",declined_cash_withdrawal,gen_z_slang
90bbc789-8613-4b47-8c38-0bf06e8a7084,"Yo, every ATM I’ve tried is straight up declining my card, can you check what’s wrong with my account?",declined_cash_withdrawal,gen_z_slang
61956d5f-2fa5-4bce-9f6d-952430767172,"Yo, every ATM I've tried just straight up declines my withdrawal, what's the deal?",declined_cash_withdrawal,gen_z_slang
be7bd22f-2841-409b-be19-a1fc0bf8c571,"Yo, I tried pulling cash at the ATM and it straight up got denied in front of my crew—what's the deal?",declined_cash_withdrawal,gen_z_slang
893b0ca3-2cec-42a5-ba7b-586874145b24,"Hi, I try pull cash from the ATM but it say no and give me nothing, can you help?",declined_cash_withdrawal,non_native_speaker
11b7cd6f-f4ee-45b1-bd36-fdd62632e91c,I try withdraw cash at ATM but it not giving me any money.,declined_cash_withdrawal,non_native_speaker
78ee1f66-1e2b-4236-a078-996d4a49f26c,"Hello, i tried take money from ATM but it say declined and give me nothing, please help.",declined_cash_withdrawal,non_native_speaker
55561770-edaa-4cee-b11b-fb9504805f84,"Hello, I try to take cash from ATM but it keep saying declined and my card not work, I even tried two different machines today. Please help me understand why this happen.",declined_cash_withdrawal,non_native_speaker
e68f0637-abff-4989-96f6-292b5e859af8,"I try get cash from ATM and it was declined, can you help me understand why?",declined_cash_withdrawal,non_native_speaker
40aa1862-e59c-40c7-99cc-fafa8f483d52,ATM decline today,declined_cash_withdrawal,short_wording
3d8ecb14-7d4a-4530-b1c7-dfcd09ba4299,ATM refused cash,declined_cash_withdrawal,short_wording
99bb35cb-4ec6-422d-b512-e808a6f2dbf7,ATM declined my card,declined_cash_withdrawal,short_wording
8f828ac0-7bf7-40a3-9606-358e1fb7a2cf,ATM cash declined,declined_cash_withdrawal,short_wording
6e06c4d7-8a00-4df2-8d4c-ef0239991a0d,Cash withdrawal declined,declined_cash_withdrawal,short_wording
ea3159b0-511d-4b3a-bc66-39139cd2fa73,I tried to send my money and it got blocked for some stupid reason—what the hell is going on?!,declined_transfer,angry_layperson
dfca9544-fb54-4fcf-be37-26c73fc11535,I’m fed up with you idiots blocking my transfer every damn time I try to move my cash!,declined_transfer,angry_layperson
d873ffef-d8b6-41f2-9731-e5ba78bab951,"What the hell is wrong with my account, my transfer got bounced again and I’m fed up!",declined_transfer,angry_layperson
af63efef-35ee-4418-a08d-0212e5eccd3e,I tried to send my cash and it got blocked again—what the hell is wrong with your system?!,declined_transfer,angry_layperson
ca7f4d85-6f7d-4031-8b45-a67700d81f1a,What the heck is goin’ on with my money transfer—why the hell did it get bounced again when I double‑checked every damn detail?!,declined_transfer,angry_layperson
6910f911-2c7d-46cf-bcc4-c3d1227b3c16,Transfer rejected again urgent need money for mortgage please help now,declined_transfer,panicking_emergency
aeae57eb-d387-472b-97e9-9de9ee7d1e56,Transfer wont go through Need it fixed now Money stuck urgent,declined_transfer,panicking_emergency
2f79b8be-ea6c-43d7-b83a-0facb94ed6b1,Transfer rejected my account stuck need immediate assistance,declined_transfer,panicking_emergency
5b7cda4b-1387-411b-af3e-79e5b9c70b7c,Transfer failing again need money now tried three times account says declined urgent help,declined_transfer,panicking_emergency
13b9eaef-59f6-4392-a418-c231cdd1cab1,Transfer blocked again now money stuck panic need it urgently,declined_transfer,panicking_emergency
96044e8d-c972-48a7-876e-eded4a92c384,I am seeking clarification regarding the reason my recent electronic funds transfer was declined.,declined_transfer,polite_expert
e6a18a02-d37d-46ce-b4d8-a8db8c27f674,"Dear Sir/Madam, I attempted to initiate an electronic funds transfer from my account earlier today, but the transaction was rejected without providing a specific error code; could you kindly investigate the cause and advise on any corrective measures required?",declined_transfer,polite_expert
66a9d137-b568-4efb-a074-e61f07c51223,I would be grateful if you could elucidate the precise reason for the rejection of my recent electronic funds transfer.,declined_transfer,polite_expert
6c96c8fa-1bcc-4a6d-8010-5640a98d67be,"Kindly clarify the reason for the decline of my recent electronic funds transfer, as I have verified that all beneficiary information is accurate and sufficient funds were available.",declined_transfer,polite_expert
b7f7a48a-458a-4fb3-beb6-e750bbb286ff,"Good morning; I attempted to initiate an electronic funds transfer from my checking account to an external beneficiary earlier today, yet the transaction was declined without any explanatory notice, and I would appreciate your assistance in determining the underlying cause and advising on corrective measures.",declined_transfer,polite_expert
83783b20-6380-4673-b289-3caa1966def8,"Yo I tried to send a transfer and it got blocked, what's the deal?",declined_transfer,gen_z_slang
f9ab01e4-9c62-409d-a86c-c2fc56baa3c0,"Yo, I tried sending cash but the transfer got bounced even tho all the deets were spot on, what’s up?",declined_transfer,gen_z_slang
e30ee83b-4fd5-487c-9691-2e7aae65f5a3,"Yo, I tried sending money twice now and both times it got bounced—what’s up with that?",declined_transfer,gen_z_slang
61ea06ac-5ed9-4d18-aa7d-72914f3400e2,"Yo, i sent a transfer earlier and it just got bounced—what's the deal?",declined_transfer,gen_z_slang
e2dfb14d-30dd-4c95-a9cc-8e2b08f64795,"Yo, I tried sending cash to my friend and it just bounced, can you tell me what’s up?",declined_transfer,gen_z_slang
09fe75dd-9c35-4734-87c3-913a9488093d,"Hello, I try make a transfer but it keeps getting refused even when I put all the details right.",declined_transfer,non_native_speaker
4d575c5e-e40f-4d59-896e-f1e79b9ebc62,"I try send money to another account but it say no, why transfer not work?",declined_transfer,non_native_speaker
ca273f3e-a3d0-4177-9daa-240ad0c4c9de,"I try make transfer to my family but it says declined, can you help me know why?",declined_transfer,non_native_speaker
c79088a6-a144-4bfd-8aef-db2e872a4688,"Hello, I try send money to my friend but the transfer always say it is declined, even though I have enough funds, can you please help?",declined_transfer,non_native_speaker
42452d56-c889-467a-923f-92575cd4e529,"I try send money but it always say no, why it not work?",declined_transfer,non_native_speaker
10c9be6a-02aa-462d-bd25-6a29a2e80de8,Transfer keeps failing,declined_transfer,short_wording
6c266a4c-7e22-4455-90f3-748ad9e6a368,"Transfer denied, why?",declined_transfer,short_wording
ee0ed9bd-21bc-43df-addb-bc23c3ef4e00,Transfer declined today,declined_transfer,short_wording
24651b45-5be3-4e11-b140-5a6c9afc01b5,Transfer keeps getting declined,declined_transfer,short_wording
a7639a94-6b27-440f-8d00-890e4127530a,Transfer declined again,declined_transfer,short_wording
7b0864ef-4ac6-43f6-b660-64e7ffad9923,I just found a damn charge ripped off my account for some random company I never dealt with—what the hell is that and fix it right now!,direct_debit_payment_not_recognised,angry_layperson
47dd76ff-d54f-45fc-942e-79f107b498f4,I'm pissed—why the hell is there some random debit showing up on my account that I never signed up for?,direct_debit_payment_not_recognised,angry_layperson
bece2466-4a9f-4951-8095-ca8455684f20,"Hey, why the heck do you have some random charge on my account that I never signed up for—cancel it now and tell me how this mess happened!",direct_debit_payment_not_recognised,angry_layperson
bd5b0e4c-04b4-40de-b082-2e89a9902681,"What the hell is this random charge on my account, I didn’t sign up for anything like it and I’m fed up with you guys stealing my money!",direct_debit_payment_not_recognised,angry_layperson
a923c0d4-2a87-4bae-9932-24252b4e4460,"Someone just snatched money out of my account I never signed up for, and I’m furious—explain this crap now!",direct_debit_payment_not_recognised,angry_layperson
3a4f4d67-24a7-4024-887e-2b194eda7ca7,Unknown charge taken from my account this morning I didn’t approve stop it immediately,direct_debit_payment_not_recognised,panicking_emergency
ea10d9ea-7704-4ec8-a82d-70a71e74cbfd,Direct debit taken I never authorized account empty panic help now,direct_debit_payment_not_recognised,panicking_emergency
dd529b57-c6d0-4f97-a40b-c8625d8169b1,Unknown debit taken today urgent help needed now,direct_debit_payment_not_recognised,panicking_emergency
2caf466f-dee6-44c5-aa25-76c9bdf0b284,direct debit taken i never signed up stop it now,direct_debit_payment_not_recognised,panicking_emergency
e7ce6387-4115-4e9a-9cea-ceb4e79c6728,Unknown debit on my account not authorized funds gone need it stopped immediately help me now,direct_debit_payment_not_recognised,panicking_emergency
3f7a5e1e-49bf-4ca7-8fc1-a6b823798711,"Upon reviewing my recent account activity, I have identified a direct‑debit charge of £ [amount] dated [date] that I did not authorize, and I respectfully request an investigation into this transaction along with guidance on the appropriate procedure for disputing it.",direct_debit_payment_not_recognised,polite_expert
3e16d43f-b619-413f-aa25-ffafffb6964b,"I have identified a direct‑debit transaction on my recent statement, dated 15 May 2026 for an amount of £275.00, which I do not recognise, and I kindly request clarification as to the origin and legitimacy of this charge.",direct_debit_payment_not_recognised,polite_expert
2fb20c37-a02a-4fb8-8b94-90c1897b6964,I have observed a direct debit entry on my account that I did not authorize and would appreciate guidance on how to dispute and cancel this transaction promptly.,direct_debit_payment_not_recognised,polite_expert
3d28a780-a649-472f-88a2-661df16a9ab4,"I have observed a direct‑debit entry on my current account dated 12 March 2026 for the amount of £85.00 which I do not recall authorising; kindly investigate its origin, confirm whether it was legitimately initiated, and advise me of any appropriate remedial steps.",direct_debit_payment_not_recognised,polite_expert
a2e3185f-ea48-496b-abe5-192bd140e895,"I have observed a direct‑debit entry on my account that I did not authorise, and I kindly request an investigation into its origin and the appropriate remedial action.",direct_debit_payment_not_recognised,polite_expert
46ba2083-5c89-4a11-b8b2-1867e0f51755,"Yo, there's a recurring charge hitting my account that I never signed up for—can you check who it's coming from?",direct_debit_payment_not_recognised,gen_z_slang
6acf0600-5741-43c2-9b2d-8567a2bb2791,"Hey, I just saw a random direct debit hit my account that I never authorized, can you look into it?",direct_debit_payment_not_recognised,gen_z_slang
f43c60e3-3ac3-4f73-8df5-aa4f1d1e7cb8,"Yo, I see a direct debit on my app that I never set up—can you shut it down ASAP?",direct_debit_payment_not_recognised,gen_z_slang
c51432f3-1ae6-4eb5-b05d-ae9950c70345,"Hey, I got a direct debit pop up on my statement that I never signed up for—can you peep this?",direct_debit_payment_not_recognised,gen_z_slang
e32c6592-8102-4852-b811-d0e322d2b1f1,"Yo, I just spotted a direct debit in the app that I never signed up for—what’s the deal?",direct_debit_payment_not_recognised,gen_z_slang
395f34bf-9a8a-41fa-8bbe-095c7a9e2b28,"Hello, I see a direct debit on my app that is not from me, can you please help stop it and get the money back?",direct_debit_payment_not_recognised,non_native_speaker
3afe95df-fad8-46ac-8de1-bc24a8032abd,"Hi, i see one debit on my app that i did not do, can you please check it for me thank you.",direct_debit_payment_not_recognised,non_native_speaker
a82bfe0f-1f4f-4728-adad-0cc25cd2cc6d,"I see a debit on my account that I never set up, can you please stop it and tell me who take the money?",direct_debit_payment_not_recognised,non_native_speaker
11cf349e-1ebe-4b92-8bee-5823c97607ca,"Hi, I see a strange payment on my account that I never make, can you please check and stop it?",direct_debit_payment_not_recognised,non_native_speaker
bb2aa6a8-505d-4ede-bc4c-cae87dc7a4d3,"Hello, I look at my recent transaction and there is a direct debit charge that I never do, can you please check it for me?",direct_debit_payment_not_recognised,non_native_speaker
6d1f82e4-27ff-4b7b-b4a0-272465c6cd67,Unrecognized direct debit,direct_debit_payment_not_recognised,short_wording
3596dfb7-47a8-4d46-bae2-a3247ad1e359,Unrecognized direct debit,direct_debit_payment_not_recognised,short_wording
a9df8eed-962c-4b87-85a5-1fdee5b4cb94,Unrecognized direct debit,direct_debit_payment_not_recognised,short_wording
0e48860f-637c-417d-a879-826376ab39f1,Unrecognized direct debit,direct_debit_payment_not_recognised,short_wording
27c094ba-174c-4a1a-8e48-88adf5523343,Unknown direct debit,direct_debit_payment_not_recognised,short_wording
f3153a58-3aca-4fe6-b3ca-339c34eda8ad,I'm fed up with that damn one‑time virtual card only working a couple of times—what the hell is the limit on how many purchases I can make?,disposable_card_limits,angry_layperson
51ed9dbf-f263-42c7-b37a-74231bdd44d4,I’m sick of these damn virtual cards only letting me spend once—how the hell do I get one that lets me make more than a single transaction?!,disposable_card_limits,angry_layperson
1cb00c7d-1d57-4d7f-8fd6-14531fbc5ab1,What the hell’s the limit on those throw‑away virtual cards? I keep hitting some stupid cap and it’s driving me nuts!,disposable_card_limits,angry_layperson
517f16c3-4516-4f31-ab75-71673ebfdb5b,I'm sick of this crap—just tell me how many freakin' throw‑away cards I'm actually allowed to crank out in a single day!,disposable_card_limits,angry_layperson
a1f71237-56db-426d-9974-fb7417724591,I’m fed up with these damn throw‑away cards that stop working after a couple of swipes—how many times can I actually use one before it quits on me?,disposable_card_limits,angry_layperson
3a17acdf-20ac-4016-9238-64357e977d86,How many disposable cards can I get per day need answer now,disposable_card_limits,panicking_emergency
f14c2629-fda8-4e11-9487-d66894647fb5,I need to know how many payments I can make with my disposable virtual card now urgent,disposable_card_limits,panicking_emergency
433582d1-2dde-421a-b9e8-072926d9cf82,I need more disposable cards right now system won’t let me create another why is there a cap,disposable_card_limits,panicking_emergency
91a51a4a-7671-4c49-b52a-68c915ee0753,I need to know max spend on my virtual disposable card now,disposable_card_limits,panicking_emergency
f7cc7f51-4262-4e63-ad74-cfbc9b395596,How many disposable cards can I create now need them for emergency payments,disposable_card_limits,panicking_emergency
3ccbd4a1-987d-433c-9ff1-1d86af690b49,I would appreciate clarification regarding the maximum quantity of disposable virtual cards that may be issued to my account at any given time.,disposable_card_limits,polite_expert
3107c951-5bb8-46a4-8259-3229429a6a41,Could you kindly clarify the maximum number of transactions permitted on a single disposable virtual card and whether there is an overall limit to the number of such cards that may be issued?,disposable_card_limits,polite_expert
43ff4a54-fac0-4e68-a2d1-b98e93c72706,I would appreciate clarification on the maximum number of transactions allowed per disposable virtual card and the applicable daily issuance limits for such cards on my account.,disposable_card_limits,polite_expert
670ab167-1e31-427a-bd36-b6e209898d1e,Could you please clarify the daily limit applicable to the issuance of disposable virtual payment cards linked to my account?,disposable_card_limits,polite_expert
c624ec98-37ce-4cb2-8c27-8154701f5106,I would be grateful if you could clarify the daily issuance limit and any monetary caps that apply to my disposable virtual cards.,disposable_card_limits,polite_expert
025cb7f3-d48f-461c-ba77-796fc4705621,"Hey, could u let me know how many transactions I’m allowed to make with a disposable virtual card each day?",disposable_card_limits,gen_z_slang
7904caa3-2151-4c43-aa82-84e57cf8f546,"Yo, what's the cap on how many disposable virtual cards I can spin up?",disposable_card_limits,gen_z_slang
d3d92ac9-ff77-41c4-a735-799c8a4e351c,"Yo, what's the max number of disposable virtual cards I can have?",disposable_card_limits,gen_z_slang
0d67b136-afc1-4242-b71a-bca0eff93d7c,"Hey, quick q—how many disposable virtual cards can I actually have at once?",disposable_card_limits,gen_z_slang
3a61306f-d99b-45ff-86a1-f145e4c4d63a,"Yo, can you tell me how many disposable cards I’m allowed to generate in a day?",disposable_card_limits,gen_z_slang
4aa65a1c-54e0-4355-b23d-c0fbf70e68c2,"Hi, can you tell me how many disposable cards I can have and use in one day?",disposable_card_limits,non_native_speaker
e26208d4-e82b-4f82-9afb-c30525fca0d9,"Hi, could you tell me how many transactions I can do with one disposable virtual card?",disposable_card_limits,non_native_speaker
2234f8d7-eafd-4fed-ad19-bcbe41867687,"Hello, can you please tell me how many transactions I can make with one disposable card?",disposable_card_limits,non_native_speaker
4b93541a-cac1-41e0-b65b-7dab4b49050f,Please tell me how many disposable cards I can make each day?,disposable_card_limits,non_native_speaker
aeb19d7e-e55c-452b-9e66-c300b0d421ac,"I want to know how many disposable cards I can have or use each day, please.",disposable_card_limits,non_native_speaker
f9618db0-e188-405c-9fb3-905714712182,Disposable cards daily limit?,disposable_card_limits,short_wording
9fd5da84-dba9-439d-ba6b-b64ecf5edba4,Disposable cards daily limit?,disposable_card_limits,short_wording
e4aa6b7d-5de0-4b66-8f5c-2c5017766ade,Disposable card limit?,disposable_card_limits,short_wording
9bb1f770-cbe2-4cf0-a570-8133777d6ff5,Disposable card daily limit?,disposable_card_limits,short_wording
976b27b2-8475-4cce-ae15-a9a59e44b70b,Disposable cards per day?,disposable_card_limits,short_wording
e8a7182a-dd17-4d18-8cd9-5a550b8cc525,"Yo, I just moved and my address is messed up on your stupid site—fix it right now!",edit_personal_details,angry_layperson
64600610-c714-40a3-af6f-7f1172ad5d09,I’m fed up with this crap—my last name is still wrong even after I told you I got married!,edit_personal_details,angry_layperson
7de299f4-efbc-438e-858d-68e869b7ff34,I'm fed up with this mess—tell me right now how the hell I can change my address or name in your damn app!,edit_personal_details,angry_layperson
34f261e7-7ae8-4ee1-8bf6-55c3639ed3d5,I’m fed up—my name’s messed up on my account and I can’t get anyone to fix it already!,edit_personal_details,angry_layperson
d1a8e845-1576-46d6-a704-75488749457d,"I'm sick and tired of your crap—my address on file is dead wrong, so tell me right now how the heck I can get it fixed!",edit_personal_details,angry_layperson
d5b3cdad-0425-4591-9866-e7daf4e8a49a,Just moved my address is wrong on the account need it updated now urgent,edit_personal_details,panicking_emergency
3a913df7-6654-4690-aff6-505b15b09f32,Update my address now account blocked I moved yesterday urgent,edit_personal_details,panicking_emergency
3bad53e8-5879-4cf8-9828-d74c6d23e4a4,Update my name now married can’t log in need it fast,edit_personal_details,panicking_emergency
26bb9a54-dd44-4bbc-9857-253397a04864,Need to update my address urgent account locked cannot access,edit_personal_details,panicking_emergency
288f9c01-2723-4436-91ac-da643c1092fb,Just married need my last name updated on account ASAP,edit_personal_details,panicking_emergency
e851cf3f-4485-48f8-a8dc-fc5463174207,I wish to update my account records to reflect my recent change of surname after marriage and would appreciate detailed instructions regarding the necessary documentation and the procedural steps involved.,edit_personal_details,polite_expert
a2428034-24e2-4ff8-98b9-95ff896dc6f2,"I kindly request guidance on how to amend my personal information, specifically my current residential address and telephone contact, within my banking profile.",edit_personal_details,polite_expert
9cb59b3d-948e-404b-a60b-beaf63e74771,I kindly request assistance in updating my account records to reflect my recent change of legal name following my marriage.,edit_personal_details,polite_expert
75473f98-c5d5-444c-b0b4-e3c4bfb6adb7,"I wish to amend the personal details associated with my banking profile, including a change of legal name and residential address, and would appreciate guidance on the requisite procedures.",edit_personal_details,polite_expert
ac5bc075-36a9-46f4-9e0c-7662457565fb,"I kindly request instructions on how to amend the personal information recorded in my account, as I have recently changed my legal name and residential address.",edit_personal_details,polite_expert
960c4b84-2ce4-4dc7-8472-082c0a93ee6f,"Yo, I just moved so I need to update my address in the app, can you help me out?",edit_personal_details,gen_z_slang
da1acf5e-b61c-48b5-ad89-c58ac8d9f6ba,"Yo I just moved and need to change my address and other info in the app, how do I update my deets?",edit_personal_details,gen_z_slang
85be0dfc-2d84-4029-8677-11d2cf67b9a6,"Yo, I need to switch up my details in the app—what’s the quickest way to do that?",edit_personal_details,gen_z_slang
ab83475d-975d-468e-b7a2-8342bbf91451,"Yo, I just moved so I need to update my deets in the app—where can I do that?",edit_personal_details,gen_z_slang
8f76f126-27fd-40b7-ad8d-9047e4304275,"Yo, can you tell me the fastest way to update my name and address in the app?",edit_personal_details,gen_z_slang
0a4fb319-150e-414f-bda6-8cef49ee8a65,Hi I need help to change my address and phone number in my account.,edit_personal_details,non_native_speaker
430d2b04-96d6-4d52-b4c6-70687e5cf24f,"Hello, I need to change my address and phone number, can you help me please?",edit_personal_details,non_native_speaker
cf2d3c99-0ae4-4fcb-b4ff-9135f61b5a7e,"Hi, I need change my name and address on my account, can you help me please?",edit_personal_details,non_native_speaker
5f836292-79e5-4a09-9dda-cdc86cb31545,I have marry recently and need change my name on my account please.,edit_personal_details,non_native_speaker
9708d8a8-a973-4976-8de0-2cbda1308699,"Hello, I need to change my address in my account, please help me.",edit_personal_details,non_native_speaker
34fc90aa-4799-45e9-ba89-5f76c8f862bf,Update address please,edit_personal_details,short_wording
92774bf8-a333-4fbc-805b-5c0efbe14f12,Update personal details,edit_personal_details,short_wording
c0f9245e-2be9-4685-afaa-b42d99954363,Update address info,edit_personal_details,short_wording
0b4a7025-abea-4608-851a-1d7550cd4cb3,Change mailing address,edit_personal_details,short_wording
808d5efd-7a10-400b-bed4-325c6fca91f4,Change address details,edit_personal_details,short_wording
c5ead879-79f9-4ce5-b766-ca1781de6f39,"Why the hell am I getting slammed with a huge fee every time I swap my cash, it’s outrageous and shouldn't be happening!",exchange_charge,angry_layperson
5ec35c65-9b65-4d47-99f7-f34005ce805c,Why the hell am I getting hit with an extra charge when I try to swap my dollars for euros?!,exchange_charge,angry_layperson
505f5642-9f16-40e2-b38a-d7e7bfbdecf6,Why the hell am I getting slapped with another charge every time I try to swap my cash?!,exchange_charge,angry_layperson
591473e7-f6f4-457a-b1fd-c0e912d6e7a7,I'm fed up with getting ripped off every time I switch my cash—how many extra bucks am I supposed to cough up for your damn exchange fees?!,exchange_charge,angry_layperson
766f383a-d796-4ab6-b5d6-8f839d1adf44,What the hell are these stupid extra fees every time I try to swap my cash—you're practically bleeding me dry!,exchange_charge,angry_layperson
7542d8bc-fe8b-4fc7-9a58-f2edcae5de47,Urgent need answer exchange fee charged too high my account,exchange_charge,panicking_emergency
dc1275ec-87ff-43fe-9b67-af0a5dad569c,What is the fee for converting my dollars to euros now I need it fast,exchange_charge,panicking_emergency
5ed34575-72e3-4d03-8bb5-82c112691224,Urgent need to know why I was charged extra on currency swap my balance disappearing fast,exchange_charge,panicking_emergency
1acae880-fa32-4be6-ba4f-adae11bffac9,Urgent need to change pounds to dollars hidden charge appears why not told,exchange_charge,panicking_emergency
fd440329-8ed5-4abb-ae81-c0209c0dc36b,Charge on exchange appeared suddenly urgent fix needed,exchange_charge,panicking_emergency
be448323-5622-4f29-a699-a9815359fc9a,I would appreciate clarification regarding any applicable fees or surcharges that are levied when converting funds between different currencies within my account.,exchange_charge,polite_expert
1cddeb5a-8ed9-4557-bec1-fdaab8e32809,I kindly request clarification on whether any fees are incurred when converting funds between different currencies within my account.,exchange_charge,polite_expert
7d9de225-921b-4ac6-b43a-829ca0bbb964,"I would appreciate clarification regarding the fees and any additional charges that may be incurred when converting funds from my account into a foreign currency, particularly in the context of international travel.",exchange_charge,polite_expert
c416e645-3461-48a2-ab33-359032a71a6d,"I would appreciate clarification regarding the applicable fees associated with converting my account balance into another currency, including whether any tiered rate reductions are available for customers who perform frequent exchanges.",exchange_charge,polite_expert
f52d8190-703a-4f54-8fe4-e180ad3548c0,"Could you please clarify whether any fees or surcharges are applied when converting funds between currencies, and whether the bank provides preferential rates or discounts for clients who engage in frequent foreign‑exchange transactions?",exchange_charge,polite_expert
350d0e0b-be28-4dae-b4bb-843d0b10849e,"Yo, can you tell me if there’s any fee when I swap currencies or if frequent swaps get a discount?",exchange_charge,gen_z_slang
51da2737-d0d5-4d29-b401-98ae57db7b53,"Yo, just wondering if there’s any extra fee when I swap my money into another currency.",exchange_charge,gen_z_slang
fb0b13b2-c436-4ba1-89de-730afa627897,"Yo, can u let me know if there’s any hidden fee when I swap my cash for a different currency?",exchange_charge,gen_z_slang
11dfcac2-3228-4f70-958b-df75dc5e948d,"Hey, quick q—are there any extra fees when I do a currency swap in the app?",exchange_charge,gen_z_slang
9ed48b72-a969-4c37-8c00-5835428b0bf7,"Yo, can you tell me if there’s any fee when I exchange my money to a different currency?",exchange_charge,gen_z_slang
a6fe9b7d-53c8-49b8-ad31-a37c8cff342a,"Hi, can you tell me if there is extra charge when I exchange my money to another currency please?",exchange_charge,non_native_speaker
42b17812-5894-41ae-9c38-54a1a346a71a,"Hi, I need know how much fee I pay when I change my foreign money?",exchange_charge,non_native_speaker
54f3d240-42a7-48a0-9959-5cb5c8ec32f4,"Hello, could you please tell me if there is any extra fee when I exchange my money to another currency?",exchange_charge,non_native_speaker
2659dd75-86d8-41fb-bc59-a03608104283,"Hello, I want to change my money to another currency, can you tell me if there is any extra charge?",exchange_charge,non_native_speaker
cf57d055-f715-448d-92bc-da9622ade003,"Hello, can you tell me if there is any extra fee when I exchange my money from another country?",exchange_charge,non_native_speaker
debeb188-602e-4b0c-878b-a446eb0b759e,Exchange fees?,exchange_charge,short_wording
40a1ae87-8d78-462b-b577-9192eb47397f,Exchange fee cost?,exchange_charge,short_wording
2b44e1cb-8fc6-4f99-8a0a-5d5c3692c9fc,Exchange fee?,exchange_charge,short_wording
25a10c0a-50ca-4f6b-8eb7-84168e5a85f2,Exchange fee?,exchange_charge,short_wording
3b4ba335-afbf-40de-8183-1dbb76a0b01e,Currency exchange cost?,exchange_charge,short_wording
dbc218ee-d372-475e-a23e-8a56ae77b6c1,"Why the hell are your damn conversion numbers flipping every time I look, it’s straight up ripping me off!",exchange_rate,angry_layperson
4fe31d7b-ed75-4126-9dc7-516e2c74cad8,What the hell is that stupid conversion rate you’re using for my cash right now?,exchange_rate,angry_layperson
3a030079-ccd4-4e4c-911a-c290da242974,"Damn it, why the heck does my cash shrink so bad whenever I flip it to another currency—this stupid conversion is a rip‑off!",exchange_rate,angry_layperson
6b3c44f2-8951-440b-a798-f0ef23e57fef,"What the hell, every time I try to swap my cash the rate drops like a bad joke and I'm paying way too much for nothing!",exchange_rate,angry_layperson
fb124f6b-e095-434b-841c-b24a2f5a96e0,"Yo, why the hell did my cash turn into barely anything when I swapped it? This stupid rate is a joke!",exchange_rate,angry_layperson
46da659b-c64a-47a8-9527-dfb7104e048f,My transfer just posted wrong value why did the conversion change instantly,exchange_rate,panicking_emergency
d8304bf4-1b9f-433c-8918-3b7802684cc6,Where are you pulling my conversion numbers,exchange_rate,panicking_emergency
5b30ce18-d801-4472-90e5-015d6df268a1,Need current conversion rate fast my account about to lose money,exchange_rate,panicking_emergency
51447f7d-a158-4f20-9788-7f4d83dadf8b,What rate are you using for my conversion I need it now my account will be hit,exchange_rate,panicking_emergency
bfabcf69-78c3-4909-ad91-f3ca267a46e0,Urgent need conversion rate now my transaction stuck,exchange_rate,panicking_emergency
d0c062f1-b4a7-401c-9cab-955b8b9ab57f,"Kindly elucidate the methodology employed by your institution in calculating the foreign‑currency conversion rates applicable to my account, and indicate where I may access the current rates for reference.",exchange_rate,polite_expert
c514c054-bcdb-4a90-9f62-28aa8ee52205,Could you kindly provide the current foreign‑currency conversion rates applicable to transactions within my account?,exchange_rate,polite_expert
1647e583-66ff-41d9-9d15-a7536ee1622f,"I would appreciate clarification regarding the methodology employed by your institution to determine the foreign‑currency conversion rates applied to my transactions, as well as the frequency at which those rates are updated.",exchange_rate,polite_expert
7734afb7-2257-474c-9739-0f85a5cd06ba,I would appreciate clarification on how your application determines the foreign‑currency conversion rates applied to my transactions.,exchange_rate,polite_expert
f1f05a1e-e159-4988-bcda-13bb207e4f81,"I would appreciate clarification regarding the methodology and reference source employed by your institution in determining the foreign currency conversion rates applied to my recent transaction, as I have observed notable fluctuations.",exchange_rate,polite_expert
7d60058c-5c52-4f18-b876-30073d7ce5ea,"Yo, can u let me know what the fx rate is rn for swapping dollars to euros?",exchange_rate,gen_z_slang
c23c0dc0-28ce-485e-9b78-28f59ea3831f,"Yo, what's the current FX conversion rate, need to see if it’s worth swapping.",exchange_rate,gen_z_slang
768d8c5e-26c0-4c57-adef-d411aff93c74,"Yo, can you break down how the currency conversion is calculated and let me know the current rate?",exchange_rate,gen_z_slang
c7a5a9b1-8fd2-4a6f-bae7-1ba5842ac5d3,"Hey, can u tell me what the current currency conversion is rn?",exchange_rate,gen_z_slang
d10c2acb-cf76-47ee-8613-88c621a8a2e5,"Yo, can you explain how y’all come up with the currency conversion rates?",exchange_rate,gen_z_slang
4648dfbc-6908-462e-ad45-369fbe2b6ed3,I need know which rate you using for foreign money today.,exchange_rate,non_native_speaker
2e775af0-f766-401d-8d0b-ab4548369ecd,I want know how your money change rates made and when it best time to change my cash.,exchange_rate,non_native_speaker
306eb90d-b3df-46f2-bf78-b029a7247e19,"Hi, I need to know what is your present money change rate for US dollars to euros and also why it sometimes become different.",exchange_rate,non_native_speaker
31968444-1190-47f7-9d4b-4f612aee62dd,"Hello, I need help understand how you decide the money exchange rate, can you explain it to me please?",exchange_rate,non_native_speaker
46f168bd-aa22-4a71-a8f9-93636dfd4646,"Hello, can you tell me what rate you use when I change my money from dollars to euros please?",exchange_rate,non_native_speaker
d9ed1355-7295-4469-8c90-175f15adaaa8,Current FX rate?,exchange_rate,short_wording
9e3529ed-92b0-4819-83a5-fc31ff5b0720,Today's foreign exchange rate?,exchange_rate,short_wording
3b4dcc20-15cf-4e30-8439-042ac6da221c,Current conversion rate?,exchange_rate,short_wording
077da4d8-b09e-428a-ad1a-dbcfeeb8d3c2,Current USD to CAD?,exchange_rate,short_wording
12de511d-f4ef-4c21-85b2-31838e90527f,FX rate today?,exchange_rate,short_wording
0ddd89cc-4dc1-4c66-be77-e64670b8590c,I'm fed up with this damn app—how the hell do I swap my pounds for dollars already?,exchange_via_app,angry_layperson
80d67400-9819-4d86-a5ed-63220a1005c1,I’ve been trying to swap my dollars for euros on your damn app and it just freezes every freakin’ time—fix this now!,exchange_via_app,angry_layperson
2fca3cb7-c9fa-4b3d-9871-74f2d20f9245,"Seriously, this stupid app won’t let me change my bucks from dollars to euros – fix it now!",exchange_via_app,angry_layperson
c862b194-d253-43e8-b348-4ee1c8eac57d,I’m fed up trying to swap my cash on this stupid app—why the hell can’t I just change dollars to euros without it glitching every damn time?,exchange_via_app,angry_layperson
eedaf5b5-830c-4839-ab26-02a7b045802f,What the hell is wrong with this stupid app—I can’t even swap my pounds for dollars without it freaking out on me!,exchange_via_app,angry_layperson
3ae19272-c944-40bc-b9c2-955c54789474,Urgent need to convert GBP to USD app not working please help fast,exchange_via_app,panicking_emergency
da9dd168-7bf7-41f4-9282-69cbe1cfdf5e,Urgent need to swap AUD for GBP now my account frozen cannot wait,exchange_via_app,panicking_emergency
e9d6030b-573a-4be3-af4f-e1029f02ac63,Need currency swap in app now urgent cannot complete it help,exchange_via_app,panicking_emergency
be8c14bc-855e-468d-95e8-03780bf11236,Help I need to convert my pounds to euros now app not responding urgent,exchange_via_app,panicking_emergency
7cf66a22-0be3-4db7-923a-8b1d0824de82,Convert dollars to euros now app not showing option panic,exchange_via_app,panicking_emergency
449eddb2-8143-4721-adfa-ad368d9fafdf,Could you kindly provide detailed instructions on how to execute a currency conversion from British Pounds to Australian Dollars through the banking application?,exchange_via_app,polite_expert
de90c3f9-dc1f-41eb-aa50-b31ed10062d5,"Could you kindly provide detailed instructions on how to execute a foreign‑currency exchange through the mobile application, as well as a list of the currencies currently supported for such transactions?",exchange_via_app,polite_expert
eecbbeee-4948-4f72-b285-f2ca20cbc13d,"Could you kindly advise me on the procedure for converting my GBP balance to AUD within the mobile banking application, including any applicable limits and fees?",exchange_via_app,polite_expert
cb40b3c7-3cff-43ae-9417-4e71f7e918a1,I would like to understand the procedure for converting my account balance from U.S. dollars to euros within the bank’s mobile application.,exchange_via_app,polite_expert
9f60cec6-db95-4046-948c-6d3b3d083939,I would like to inquire about the procedure for converting my holdings from U.S. dollars to euros using the mobile application.,exchange_via_app,polite_expert
52cc0a89-75ad-40b7-a547-e9c70faba12d,"Yo, can I just flip my GBP to USD straight in the app pls?",exchange_via_app,gen_z_slang
cb5f4cdc-4b48-4f2d-8fc9-d7d559dd450d,"Yo, plz tell me the fastest way to swap currencies right inside the app.",exchange_via_app,gen_z_slang
1cf43f38-d18c-4df3-90d5-0b5a47dd17df,"Yo, can I swap my USD to EUR directly in the app?",exchange_via_app,gen_z_slang
1c29be03-af60-4145-83a3-f9085cd56b2e,"Yo, can you tell me how to swap my AUD for GBP right in the app?",exchange_via_app,gen_z_slang
a88dcd47-63e5-4dcf-91fa-1a3d3cf6d8a8,"Yo, can I just flip my GBP to AUD straight in the app and tell me how to do it?",exchange_via_app,gen_z_slang
f0dc8f91-44b2-4099-88bf-2daaa03110df,"Hello, can i change my money to other currency in the app please.",exchange_via_app,non_native_speaker
3c666080-1e39-47f5-8de6-598cfbfd8dfc,"I need change my pounds to euros in the app, please help.",exchange_via_app,non_native_speaker
50c1d338-ace0-4e51-a06b-12557e5ab296,"Hi, can i use the app to exchange my dollars to euros please?",exchange_via_app,non_native_speaker
bea806ec-67a5-4057-b53d-8a1005381711,"Hi, I try use the app to change my dollars to euros but I not know where press button.",exchange_via_app,non_native_speaker
2e927791-bfc0-4062-8582-b9b6b539770a,"Hi, I try to change my AUD to GBP in the app, can you tell me how please?",exchange_via_app,non_native_speaker
baf8c8d8-9802-4f20-ab6b-3e3e2bf6b5e2,Swap GBP for AUD,exchange_via_app,short_wording
372c6e88-5992-4936-bc8e-259b4ef9689d,Swap USD to EUR,exchange_via_app,short_wording
d972699b-7227-472f-8806-54ed27d0c3c0,Convert USD to EUR?,exchange_via_app,short_wording
cb169601-af88-4ae9-890a-7d5c12f2ef59,Currency exchange available?,exchange_via_app,short_wording
739b3023-7064-4143-a058-e565f8691e3b,Convert GBP in app,exchange_via_app,short_wording
5f17a540-25eb-4f6b-a655-df8da531bd98,"What the hell is this random $1 fee showing up on my statement, and why am I paying for stuff I never signed up for?!",extra_charge_on_statement,angry_layperson
a0f5891d-6a1c-4675-a9a0-db5840d96ec4,I can’t believe you slapped an extra pound on my statement for no damn reason—what the hell is that about?,extra_charge_on_statement,angry_layperson
d0ca4aef-bd7c-465a-add3-29a0cb10e282,"What the hell is this extra dollar showing up on my statement, and why am I being charged for something I never signed up for?",extra_charge_on_statement,angry_layperson
8b164fe8-fadf-4bad-ac6a-8184c47a33b5,I see a random extra dollar on my statement and I'm fed up—what the heck is that for?!,extra_charge_on_statement,angry_layperson
5b89d0c4-fb5b-4cb4-a297-b513f6f30f23,What the hell is this random $1 fee showing up on my statement—I didn’t agree to any stupid extra charges!,extra_charge_on_statement,angry_layperson
f3fde5de-eae2-41cf-a0cc-cfbdc4e3e27b,Extra €1 charge appears I didn’t make this need it cleared immediately,extra_charge_on_statement,panicking_emergency
01720afd-9142-4b63-81a0-94e324459a3e,Unknown fee on my account I did not authorize STOP THIS IMMEDIATELY,extra_charge_on_statement,panicking_emergency
0ad27b04-07f1-4b66-8e8d-4cccb5497851,Unexpected $1 fee on my statement need explanation immediately,extra_charge_on_statement,panicking_emergency
9603d4cc-3bb1-4912-a791-51e7a03d066d,Extra pound on my statement why now need fix immediately,extra_charge_on_statement,panicking_emergency
a5c6687d-5a12-4fa2-bbde-a19e1477c64e,I see an unknown €1 fee on my statement now I need it fixed immediately,extra_charge_on_statement,panicking_emergency
d30d34a0-d471-4a6c-a222-caf8d6a711ed,"I have noticed an unexplained fee of £1.00 appearing on my recent account statement, recorded as a pending transaction without any accompanying description, and I would appreciate clarification regarding its origin and the conditions under which it may be resolved.",extra_charge_on_statement,polite_expert
768af0db-727c-4851-83d9-b25012c260df,I have observed an unanticipated €1 charge on my recent account statement and would appreciate a detailed explanation regarding the nature and justification of this fee.,extra_charge_on_statement,polite_expert
6d0c0b39-f0bf-4621-854b-1f967e998062,I have observed an unexpected fee of £1 appearing on my latest account statement and kindly request a detailed explanation of its source.,extra_charge_on_statement,polite_expert
19202d49-6efe-44cb-960e-4c8bee87fc4b,"Dear Sir or Madam, I have observed an unanticipated fee of approximately €1 appearing as a pending transaction on my latest account statement and would kindly request clarification regarding its nature and the appropriate resolution.",extra_charge_on_statement,polite_expert
3f0a56f5-c9af-475a-831e-8e5c9d8238ac,"I respectfully request clarification concerning the €1 ancillary charge reflected in my latest account statement, as I am unable to identify its source.",extra_charge_on_statement,polite_expert
5c0aa114-18b3-4b11-a961-93d84984ac47,"Yo, I just noticed a random $2 fee show up on my app and I'm lowkey confused—can u explain why it’s there?",extra_charge_on_statement,gen_z_slang
9fefaf73-f741-41bf-a1d6-b8bef74c7e4f,"Yo, I saw a random $1 charge on my statement—what’s that for?",extra_charge_on_statement,gen_z_slang
f86686a9-f508-4175-a503-73924f49387a,"Yo, I just saw a random $1 fee on my statement and I’m lowkey confused why it’s still there—can you check it out ASAP?",extra_charge_on_statement,gen_z_slang
716bba14-cf87-41c9-821d-2896095495f5,"Hey, there’s a random €1 fee showing up on my statement, what’s that for?",extra_charge_on_statement,gen_z_slang
6fd01a5b-5638-4191-ad18-82f6e468c499,"Yo, why's there a random $1 fee on my stmt? Not cool.",extra_charge_on_statement,gen_z_slang
18d0eaaa-2c9a-4b62-9c72-4685f1084ac2,"Hi, I see an extra 1 pound charge on my card and I no understand why, can you please help?",extra_charge_on_statement,non_native_speaker
ebe99b56-33f1-4a47-9bbc-535e68801aa6,"I have an extra $1 on my statement and I not understand why, please help.",extra_charge_on_statement,non_native_speaker
2b85a493-f84f-43f1-bf48-d499dc982f7d,"Hello, i look at my statement and see a small extra charge i don’t understand, can you please tell me why it is there?",extra_charge_on_statement,non_native_speaker
a24de5ac-9a58-4015-ae93-7d56d66caed4,"I look at my statement and see a charge I did not do, can you tell me why it there?",extra_charge_on_statement,non_native_speaker
6b55f639-958a-4402-94b7-1c7187fbd590,There is an extra charge on my statement I not know why.,extra_charge_on_statement,non_native_speaker
9eaba5c2-791b-4c3b-90fa-33a5cece48e5,Unexpected $1 charge,extra_charge_on_statement,short_wording
3005638c-680a-4ab1-9b4c-97c6a80d7e79,Unexpected 1£ fee,extra_charge_on_statement,short_wording
be4126a7-ff8f-4b83-b937-41c254fcb1b8,Unexpected $1 charge,extra_charge_on_statement,short_wording
21f4145e-6e07-4a83-baaf-b8457a16b8bd,unknown charge pending,extra_charge_on_statement,short_wording
de3f47f6-2d36-4918-8a02-3802b29589d6,Unexpected $1 charge,extra_charge_on_statement,short_wording
b8265406-5ba2-410e-9e09-54322ad6b82f,"What the hell—i tried sending my money out and it just sat there doing nothing, fix this already!",failed_transfer,angry_layperson
f9833f0e-97df-45d2-a56e-08f0f0fff643,"Why the hell won’t my cash go through when I try to send it to my friend’s account, every time it just blows up with an error—fix this now!",failed_transfer,angry_layperson
964b9845-c946-4843-96dc-c2e4270d0859,"What the hell is going on with my transfer, I tried sending cash to my buddy and nothing happened—this stupid system keeps screwing me over!",failed_transfer,angry_layperson
40ab44ac-79ce-4605-aff5-92a38f0c8171,I’ve been trying to send my cash to a buddy over and over and it keeps blowing up—what the heck is wrong with your system?!,failed_transfer,angry_layperson
f36d2bc0-e1df-4686-b35c-2fde5c730012,I tried moving money to my buddy’s account and it never went through—what the heck is wrong with your system?,failed_transfer,angry_layperson
5f29a849-c362-4271-823a-b9b6c10e5134,Transfer will not go through now money needed immediately account empty urgent please fix,failed_transfer,panicking_emergency
e4be1346-a8cb-4d2e-8366-5b9797feaff2,Transfer fails again rent due today need money now please fix immediately,failed_transfer,panicking_emergency
02711f1a-d568-4207-89bc-c2fbb209f2ba,Transfer failed again I need the money now my account shows error,failed_transfer,panicking_emergency
439c4eb2-08f6-493b-abaa-f5fd7c107cc9,Transfer will not go through I need money now account stuck,failed_transfer,panicking_emergency
aee5bd79-1366-4102-8bf1-4e677b596e40,Transfer failed again urgent need the money now please fix it asap,failed_transfer,panicking_emergency
fd89cfe4-9745-4821-848d-3cf164795bc3,"I have attempted to initiate an electronic funds transfer from my account to a designated beneficiary on several occasions today, yet each attempt has been declined without any indication of the underlying reason; I would appreciate your assistance in diagnosing and resolving this issue promptly.",failed_transfer,polite_expert
7081438b-f00b-400f-8af1-359c21a61fa2,Could you kindly investigate why the electronic funds transfer I authorized this morning has not yet been credited to the intended beneficiary’s account?,failed_transfer,polite_expert
79883b3e-4824-4900-b520-397cd32fa664,"I attempted to execute an electronic funds transfer earlier today; however, the transaction did not settle and I have received no confirmation of its completion.",failed_transfer,polite_expert
faaa0fdf-a6bd-4e3a-8036-e4d6b46208d6,I kindly request assistance in understanding why my recent electronic funds transfer to a designated recipient was declined and subsequently returned without successful completion.,failed_transfer,polite_expert
b7213401-a395-44d2-81b1-9b3807147c9e,"I attempted to execute an electronic funds transfer earlier today, but it did not process successfully, and I kindly request clarification as to why the transaction failed and guidance on how to rectify the issue.",failed_transfer,polite_expert
ffc4dd29-db02-46c0-857d-c3e908d39bbc,"Yo, I tried to send a transfer but it totally didn’t go through, can you peep what’s happening?",failed_transfer,gen_z_slang
6f80a78e-611f-4c71-9642-d3966661106c,"Hey, i tried sending money to my friend but it keeps bouncing back, can u fix it ASAP?",failed_transfer,gen_z_slang
ecea1bf6-21a7-4a83-9d43-f98f3f423e25,"Yo, my transfer keeps glitching and never goes through—can you sort it out ASAP?",failed_transfer,gen_z_slang
017cdecd-a81c-4993-a2ca-6ed48ed2e117,"Yo, I’m trying to send cash to my roommate but it keeps spitting out an error – what’s the deal?",failed_transfer,gen_z_slang
901c3b7b-10ed-406d-ba52-e900bc282f88,"Yo, my transfer just bounced and won’t go through, can u tell me why it’s stuck?",failed_transfer,gen_z_slang
4e43a5f4-e052-49af-971a-c116a504ea66,"Hello, I try to send money but it not go through, can you help me please?",failed_transfer,non_native_speaker
89ee409e-e25f-427d-9675-b772ec0e5811,I try send money to my cousin but the app say fail and the cash not move.,failed_transfer,non_native_speaker
53924d9c-a85f-469a-a3ba-149a2cf4e4d7,"Hello, I try send money to my friend but the transfer not go through, can you help me please?",failed_transfer,non_native_speaker
f626243e-be8d-4be4-bf20-6d808a6c4188,"Hi, I try send money but it not work, please help me.",failed_transfer,non_native_speaker
b4cea70c-bb27-42c9-b194-287d918dac0a,"Hi, I try send money to my friend this morning but the transfer no go, it keep fail each time, can you check why?",failed_transfer,non_native_speaker
509f7deb-d2c4-44d3-8d57-8d7d1cb3ba40,Transfer keeps failing,failed_transfer,short_wording
1603cb65-907a-4197-967c-72accdb777d5,Transfer keeps failing,failed_transfer,short_wording
5066f80b-5b83-4913-b690-7fb7d2afedfc,Transfer not completing,failed_transfer,short_wording
d9e49bd3-a9bd-4e7e-a37b-0cecef44c6d5,Transfer didn't go through,failed_transfer,short_wording
026a9d2d-57d1-4181-8961-9b2780c789a7,Transfer keeps failing,failed_transfer,short_wording
5983e929-adcd-4412-9197-678889c26dbf,"I’m fed up with this nonsense—just tell me right now what actual cash you let me keep and swap, because I can’t keep guessing which damn dollars or euros you even support!",fiat_currency_support,angry_layperson
69b8c75b-c609-4256-9c0e-9e94b63bbae4,"Yo, just tell me straight up which damn currencies you actually let me deal with—I'm sick of waiting on vague answers!",fiat_currency_support,angry_layperson
8fecf85b-be3b-4738-8db0-75342fee1091,What the hell is up with you guys only letting me deal with some random cash and not my damn bucks or euros—fix it already!,fiat_currency_support,angry_layperson
bbf81c48-9c52-45c0-9a2e-cda2fe677116,I'm fed up with you never straight‑up telling me which stupid currencies I can actually use for my money transfers!,fiat_currency_support,angry_layperson
902fa896-c890-471a-9a80-5ce73021ce69,I’m sick of this crap—just tell me straight up which damn currencies you actually handle instead of making me dig through your junk site!,fiat_currency_support,angry_layperson
512424dd-5724-4e6c-b9b1-7fb4232f564c,Which currencies can I keep need answer now,fiat_currency_support,panicking_emergency
4078d569-14eb-4f7d-8982-d24d47ac1fc4,Need list of supported currencies now urgently,fiat_currency_support,panicking_emergency
d80dbb31-ab3f-492b-b918-2a64088d5f24,Which currencies can I hold fast need answer now account on hold,fiat_currency_support,panicking_emergency
349c178d-e39a-41bd-8d7f-092a099c150e,Need to know if I can hold euros or dollars in my account now urgent,fiat_currency_support,panicking_emergency
2f0a21c4-a3cc-4140-a0e2-0524926e41a1,Need list of supported fiat currencies now my account frozen cannot process payments,fiat_currency_support,panicking_emergency
92b57f86-6085-4baa-89a6-73785cbecf0e,I would appreciate clarification regarding which fiat denominations your institution presently facilitates for account holdings and transactional activities.,fiat_currency_support,polite_expert
d4f95fdd-46ab-46d1-92a7-2ba0a6553539,I would appreciate clarification regarding which fiat currencies are presently supported by your institution for both custodial holdings and exchange transactions.,fiat_currency_support,polite_expert
8498a948-1474-4466-a2ce-75015f6e88c0,"Could you kindly clarify which fiat denominations are presently supported for balance holdings and conversions, and advise me on the procedure to convert my existing funds into euros?",fiat_currency_support,polite_expert
627dffd4-e549-4609-8ea2-fb01ed9da180,I would appreciate clarification on the range of fiat currencies that may be held in my account and utilized for transaction purposes.,fiat_currency_support,polite_expert
ef8ab779-c2c1-4b07-b695-b5a32fec7dbd,"Could you kindly confirm whether your institution permits the receipt, conversion, and custodial holding of all major fiat currencies within a single account, and advise if any jurisdictional or regulatory restrictions apply to particular currencies?",fiat_currency_support,polite_expert
fa1e53ec-3b48-4ab2-abc0-e675144048bb,"Hey, can u let me know which fiat currencies you actually support for exchanges?",fiat_currency_support,gen_z_slang
bfa71c4f-1a90-47cb-80f3-24fabea446b6,"Yo, can I swap my cash for euros straight in the app or do I gotta roll to a bank?",fiat_currency_support,gen_z_slang
a90f0649-0eb1-41f6-99ed-a77532a6c46f,"Yo, can u let me know which fiat currencies you guys support for holding and swapping?",fiat_currency_support,gen_z_slang
9310d828-4d3e-4aa4-8045-ab13f8a9f6ca,"Yo, does this app work with every regular currency out there or just the main ones?",fiat_currency_support,gen_z_slang
05880435-59a6-4720-9180-00234337f23d,"Hey, just wondering which real-world currencies I can actually hold and trade on the app?",fiat_currency_support,gen_z_slang
0379e516-e525-4255-98f3-e2df6b57b1e8,"I want to know which currency i can keep in my account, not only USD.",fiat_currency_support,non_native_speaker
6e2c9cf0-da89-42e6-a96a-22c665b10c44,"Hi, I want know if I can hold my money in other currencies please help.",fiat_currency_support,non_native_speaker
6143df06-c379-4234-96c8-4384e0d706aa,"Hello, can you tell me if I can keep my money in another currency like EUR or GBP?",fiat_currency_support,non_native_speaker
631fcf7d-6922-4406-85cc-1e82fdc84825,"Please tell me what kind of money I can keep in my account, like EUR or USD?",fiat_currency_support,non_native_speaker
fe2ebd75-e902-4964-b128-eb91fb46101a,I need help to know which money types like USD or EUR your bank can accept for transfer.,fiat_currency_support,non_native_speaker
1d186d8c-a9a5-4a3e-a92d-9d844f7a8031,Supported fiat currencies?,fiat_currency_support,short_wording
5302ce49-3b7d-4a07-8f63-8ce0850724ee,GBP supported?,fiat_currency_support,short_wording
41f46d87-ffb5-4ef6-ae03-b938a7f0de2e,Supported fiat currencies?,fiat_currency_support,short_wording
20454594-d4fa-4195-a799-8989dabe6bdb,Supported fiat currencies?,fiat_currency_support,short_wording
9841f044-d32d-4306-8240-eabfd1de0ded,Supported fiat currencies?,fiat_currency_support,short_wording
2bf32f26-b3ee-407b-82f6-18305682ebdc,I’m sick of trying to dig out that stupid one‑time online card you keep talking about—just tell me how the hell I can actually get it already!,get_disposable_virtual_card,angry_layperson
105b780b-0866-4baa-87bf-170da748cc57,I’m fed up with my real card getting blocked every time I shop online—just hook me up with a one‑time virtual card right now!,get_disposable_virtual_card,angry_layperson
f1042172-2e13-4423-a31f-39d7911154d8,I’m fed up waiting—just give me a quick throw‑away virtual card right now so I can finish my online shopping!,get_disposable_virtual_card,angry_layperson
4d38453a-3831-45c7-90e2-764931a69bf7,"Listen, I'm fed up with this crap—why the hell do I have to jump through hoops just to get a one‑time virtual card? Give me that thing already!",get_disposable_virtual_card,angry_layperson
8ffd8d0a-54ed-4c62-b8df-87eaeb0ba05b,I'm fed up with my real card getting blocked every time I shop online—just give me a quick throw‑away virtual thing already!,get_disposable_virtual_card,angry_layperson
edcdc380-8eb3-4d34-98e2-f2fd890f3ee6,Need a temporary virtual card immediately my account locked can’t pay any bills now,get_disposable_virtual_card,panicking_emergency
b0cf144f-cf6b-4cf4-a4ae-45207251ac0c,Need disposable virtual card now account locked can’t pay bills urgently,get_disposable_virtual_card,panicking_emergency
77eb4f34-9da8-4d39-9aa1-1aad95b9f1bf,Need disposable virtual card now payments declined panic,get_disposable_virtual_card,panicking_emergency
7f6a43c5-6c70-415c-8b78-e0fac1f62a41,Need disposable virtual card now my payment blocked,get_disposable_virtual_card,panicking_emergency
d257ab46-7f03-4450-8a36-0f18ce50f229,Need virtual disposable card now urgent cannot pay online help fast,get_disposable_virtual_card,panicking_emergency
c721d41e-4be1-4e36-b4be-a85415c4a1a8,I would like to obtain a single‑use virtual card for my upcoming online transactions.,get_disposable_virtual_card,polite_expert
9204f3a6-58d6-4c5c-8b21-75a82cebad6a,Could you kindly advise me on the procedure required to obtain a single‑use virtual card for secure online transactions?,get_disposable_virtual_card,polite_expert
ad38576b-a9f0-4975-ac9a-c48e86209c32,I would appreciate guidance on the procedure and requirements for acquiring a disposable virtual card linked to my account.,get_disposable_virtual_card,polite_expert
8101e810-5c6f-4e1b-b3e2-eba880c9e199,"I would appreciate guidance on how to obtain a disposable virtual card for secure online transactions, including the steps required for its issuance and activation.",get_disposable_virtual_card,polite_expert
7d01f4b9-80d2-43e6-8c94-0931c5a26297,I would like to know the procedure for obtaining a disposable virtual card within my account and the steps necessary to activate it.,get_disposable_virtual_card,polite_expert
eb65d9b1-aaeb-4925-aeff-f3d255f31718,"Yo, can u hook me up with a throw‑away virtual card pls?",get_disposable_virtual_card,gen_z_slang
3e07b2f4-736f-47a0-8fd6-b149d68181fc,"Hey, can u hook me up with a disposable virtual card?",get_disposable_virtual_card,gen_z_slang
6e5a44b9-a0c7-4840-999a-f151bb5a8e6b,"Yo, how can I snag a one‑time virtual card for quick purchases?",get_disposable_virtual_card,gen_z_slang
7b558f5b-0b07-42e0-b0ae-ce5c0ffbffed,"Yo, can I snag a one‑time use virtual card real quick?",get_disposable_virtual_card,gen_z_slang
efd81c78-dc79-4579-8742-7e5e848b0e52,"Hey, can you hook me up with a disposable virtual card so I can use it for online buys?",get_disposable_virtual_card,gen_z_slang
952d17da-ed94-41ad-b610-659ad4d0630a,"Hi, I need a disposable virtual card, can you tell me how I get it please?",get_disposable_virtual_card,non_native_speaker
81a5244c-8453-4724-9bb8-436a28165acc,"Hi, I would like a disposable virtual card, can you tell me how I get one please?",get_disposable_virtual_card,non_native_speaker
6c34a101-55f4-4132-b94e-a66016a5bcab,"Hello, I want to have a disposable virtual card please, can you tell me how to order one?",get_disposable_virtual_card,non_native_speaker
a28ec3d7-3467-476a-a05d-7ef1ba645640,"Hello, I want have a one‑time use virtual card for online pay. Please tell me how I can get it.",get_disposable_virtual_card,non_native_speaker
0102c31c-1761-4233-ab3c-437c415844df,"Hello, I want a disposable virtual card, can you please tell me how I get it?",get_disposable_virtual_card,non_native_speaker
de5ce77f-de02-4d6b-87f8-2e99d2ad8879,Request disposable virtual card,get_disposable_virtual_card,short_wording
07145abc-d968-440d-bccc-bad3afb19216,Need disposable virtual card,get_disposable_virtual_card,short_wording
20203ce8-9781-45fc-8e2d-156728c478eb,Request disposable virtual card,get_disposable_virtual_card,short_wording
f3b75016-4b9b-4d7d-932b-35f221b70f19,Need disposable virtual card,get_disposable_virtual_card,short_wording
afcfd400-cbd6-4065-b305-5fd087abdcac,Need disposable virtual card,get_disposable_virtual_card,short_wording
5b143ebe-4aff-4289-a086-11c333101201,Why the hell haven’t you sent me my damn debit card yet? I’ve been waiting forever and this is ridiculous!,get_physical_card,angry_layperson
a3bce43a-3b41-43c5-b245-f410cd67b272,"I'm fed up, I've been waiting forever for my damn plastic card—send me the actual card already!",get_physical_card,angry_layperson
b2dc20bb-39a3-401c-a1e8-e4b967fec3cb,"I’ve been waiting forever for a real card—send me the actual plastic now, this app nonsense isn’t good enough!",get_physical_card,angry_layperson
6c124499-afab-402b-8cd6-a104b7803ded,I’m fed up with the wait—just send me my damn plastic card already!,get_physical_card,angry_layperson
2fb10fa6-0140-4722-a307-cdd568d2c9fc,I’ve been waiting forever for my stupid cash card—where the heck is it and why hasn’t it shown up yet?,get_physical_card,angry_layperson
d3dcaa28-3757-4423-a0b2-38b190c09be2,Need my card now urgent send it immediately please help,get_physical_card,panicking_emergency
18b3cafe-d805-4538-b83f-c15cb93ddadf,No card in hand need physical one now urgent cant pay bills,get_physical_card,panicking_emergency
83928904-569b-49e9-910c-dbb59934bea6,Card not here need new card now urgent please help,get_physical_card,panicking_emergency
2fc5056b-7792-494b-91c0-2ed6a3ffa68f,Card stolen need a replacement now send new plastic asap,get_physical_card,panicking_emergency
dd42c818-7167-4f26-99fe-6c9ad721f131,Need a card now urgent phone dead cannot pay send me physical card immediately,get_physical_card,panicking_emergency
4687e6c8-1951-4e71-b672-596abfb74116,I kindly request the issuance of a physical debit card linked to my account and would appreciate guidance on the necessary steps and documentation required to complete this process.,get_physical_card,polite_expert
de0849d6-7253-456e-9a9b-f2b15062cec9,Could you kindly provide detailed information regarding the steps required to request and receive a physical payment card linked to my account?,get_physical_card,polite_expert
85cd48e0-083b-4c3d-94f2-6448494696cc,Could you please provide detailed instructions on how I may request the issuance of a physical debit card linked to my account?,get_physical_card,polite_expert
a8e199b4-9ce3-4af0-9f6f-d7c42bc34507,I would be grateful if you could elucidate the procedure for obtaining a physical debit card associated with my existing account.,get_physical_card,polite_expert
8c078342-6585-4c3f-8ddf-ab069a3852f3,I would appreciate guidance on how to obtain my first physical debit card and whether the PIN will be issued separately.,get_physical_card,polite_expert
45c5fb04-31fa-4cb0-bab8-e6fae8a21a54,"Hey, can you hook me up with a physical card? I'm done using just the digital one.",get_physical_card,gen_z_slang
f7b90d93-0eb1-443d-a628-7057c0a8db5b,"Hey, I need a real‑world card mailed to me ASAP—can you hook me up?",get_physical_card,gen_z_slang
15248dda-ec04-47b3-b6df-5f4044130f42,"Hey, can u hook me up with an actual plastic card? I’m still stuck on the digital only.",get_physical_card,gen_z_slang
03f554b8-dc0f-4569-9dfb-70dfd5c4917b,"Hey, can you hook me up with an actual plastic card instead of just the digital one?",get_physical_card,gen_z_slang
989fa9b5-021b-45ec-a091-9f60167732be,"Yo, I need an actual plastic card—how do I order it and when can I expect it to arrive?",get_physical_card,gen_z_slang
37599fa7-8ebb-4f62-ae5f-95d942dfaba8,"Hi, i want get the plastic card for my account, can you send it to me please?",get_physical_card,non_native_speaker
27dc29d1-0b09-46a9-a0be-88d3f7ed4ee6,"Hello, I need a real plastic card, please tell me how I can get it and when it will arrive.",get_physical_card,non_native_speaker
19db90ff-c1d1-4e7f-8cb2-72ac7b16cb92,"Hi, I want a real plastic card, how I can order it please?",get_physical_card,non_native_speaker
6dbc1482-4eb3-49d7-b930-0c0384cedab6,"Hi, I need a real card from the bank, can you tell me how I order it?",get_physical_card,non_native_speaker
895044ec-baf6-4566-90c6-ef0c1195a473,"Hello, I need a physical card for my account, can you help me to get it please.",get_physical_card,non_native_speaker
10047301-3562-4afb-a409-39cef6c72333,Need physical card,get_physical_card,short_wording
be7627f5-d630-4236-802e-08725551a768,Order physical card,get_physical_card,short_wording
7179dc0f-2a97-43c7-9b3b-46737081c1a8,Order physical card,get_physical_card,short_wording
73ad84d0-2d32-47d1-b287-fb42a5441f8d,Order physical card,get_physical_card,short_wording
63e35a93-9f96-4b43-9d5e-c6e8be82a662,Physical card request,get_physical_card,short_wording
1cbf0bb0-e8b2-4881-8188-8691aaea0f04,I'm sick of this crap—send me a damn extra card for my kid right now and let me know if you’re trying to squeeze more fees out of me!,getting_spare_card,angry_layperson
65c6dc37-63af-414d-8826-8f70a1c3bab6,Enough of this crap—send me a second freaking card right now or I’m done with you!,getting_spare_card,angry_layperson
ce3112f8-44fb-465b-8178-4bda8116c1d0,"I'm fed up with this crap—just give me another damn card for my kid already, I can't believe how long you make it take!",getting_spare_card,angry_layperson
fffd5cbe-3eb9-45c7-8af1-3cdcf499e01a,"I’m fed up waiting, my partner needs another card this instant—why the hell can’t you just send us a spare already?",getting_spare_card,angry_layperson
57224f0d-628c-400e-be28-a5730101a9cd,I’ve been waiting ages to get a second card for my daughter—why the heck is it so hard and what’s the extra fee I gotta pay?!,getting_spare_card,angry_layperson
7694df36-aede-4601-9956-4f8edcd206b3,Card stolen need spare card ASAP cant withdraw,getting_spare_card,panicking_emergency
af29f64b-3048-4067-ad76-d19e09f0746d,Need spare card now lost original cannot access funds urgently,getting_spare_card,panicking_emergency
f5436e7c-0ca1-434b-a9ea-fbd0bd60a9c0,Urgent need spare card my main is frozen cant withdraw funds now please help quickly,getting_spare_card,panicking_emergency
89637f67-dcb9-4da0-8295-577628d7dd31,Need spare card now my daughter lost hers cannot access money,getting_spare_card,panicking_emergency
4cc9d964-3213-492d-badd-f3b0b25449bb,Card lost need spare now urgent cant access funds,getting_spare_card,panicking_emergency
71b1c4fe-fe97-4072-a639-9cda3e61af6a,"I would like to request an additional debit card for my daughter and kindly ask you to provide the eligibility requirements, necessary documentation, and any associated fees.",getting_spare_card,polite_expert
f2ce99ee-7954-4b72-89e4-d8672496f816,"I would like to inquire about the possibility of obtaining an additional physical card linked to my existing account, including details regarding eligibility criteria, applicable fees, and the procedure for issuance.",getting_spare_card,polite_expert
abe3c987-62d9-4552-898c-8e50d4fa7405,"I would appreciate clarification regarding the availability of an additional spare card linked to my account, as well as any associated fees or eligibility requirements.",getting_spare_card,polite_expert
3eb95d93-035b-4f1b-8df0-fbb43356e0a5,I would like to inquire about the procedure for obtaining an additional debit card linked to my existing account.,getting_spare_card,polite_expert
5c990606-5a2a-4e22-b96b-94f6ff92f59c,"I would like to inquire about the possibility and any applicable fees for obtaining an additional card linked to my account, intended for use by a family member.",getting_spare_card,polite_expert
43609423-22f7-4038-87fe-9404b3605003,"Hey, quick question—can I snag a spare card for my sister and let me know if there’s any extra charge?",getting_spare_card,gen_z_slang
09c27955-70d7-48cb-8539-49422c6cc919,"Yo, can I get an extra card linked to my account for my sis?",getting_spare_card,gen_z_slang
b549bdfc-9fc1-4f1d-8891-31c4c4655616,"Hey, can I get a spare card for my sibling, plz let me know the steps.",getting_spare_card,gen_z_slang
54247184-1d42-4ccd-8ecf-2c8ae375e083,"Yo, can I snag an extra card for my account?",getting_spare_card,gen_z_slang
7347c807-910e-480a-8c65-cea6cde3fe27,"Yo, can I snag an extra physical card on my account for a friend, plz?",getting_spare_card,gen_z_slang
5a676474-b84a-46b3-8005-89a87f9d51d0,"Can I ask for another card for my daughter, please tell me how?",getting_spare_card,non_native_speaker
0942ae81-39af-4105-a8d2-d317565d0e20,"Hello, I need another card please, can you send me an extra card?",getting_spare_card,non_native_speaker
54c79709-3c10-4979-9f3b-fcb8dddd0f52,"Please I want a second card for my son, how can I get it?",getting_spare_card,non_native_speaker
a330b962-32b7-4ecf-9e43-de8eae651540,"Hello, I would like a second card, can you tell me how I order it?",getting_spare_card,non_native_speaker
d93efbf9-1649-43e7-a3e7-fbefea4eefad,"I need an extra card for my brother, can you tell me if there is any fee?",getting_spare_card,non_native_speaker
7e37cb43-2b52-4080-b453-409e9c47c3ba,Need extra card,getting_spare_card,short_wording
36431dd5-fdb5-47cf-b75f-fca1562cb568,Spare card for daughter?,getting_spare_card,short_wording
9d171839-882a-40a2-81bb-484c2e4b0828,Spare card request,getting_spare_card,short_wording
650f2b55-3997-4474-9565-805af9124e78,Additional card request,getting_spare_card,short_wording
234c2298-5295-499c-8102-832df66606d9,Second card request?,getting_spare_card,short_wording
fd20588d-8247-4964-9705-9230e06686db,I'm fed up with this crap—just hook me up with that instant online card already!,getting_virtual_card,angry_layperson
b7d34db9-86ea-4da7-a81e-25480c9aaf2d,I’m sick of waiting—just give me that damn online card already!,getting_virtual_card,angry_layperson
91b7c346-8d4c-47ac-b7f5-dd9d568de391,"Enough with this crap, I need my virtual card yesterday—just hook me up already!",getting_virtual_card,angry_layperson
e77fa46b-eb1a-4e38-8e61-bdb4af7cd15b,Enough with the crap—I need that damn online card on my phone right now!,getting_virtual_card,angry_layperson
e0b2bb9f-4569-4810-932c-8c48dc5e1eb1,I’m sick of this waiting crap – give me my damn digital card already!,getting_virtual_card,angry_layperson
ed9dce9b-d308-4363-ba5f-cbd4e8bfd260,Need virtual card now account frozen help immediately,getting_virtual_card,panicking_emergency
d8b73cbc-cfed-4af5-981e-0beaf20ec9e9,Need virtual card immediately account blocked can’t pay online,getting_virtual_card,panicking_emergency
63c3c50e-7aa4-4474-87e5-707ac09faa93,Need a virtual card immediately my app shows nothing please fix now,getting_virtual_card,panicking_emergency
04a69529-48be-410c-9d2a-419dee2e53dc,Urgent need a virtual card today payment pending cannot wait,getting_virtual_card,panicking_emergency
c64cc3bc-8d8d-42fa-a2ae-dd3711c46b62,Need an e card now my account blocked cant pay anything please,getting_virtual_card,panicking_emergency
c11cc3f4-d919-4868-bd46-363ea69cd3fb,"I would like to inquire about the availability and issuance timeline of a virtual card for my account, as I am considering its use for online transactions.",getting_virtual_card,polite_expert
9ae9f08f-f11d-4a03-aa03-4467e6beb44c,I kindly request guidance on the procedure to generate and activate a virtual card linked to my existing account.,getting_virtual_card,polite_expert
7ee5f860-5643-4d98-a5de-424e83213407,"I am interested in obtaining a virtual payment card linked to my existing account and would appreciate detailed instructions on how to request its issuance, complete the activation process, and understand any associated usage limits.",getting_virtual_card,polite_expert
707fae2d-7924-44c3-b4e9-b4c130279b49,"I would appreciate guidance on how to obtain a virtual card linked to my existing account, including any requisite steps within the mobile application or online banking portal.",getting_virtual_card,polite_expert
f7326cf0-2957-4ca8-b013-84491db06670,"I kindly request guidance on the procedure to obtain a virtual card, including where it can be accessed in my online banking portal and the anticipated timeframe for its issuance.",getting_virtual_card,polite_expert
1da92258-bae8-4510-9c55-422c97b4189b,"Yo, can u show me where to snag a virtual card inside the app?",getting_virtual_card,gen_z_slang
ded131ae-9987-42d9-bbd8-3cbcc822b4d2,"Hey, can you tell me how I snag my virtual card real quick?",getting_virtual_card,gen_z_slang
a34a027a-917d-4330-82b7-f4299abc2270,"Hey, can u hook me up with a virtual card ASAP for my online buys?",getting_virtual_card,gen_z_slang
e780501b-f1db-4c63-b31d-562442581209,"Hey, can you hook me up with a virtual card ASAP?",getting_virtual_card,gen_z_slang
e1cf00e9-4ddf-4518-8a87-4b6f881940f8,"Hey, I need to snag a virtual card ASAP—can you hook me up with the steps?",getting_virtual_card,gen_z_slang
145ed634-de45-4466-8529-0dc0b33e2a0a,"Hi, I want a virtual card, can you tell me how I get one?",getting_virtual_card,non_native_speaker
11ce6901-811a-4061-9740-d63389c8ead4,"Hi, I need get a virtual card please, can you tell me where I can make it?",getting_virtual_card,non_native_speaker
21af1f30-1735-48ae-8888-fe3396fb8489,"Hello, I need help find how I can get my virtual card please.",getting_virtual_card,non_native_speaker
0b71f47a-74a8-4dc5-8488-b564d7c5316e,"Hello, can you please tell me where i find my virtual card in the app? I need it soon.",getting_virtual_card,non_native_speaker
ee826d0c-21d1-459a-9c2c-fa89d2dc7205,"Hello, I need a virtual card, I no have physical one, please help me get it.",getting_virtual_card,non_native_speaker
7aff7edf-5cff-4f18-9f50-b6b281a007d8,Need virtual card,getting_virtual_card,short_wording
4f7365ab-619d-41cd-b88b-ffee46ab3563,Order virtual card,getting_virtual_card,short_wording
f4db615d-46b5-45cb-afa4-6aa44eb73b1b,Need virtual card,getting_virtual_card,short_wording
52c56aea-347d-47cd-8a56-ddb9d86c9a0b,Need virtual card,getting_virtual_card,short_wording
625cd97f-7d3f-4146-86c7-51e4819f90cc,Order virtual card?,getting_virtual_card,short_wording
08208e00-490c-4e2d-8c7e-726ce09e4d3e,My freakin’ wallet got ripped out of my pocket on the train and I need you to shut down that damn card ASAP before some thief blows through my money!,lost_or_stolen_card,angry_layperson
9945e846-99ec-44c1-8cc7-245f5faa1314,My freaking card vanished and I need you to block it right now before some thief runs off with my cash!,lost_or_stolen_card,angry_layperson
82c7382c-7983-4043-b0da-5bf35950cda7,"My damn card’s gone missing and I think someone pinched it, you better sort this out ASAP!",lost_or_stolen_card,angry_layperson
779487dc-f096-4674-ab21-bfe6af459820,I can’t believe my stupid card vanished somewhere—help me sort this out right now!,lost_or_stolen_card,angry_layperson
296d54a9-313d-4e41-a010-2d87846e81d9,"My damn card's gone, somebody swiped it and I need you to lock it down right now!",lost_or_stolen_card,angry_layperson
65268e7b-5611-4e39-8c36-d49566ad84fd,Card gone lost wallet need block now urgent replacement,lost_or_stolen_card,panicking_emergency
3bbb32dc-6716-47bb-bf57-90edbb798dbe,Card stolen need freeze now urgent help,lost_or_stolen_card,panicking_emergency
e2610f55-d37b-4976-8ca7-25df461790b6,Card missing urgent freeze it I need help now,lost_or_stolen_card,panicking_emergency
6f3a4827-0cb1-49f5-ac23-577000b3b22f,Card gone need block it fast my phone dead,lost_or_stolen_card,panicking_emergency
8831f757-e06e-46b5-bf9e-739f34d47770,Card missing I’m terrified block it now send new one asap,lost_or_stolen_card,panicking_emergency
b43c07a3-fac6-44bb-b8f2-37dd89e8a469,"I regret to inform you that my banking card appears to have been misplaced, and I kindly request its immediate cancellation together with the provision of a replacement.",lost_or_stolen_card,polite_expert
131b99a0-7835-4799-8840-098c2bb11f45,"I wish to inform you that my debit card has been misplaced, and I kindly request immediate assistance to deactivate it and arrange for a replacement at your earliest convenience.",lost_or_stolen_card,polite_expert
7ff9516d-50c1-43d3-88d0-7f1d9b7ced4e,I have misplaced my debit card and suspect it may have been taken; please advise on the immediate steps required to secure my account and arrange for a replacement.,lost_or_stolen_card,polite_expert
4d063fd0-dfbd-4fd3-a36f-5e63d98d2ceb,"I wish to notify you that my debit card appears to be missing; consequently, I kindly request the prompt deactivation of the card and initiation of the procedure for issuing a replacement.",lost_or_stolen_card,polite_expert
990e29d7-0309-4de6-bc06-e1754f7079d2,I wish to report that my debit card has been inadvertently misplaced and request that it be promptly deactivated and a replacement issued.,lost_or_stolen_card,polite_expert
312d048c-4c31-4e4a-bd79-c5ffde7b46ac,"Yo, I misplaced my card and think it’s gone, can y’all lock it down and sort out a replacement ASAP?",lost_or_stolen_card,gen_z_slang
4f8a61d0-9ba8-43da-85cb-b11a52715058,"Yo, my card got snatched with my bag on the train, can you freeze it and send a replacement ASAP?",lost_or_stolen_card,gen_z_slang
ac4948dc-b0ad-4f2d-a5e1-6d8093557dfa,"Yo, my wallet got jacked on the train and my card’s missing—need you guys to freeze it ASAP.",lost_or_stolen_card,gen_z_slang
3b1eb685-25d5-46f3-9b79-517531767f11,"Yo, I can't locate my card at all—it must've been taken from my bag, so can you lock it down ASAP?",lost_or_stolen_card,gen_z_slang
535af3b8-6c97-438d-8398-9ea8ba52aebe,"Yo, my card vanished outta nowhere—can you freeze it and hook me up with a replacement ASAP?",lost_or_stolen_card,gen_z_slang
605d2008-5a52-496d-b3c3-1c229a42e11c,"Hi, I need help please, my card not here and I think someone take it.",lost_or_stolen_card,non_native_speaker
fa15e928-c2da-4cdf-a681-b9bf91f5d3bd,"I lose my card today, please block it fast and send me a new one.",lost_or_stolen_card,non_native_speaker
41693d92-1639-4eee-a61c-13b5009c1ab3,"Hello, I have lose my card, please block it and send new card.",lost_or_stolen_card,non_native_speaker
93e48c52-97b4-468a-a233-c19fbd647ca9,"My card was stolen, please block it quick and send new one, I already made police report.",lost_or_stolen_card,non_native_speaker
9cc1cabe-1cd8-4e59-b397-445690f66af7,"Hi, I no find my debit card today, can you block it and give me a new one?",lost_or_stolen_card,non_native_speaker
41c767ee-b6cc-4f8b-b791-e0f4c1e5056f,"Card missing, urgent",lost_or_stolen_card,short_wording
ffa48a3f-bc72-4f70-ba4b-79629cbe4d5f,"Lost card, freeze",lost_or_stolen_card,short_wording
da79ee21-ceff-409a-b63a-77f7f2a50eb1,"Lost card, block",lost_or_stolen_card,short_wording
af259956-21cc-4a58-8ed4-1510070291e6,"Lost card, need new",lost_or_stolen_card,short_wording
dab24349-36b1-4380-abfa-ace5c3eca9c0,"Card missing, block",lost_or_stolen_card,short_wording
208e4649-97a1-4f58-998a-027135520a6d,My damn phone got ripped out of my hands and now I can't even get into my account—what the heck am I supposed to do?,lost_or_stolen_phone,angry_layperson
83789fc5-2208-43f5-b7cd-50e559767902,My freaking phone got ripped right out of my hands and now I can’t even get into the app—what the hell are you gonna do about this?,lost_or_stolen_phone,angry_layperson
35c0a3b2-310c-4737-ac86-a99409ffbace,My stupid phone got swiped right outta my hands and now I can't even get into the app—fix this damn mess ASAP!,lost_or_stolen_phone,angry_layperson
41552719-4f09-42a1-9c2f-d5afaffe2685,My phone got jacked and I’m locked out of everything — sort this damn mess out ASAP!,lost_or_stolen_phone,angry_layperson
1a9bab8d-3a6b-4d7e-9bfa-c26069daa98a,My freaking phone was ripped off and all my cash stuff is sitting there—lock everything down right now!,lost_or_stolen_phone,angry_layperson
825b7a35-522c-4301-995d-aef619e39d7b,phone missing now cannot open app need you block access and send new login code,lost_or_stolen_phone,panicking_emergency
65f712be-23ce-4b8e-af32-817bfec585f6,Phone stolen need to lock account and stop any transactions now,lost_or_stolen_phone,panicking_emergency
970ef186-19ef-411f-9c1d-e680e45447de,Phone stolen lost all access freeze my accounts now,lost_or_stolen_phone,panicking_emergency
e9077068-ccd2-4723-a48b-c611e7461629,Phone stolen need to freeze my account right away cant access app help,lost_or_stolen_phone,panicking_emergency
0203ae6b-be27-48b9-994e-5d0e2c531de0,Phone ripped out lost now block all apps stop transactions fast please,lost_or_stolen_phone,panicking_emergency
e038bec0-e3ff-4db8-9bb5-db67c026ad22,"Dear Sir or Madam, I wish to inform you that my mobile telephone has been lost and request guidance on securing my online banking credentials, disabling any app‑based access, and confirming the continued functionality of my debit card during this period.",lost_or_stolen_phone,polite_expert
129bc8cd-a5b8-4e6b-94e6-181c2346b9ed,"I regret to inform you that my mobile device has been stolen, and I kindly request detailed instructions on how to secure my account, revoke any active sessions, and prevent unauthorized transactions pending the restoration of a new device.",lost_or_stolen_phone,polite_expert
a4e3c926-a8fc-4cb4-a6b3-492ee4b2aad6,"I wish to report that my mobile phone has been stolen, resulting in loss of access to the banking application, and I request immediate assistance to secure my account and prevent any unauthorized transactions.",lost_or_stolen_phone,polite_expert
03338592-5f22-402b-98e4-9bbd14c4689e,I regret to inform you that my mobile device is presently inaccessible and kindly request guidance on securing my account and preventing any unauthorized use of the banking application.,lost_or_stolen_phone,polite_expert
b50e631c-3204-4b09-8acc-475dd29a058d,"I regret to inform you that my mobile phone, which contains access to the bank’s application, has been misplaced, and I respectfully request immediate assistance to disable any remote access and secure my accounts pending the acquisition of a replacement device.",lost_or_stolen_phone,polite_expert
94d49580-02d3-4efc-9dee-d2d07cc3bca1,"Yo, I lost my phone today so I can’t even get into the banking app rn.",lost_or_stolen_phone,gen_z_slang
c31cdc3f-c942-4c84-a639-1a0650be0c4e,"Hey, my phone was jacked and I’m lowkey scared someone could hack my bank app – can you lock it down and tell me what to do next?",lost_or_stolen_phone,gen_z_slang
5aca4454-2e21-4ae3-9d53-1f447dec94fc,"Yo, my phone got snatched and I can’t get into the app—need to lock down my accounts ASAP.",lost_or_stolen_phone,gen_z_slang
efd435f9-d9bf-450c-bc9d-a140a1833490,"Yo, my phone got jacked last night and I can’t access the app—what’s the fastest way to lock it down and keep my account safe?",lost_or_stolen_phone,gen_z_slang
b16106f6-93b1-4b49-a845-5f6e71cdf81b,"Yo, I can’t find my phone rn so I’m locked out of the app.",lost_or_stolen_phone,gen_z_slang
a44a7ad1-1627-4e45-9acd-5981b76441f2,"Hi, I lose my phone and I no can use the banking app now please help.",lost_or_stolen_phone,non_native_speaker
a28e6130-005b-4f32-b093-0fa2f05e5b95,"Hello, I lose my phone and now I cant open the bank app, can you please help me lock it.",lost_or_stolen_phone,non_native_speaker
90475d0f-6a3d-401e-9941-5479ecd6a99e,"I lost my phone that have my bank app and cards, please help block it so nobody use.",lost_or_stolen_phone,non_native_speaker
db21f4d3-8a97-43f5-b4f5-24be36d87a68,"Hi, I have lose my phone today and I cant open banking app any more, can you help me please?",lost_or_stolen_phone,non_native_speaker
218357a4-aa39-4b17-b7f5-21b624aceead,"My phone disappear and I cant open the bank app, please tell me what i can do.",lost_or_stolen_phone,non_native_speaker
a0f6b16e-4ef6-4d61-843d-f633136dbfb8,"Phone lost, need access.",lost_or_stolen_phone,short_wording
3be21873-d393-40a0-a750-0004f3b0ccaf,"Phone stolen, block app",lost_or_stolen_phone,short_wording
e1254212-15c1-4059-aba3-151dfd0870b4,"Lost phone, need access",lost_or_stolen_phone,short_wording
22cab7a6-e1fa-4359-a35b-cc213347b7eb,"Phone stolen, need assistance.",lost_or_stolen_phone,short_wording
cb03b1b8-357b-44bc-90f9-91f6488516d2,"Lost phone, need access",lost_or_stolen_phone,short_wording
3dde1bb8-d000-449c-ab30-f3f7ca0d953d,I’ve had it—send me a freaking new card right now and tell me where the hell you’ll deliver it!,order_physical_card,angry_layperson
f6865843-7939-4669-928a-6b80a54c4460,"I'm sick of waiting, just send me a damn physical card already and quit wasting my time!",order_physical_card,angry_layperson
9c8a28a6-f724-4a46-9fca-d89694634e10,I'm sick of waiting—send me a real damn plastic card now or I’m done with you guys!,order_physical_card,angry_layperson
b7a6afe7-64a1-4cf8-9908-7eec1fc58fb2,I’m fed up with this crap—just ship me a freaking plastic card right now!,order_physical_card,angry_layperson
5c4406f1-de88-4fc3-86e7-08ef90dba035,I’ve been waiting forever and I need a freakin’ card in the mail now—where the hell do you even deliver it?,order_physical_card,angry_layperson
f13bacb6-1e86-42cf-82cb-50f0766626d0,Urgent need physical card account blocked send it now,order_physical_card,panicking_emergency
653bc2a6-edf4-401e-9fbf-9301edd9d1f8,"Need physical card urgent  
Where can you deliver  
My address is my home  
Please send now",order_physical_card,panicking_emergency
1da32c7c-9e6e-489c-bb97-78736e32d38d,Need card immediately urgent please send it now where can I get it delivered,order_physical_card,panicking_emergency
466d3147-8aa7-4005-9259-681abbba0dd7,Urgent need card now account locked cant access funds send it fast,order_physical_card,panicking_emergency
05207cf8-10fb-4d20-a8a6-e62977721fe4,Urgent need a physical card sent to my home address now how long does delivery take and what is the fee,order_physical_card,panicking_emergency
0ec31b0d-320f-41b4-82fc-e60666bb5b6b,I would like to request the issuance of a physical debit card for my account and kindly ask for information regarding any associated fees as well as the expected delivery timeframe.,order_physical_card,polite_expert
af65e5be-2f92-4be0-8434-d71fec972c5e,"Could you kindly inform me of the application procedure, any associated issuance fees, and the available mailing destinations for obtaining a physical banking card?",order_physical_card,polite_expert
384d8159-53e4-4578-836b-96f0a91d4cc7,"I would appreciate clarification regarding the procedure and any applicable fees for obtaining a physical debit card, as well as confirmation of the eligible delivery addresses for such a card.",order_physical_card,polite_expert
4713fe38-e69d-42bd-89a9-ab0cff0d3e62,I would appreciate clarification as to whether the issuance of a physical card entails any applicable fees.,order_physical_card,polite_expert
25a4d181-51d6-48a8-9e3e-c5b163d223b5,I would appreciate clarification regarding the procedure for requesting issuance of a physical debit card and confirmation of the postal jurisdictions in which your institution can deliver such cards.,order_physical_card,polite_expert
5d25becc-21f8-4ee3-8357-b81b4b128b46,"Yo, can u let me know how I can snag a physical card and what's the fee for it?",order_physical_card,gen_z_slang
b21d70bf-585b-43f6-969c-bd77dd2bf9b3,"Hey, can I snag a physical card and find out if there’s any fee for it?",order_physical_card,gen_z_slang
d7881fd8-f754-4b63-a870-907be522cc06,"Hey, can u hook me up with a real plastic card ASAP?",order_physical_card,gen_z_slang
6d2f5b5a-1728-48e3-86c5-1e0a3dff0cc2,"Yo, can I snag a real card shipped to my place through the app?",order_physical_card,gen_z_slang
df8552b3-b69d-48ca-ace4-0b3758077ba4,"Yo, where do I go to cop a physical card?",order_physical_card,gen_z_slang
e442ac9e-a28d-412b-8984-63ac27f5844e,"Hello, I want have a real card not only phone app, can you give me the plastic card please?",order_physical_card,non_native_speaker
295fff9c-b00f-4cd3-9228-d5ae91a7a411,"I want have a real card, please tell me how to get it.",order_physical_card,non_native_speaker
cf656aab-3b73-42c9-9dcd-309fa351ce78,"hi i need a real card for buying in store, can you tell me how i order it and where you send it?",order_physical_card,non_native_speaker
7168a8bb-b258-4101-9165-e6238f101a73,"Hello, I want to order my first plastic card, can you tell me how and where you send it please",order_physical_card,non_native_speaker
a46ffa18-765d-4895-adbc-54dc84963cf5,"Please can you send me a real card by mail, I need it soon.",order_physical_card,non_native_speaker
2dec6965-3400-4958-9015-9be54c08f37f,Physical card request,order_physical_card,short_wording
e6192f41-59e2-4e30-9ba2-13ec2b06d27b,Request physical card,order_physical_card,short_wording
0fa95f27-1e95-42fd-86e6-a742ae876b4f,Request physical card,order_physical_card,short_wording
0ebcbbbc-92e5-49e0-909a-9a1134784ae8,Physical card request,order_physical_card,short_wording
628d952c-d219-465d-ba2c-5eb5f73142a5,Physical card request,order_physical_card,short_wording
bfd1228c-dc1b-4cf0-be09-cf661144efe9,"Yo, I can’t get into my damn account ’cause I forgot the stupid passcode—fix this right now!",passcode_forgotten,angry_layperson
157bf49f-da99-4074-ba1f-916b84d79b03,I'm furious—I've completely forgotten my damn login code and now I can't even get into my own account!,passcode_forgotten,angry_layperson
eb7c4104-670b-48f8-ab89-b1ebd07cb086,I'm fed up 'cause I can't get into my account—forgot the stupid code and you guys haven't given me a way to fix it!,passcode_forgotten,angry_layperson
208e1922-edc2-47b4-bd78-6f4e3a0afad1,"I totally forgot my damned login code and I need a fresh one right now, fix it!",passcode_forgotten,angry_layperson
2f6ca466-e7c4-4dd5-bffc-d1c2321c32b8,I'm sick of this crap—I can't get into my damn app ’cause I completely forgot the stupid code to log in!,passcode_forgotten,angry_layperson
e4755f25-1587-44a9-ba9f-c0198c6ca59d,Forgot my access code cannot get into app need a new passcode immediately,passcode_forgotten,panicking_emergency
a85114ab-a581-4344-a30a-15b0577ee5bb,Can't get into app forgot my code need help fast,passcode_forgotten,panicking_emergency
876a91db-ffff-4672-a81d-db251a58aae6,Cannot remember my code need reset now urgent,passcode_forgotten,panicking_emergency
f16b377c-1fdb-42f2-87ac-c85568d939b5,Forgot my passcode cant log in need reset now,passcode_forgotten,panicking_emergency
96fffebb-914d-4efc-9671-eea78d025d94,Forgot my code cant get in need help now,passcode_forgotten,panicking_emergency
ac0d3f89-323f-47c2-b7b1-4dc024624be1,I regret to inform you that I am presently unable to recall the security code required for entry into my online banking application and would appreciate detailed instructions on how to re‑establish access.,passcode_forgotten,polite_expert
84b46d80-262c-4f2c-bda8-e33422cd0fd9,"Dear Sir or Madam, I am currently unable to recall the passcode required for accessing my mobile banking application and would appreciate guidance on the appropriate procedure to securely reset it.",passcode_forgotten,polite_expert
c20e1482-ec31-497d-a1e8-8d4ffb612d1f,I am currently unable to recall my online banking passcode and kindly request guidance on the procedure required to securely reset it.,passcode_forgotten,polite_expert
52a597f2-2f63-4fa5-80f8-a23eb4dfd47b,I am currently unable to recall the security code required to access my mobile banking application and would be grateful for instructions on how to securely reset it in order to resume normal account management.,passcode_forgotten,polite_expert
8eb8f7cb-047f-443e-af2e-d54684c4c4ce,"Dear Sir/Madam, I am unable to recall my current login passcode for the mobile banking application and would appreciate guidance on the appropriate procedure to securely reset it.",passcode_forgotten,polite_expert
266c8b8b-b133-43a9-84ca-e208d9c7c60c,"Hey, I totally spaced on my app passcode—can you hook me up with a reset?",passcode_forgotten,gen_z_slang
d69f3b99-6847-4d81-911f-281a46c7cc69,"Hey, I totally spaced on my app code—can you hook me up with a reset ASAP?",passcode_forgotten,gen_z_slang
0603cf46-74ec-4ace-801a-e8aaf32f47c0,"Yo, I legit forgot my app passcode, can you help me reset it ASAP?",passcode_forgotten,gen_z_slang
5c86c2f6-cf44-4699-ab7b-62e2ae343add,"Yo, I legit forgot my app passcode, can you help me reset it ASAP?",passcode_forgotten,gen_z_slang
1df682f8-63e1-44a5-9e14-203dbc34df7c,"Yo, I totally spaced on my login code, what's the move?",passcode_forgotten,gen_z_slang
3ba85ae3-ca10-4397-b0dd-17e50f8def6f,"I no remember my code, please tell me how I can get new one.",passcode_forgotten,non_native_speaker
dc705544-5e13-4f5c-bd9a-64b5ee1a6f46,"I no remember my passcode, can you help me reset it?",passcode_forgotten,non_native_speaker
84fdf2dd-3ef2-491e-83be-0d67da245e5b,"I cannot remember my password, can you please tell me how I can set new one?",passcode_forgotten,non_native_speaker
2d709e0f-6930-4170-a906-522adebfed18,"Hi, I no remember my code for the app, please help me.",passcode_forgotten,non_native_speaker
d0e1e702-3db0-4ebe-b025-391b7eb154ba,"Hello, I forgot my password and cannot login, please help me get new one.",passcode_forgotten,non_native_speaker
c6b6cf4b-fb1c-4b91-8565-4a7d36f6f5fc,Forgot passcode,passcode_forgotten,short_wording
2edb18fa-dab7-4556-937f-2757ea3b8999,Forgot app passcode,passcode_forgotten,short_wording
a3ca8010-3651-4831-8441-cc09de0f5e77,Forgot my login code,passcode_forgotten,short_wording
c79728d5-49d3-42f3-ae03-0898939bed73,Forgot app passcode,passcode_forgotten,short_wording
293fd771-b625-48b7-ab3a-8a46b815d1fa,Forgot passcode,passcode_forgotten,short_wording
76b39d0c-759d-4836-a6dd-38fd9ed3b1b1,I made a purchase ages ago and it’s still hanging there—what the hell is taking forever to clear this payment?,pending_card_payment,angry_layperson
f053705c-7211-450c-8af4-5478cdb54fcb,"Seriously, why the heck is my card charge still stuck and not clearing after all this time?",pending_card_payment,angry_layperson
d01f515e-c8fb-47b7-8d37-b9846b4847c7,I bought something this morning and it's still stuck on hold—what the hell is taking so damn long?!,pending_card_payment,angry_layperson
8b01b0ea-fe12-4929-9c76-8c48171d14ec,I bought some crap this morning and the charge is still hanging there as “pending” – what the hell is taking so long?!,pending_card_payment,angry_layperson
af242575-90e7-4310-bc8e-0a6e57ff1f26,"I'm fed up—I swiped my card for groceries this morning and the cash is still stuck on some stupid hold, why the hell isn’t it cleared already?",pending_card_payment,angry_layperson
f59b7824-2c9c-460c-8007-18ca65acdfce,payment still pending need it cleared now my account frozen,pending_card_payment,panicking_emergency
f278ca02-f3ec-437b-b4e6-0e0bfbd723ee,"Payment still pending  
Bills due today  
Need it cleared now",pending_card_payment,panicking_emergency
3cf78391-e49d-47a3-b6e7-0483e3aea2c9,Card payment stuck on hold need it cleared immediately urgent help needed,pending_card_payment,panicking_emergency
2571ed3d-86f6-4dec-a9d2-4f148be8b68e,Bought groceries this morning payment still pending need it cleared now,pending_card_payment,panicking_emergency
ff1c2c57-a47e-42c1-9ce0-00960043a14e,payment still pending need it cleared now my balance wrong urgent help,pending_card_payment,panicking_emergency
f951ef61-7cfb-4073-a8ae-7be506aa3e41,"I have authorized a card transaction earlier today, yet the amount remains in a pending status; could you kindly investigate and advise when the settlement is expected to be completed?",pending_card_payment,polite_expert
d3659ae6-a7a1-4e35-95bc-b08b1cf09fd0,"I kindly request clarification concerning the recent card transaction that continues to appear in a pending status on my account, as I would like to understand its current processing stage and anticipated completion date.",pending_card_payment,polite_expert
d5a79231-e8c7-4809-a42e-462168c540d0,"I would appreciate clarification regarding a recent card transaction that continues to appear as pending after having been authorized fifteen days ago, as the associated funds have not yet been settled to my account.",pending_card_payment,polite_expert
42d822ef-1845-4e7c-88b2-fd9dff036f0a,"I have observed that a recent transaction made with my debit card remains marked as pending, and I would appreciate clarification regarding the typical processing duration for such authorisations as well as any steps I may need to undertake to facilitate its completion.",pending_card_payment,polite_expert
c13375c3-3d9e-412f-b1eb-65fdd0412675,I submitted a card transaction several days ago and it remains in a pending state; could you kindly advise on the typical processing timeframe and when I may expect the amount to be fully captured?,pending_card_payment,polite_expert
48400d54-c241-4604-b594-38512997b96e,"Yo, why’s the payment on my card still stuck in pending mode and not gone through yet?",pending_card_payment,gen_z_slang
7870380c-a1f6-44e8-91aa-d68ccaed7dc2,"Yo, i swiped my card and it’s still stuck as pending, pls check what’s up.",pending_card_payment,gen_z_slang
ba9b1c74-f25f-4412-8f7d-ca6aa1465d55,"Yo, I tried buying something but it’s stuck on pending forever, what’s up?",pending_card_payment,gen_z_slang
49c0b0b0-e2c9-4380-9693-3d581c0ceef3,"Yo, I used my card and the payment’s still stuck as pending, can u check why it ain’t clearing?",pending_card_payment,gen_z_slang
08a4c88a-5597-4dee-8965-7429d26a19c9,"Yo, my card payment’s still stuck on pending—any idea when it’ll actually go through?",pending_card_payment,gen_z_slang
d01b9ec0-0dea-4975-be37-df0c27017617,"Hello, I use my card to pay for shop yesterday but the payment still showing pending, can you please tell me what happen?",pending_card_payment,non_native_speaker
874c9d65-b5ec-4ca3-8ebe-757da8dbc8fc,"Hi, I used my card to buy something but the payment is still pending, can you help me understand?",pending_card_payment,non_native_speaker
2fabf271-c8db-464d-b702-a5ddc35af5e0,"Hi, I buy thing this morning and my card show pending for long time, please tell me why it not finish yet?",pending_card_payment,non_native_speaker
31e21cf0-8ba5-4101-8421-2314ba58feae,"I used my card to buy something but it still showing pending, I no understand why, please check and tell me when it will finish.",pending_card_payment,non_native_speaker
cf2e578f-6b55-4eef-a459-c18ba194b6a3,"I use my card today to buy thing and the payment still pending, please check why it not finish yet.",pending_card_payment,non_native_speaker
3cec199f-90ae-411f-9b6f-f306f545ea51,Card payment pending,pending_card_payment,short_wording
b2102a5e-8cad-41c2-9a0c-819462f04775,Payment still pending,pending_card_payment,short_wording
e77ad0f9-0d67-4523-acfe-d6daffedf997,Card payment pending,pending_card_payment,short_wording
dde2dd63-685e-4757-ac4c-42d0de0e89fb,Payment still pending,pending_card_payment,short_wording
2bfb1fe7-d98d-4b20-9121-28a267bf8235,Card payment pending?,pending_card_payment,short_wording
3c78783e-5192-4179-9b3c-5265aa09baf7,"I tried pulling cash at an ATM, it said it was declined, but the money’s still stuck on my account—fix this now.",pending_cash_withdrawal,angry_layperson
3cdda1e1-9cbc-4040-abff-e7a252d692f2,I tried to pull cash from the ATM and now it’s just hanging there—why the hell is my money stuck and not showing up in my account?,pending_cash_withdrawal,angry_layperson
9193dced-ca73-4602-8168-ae181d75fefe,"What the hell is going on, I tried to pull out cash ages ago and it's still stuck in limbo—sort it out right now!",pending_cash_withdrawal,angry_layperson
b8258358-765b-4c31-893e-a11525dd2516,"I tried pulling out cash at the ATM and got nothing, but now my balance is stuck on that stupid hold—fix this ASAP!",pending_cash_withdrawal,angry_layperson
71e9da36-7143-4818-a389-38e1c3f6b890,"I tried pulling out cash at the ATM and it's just stuck there, damn it—fix this right now!",pending_cash_withdrawal,angry_layperson
a628880c-802f-412d-aa52-7b37be5a7378,Withdrawal didnt dispense cash screen says pending need it fixed fast,pending_cash_withdrawal,panicking_emergency
c6e20e02-3ff4-421e-932c-aad78b4a7575,atm didnt give me cash transaction still pending need this fixed now,pending_cash_withdrawal,panicking_emergency
7509f3ea-e8ca-43f5-8cb8-cca513004cec,Got cash from ATM and my app still says pending I need this fixed now,pending_cash_withdrawal,panicking_emergency
5cd591d1-8ede-4d99-b454-c3b3b227a525,ATM refused cash still pending account empty need money now,pending_cash_withdrawal,panicking_emergency
41aef619-829b-422d-96a5-a485b70b1497,Cash withdrawal still pending money vanished need it now urgent help asap,pending_cash_withdrawal,panicking_emergency
3fa50548-7521-47ce-9c32-7be139119eef,I would appreciate clarification regarding a recent ATM withdrawal that remains marked as pending in my account despite having received the cash.,pending_cash_withdrawal,polite_expert
5d8ac7c7-5426-4468-9de1-652a308095eb,I would like to inquire about the status of an ATM cash disbursement that remains listed as pending in my account despite having received the funds earlier today.,pending_cash_withdrawal,polite_expert
c6ae7928-1f3a-490a-abd0-80fd5a78fdc3,"I attempted an ATM cash withdrawal earlier today which was declined at the terminal; however, my account still reflects a pending debit for that amount, and I have not received any funds—could you please clarify the status of this transaction?",pending_cash_withdrawal,polite_expert
3baaa9cf-c0ad-42d7-9b71-6a611cb5438c,"I withdrew cash from an ATM earlier today, yet the transaction continues to appear as pending in my online account; could you kindly clarify the anticipated posting timeframe and advise whether any further action is required on my part?",pending_cash_withdrawal,polite_expert
798c5266-36c3-4a01-8372-4c7d0ca2be19,I kindly request clarification on the expected time frame for an ATM cash dispensing transaction that presently remains in a pending status on my account.,pending_cash_withdrawal,polite_expert
c40c426c-27fa-4065-b9df-c44575cc6ab6,"Bruh, I just got cash from an ATM and it’s still stuck as pending in the app, what’s the deal?",pending_cash_withdrawal,gen_z_slang
b34a64af-06f8-4ffb-965a-0ea103659d58,"Yo, I tried pulling cash at the ATM but it froze and now it's still showing as in progress – can y’all check so I don’t get charged for money I never got?",pending_cash_withdrawal,gen_z_slang
b3f80a78-cde3-4d2b-87c1-d781888a400c,"Yo, tried grabbing cash at the ATM earlier and it’s still showing as pending even though I got nothing—can u fix this ASAP?",pending_cash_withdrawal,gen_z_slang
5cf6e279-5618-41b5-9f84-a534c6b06db3,"Yo, I tried pulling cash at an ATM earlier and it’s still showing as pending in the app—what’s the deal?",pending_cash_withdrawal,gen_z_slang
43750adc-bc96-4993-aae4-74775182023f,"Yo, I tried pulling cash at the downtown ATM, it got denied and now it's just hanging as pending—didn’t get any money, can you cancel that transaction?",pending_cash_withdrawal,gen_z_slang
9b35c620-49b1-4fb6-8c2c-2bd6b8305448,"Hello, I take cash at ATM but it still show pending on my phone app, why?",pending_cash_withdrawal,non_native_speaker
9d3b7c34-3a3c-404e-8cc1-6716c39c7c8a,"Hello, I try to get cash from ATM but nothing came out and the app still shows it as pending, please help me.",pending_cash_withdrawal,non_native_speaker
63eebb06-a6b9-40d3-a0a1-de7a529b4293,"I take cash from the ATM and I have the money now, but in the app it still say pending, why?",pending_cash_withdrawal,non_native_speaker
72938a33-38e1-493d-ba97-0678d9097280,"I took cash out at ATM and it still not appear on my balance, can you fix?",pending_cash_withdrawal,non_native_speaker
ac8d3672-f2a0-4bcb-8e72-7583a7dc0ddd,"I try take cash at ATM but machine said error and now the transaction still show as in progress, please help check it.",pending_cash_withdrawal,non_native_speaker
ede72073-3949-44bc-bb83-d0a3a07803c2,Withdrawal still pending,pending_cash_withdrawal,short_wording
cbd49b30-9811-42a6-bcd7-e11b58a9f332,Withdrawal still pending,pending_cash_withdrawal,short_wording
7a8df8f8-a790-4673-bb0a-83e43ef21e85,ATM cash pending,pending_cash_withdrawal,short_wording
ad4b06ef-86fd-4c32-9417-23aa767598a9,ATM withdrawal still pending,pending_cash_withdrawal,short_wording
d9c5e3d1-b657-4622-887f-e770965ce055,Cash withdrawal still pending,pending_cash_withdrawal,short_wording
cfd119e5-ad49-4752-a19a-2c704054af12,"Listen up, I’ve been trying to shove cash into my account for forever and it’s still stuck in limbo—fix this crap right now!",pending_top_up,angry_layperson
1d8c9a8d-cf6c-4dd1-8b37-013350c405c2,"What the hell, I topped up ages ago and still don't see a single cent in my account!",pending_top_up,angry_layperson
36edb4f5-e9ca-4ee4-90fd-0ccaf5b7bcea,I topped up my card ages ago and still don’t see a dime – what the hell is taking forever with my money?!,pending_top_up,angry_layperson
4db4ed75-57fe-445a-abe9-99dbb46837aa,I just slapped cash onto my card and it still ain't showing up—what the hell is taking forever?!,pending_top_up,angry_layperson
78a06abb-4c90-46a5-8a80-0fb30b704003,I topped up a few minutes ago and the money’s still stuck—what the heck is taking forever?!,pending_top_up,angry_layperson
40ef597e-034a-4420-b8c7-6d51739e1f31,Top up still pending Money not in account Need it now Help please,pending_top_up,panicking_emergency
bf0dc378-97a7-44f4-9bf1-849684c77f84,Topped up funds nowhere in balance urgent need money now,pending_top_up,panicking_emergency
601558d1-ab19-45a5-bbb5-623357f07f9a,Tried to top up just now money missing please fix instantly,pending_top_up,panicking_emergency
a22cb077-3cd0-40cc-a2ea-7b3b5765b3af,Topped up five minutes ago still pending account empty need funds immediately,pending_top_up,panicking_emergency
1a9d299e-4ff7-4dba-af49-673039be6fc4,Urgent help my top up from this morning still missing funds please fix now,pending_top_up,panicking_emergency
d8ed54b3-c875-4c4a-afa5-e37f6fe94dcc,I have noticed that my recent top‑up remains in a pending state and would appreciate clarification regarding the anticipated processing time and any required actions on my part.,pending_top_up,polite_expert
4f625287-9937-4c2c-a7d2-9959102adc4f,"I kindly request assistance in resolving the matter of my recent top‑up, which, although submitted fifteen minutes ago, continues to appear as pending and has not yet been reflected in my available balance.",pending_top_up,polite_expert
1589992b-6dee-4dc9-9270-d8dc9dcc2f33,"I have initiated a top‑up to my account; however, the funds remain in pending status, and I would appreciate clarification on when they will become available for use.",pending_top_up,polite_expert
739bf95f-4fa6-47fe-bda6-f62991d1ae03,"Dear Sir/Madam, I initiated a top‑up to my account earlier today and observed that the transaction remains in a pending state, with the funds not yet reflected in my balance; I would appreciate your prompt investigation and resolution of this matter.",pending_top_up,polite_expert
f84cc24a-e43c-42bc-9e73-ae0d6a996b98,I kindly request an explanation as to why the recent top‑up I initiated remains pending and has not yet been reflected in my account balance.,pending_top_up,polite_expert
c28b83f6-9d9b-4f0a-9582-cfb00f0230ce,"Yo, I topped up like half an hour ago and it’s still stuck pending—need the funds to hit my account ASAP.",pending_top_up,gen_z_slang
69cf503d-9a7b-4879-97f2-b609648b182d,"Yo, I topped up a couple hours ago and it’s still stuck in limbo, can u fix it ASAP?",pending_top_up,gen_z_slang
4520d699-ee5c-44bf-913c-987258c3cc83,"hey i just tried to top up and it’s still stuck on pending rn, need the cash asap for a merch drop—what’s up with that?",pending_top_up,gen_z_slang
b3fc35b4-8938-411c-8e95-06011bce9287,"Yo, I just tried topping up and it’s still stuck in limbo, any chance you can speed this up?",pending_top_up,gen_z_slang
3a6e1a96-b43b-41fb-be39-5642c4ad8cec,"Yo, I just tried to top up my account and it’s still stuck in pending mode after like 45 mins—what’s the deal?",pending_top_up,gen_z_slang
d9049665-c58d-46d8-82f0-fbe517bc5889,"I try put money to account but it still waiting, I need spend now, can you help?",pending_top_up,non_native_speaker
8394dc5c-6d11-4d63-9712-3ec174ead5c7,"Hi, i try put money into my account but it stay pending, not finish yet. I need use card now, can you please check?",pending_top_up,non_native_speaker
19a4028d-ff17-4449-ac3e-499fc8a860df,"I try to add money to my card but the amount still not show up, can you help?",pending_top_up,non_native_speaker
50491343-4dac-4f8b-b5bb-88558045950e,"I try to top up with my card but it still show pending and not finish, please help.",pending_top_up,non_native_speaker
f9029e71-073d-4e6c-82e5-344d2c76ef2f,"Hi, I try to add money with my card but it still pending, can you tell me where my cash is?",pending_top_up,non_native_speaker
41cc549e-1f90-4482-b51e-2bb7eb187417,Top up not showing,pending_top_up,short_wording
4ff15430-85e5-4c56-b47c-2b03e7ca9fc5,Top up pending,pending_top_up,short_wording
9a860183-93f2-4ee4-9937-e6d39d400f88,Top up still waiting,pending_top_up,short_wording
048d7b94-e643-4991-948d-9f9846c16225,Top‑up still pending,pending_top_up,short_wording
3bd1c8bf-06c7-4b70-bab3-4fb597a99a79,Top up pending,pending_top_up,short_wording
8f8d5b61-c84b-47fb-808a-be1590abfa6a,I sent cash to my buddy ages ago and it’s still stuck in limbo—what the heck is taking so damn long and why can’t anyone fix this already?,pending_transfer,angry_layperson
2a9d501f-611e-4f68-b44c-7df081672172,I sent my cash twelve freaking hours ago and it’s still just hanging there—what the hell is taking forever?!,pending_transfer,angry_layperson
0209971c-07c5-4738-b547-b16fa193dd39,"Hey, I've been waiting forever for that cash I tried to send and it's still stuck—what the hell is taking so long and when am I finally gonna see it move?",pending_transfer,angry_layperson
e68630e3-ce11-4e51-bb55-07c1596483a8,I sent my cash ages ago and it’s still stuck—why the hell hasn’t it gone through yet?,pending_transfer,angry_layperson
5a23efc4-cf1d-48b2-9329-1d3e831e48db,I’m fed up waiting—my money’s stuck in limbo and I need it to move right now!,pending_transfer,angry_layperson
e62e44fd-1f69-4324-affb-e9d9c07595c9,money sent still pending need it now urgent,pending_transfer,panicking_emergency
874de672-83d1-4ee7-970f-63d7093607e9,Transfer still waiting I need it now check status why is it stuck urgent,pending_transfer,panicking_emergency
a0d43828-9d7e-4ebf-88ed-2198b5259f63,Sent money yesterday still not in account I need it now,pending_transfer,panicking_emergency
5c1ccb3a-5552-4800-809d-e516e06a43d4,Transferred funds this morning nothing shows up account empty urgent need access now,pending_transfer,panicking_emergency
ccd34007-9064-4a8d-b0a0-30cedc602d97,Money sent two hours ago still not there need it urgent,pending_transfer,panicking_emergency
bc0eb5d0-b5d6-4159-bb82-641c24de1ed1,Could you kindly provide an explanation for why my recently initiated electronic funds transfer continues to appear as pending beyond the anticipated settlement period?,pending_transfer,polite_expert
269e601d-ff9d-4ec6-87bc-a1a46cae7078,"I kindly request clarification regarding the anticipated processing timeframe for my recent funds transfer, which remains listed as pending despite having verified that all beneficiary account details are accurate.",pending_transfer,polite_expert
cfa90ef0-ca05-4c61-a8de-d07453e4e76c,"Dear Sir or Madam,

I recently initiated an inter‑account transfer which continues to appear in a pending status; I would be grateful if you could advise me on the expected processing timeframe and elucidate any factors that might be causing this delay.",pending_transfer,polite_expert
68762395-42bb-4fd4-a90d-dafbf4db3a43,"I am writing to inquire about the anticipated processing time for my recent electronic funds transfer, which remains in a pending state and has not yet been credited to the intended recipient’s account.",pending_transfer,polite_expert
b2c611e6-81cd-4a65-b845-760786975898,"I would appreciate an update regarding the status of my recent inter‑bank transfer, as it has not yet been reflected in the beneficiary’s account.",pending_transfer,polite_expert
6af416e9-3873-4a17-b58e-071cf82e2af8,"Yo, I sent a transfer about half a day ago and it’s still stuck pending—any idea when it’ll finally go through?",pending_transfer,gen_z_slang
7f67fd36-93f8-4d44-b104-eb991bcdccb8,"Yo, I sent a transfer to my buddy yesterday and it's still stuck in limbo—what’s the hold‑up?",pending_transfer,gen_z_slang
f58af932-415e-4864-a15d-14dfc245d861,"Yo, I sent money like 12 hours ago and it still says pending, what's the deal?",pending_transfer,gen_z_slang
e84fc847-1715-4ad7-889f-b6ca81f50d9a,"Yo, I sent a transfer earlier and it’s still hanging, any idea when it’ll clear?",pending_transfer,gen_z_slang
b8ee4c05-cecb-4a5a-9bf0-bf95de19e9c8,"Yo, my transfer still shows as pending—any clue how long it'll take to actually go through?",pending_transfer,gen_z_slang
2158b6f7-a565-4a90-b013-f6f4293ae2f3,"Hi, I do a money transfer but it still waiting, can you tell me when it will finish?",pending_transfer,non_native_speaker
2782b4bc-e674-4473-9131-17e74af16661,"Hi, I made a transfer yesterday but the money still not show in my account, please help.",pending_transfer,non_native_speaker
16961221-9537-4230-a5d6-0aba31df7a49,"Hi, I made a transfer many hours ago and it still show pending, can you tell me why it not finished yet?",pending_transfer,non_native_speaker
577d96e7-8131-42cb-a1a5-a323fa65d7dd,"Hello, I sent money to another account but it still show pending for many days, I think the numbers are correct, please help me.",pending_transfer,non_native_speaker
496f84bb-8c25-4f14-b238-9c46c9ab48be,"I did a transfer yesterday but it still not show in my account, can you tell me when it will be finished?",pending_transfer,non_native_speaker
cbe5e9de-ab5e-460c-aa86-328565ef3e3d,Transfer still pending,pending_transfer,short_wording
e6e2a3f1-63c1-4549-b88d-e7d08e577409,Transfer still pending?,pending_transfer,short_wording
1de51132-4a66-4e95-a7ad-08e21e5567e1,Transfer still pending?,pending_transfer,short_wording
ef2e1cd3-3548-4255-a953-50e03b0d944f,Transfer still pending?,pending_transfer,short_wording
f2c3fef0-05e5-4e8a-88a7-efc6404c4054,Transfer still pending,pending_transfer,short_wording
22c0d533-35ac-4c4e-ba51-db8b0da0ac16,"Yo, I busted my PIN by trying it over and over and now I'm locked out—unblock that damn thing ASAP!",pin_blocked,angry_layperson
b0f7743a-ac51-4f3b-bb7f-69a56c7409a6,I've hammered in the wrong PIN so many times that my damn card’s totally locked—fix this right now!,pin_blocked,angry_layperson
fe82d17d-09e3-482e-8f71-d5976714ee84,"Damn it, I keep punching in my card code at every ATM and they just shut me out—what the hell do I have to do to get it working again?",pin_blocked,angry_layperson
e26bdc8c-cce5-4d70-b707-e7f26897835a,My freaking PIN got locked again and I can't even get into my account—fix this crap right now!,pin_blocked,angry_layperson
7a8a10f5-e960-40e0-ab5d-5738b9527209,I keep punching in my dumb PIN and now it’s locked up—fix this crap right now!,pin_blocked,angry_layperson
d3ef5f51-5ada-4939-80ac-a4648250bf88,my pin is blocked cant withdraw any money need reset asap,pin_blocked,panicking_emergency
d1481cf0-f4af-4a8f-ba2b-2c353f9e9d50,My PIN stopped working blocked cant use card need help now,pin_blocked,panicking_emergency
590de930-3a89-4243-bc25-9136396228aa,ATM rejects my PIN each try fails I'm locked out need immediate assistance,pin_blocked,panicking_emergency
2d5c1792-934f-4389-aaab-c57abd23a380,My PIN is blocked I need access now can’t wait,pin_blocked,panicking_emergency
1be80a61-81c7-4ed9-ae88-e752a5d45f12,Help my card says PIN blocked I cant use it need unblock now,pin_blocked,panicking_emergency
63acca08-a6ff-4089-8329-6a52ded9cc2a,I would appreciate your assistance in restoring access to my account by unblocking the card PIN that has been locked following several unsuccessful entry attempts.,pin_blocked,polite_expert
e20fca8f-4197-4750-9466-9f99c0cf9eef,"As I have exceeded the permitted number of entry attempts and my debit‑card PIN is now locked, I kindly request guidance on the procedure required to have the PIN reinstated.",pin_blocked,polite_expert
468f5572-46b3-4827-9164-df539437c5e9,"I have entered my card’s personal identification number incorrectly multiple times, resulting in a lockout, and I would appreciate detailed instructions on how to have the PIN unblocked.",pin_blocked,polite_expert
e4922a9f-ccf9-41d8-b7f4-dcc054ea9872,"I have attempted to use my debit card multiple times, and the terminal now rejects my PIN entries; could you kindly advise me on the process required to reactivate or reset the PIN?",pin_blocked,polite_expert
173e4534-d809-42cb-b623-2fb2f7950f87,"Dear Sir or Madam,

I have attempted to use my debit card on several occasions and now receive a notice that my Personal Identification Number is locked, thereby preventing any further transactions; I would be grateful if you could advise me of the procedure required to re‑enable the PIN.",pin_blocked,polite_expert
223e5ec8-bb1c-486e-b270-e342ebcb2a68,"Yo, I kept messing up my PIN all the way and now it’s locked—can you hook me up with a reset?",pin_blocked,gen_z_slang
c61a2ef0-3591-4e85-b826-e10819ec3f8b,"Yo, I messed up my PIN tries and now it’s blocked—need to get it unblocked ASAP.",pin_blocked,gen_z_slang
a4070b7a-1ecd-4b70-aa96-b6448a4a0e15,"Yo, I typed my PIN wrong a bunch of times and now it’s locked, can u help me get it back?",pin_blocked,gen_z_slang
cfd96645-be54-45cc-8a5e-b1d017ae3178,"Hey, I messed up my PIN too many times and now it’s locked—can you help me get it back on track?",pin_blocked,gen_z_slang
72e6f7d3-45f5-461e-b9c1-8f1d5a6499ee,"Yo, my card PIN got locked and I can’t even use it, pls help.",pin_blocked,gen_z_slang
59a2ff2c-9a60-4c3f-8df7-2f5bde8946c2,"Hello, my PIN no work after many try, can you please help me unblock it?",pin_blocked,non_native_speaker
e71660bd-da2a-46a6-81c6-1f2bf8ed1480,"Hello, I tried my card PIN many times and now the machine says it is not working, please help me unlock it.",pin_blocked,non_native_speaker
3bd2049d-5c4e-4ef1-b8ea-6ad549fd426b,"I try my PIN many times and now it block, please help me unblock.",pin_blocked,non_native_speaker
ab9cfd3f-5c5b-4b33-aa82-433457000163,"Hello, I try many time with wrong pin and now my card not work, can you please help me to unlock it?",pin_blocked,non_native_speaker
56511080-8371-4228-b2a6-632b4012e741,"I tried many time with wrong PIN and now my card no work, can you please help me unblock it?",pin_blocked,non_native_speaker
98109a01-6a2f-44e6-b238-3ff907017cf3,"PIN locked, need unblock",pin_blocked,short_wording
83fcaeca-dcd4-4979-b980-54aba97bb9a7,Unblock my PIN,pin_blocked,short_wording
1b7e2113-4f70-49eb-b6f9-aefd8d758b93,"PIN blocked, help",pin_blocked,short_wording
858e4c18-71cf-4c76-95a0-0e451eddfd39,"PIN blocked, unlock",pin_blocked,short_wording
da2fe98c-5fca-484e-90be-603a0145879e,"PIN blocked, need unlock",pin_blocked,short_wording
0dee5ada-6074-4849-a156-069a6894614a,I’m sick of waiting for my buddy’s cash to hit my account—just sort this out already!,receiving_money,angry_layperson
7b4541a6-1004-483b-b922-55bbc28626d8,"Why the hell can’t anyone actually send me cash into this damn account, I’m fed up with all the useless crap!",receiving_money,angry_layperson
e7139941-9fea-4f4b-ad74-d2943ca6a965,I’m fed up with this crap—why the hell can’t folks just shove my paycheck into this stupid account already!,receiving_money,angry_layperson
4861ce8d-3f4d-493f-bf36-098e17ff2ef7,I'm sick of waiting—why the hell can't my paycheck get into this damn account already?,receiving_money,angry_layperson
568a9c47-cbce-430c-a105-c641df8c3d34,"Yo, what's the deal with my salary still not being in my account—I've been waiting forever and I need that cash already!",receiving_money,angry_layperson
b7b0c608-d613-4596-95b0-5bcfb15b2a42,Salary landed in GBP need it converted to USD now help fast,receiving_money,panicking_emergency
b077f0d5-e88e-4fad-9319-5918b32148da,Salary posted in euros need it in dollars now urgent account can't wait,receiving_money,panicking_emergency
296180c6-f774-4beb-98ba-5ff44c15b10d,Urgent salary transfer need money in my account now can I receive it today,receiving_money,panicking_emergency
a18efc1b-6d1c-4252-9426-2084c5da22db,My salary didn't show up I need it immediately please check my account and release funds now,receiving_money,panicking_emergency
13cbb3ee-803d-43a7-a162-dcad2619c91f,Incoming payment not in account urgent need help,receiving_money,panicking_emergency
7ed2795b-800d-4daa-96c9-df4fa8927ebc,"I would appreciate guidance regarding the permissible channels through which third parties may remit funds to my account, particularly when such payments are denominated in a currency other than my domestic account currency.",receiving_money,polite_expert
69bef057-702a-4bea-b096-b133be9f63b3,I have recently received a salary payment denominated in GBP and would like clarification on whether any additional configuration within my account is required to ensure the funds are properly allocated.,receiving_money,polite_expert
8cc2e198-f48d-43da-b8a8-992f446fe483,"I have recently received a salary payment in GBP into my account and would like to confirm whether any further configuration is required on my side to ensure the funds are correctly allocated, and additionally inquire if it is possible to receive future remuneration in an alternative currency without opening a separate account.",receiving_money,polite_expert
2f70cdc6-0f8d-49b5-a605-726f3143bbd7,"I would appreciate clarification regarding the various methods by which external parties may remit funds into my account, including the eligibility of salary deposits and other recurring payments. Could you also outline any pertinent requirements or restrictions associated with each transfer option?",receiving_money,polite_expert
e760101c-b095-41e9-b473-1f7ab3be61ad,I would like to inquire about the procedure for having my salary credited to this account in a currency different from the one in which it is currently paid.,receiving_money,polite_expert
0473e91c-9a3f-4f55-8e60-6af7b30e907f,"Hey, my friend sent me money but it still hasn't popped up in my account, can you sort this out?",receiving_money,gen_z_slang
b8350036-4275-4893-b14a-06bf9c38b70d,"Yo, can I have my salary sent straight to my account, no extra hoops?",receiving_money,gen_z_slang
8d2e177d-9812-46b4-abe4-a40c0b061b1f,"Yo, can u let me know how people can drop their money or my salary straight into my account?",receiving_money,gen_z_slang
0e8c0618-d4de-4597-9797-33512187d1be,"Yo, how can my buddy shoot some cash over to my account?",receiving_money,gen_z_slang
4a6938be-c216-4ff0-9578-d748185323d9,"Yo, can I get my paycheck wired straight to this account?",receiving_money,gen_z_slang
58794024-6b6b-45f2-8ad5-caa0c624c3ec,"Hi, I need receive money from my brother who send in US dollars, can I have it in my local currency please?",receiving_money,non_native_speaker
4e60a816-cc88-40c0-8a3a-1f4a614ee3aa,"Hi, I need get my salary into my account but I work in Euro, can the bank pay me in Euro instead of GBP? Thank you.",receiving_money,non_native_speaker
34dd09e9-de7e-467d-84ff-dfeea6a5e868,"Hello, my salary come in GBP and i not sure how to put it into my account.",receiving_money,non_native_speaker
0b18d6c3-3e35-426e-83d7-35a6673b4f1b,"Hi, I want my friend send me money to my account, can you please tell me how?",receiving_money,non_native_speaker
6c0babf4-7cbf-4643-b2ec-c38ca171edff,"Hi, I need help to receive my salary that is in GBP into my account, how can I set it please?",receiving_money,non_native_speaker
960b18a6-d070-4c4b-93f0-d2ebca766ca3,Paycheck transfer foreign currency?,receiving_money,short_wording
29614e58-3927-4e07-9bc2-f1e28860c852,Receive salary GBP?,receiving_money,short_wording
07f212e9-4720-4e97-8f82-36f0f0729b3e,GBP salary incoming?,receiving_money,short_wording
ca19391d-bda8-4eeb-a839-67c8416dd3f4,Salary deposit steps?,receiving_money,short_wording
0563d4ec-4721-4606-896a-1b5c65eec5ea,Friend send money?,receiving_money,short_wording
1b2358e5-0552-4c30-a579-79b2c2ce61ee,I’m fed up with this junk—give me my money back right now for that stupid charge!,request_refund,angry_layperson
7ecb3bfd-6076-4e42-8eec-c67153a6d256,I paid for that stupid order two weeks ago and it never showed up—give me my cash back right now!,request_refund,angry_layperson
c4c9bd53-1fdd-4510-96bb-9135442b60f9,"I'm fed up—I've been waiting forever for the cash back on that order that never arrived, so give me my money now!",request_refund,angry_layperson
ec955a89-29fb-472f-bbeb-094d4e06d6cf,I freakin’ bought this crap by accident and I want my money back right now!,request_refund,angry_layperson
3e912293-5711-4218-b422-afcb0d83367d,I’m fed up with this nonsense—my card got hit for something I never bought and I want my cash back right freakin’ now!,request_refund,angry_layperson
5aaf545f-d18f-4267-91a8-c0e2c9d3f461,Account shows wrong charge urgent need money back now,request_refund,panicking_emergency
4df51400-6a72-48be-a619-687197667dcf,Charged wrong amount account empty need refund now urgent,request_refund,panicking_emergency
7c6317ac-dab0-442f-9fd2-d729903a9a04,Charged twice for purchase need money back now urgent panic,request_refund,panicking_emergency
05ab532c-eaa0-4b40-a296-14c5e016ee7e,Bought item today charge hit account need my money back immediately,request_refund,panicking_emergency
b62f4530-6dc6-4fe7-81ff-59b29f9bb32e,Urgent need refund now purchase never arrived account frozen help fast,request_refund,panicking_emergency
950f1a4e-97d5-4edd-91c4-1c57889ef03a,"I respectfully request the reversal of the recent charge applied to my account for a purchase, and would appreciate having the corresponding amount credited back at your earliest convenience.",request_refund,polite_expert
44956db9-9432-490d-9f2a-518609101de1,I would appreciate guidance on the procedure necessary to obtain a refund for a recent purchase reflected in my account statements.,request_refund,polite_expert
b9f3d65f-9d42-4d9c-8306-8d92cecef287,"Dear Sir/Madam, I am writing to request the reversal of the recent debit of $452.73 recorded on 18 July 2026 under transaction reference TXN-839274; kindly initiate the appropriate credit to my account at your earliest convenience.",request_refund,polite_expert
9b6dce15-a247-4228-bace-c7ccfafb66c9,I kindly request detailed instructions on how to initiate a refund for a recent transaction in which the merchant has not fulfilled their obligations.,request_refund,polite_expert
dd46a1a1-b1e6-46b2-9ba0-47b40e88295d,"I kindly request guidance on the appropriate procedure to initiate a refund for a recent purchase that I wish to reverse, and would appreciate clarification of any required documentation or timelines associated with this process.",request_refund,polite_expert
6d2a83fd-cb8e-4629-93e0-0d9ecb33a594,"Yo, was charged for that hoodie I ordered yesterday and wanna get my money back fast, can y’all sort a refund?",request_refund,gen_z_slang
961da5f8-6bc9-49c7-ac0b-69d61f7d22b9,"Hey, I’ve been waiting forever for that order that never showed up and the seller’s totally MIA, so can u pls process a full refund for me ASAP?",request_refund,gen_z_slang
9b26940e-6f81-4c89-b040-9ae8e92d8833,"Yo I’m legit waiting on that order from a few days ago, got charged but never got it—can you get my money back ASAP?",request_refund,gen_z_slang
fa6cf9cf-04cc-4990-9b21-a9b931f433f5,"Hey, I need that recent purchase canceled and my money back ASAP—can you hook me up?",request_refund,gen_z_slang
674a92f0-c0ac-4529-9523-8cec64cb936e,"Hey, I bought a hoodie last week and never got it—can you cancel the charge and hook me up with a refund ASAP?",request_refund,gen_z_slang
5e0efdb5-1a65-494f-a8ac-43aafa8f066f,"I buy thing last week and they take too much money, can you give me back the money please?",request_refund,non_native_speaker
dbc75b33-15ed-4637-80a8-cef2fc6943fc,"Hi, I bought a product and they charged too much, can you please give me back the extra money?",request_refund,non_native_speaker
46f069e4-b3d3-4e63-91a2-2ed153a71886,"Hello, I bought a thing last week and my card was charged wrong amount, can you please give back the extra money for me?",request_refund,non_native_speaker
84b2ac8d-bd5c-4bbd-acdf-cfbf55f8552a,"I bought a product few days ago but still no get it, can you give me back the money please?",request_refund,non_native_speaker
75dd237d-d3b4-432d-bb54-50bae498c087,"Hi, i bought a product few days ago but i still no get it and i think i need my money back please. Thank you.",request_refund,non_native_speaker
d7ac82aa-7523-455e-84ab-31dbcd642665,Refund my transaction,request_refund,short_wording
c16eb3ee-9f3b-477d-8cde-6354c618543e,Refund recent transaction,request_refund,short_wording
cf0216b5-f6e0-4a19-82b8-73122cdcd840,Refund recent purchase,request_refund,short_wording
7c465263-dc4c-4e56-8c0c-1320f0cdb5e7,Refund my purchase,request_refund,short_wording
0e5b568a-0f35-4a0a-be3d-39b11523fe49,"Charged too much, refund",request_refund,short_wording
85107cde-e29f-488b-a7a7-7d4261528458,I paid for that stupid thing two weeks ago and now the cash bounced back into my account—what the heck is going on?!,reverted_card_payment?,angry_layperson
171c7b7c-1c90-4f7c-82ce-a94107698e46,"What the hell, why did that charge just disappear and my money bounce right back to me!",reverted_card_payment?,angry_layperson
058dee3d-98ae-4a46-8924-74c3485c1f34,"I just tried to buy something and the damn payment got bounced back, leaving me stuck with no money and no explanation!",reverted_card_payment?,angry_layperson
a3c99f00-dffe-4bed-a1e8-7367c80e8274,"I paid for something, got it delivered, and now the money's just bounced straight back into my account—what the hell is going on?!",reverted_card_payment?,angry_layperson
8efb9265-6468-4969-be50-6fef51942990,I tried paying for my pizza and now the money's nowhere—why the hell did the charge just bounce back on me?,reverted_card_payment?,angry_layperson
0418e2f4-a230-499e-b28a-c332f558c850,Payment reverted money gone need it back now urgent,reverted_card_payment?,panicking_emergency
7345da92-6154-4e24-a880-468ded5ac0e2,My card payment showed then vanished I need it back now what happened,reverted_card_payment?,panicking_emergency
a58654c9-9a6d-4233-987a-7e9c7cfed07b,My card payment got cancelled instantly I am panicking need it fixed now,reverted_card_payment?,panicking_emergency
663685fb-f17b-4cd6-9f3a-3accd2c0349e,Card payment vanished and money popped back into account why now,reverted_card_payment?,panicking_emergency
9d188cf6-c173-4def-8c37-50580a1460a9,Payment cleared then reversed money in my account seller says nothing received urgent help,reverted_card_payment?,panicking_emergency
baa05a60-7b09-4e37-9011-0ed97f63a458,"I have observed that a recent card transaction was automatically reverted, and I would appreciate clarification regarding the cause of this reversal.",reverted_card_payment?,polite_expert
4df57fa8-f1a8-49f5-9718-eb2657e34f25,"I have observed that a recent card transaction has been reversed, and I would appreciate clarification as to the reason for its cancellation.",reverted_card_payment?,polite_expert
5b36d450-b4fe-4088-8519-b066ea4c49c1,"Dear Sir/Madam, I observed that the amount for my recent card purchase was initially debited from my account, yet the merchant has informed me that they did not receive the funds and the amount has subsequently been credited back to my account; could you kindly investigate the cause of this reversal?",reverted_card_payment?,polite_expert
34c2c30f-3698-4d1a-ac63-a3d46c0be291,"I notice that a recent card transaction was reversed and the amount restored to my account, and I would be grateful if you could kindly explain the underlying reason for this reversal.",reverted_card_payment?,polite_expert
16891503-6994-4feb-ad70-5aba7c5286b2,"Dear Sir or Madam, I have observed that the recent payment made with my card to the merchant on [date] has been reverted, and I would be grateful if you could elucidate the cause of this reversal.",reverted_card_payment?,polite_expert
e970c493-f884-4be4-b594-5d8167ce93ec,"Hey, I tried to buy something and the app just says my card payment was cancelled, wtf is happening?",reverted_card_payment?,gen_z_slang
6fe4c6df-0706-4cae-b39b-79afc2e85e95,"Hey, can you pls explain why the card payment I made just got sent back and refunded to my account.",reverted_card_payment?,gen_z_slang
9857f4a4-901f-4857-8dba-30fc17594b21,"Yo, I made a purchase and it went through, but now the money’s back in my account and the merchant says they didn’t get anything—what’s happening?",reverted_card_payment?,gen_z_slang
70ac1cbb-e63c-46cd-b3a7-a05b1da5b57a,"Yo, I got hit with a card charge for a purchase but the seller says they never saw it and the money just bounced right back into my account—what’s the deal?",reverted_card_payment?,gen_z_slang
5cb50aa6-74e0-468e-bb88-da95494abcd1,"Hey, my card payment just got bounced back on a purchase I made—what’s the deal?",reverted_card_payment?,gen_z_slang
bd97d81c-c22d-423b-83f2-6fdb5cab50a0,I try pay with my card and then the money went back and it says cancelled.,reverted_card_payment?,non_native_speaker
431391be-d97e-495a-8fd8-3e755c919063,"Hello, I see my card payment was taken back and I not know why, can you help?",reverted_card_payment?,non_native_speaker
e4133f8d-839f-4e40-b93d-a8b01116499c,"I did a card payment but the app show it revert, can you tell me why?",reverted_card_payment?,non_native_speaker
4cea2a05-34db-4bcb-86e9-a9e88d5ef5eb,"I try buy something on internet and my card payment was return, can you tell me why?",reverted_card_payment?,non_native_speaker
1f034e9a-20dc-4a79-b36e-7be68c37508b,"Hi, I have problem with my card payment because it was cancelled and I no understand why, please help me.",reverted_card_payment?,non_native_speaker
36acd8f1-66b9-45eb-908c-a2a05984f90c,"Payment reverted, why?",reverted_card_payment?,short_wording
ab2e7948-5b4d-45a0-979e-4cd52bdda580,Card payment reversed,reverted_card_payment?,short_wording
4517dc38-5633-475f-99be-b5e4afae3a61,"Payment reversed, why?",reverted_card_payment?,short_wording
c17fc7c0-4c09-41d5-b891-e7141934eb89,Card payment reverted?,reverted_card_payment?,short_wording
c3d22907-070b-4c08-a2ac-000557ad2ca7,"Payment reversed, why?",reverted_card_payment?,short_wording
bb96e48e-6212-40a9-ac0e-c03eba8708af,I'm fed up trying to add cash and every time you block my card—tell me what cards and currencies the hell actually work with!,supported_cards_and_currencies,angry_layperson
ea5ce4cb-d887-455d-9de1-02f38be0dad4,I’m sick of trying to top up and every time they tell me my damn Visa from the US isn’t okay—just tell me which cards and money types actually work!,supported_cards_and_currencies,angry_layperson
dcd14989-8d8b-48b4-b10e-7344c5e3df4a,I’m fed up trying to add cash and getting told my damn Visa isn’t accepted—what the hell currencies do you actually take?,supported_cards_and_currencies,angry_layperson
7aec976d-b9b8-4cc9-9359-df744fa6e242,I'm fed up with you only accepting a handful of dumb cards—why the heck can't I just load money with my American Express or any other card I already have?!,supported_cards_and_currencies,angry_layperson
f584163d-395b-4306-90e4-c0410b9eccba,I’m fed up trying to top‑up and I’ve got no clue which damn cards or foreign cash you even accept—just tell me right now!,supported_cards_and_currencies,angry_layperson
93b0bc3e-9250-4cae-8804-15c7c570e296,Urgent need to fund account now what cards work which currencies accepted,supported_cards_and_currencies,panicking_emergency
9c724fba-5d5e-4e16-bd42-0c02540db29b,"Which cards work now  
What currencies can I fund with  
Need this ASAP",supported_cards_and_currencies,panicking_emergency
4789d621-3e85-4667-b391-4583712d4e3b,Need card list now which currencies work cant wait,supported_cards_and_currencies,panicking_emergency
eab9e935-dd68-4ffc-befc-d2a5f490eb2d,Need immediate answer which cards and currencies are accepted for top up,supported_cards_and_currencies,panicking_emergency
fe5ca35a-5c24-416e-b8d7-c1ba48ebcf9a,Can I use my American Express to add funds in euros now,supported_cards_and_currencies,panicking_emergency
a409d47c-42ff-46bf-9eb2-512fd4b328cc,"I kindly request confirmation on whether my Mastercard issued in the United Kingdom can be used to fund my account, and would appreciate a detailed enumeration of the currencies currently accepted for such transactions.",supported_cards_and_currencies,polite_expert
96627bbb-4852-4c7d-83ea-8187e0ded5aa,Could you kindly confirm which foreign‑issued credit or debit cards are accepted for deposit transactions and provide a comprehensive list of the fiat currencies presently supported for funding my account?,supported_cards_and_currencies,polite_expert
1306f341-984d-4d17-a0fa-d53a9b870972,"Would you be so kind as to provide a detailed list of the debit and credit card schemes, together with the respective currencies, that your institution presently accepts for funding transactions?",supported_cards_and_currencies,polite_expert
783c7ede-65b1-43ee-86ff-b2dec63b7b51,Could you kindly furnish me with a comprehensive list of the card types and foreign currencies that are accepted for deposits and transactions within your services?,supported_cards_and_currencies,polite_expert
eed64fa1-4a8c-40d8-af77-7d2443a98b4d,"I would appreciate clarification regarding which credit and debit card networks are accepted for transactions, and additionally, the spectrum of foreign currencies that your services accommodate.",supported_cards_and_currencies,polite_expert
e9afa895-0f69-42a4-a5e0-9d95acfea6bd,"Yo, what's the lowdown on which cards and currencies you accept for payments?",supported_cards_and_currencies,gen_z_slang
1d6c8cf0-8883-401e-a162-64c7a3cbe236,"Yo, can I add funds with my AmEx or another US card and which currencies y’all accept?",supported_cards_and_currencies,gen_z_slang
d3dfee5d-aeb8-4b44-8dea-a7f6c0c041bd,"Yo, can you let me know which cards and currencies y’all accept for payments?",supported_cards_and_currencies,gen_z_slang
6bd20ad6-e248-4b3f-b4f1-b7f63d7a9b1c,"Yo, can u let me know which cards and what currencies y’all accept for topping up?",supported_cards_and_currencies,gen_z_slang
7a556344-a671-4cbd-b314-0338473e64d2,"Hey, quick q—can I add cash using my Amex or other cards, and what fiat currencies are actually supported for top‑ups?",supported_cards_and_currencies,gen_z_slang
6f0ebc0d-2913-4daa-b1eb-6bfa3151a4e3,"Hello, i want to know which card and currency i can use for add money to my account.",supported_cards_and_currencies,non_native_speaker
b7d72578-da51-4d87-9c4f-4574777b4d13,"Hi, i want to know what cards and what currencies i can use to top up my account please.",supported_cards_and_currencies,non_native_speaker
da4a1204-e7bd-4057-9968-09e195c2f7c6,"Hello, i want know which credit cards i can use and also what other currencies you accept for top up.",supported_cards_and_currencies,non_native_speaker
be22787b-4271-41b1-a2ee-457968e9071a,"Hello, can you tell me which cards I can use to add money, like American Express or Visa?",supported_cards_and_currencies,non_native_speaker
f19b8ac9-eb7a-46df-aa15-181c87ff73a1,Tell me if my US card is okay to use and what currency I can add money with?,supported_cards_and_currencies,non_native_speaker
7dd84f49-3fbc-47ac-8628-f8ab47fe0c26,Cards and currencies?,supported_cards_and_currencies,short_wording
6db8df40-81cb-4953-8e37-6dfab6900687,Accepted cards and currencies,supported_cards_and_currencies,short_wording
76ff8d2e-22c0-400f-9061-31385a310f60,"Supported cards, currencies?",supported_cards_and_currencies,short_wording
3e649401-9359-4d60-87b6-54af89bf7af8,Foreign card acceptance?,supported_cards_and_currencies,short_wording
17770a4c-638c-44c9-b9cf-4d86e3d17609,Which cards and currencies supported?,supported_cards_and_currencies,short_wording
d056477d-9a9b-40b6-8c25-97971f40cf79,"I'm sick of your junk, shut my damn account down ASAP!",terminate_account,angry_layperson
76fecd0f-d98a-4d3c-b24e-0dea9dc80fea,I’m fed up with this crap—close my damn account right now and stop sending me junk!,terminate_account,angry_layperson
bf5411c0-cebc-43ce-a248-24b2f3d3e543,"I'm fed up with this crap, shut my damn account down right now!",terminate_account,angry_layperson
23000e6a-693b-46e5-a31a-34e9c551f889,I'm sick of this junk—pull my damn account off the books right now!,terminate_account,angry_layperson
bf9393e2-c385-4815-a0d2-e13f5ac42d28,I'm fed up with you guys—close my damn account right now!,terminate_account,angry_layperson
fb1d66fb-d0f9-4679-8f71-5b0ef96e8054,Close my account immediately I am locked out and everything is falling apart,terminate_account,panicking_emergency
10d509a3-9a81-418e-bbbf-67f932fcf053,Close my account now I’m panicking about fraud I need it stopped immediately,terminate_account,panicking_emergency
530942bb-3c20-4608-aa0d-135f6993fb09,Close my account right now I am panicking,terminate_account,panicking_emergency
07cc9124-fa77-480d-9c01-7ef6cf024ec2,close my account now im panicking cant stop thinking about this,terminate_account,panicking_emergency
f80c1eb5-6ff0-4642-9e84-900238886032,Delete my account now I need it gone fast,terminate_account,panicking_emergency
afbea503-af49-411a-a226-aab1363dbbec,"I would like to formally request the closure of my account and the removal of all associated records, as I no longer wish to maintain a banking relationship with your institution.",terminate_account,polite_expert
d383866a-1e34-4d9c-8b1c-5093a6c51f65,I respectfully request the closure of my account and would appreciate written confirmation once the termination has been effected.,terminate_account,polite_expert
a04d7d12-e66b-4e47-aa82-1e5bd453a601,I respectfully request guidance on the procedure required to formally close my existing account and any associated obligations that must be satisfied prior to completion.,terminate_account,polite_expert
5c021cad-6604-41a5-b5ae-25a3444c4f68,"I respectfully request the immediate closure of my account, as I am no longer satisfied with the services rendered.",terminate_account,polite_expert
5c5136fb-a6df-49de-b384-241658ed83f7,I respectfully request the closure of my account and would appreciate written confirmation once all related services and obligations have been fully concluded.,terminate_account,polite_expert
550beeae-586d-498d-8fe5-32f106e24986,"Yo, I'm done with this service—please delete my account ASAP.",terminate_account,gen_z_slang
dbe88f04-1181-4cff-9ee8-4ed61aaaa3f4,"Yo, can you pls close my account ASAP? I’m done with the service.",terminate_account,gen_z_slang
51278195-49d6-41b3-8265-099d8f370c57,"Hey guys, can y’all just close my account? I’m over this service.",terminate_account,gen_z_slang
903048ee-11aa-4b60-bfdd-8ab3388d63f4,"Yo, I'm done with this app—please close my account ASAP.",terminate_account,gen_z_slang
44040685-d98d-42af-9d1e-cff11a29e0c7,"Yo, I’m over this app and need my account shut down ASAP, pls take care of it.",terminate_account,gen_z_slang
ae76fdbd-1e65-413a-825b-f7bb53950822,"Please help me close my account, I no use it any more.",terminate_account,non_native_speaker
069224b1-f1bc-41eb-873d-245a67c5b10b,"I no happy with your service, please close my account today.",terminate_account,non_native_speaker
74a00212-fab1-47b1-9c3a-5769f253df20,"Hi, I not use this account any more, can you please close it for me.",terminate_account,non_native_speaker
2797455e-12ae-4099-9ab1-a4a56f07d556,"Hi, I do not want this account any more, please close it for me soon.",terminate_account,non_native_speaker
1549de22-ad78-4d81-b7ba-96349ecb1e2f,"I not happy with service, please close my account now.",terminate_account,non_native_speaker
9d4ca922-6fc4-46dc-aa95-3ec6ce899ad3,Close account immediately,terminate_account,short_wording
581c3ff8-d803-415f-930f-15554e25cda8,Close my account,terminate_account,short_wording
2635ef48-3815-4c1f-81d2-feaa20ca7da1,Close my account,terminate_account,short_wording
8aa13885-cbc1-48fb-aec5-487037e89867,Close my account,terminate_account,short_wording
3fef9ca6-f01d-4714-b04d-413a5eb16de3,Close my account,terminate_account,short_wording
1bee4e40-9409-4a59-a08f-cc8e764bd927,I just transferred cash into my account and now I’m getting hit with a dumb fee—what the hell is that for?,top_up_by_bank_transfer_charge,angry_layperson
0a2157ec-8e2e-4b1e-a43c-548a48c2b500,Why the hell am I getting slapped with a ridiculous fee every time I try to throw money into my account via a bank transfer?!,top_up_by_bank_transfer_charge,angry_layperson
e7c3a21b-8560-466c-9adf-85ec3a40fd81,What the hell is this ridiculous charge every time I try to stuff cash into my account with a bank transfer?!,top_up_by_bank_transfer_charge,angry_layperson
1627f725-eeb6-447a-9ffc-512c7d7bc07a,I’m sick of getting slapped with extra fees every time I try to shove cash into my account by a bank transfer—what the hell is that about?,top_up_by_bank_transfer_charge,angry_layperson
84edd4cb-e599-4d9b-a284-686296f0f012,I moved cash from my other bank into this account and now you're slapping me a stupid fee—this is freaking outrageous!,top_up_by_bank_transfer_charge,angry_layperson
22701dcc-21e0-40bf-8df8-0a688ab1fcfa,Tell me fee for bank transfer top up now urgent,top_up_by_bank_transfer_charge,panicking_emergency
00740145-d6ef-45f2-abb7-9c1cc670a580,Urgent need fee info for bank transfer top up now,top_up_by_bank_transfer_charge,panicking_emergency
f3a732d4-8817-497c-b308-168bdcb37747,Help me fast need to know the charge for receiving a bank transfer now,top_up_by_bank_transfer_charge,panicking_emergency
b160f97d-c5b1-41f2-b631-422520bb6091,Fee on my bank transfer top up why,top_up_by_bank_transfer_charge,panicking_emergency
36435fb0-1f37-43c1-a4b2-cdec37d4d8b5,Just topped up by bank transfer fee appeared what is this cost I need answer now,top_up_by_bank_transfer_charge,panicking_emergency
8de76c2c-4171-4e26-a8d1-031171134ecb,"I would appreciate clarification on whether any fees are incurred when funding my account through a bank transfer, and, if such charges apply, the specific amount or percentage thereof.",top_up_by_bank_transfer_charge,polite_expert
7e029bec-904b-4612-9311-bd98159c1d74,Could you kindly confirm whether any fees are assessed when I top up my account by means of a bank transfer?,top_up_by_bank_transfer_charge,polite_expert
59b79999-4703-4191-b265-a1dcdb0bb2ad,Could you kindly furnish me with a comprehensive explanation of any fees that may be incurred when I add funds to my account through a bank transfer?,top_up_by_bank_transfer_charge,polite_expert
62195549-b30d-4c93-af5b-159227e362fb,Could you kindly clarify whether any fees are applied when I fund my account through a bank transfer?,top_up_by_bank_transfer_charge,polite_expert
9121e9a6-cd2c-4602-b6d6-3146535efb7b,"I would appreciate clarification as to whether any fees are applied when I fund my account through a bank transfer, and if so, how those charges differ between SEPA transactions and international SWIFT transfers.",top_up_by_bank_transfer_charge,polite_expert
34669ce6-01d9-4528-8ea1-0e1fdeda0ef6,"Yo, if I top up via a bank transfer, am I gonna get hit with any fees?",top_up_by_bank_transfer_charge,gen_z_slang
e8af0cb9-708f-46ee-9c9f-6570460458b0,"Hey, can u let me know what the fee is when I top up using a bank transfer?",top_up_by_bank_transfer_charge,gen_z_slang
d101ef31-1777-406b-8ef8-26d400b705d6,"Hey fam, can you let me know how much it'll cost to top up from my bank?",top_up_by_bank_transfer_charge,gen_z_slang
e05049fc-2f99-4d66-9803-f467f66da3f8,"Hey, just wondering if there’s any fee when I top up my account using a bank transfer.",top_up_by_bank_transfer_charge,gen_z_slang
580f8e1e-9a9c-4862-bb04-c6c0f5342f8a,"Yo, just wondering if there’s any fee when I top up using a bank transfer?",top_up_by_bank_transfer_charge,gen_z_slang
bcedcbfc-af30-4ed9-990d-3538a0755479,"Hi, can you tell me if there is any charge for me to top up by bank transfer?",top_up_by_bank_transfer_charge,non_native_speaker
7cde738f-86c9-44c6-a769-4c49417394ab,I want to add money from my bank to the app but I not sure if there is any fee and how much it cost.,top_up_by_bank_transfer_charge,non_native_speaker
acfad0ea-368b-4b23-ac13-1ce22365d0f1,"Hi, I want put money in my account by bank transfer, can you tell me if there is any fee and how much?",top_up_by_bank_transfer_charge,non_native_speaker
a376ada5-0532-4082-9fc3-c562c4821598,"Hello, I want know if there is any fee when I put money in my account with bank transfer.",top_up_by_bank_transfer_charge,non_native_speaker
1cf1d6b3-67cd-4433-9cd4-d9c5f024300c,"Hi, can you tell me if there is any fee when I add money to my account using a bank transfer?",top_up_by_bank_transfer_charge,non_native_speaker
7deb1bd1-ea4b-4913-a5fa-89e8cfb68f9f,Bank transfer top‑up fee?,top_up_by_bank_transfer_charge,short_wording
4dd697e5-bf88-4007-aa11-659ea5fb1137,Bank transfer top‑up fee?,top_up_by_bank_transfer_charge,short_wording
77f482a7-2e46-4ea2-a354-193a8abe90fc,Top‑up transfer fee?,top_up_by_bank_transfer_charge,short_wording
e4d5f412-f366-448f-8c21-a2adc99e87fc,Bank transfer top‑up fee?,top_up_by_bank_transfer_charge,short_wording
de68b456-3303-402e-968b-de2a379306af,SEPA transfer charge?,top_up_by_bank_transfer_charge,short_wording
ced2009f-d186-4eb0-b235-6d8d106b9b3a,Why the hell am I getting slapped with an extra fee every time I try to load cash onto my account with my card?,top_up_by_card_charge,angry_layperson
6167cc70-733b-4f1f-a6bc-56ba26066602,Why the hell am I getting hit with extra fees just for loading cash onto my account with my card?,top_up_by_card_charge,angry_layperson
3c77c8a8-96fe-45a0-9695-ebef83261076,I’m sick of being hit with extra charges every time I try to load cash onto my account with my European card—what the hell is this fee?,top_up_by_card_charge,angry_layperson
6ae08d10-b69b-4bf8-8a43-488a3bb00377,I’m fed up with you slapping another stupid fee on every single card deposit I make—what the hell is that for?!,top_up_by_card_charge,angry_layperson
a392871a-6422-4b24-8e85-c2b429bc1cbc,I just slammed my US credit card into this app to add cash and got slapped with a fee—what the hell is that for?!,top_up_by_card_charge,angry_layperson
fa73db75-894f-417c-b6f9-910ce4090dcc,Charged extra on my card top up urgent please explain now,top_up_by_card_charge,panicking_emergency
e7a5d7bc-7e4f-4310-b690-0deacd28eb85,Help me fast need to know if there is a fee when I add money by card my account on hold,top_up_by_card_charge,panicking_emergency
10d00294-c13d-441d-a8ca-3a91e7befe6a,Just topped up my card why am I being charged now help fast,top_up_by_card_charge,panicking_emergency
48a11867-1120-4175-84ad-cd7eb480ca87,"Charged for top up  
Why am I paying extra  
This can’t wait  
Explain the fee immediately",top_up_by_card_charge,panicking_emergency
b9d80f96-9039-437f-8927-cdb0e3391b92,Charged extra on my card top up why now need answer fast,top_up_by_card_charge,panicking_emergency
63b8e225-44fd-4410-8e38-61437a75f3e1,"I would like clarification regarding any applicable fees when adding funds to my account using a foreign‑issued debit or credit card, particularly for cards issued in the United States. Could you please provide the current charge structure for such transactions?",top_up_by_card_charge,polite_expert
4e9b58a9-484a-40d6-ad93-ba5be65599a3,"I would appreciate clarification regarding any fees that may be incurred when I add funds to my account using a credit or debit card, particularly for cards issued in the United States.",top_up_by_card_charge,polite_expert
20beeb7e-9811-41bd-a3f7-ff8af9ddfd07,"Could you kindly furnish me with a comprehensive explanation of any fees or surcharges that are applied when I fund my account by means of a credit or debit card, particularly in the case of an international issuance?",top_up_by_card_charge,polite_expert
b24ebcd3-79af-4de7-b231-2357d6a08dc8,I would appreciate clarification as to whether any fees are applied when I add funds to my account using an international debit or credit card.,top_up_by_card_charge,polite_expert
28ee3e5d-3525-4c28-8c5a-c2d9ed35e506,Could you kindly clarify whether any fees are incurred when I fund my account via a credit or debit card issued outside of the United Kingdom?,top_up_by_card_charge,polite_expert
eea73e8f-d3e5-4910-96dd-b7ede9cfe09f,"Yo, can you let me know if there’s any fee for topping up my account using a Euro card?",top_up_by_card_charge,gen_z_slang
ab135b6c-b007-43de-910b-4f705b4454b5,"Hey, quick question—are there any fees if I top up using my European bank card?",top_up_by_card_charge,gen_z_slang
e39479d1-be00-4fcf-b42a-331299b10630,"Hey, quick question—if I top up my card with a US card, am I gonna get hit with any fees?",top_up_by_card_charge,gen_z_slang
b3c9ec81-cc3b-45e6-b2af-2103a9086e91,"Yo, can you tell me if there’s any fee when I top up my account with a US card?",top_up_by_card_charge,gen_z_slang
d50e4e45-4684-4b81-b9ac-2187a28435f0,"Hey, could u let me know what the fee is when i top‑up my account using a card?",top_up_by_card_charge,gen_z_slang
d12d9d01-ca04-4f38-bdc2-050712c7a01b,"Hello, I would like to know if there is any charge when I add money with my foreign bank card.",top_up_by_card_charge,non_native_speaker
e48a37d5-af54-4cfa-8a77-d7c48bee0603,"Hi, can you tell me if I have any extra charge when I top up with my European bank card?",top_up_by_card_charge,non_native_speaker
0e913e01-5ad1-435f-9277-ac3a7da8dba4,"Hi, can you tell me if there is any fee when I add money using my US card?",top_up_by_card_charge,non_native_speaker
4f165bde-1597-4f4b-8f8e-7762a1db7dd7,"Hi, i would like to know if there is any fee when i put money on my account with a foreign card.",top_up_by_card_charge,non_native_speaker
f900ef4e-1deb-4395-b363-0c82f605fbb7,"Hello, I want to know if there fee when I add money to my account with my US card.",top_up_by_card_charge,non_native_speaker
c2db4438-03e8-4380-be66-05648c906c91,EU card top‑up fee?,top_up_by_card_charge,short_wording
c28ddbfd-153c-4648-9998-173bd8f3a6f9,European card fee?,top_up_by_card_charge,short_wording
9cef6b97-db49-4d59-897c-e5bbdd58ee2e,Card top‑up fee?,top_up_by_card_charge,short_wording
e1ca9ec2-5eeb-474d-a51b-2febbb4e9036,US card top‑up fee?,top_up_by_card_charge,short_wording
9c9c94a1-6ccd-4bee-ba42-c7617666f6fa,Card top-up fee?,top_up_by_card_charge,short_wording
dbd44e58-d3fb-43b6-b974-2b924735a43a,"I'm fed up with scrolling forever—there's no place to dump cash or a cheque into my account, and I need it done now!",top_up_by_cash_or_cheque,angry_layperson
c36041ae-8820-40e3-b970-4e7454127b3c,"Listen, I've been trying to slam some cash into my account for forever—do you even accept cheques or cash or is this just another damn hassle?",top_up_by_cash_or_cheque,angry_layperson
a0379897-e8ba-4623-800d-16ef8bad7294,"Listen, I'm fed up—I've got cash sitting at home and I need to get it into my account right now, so tell me where the hell I can drop off a deposit!",top_up_by_cash_or_cheque,angry_layperson
1d27d8b1-07e1-4c7d-8446-d236cdcf5d62,I’m fed up trying to hand over a cheque or cash and you keep saying it ain’t possible—what the hell is wrong with actually letting me put money in the account?,top_up_by_cash_or_cheque,angry_layperson
ac232471-dcf5-4b2f-8aaf-6329b304e0aa,I'm fed up with this nonsense—tell me right now how the heck I can just dump cash or a cheque into my account!,top_up_by_cash_or_cheque,angry_layperson
b1c7e434-1ed3-45e6-bce4-a5f619187f3f,Help I need to add cash now tell me where deposit possible urgent,top_up_by_cash_or_cheque,panicking_emergency
bdd4f2bb-0c96-4f55-878f-9fd51b3c3492,Help me deposit cash now I have a cheque urgent cant find option,top_up_by_cash_or_cheque,panicking_emergency
c17eb326-6f49-49c9-92e2-afd887afbbe0,Need cash into my account now urgent help where do I deposit it,top_up_by_cash_or_cheque,panicking_emergency
24c5763d-b256-49f6-b9ba-bb9a146227b6,Need to put cash in my account now urgent cannot access phone balance zero please tell me how fast,top_up_by_cash_or_cheque,panicking_emergency
4ca65fd6-8f1e-47c6-984d-4bff98956a17,Need to add cash to account urgently account empty cant pay bills,top_up_by_cash_or_cheque,panicking_emergency
f8474cbe-fdb3-4279-9481-79e0b5201ae2,"I am seeking assistance in adding funds to my account using a cash deposit or cheque and would appreciate guidance on locating the appropriate option within the application, as well as any required steps to complete such a transaction.",top_up_by_cash_or_cheque,polite_expert
8093ec6f-38ae-4af5-8e64-6932f9bfeeda,I wish to ascertain whether it is permissible to credit my account through the deposit of cash or by submitting a cheque for processing.,top_up_by_cash_or_cheque,polite_expert
310df7f9-6702-4003-bdc6-aca282655a80,I would like to inquire whether your institution permits funding my account through cash deposits or cheque submissions.,top_up_by_cash_or_cheque,polite_expert
5e4bd63e-aef9-4ad1-af31-ebd0d332507a,I would like to inquire about the procedure for depositing cash or a cheque into my account in order to increase its balance.,top_up_by_cash_or_cheque,polite_expert
f3c41f14-0034-4f5f-b2f9-95a36305b081,I would appreciate guidance on the proper procedure for depositing cash or a cheque to increase the balance of my account.,top_up_by_cash_or_cheque,polite_expert
da96c964-c86f-4f11-afb8-b52722458372,"hey can i top up with cash or a cheque somewhere, hit me up with the details?",top_up_by_cash_or_cheque,gen_z_slang
799e27a4-408f-4d21-be7f-0441f6892296,"Yo, can I just drop a cheque into my account and have it topped up quick?",top_up_by_cash_or_cheque,gen_z_slang
3914c588-d627-4c5a-8a95-e837654aaaa8,"Hey fam, can you tell me where I can drop cash or a cheque to load up my account?",top_up_by_cash_or_cheque,gen_z_slang
8f1eb610-5205-4142-a379-0e9e4d459f63,"Hey, can I just drop some cash or send a cheque to add funds to my account, pls?",top_up_by_cash_or_cheque,gen_z_slang
a15f47d9-897a-4cd2-a163-17edef0e4f5c,"Hey, can u let me know which spots i can drop cash or a cheque to add money to my account?",top_up_by_cash_or_cheque,gen_z_slang
5ed5d091-de51-4a4f-b114-73863e9e04ef,"Hello, I have some cash and also a cheque, I want to put them in my account, how can I do it please?",top_up_by_cash_or_cheque,non_native_speaker
6dfe02c0-269e-476b-8001-dd77b3b5f0c0,"Hi, I need put cash (and also a cheque) into my account, can you tell me how to do it?",top_up_by_cash_or_cheque,non_native_speaker
92b66a2a-4261-48db-b877-8cc1f522af7e,"Hi, I want put cash or check in my account, please tell me which place I can go?",top_up_by_cash_or_cheque,non_native_speaker
efb92f5d-b19d-4fac-9724-c592e83cb377,"Hello, I need put more money in my account using cash or a cheque, but I not find how to do it.",top_up_by_cash_or_cheque,non_native_speaker
f1dc5549-dda8-47fd-9671-a8ec8948a82c,"Hi, I need add cash or a cheque to my account, please tell me how I can do that.",top_up_by_cash_or_cheque,non_native_speaker
c66a7ee5-9d2a-4aaf-b9df-1db05c960cf0,Cheque top‑up availability?,top_up_by_cash_or_cheque,short_wording
c6fa9c24-bdd5-4988-b5b4-277f334a2a1c,Cheque deposit possible?,top_up_by_cash_or_cheque,short_wording
a56f880f-dc38-4fe3-9baa-e32add289cb7,Cash top-up possible?,top_up_by_cash_or_cheque,short_wording
227554c5-a289-4b9d-b919-e42e007cf8b1,Cash top‑up steps?,top_up_by_cash_or_cheque,short_wording
73e6d66d-3114-4507-afa5-c153d93584b9,cash top‑up locations?,top_up_by_cash_or_cheque,short_wording
dfa3053f-db09-4e45-8245-71555f6fd3f0,I tried to put money in my account and it just blew up—what the heck is wrong with your system and why won’t any of my cash actually go through?!,top_up_failed,angry_layperson
74c24a7f-ee86-4db2-b2fa-150daf0c2b48,I tried to dump money into my account and the damn app just blew up—what the heck is wrong with this stupid system?!,top_up_failed,angry_layperson
41270dfa-194b-45b5-929f-024596be62f8,I tried to toss some cash into my account and the damn app just shut it down—what the hell is going on?,top_up_failed,angry_layperson
31c4d93b-a69e-494a-a529-184701c7dc3c,"What the hell is wrong with your app, I tried to put money in and it just keeps blowing up!",top_up_failed,angry_layperson
71bbbc44-c977-4834-ad9b-25f0afd9002e,I tried to add money to my account and the app just spat out an error—what the hell is going on?,top_up_failed,angry_layperson
53e9f8d9-aa13-4b08-a07a-26cd367bce5e,Tried to add money now it did not work account empty need funds immediately,top_up_failed,panicking_emergency
a53a6b63-634f-47a8-8c4a-3c8f67ba8b86,Top up failed urgent need money now account blocked,top_up_failed,panicking_emergency
c61888b8-dc9f-4eaa-baf4-d9bb664ed19f,Top up won’t go through My balance empty Need money now Please fix ASAP,top_up_failed,panicking_emergency
7929ff73-f2f4-4c0d-9dd0-7abe2d7f910b,Top up failed my account still zero need money now,top_up_failed,panicking_emergency
24af1c99-9a56-462f-a975-532c2607d3a4,Top up failed my balance unchanged need money now,top_up_failed,panicking_emergency
fd6293eb-c093-41bb-a7d3-3926994fc470,"I initiated a card‑based funding of my account earlier today, however the transaction was rejected and no funds were credited; I would appreciate your assistance in determining the reason for this denial.",top_up_failed,polite_expert
630e0cb3-ffbd-44e2-83a9-ea6ddac84cef,"Despite following the standard procedure to fund my account via an electronic top‑up, the transaction was declined without any explanation.",top_up_failed,polite_expert
c649bf8f-45a0-4462-b2f3-d8325c9fc97d,"Dear Customer Service, I recently initiated a top‑up of funds to my account, but the transaction was unsuccessful and no error code was provided; I would appreciate clarification as to why the addition of funds could not be processed and guidance on how to resolve the issue.",top_up_failed,polite_expert
4aec3247-dec3-424a-b646-548b6446ef54,"I attempted to fund my account through a top‑up earlier today, yet the transaction did not process successfully; I would appreciate guidance on the underlying cause and the appropriate steps to resolve this matter.",top_up_failed,polite_expert
a71bc709-d8a4-4291-a814-efb87027e0f4,"I attempted to increase the balance of my account through the top‑up feature in the app, yet the request was rejected without clarification; I would appreciate your assistance in determining the reason for this denial and facilitating a successful transaction.",top_up_failed,polite_expert
91dbd4bc-bd2d-45cc-a991-1389b867659c,"Yo, I tried to load cash w/ my card rn and it totally failed even tho it worked before, can u please check?",top_up_failed,gen_z_slang
f880be1d-4dc5-49bb-b83e-10e190295780,"Yo, I tried to add money with my card and it just got declined—what's the deal?",top_up_failed,gen_z_slang
be481ca8-c656-4098-9945-21baff6b938c,"Yo, I tried funding my card just now and it kept getting denied—what's up?",top_up_failed,gen_z_slang
b4bf830d-e045-4a2f-abd5-a60307811baf,"Yo, tried to top up with my card and it just got declined, can you check what’s happening?",top_up_failed,gen_z_slang
3be1e5a6-f1cb-4a7d-8a0e-eb3d56bef535,"Yo, I tried to add cash to the app but it just bounced, what’s up with that?",top_up_failed,gen_z_slang
246f007c-b40c-48db-b920-c7ddb8c01246,"Hi, I try put money on my account with my card but it not work, please help me.",top_up_failed,non_native_speaker
82399649-415e-4862-ac80-2afdf89a54eb,I try do top‑up but it fail and no money come in.,top_up_failed,non_native_speaker
fa7d8af5-d579-447e-91c1-a7aa81a7d4d5,"I try add money to my account but it not work, please help.",top_up_failed,non_native_speaker
7e879473-ca53-4122-93fd-ba525032d861,I try add money to my account but the app say error and no money come.,top_up_failed,non_native_speaker
5280c1fc-e6b9-470a-94c8-696b27b20de0,I try add money to my account but it no work.,top_up_failed,non_native_speaker
5f42caee-08f6-4906-b3ab-7a48ca7e09dd,Top up denied,top_up_failed,short_wording
e6edb8a0-fbf3-46fe-8e32-fc5969d39e7f,Top up denied,top_up_failed,short_wording
c4ba12de-78ed-4d57-a148-b68a898075f6,Top-up declined,top_up_failed,short_wording
a966f11c-766c-4020-8e6b-d17e336f52e4,Top-up declined again,top_up_failed,short_wording
bc7ec17d-19f0-47ed-9455-e308d8c9cf71,Top up failed,top_up_failed,short_wording
87dd4d86-95fd-436b-bb65-a39635e5e90a,"I’m fed up with this crap—why the hell am I only allowed to shove so little cash into my account, and when’s it gonna change?",top_up_limits,angry_layperson
2aa59b7f-fc6e-4bae-b392-58e468f0c4fc,"Enough already—what the hell is the max amount I can shove into my account, and why’s there even a limit?",top_up_limits,angry_layperson
90311bec-0c73-4f17-a1cf-4bb34a2a2136,I'm fed up with this dumb cap on putting cash into my account—what the hell am I supposed to do when I actually need more money?!,top_up_limits,angry_layperson
997637d6-6267-44f7-a0e3-1cccd3232a38,"What the hell is the max amount I can dump into my account, because this stupid limit is driving me nuts!",top_up_limits,angry_layperson
7b4c1ffd-a11d-4045-b746-343bc003d0cf,I’m sick of getting blocked every time I try to shove more cash into my account—what the heck’s the max I can load and why the hell is it so low?,top_up_limits,angry_layperson
aa96d598-a1fe-45e6-84eb-47312e2b2411,Need to add cash now limit unknown cannot wait help immediately,top_up_limits,panicking_emergency
72aa9064-3696-4976-8a33-cd39e41321ca,Need to top up urgently cant tell how much i can add now,top_up_limits,panicking_emergency
106e7486-470a-4e86-994e-c84bbe5c8c15,Cant add any more money why stopped need limit now urgent,top_up_limits,panicking_emergency
d96ff148-828d-4d1b-b8a1-9181b2f6f1db,Can’t add funds my limit is reached need increase now urgent,top_up_limits,panicking_emergency
b2649dc8-9772-4846-bd60-9f790fec88ec,Tell me how much I can add instantly my account is frozen need answer now,top_up_limits,panicking_emergency
cc5af545-2927-4c69-be1d-833bd3f7a92d,I would appreciate clarification regarding the maximum permissible amount for a top‑up to my account and whether an elevation of this limit can be arranged.,top_up_limits,polite_expert
c2079897-da58-4cb9-89c6-3b89be75b8f5,I would appreciate clarification regarding the maximum amount permitted for top‑ups within a specified timeframe and any associated restrictions.,top_up_limits,polite_expert
3504c494-dfd2-48e1-9661-385c572429e1,I kindly request detailed information concerning any applicable limits on the amounts that may be added to my account through top‑up transactions.,top_up_limits,polite_expert
5ac2cda7-4949-4714-9edd-bb43b2b3fac8,"Could you please inform me of the maximum amount I am permitted to add to my account in a single transaction, and advise how I may verify the applicable limit?",top_up_limits,polite_expert
13794765-ad2e-4b8b-8deb-7d74a64134ed,"Dear Sir or Madam, I would be grateful if you could kindly clarify the applicable limits governing electronic cash additions to my account, including any daily, weekly, or monthly caps and the methodology by which these thresholds are determined.",top_up_limits,polite_expert
27d54e45-c613-495f-8399-5a3e6d41d48c,"Hey, quick question—what’s the max I can top up on my card each day?",top_up_limits,gen_z_slang
5836025a-80b5-4b7b-8fb8-e9a3792549a4,"Hey, can u tell me what the max amount i can top up is?",top_up_limits,gen_z_slang
da60e16b-08f0-4476-bcbe-4d66176a803c,"Yo, what's the cap on how much I can top up?",top_up_limits,gen_z_slang
896e3e6c-9586-4e8f-bfd9-1f17f24f7c23,"Hey, what's the max amount I can top up on my account?",top_up_limits,gen_z_slang
98b0494e-80ef-4c0e-be4a-ef916e006d29,"Yo fr, what's the limit on how much I can top‑up at once?",top_up_limits,gen_z_slang
752cf304-84e9-4d7c-adc0-f9a0a82e607b,I want know how much money I can add to my account each day?,top_up_limits,non_native_speaker
920e8a51-3ef6-4644-967a-6c9dec41f116,Can you tell me what limit have for add money to my card?,top_up_limits,non_native_speaker
4caf11fa-f5b8-4ba9-91c1-dfc0227298b4,I want to know what is the biggest amount i can put in my account each time.,top_up_limits,non_native_speaker
2965b70b-b313-4fee-8405-2141f148c953,"Hello, I am new user and I want know how much money I can put in my account at one time please.",top_up_limits,non_native_speaker
81a34537-4722-4c4d-8cea-b21ac7bc08be,"Hello, I want to know how many money I can add on my card in one go.",top_up_limits,non_native_speaker
a3467bfd-00c1-492d-98d3-e7e48b23d596,Top-up max amount?,top_up_limits,short_wording
403f4f2a-20ea-4389-b9d1-8117ae8766ae,Top-up limit?,top_up_limits,short_wording
029424d6-b605-4390-ba94-8f3b99a170cf,Maximum top‑up?,top_up_limits,short_wording
1aa81857-ef74-44be-a864-6062155a31d7,Maximum top‑up amount?,top_up_limits,short_wording
f5b64ff0-8d36-473a-8947-447c2e3ac1c7,Top‑up limit?,top_up_limits,short_wording
bf1bf073-52f7-4550-9a1d-f6b52bcb2141,I put money into my account and now it disappeared—what the hell is going on with your stupid app?,top_up_reverted,angry_layperson
6f02615e-f776-4ce7-85ae-fa34bcb27aa6,I just tried to toss some cash onto my account and now it’s vanished again—what the hell is going on?!,top_up_reverted,angry_layperson
ed2cbac0-cb16-4367-9f3c-a2d11bda1d2b,"I threw cash into my account and now it’s vanished again—what the hell is wrong with your system, fix this crap right now!",top_up_reverted,angry_layperson
92d0599d-dd7a-4f87-bc5a-b45605ebe5c8,"I dumped money into my account and now it’s vanished—your app just yanked it back like some stupid joke, so sort this out right now!",top_up_reverted,angry_layperson
1b0c7575-0cc0-4994-b9c9-d4c31739ce16,"I dumped money into my account and now it’s vanished again—what the hell, sort this out already!",top_up_reverted,angry_layperson
547d2038-9165-4576-9761-64f06e697d0b,My deposit vanished account shows zero I need the funds urgently,top_up_reverted,panicking_emergency
73e90df2-fbc2-4f6d-b63f-d84abbfc2745,Top up showed ok then gone now account empty need money immediate,top_up_reverted,panicking_emergency
8889af62-72ba-41c6-8da3-eca7440006fa,Top up went in then disappeared my balance zero need fix now,top_up_reverted,panicking_emergency
aafa041f-ef86-4d29-9106-a979470b634d,Money added then gone I am panicking account shows zero why this happened,top_up_reverted,panicking_emergency
d20d3016-9f02-42cf-b429-1861152aa7ee,Top up showed ok then reversed money gone balance zero I need this fixed now,top_up_reverted,panicking_emergency
a7245eb1-a0c5-4ebe-9d85-8c1a842d04ca,"I have observed that the recent deposit I attempted to add to my account has been reversed, and I would appreciate confirmation of its status as well as guidance on any required remedial steps.",top_up_reverted,polite_expert
675a898e-4417-45ca-a82c-36d6a6344be9,"I have observed that the most recent funds addition to my account has been reverted, and I kindly request an explanation of the underlying reason for this reversal.",top_up_reverted,polite_expert
9a40f75e-db1a-4f9a-b43f-1269531fc0da,"I wish to inquire as to why my recent top‑up has been reversed and subsequently cancelled, as I have not received any prior notice or explanation regarding this transaction.",top_up_reverted,polite_expert
578f3f33-e5c1-46e3-b392-5f4049002bb7,"I observed that the recent top‑up, which was initially displayed as successful, has subsequently been reversed and the corresponding funds are no longer reflected in my account; I would appreciate your assistance in clarifying the cause and restoring the amount.",top_up_reverted,polite_expert
8fcc3119-8ca4-4e80-96c8-9a308e4b13ba,"I wish to bring to your attention that the recent attempt to credit my account via a top‑up has been reversed, resulting in the funds not appearing in my balance.",top_up_reverted,polite_expert
8ca1bf39-24b7-43b9-a3bc-e2ced4fe5e71,"Yo, I tried to add cash to my account but it just bounced back, any idea why?",top_up_reverted,gen_z_slang
3ef33fae-c457-4f75-97ea-9c63da651630,"Hey, can you tell me why my top‑up just bounced back to my account?",top_up_reverted,gen_z_slang
271d16af-c600-437a-a0a8-7d9256c244ae,"Hey, I tried topping up but the app just rolled it back—what’s up with that?",top_up_reverted,gen_z_slang
42e77fea-afc6-4fc2-8146-9f307b64311e,"Yo, I just topped up and now the money's gone—app says it was reversed, what's the deal?",top_up_reverted,gen_z_slang
3d714dc9-5e87-4e01-968f-39335a034453,"Yo, I topped up but the cash just bounced back to my account—what’s the deal?",top_up_reverted,gen_z_slang
2b82cbb4-7157-48fd-8def-75fbbe4b88ee,"Hello, I tried to add money to my account but the amount came back and is not staying, maybe something wrong on your side?",top_up_reverted,non_native_speaker
d8f68fdd-d569-4e8c-a29c-2f28bcdfcad9,"Hello, I try add money but it go back to my account and I no know why.",top_up_reverted,non_native_speaker
69e1ccc9-05ac-4eff-84a0-e7d5e940847c,"Hello, I try put money on my app but it was sent back and now no money there, can you help?",top_up_reverted,non_native_speaker
ef3a43f7-d352-4e48-8072-aa3d8fa24254,"I try top up my card but the money go back, please help.",top_up_reverted,non_native_speaker
6cc05aa0-c9ea-4025-9577-704daa0ea323,"Hello, I tried put money in the app but it was taken back and now I do not see any funds.",top_up_reverted,non_native_speaker
171a3ee8-7dd6-45a2-9e9c-8de11a8f47c5,Top up vanished,top_up_reverted,short_wording
0f7042ce-0dc2-4832-9baa-a748a85aa71f,Top up reversed,top_up_reverted,short_wording
0966a017-e3b0-46f8-86b4-6af12cef261c,Top‑up disappeared,top_up_reverted,short_wording
3d0b8896-8000-4050-875f-72c768af8872,Why top‑up reverted?,top_up_reverted,short_wording
ed1ef576-ef4e-42dc-bbfa-744f494009b1,Top‑up reverted?,top_up_reverted,short_wording
5ad6c84c-abe2-4f6e-9f94-e0b2fc815bef,"I tried to dump money onto my account with my freaking credit card and it just sits there dead, what the hell is going on?!",topping_up_by_card,angry_layperson
80761a01-2b76-4c87-b95d-0d33bb0680a5,I’ve been trying forever to throw some cash from my damn debit card into this account and every freakin’ time it blows up—fix this crap now!,topping_up_by_card,angry_layperson
e2b882b6-ef93-4aab-a5a4-035303dc3895,"I tried to put money into my account with my credit card and nothing shows up—what the hell is going on, fix it now!",topping_up_by_card,angry_layperson
15637e32-c55b-494d-807e-21d703792622,I tried to shove money onto my account with my card and it vanished—what the hell is going on?!,topping_up_by_card,angry_layperson
1dc5b45f-9efc-4b59-894a-8985061ed72d,What the heck is wrong with this stupid site—my card won’t put any cash into my account and it’s still empty!,topping_up_by_card,angry_layperson
eab20be1-2452-456f-bc7d-51ddecd7c2f7,Tried to add cash with my card nothing went through account empty need immediate help,topping_up_by_card,panicking_emergency
2feaa3f9-24aa-4d3e-b06d-4cdb2a0a81df,my card top up vanished i have no money need assistance now urgently,topping_up_by_card,panicking_emergency
7de286f2-18df-4cf3-bd07-8f8a2037ad6d,Help I cant add money with my card account empty urgent,topping_up_by_card,panicking_emergency
3b8a76ee-68be-41a9-8aae-1c726c151907,Card topup done minutes ago nothing in balance I need cash now,topping_up_by_card,panicking_emergency
ed09b5d5-ee3b-4b0d-b746-1466dafa143a,Card charged I see no money in my account please fix now,topping_up_by_card,panicking_emergency
cfdb49bd-1a38-4436-bb4b-f38ededfbe2f,"I attempted to fund my account using my debit card, yet the transferred amount is not reflected in my balance and appears to have been withdrawn from the source card without crediting my account.",topping_up_by_card,polite_expert
e27912a5-921d-4baf-a0ae-165a5490413f,"Could you please advise on the procedure for crediting my account via a personal payment card, including any applicable fees, verification steps, and the maximum allowable amount per transaction?",topping_up_by_card,polite_expert
df10c876-5791-4cfc-a155-0f05c2f36a0e,"I attempted to add funds to my account using my debit card earlier today, yet the amount has not been reflected in the balance; could you kindly investigate the transaction and advise on its status?",topping_up_by_card,polite_expert
f9970a97-e413-47f6-b771-cf6aadaeba8f,"Having attempted to fund my account using my Visa debit card earlier today, I observe that the transferred amount has not been credited to my balance, and I kindly request clarification as to why the top‑up has not processed.",topping_up_by_card,polite_expert
fd66f6b7-5742-4ad3-9abc-80ad617ea0b9,I would appreciate detailed guidance on the procedure for funding my account via a debit or credit card.,topping_up_by_card,polite_expert
797d24d1-39f1-4d30-a9fc-8cfe1298af1a,"Hey fam, I tried using my card to add cash to the app but the amount totally disappeared, what's the deal?",topping_up_by_card,gen_z_slang
6448992e-aaf0-458e-bc69-83591ce4bf78,"Yo, I tried using my card to load cash into my account but the money just disappeared, what's up?",topping_up_by_card,gen_z_slang
6ef036ca-cbd4-45bb-9de0-9d44cd355c36,"Yo, I’m trying to load cash onto my card with my debit in the app but it keeps bouncing back, can you help me fix it?",topping_up_by_card,gen_z_slang
200986d4-b11d-4b43-bd21-866bffb3f2b6,"Yo, I’m trying to load money onto my account using my card but it's not going through, can you sort this out?",topping_up_by_card,gen_z_slang
f8fa28f7-32e8-4151-815a-52444f43ab2a,"Hey, I tried loading money with my card but it’s not showing up in my balance—can you look into it?.",topping_up_by_card,gen_z_slang
6512b580-2762-4d63-af72-74aae35a12e2,"Hello, I try add money with my credit card but it not show in my account yet.",topping_up_by_card,non_native_speaker
59c5d770-237a-4dd6-8353-a431eeae0c87,"Hi, I try add money from my credit card to my account but it didn't work and now the money disappear, can you help me?",topping_up_by_card,non_native_speaker
32f8404f-fd56-46ac-aae1-f347cf53d33d,"Hi, I try add money to my account with my credit card on the app but nothing show up, can you please help?",topping_up_by_card,non_native_speaker
72826b5c-4270-42c6-ad20-6a1e59e71c93,I add cash with my bank card but the money not appear in my balance.,topping_up_by_card,non_native_speaker
a995c08c-b0a5-432c-a2d0-eee3deb5f1bb,"Hi, I try add money with my card but it not show in my account balance.",topping_up_by_card,non_native_speaker
1e128319-7f5d-4e73-8fa0-3b2a87385bb6,Card top up declined,topping_up_by_card,short_wording
45e8c374-81ae-4719-988e-74021fdf0c89,Card top‑up missing,topping_up_by_card,short_wording
6fb23782-4845-4876-88b3-8c2852a67552,Top up with card,topping_up_by_card,short_wording
a044a49f-75af-4440-b9c0-7c92532f8631,Card top‑up missing,topping_up_by_card,short_wording
8a6d2cc6-7d93-498b-aeb0-353fd120b05a,Card top up failed,topping_up_by_card,short_wording
7135140f-7de5-4e9c-adf8-8a66d596dc7c,"Listen, I got hit with the same charge twice and I'm sick of it—stop screwing around and put the extra cash back on my card right now.",transaction_charged_twice,angry_layperson
0692176b-1408-47af-9337-14e69dfa02b7,I'm sick of this crap—my account got hit twice for the same stupid purchase and I need that extra cash back ASAP!,transaction_charged_twice,angry_layperson
1eda9590-afca-4f8a-9384-196280c676ae,"What the hell, I got hit with the exact same charge twice and I'm fed up with this nonsense!",transaction_charged_twice,angry_layperson
e1c1ea48-6268-4376-95e3-54ca37a8e5b6,I'm fed up seeing the exact same charge hit my account two times for a single purchase—fix this crap right now!,transaction_charged_twice,angry_layperson
cfd13601-399e-4177-99be-b543c2a4ee45,"Yo, I just got hit with the exact same damn charge twice on my card—what the hell is going on and when are you gonna fix this already?",transaction_charged_twice,angry_layperson
84ca2751-c5a2-4807-83fd-4197e7754170,Charged twice for the same restaurant bill I only ordered once fix this now my balance is wrong,transaction_charged_twice,panicking_emergency
daaeddc0-88bc-4c25-a6a8-a974506bbc35,My account shows the same payment twice I only bought once money disappearing please fix now,transaction_charged_twice,panicking_emergency
92ce5f99-b023-4b09-a9fc-b905a91d85fb,Charged twice for the same coffee purchase my account empty need this fixed right now,transaction_charged_twice,panicking_emergency
dac50d1b-a5b7-4a8b-88c9-6fb22739fb9a,Charged twice for same purchase account empty need this fixed now,transaction_charged_twice,panicking_emergency
4492f49c-a862-49c5-a3e9-c32841c8e45a,Charged twice for same payment now my balance gone help fast,transaction_charged_twice,panicking_emergency
6b47e059-3015-4f8c-bb1b-4d79b7116277,"After carefully reviewing my recent account activity, I have observed that a purchase made at the restaurant on July 12 was posted twice as separate debits, and I would appreciate your prompt investigation and reversal of the erroneous duplicate charge.",transaction_charged_twice,polite_expert
20d4d351-8d0f-4cab-b5d7-f6bc4ea8ad47,"Dear Sir or Madam,

I wish to bring to your attention that a single payment for a recent restaurant visit has been recorded twice on my account statement; I kindly request clarification of this duplication and the prompt reversal of the erroneous charge.",transaction_charged_twice,polite_expert
9fff2182-7e4a-4c42-9f82-8081e2437410,I recently observed that a single payment made to a merchant has been posted twice to my account; I kindly request that you investigate this duplicate entry and arrange for the erroneous charge to be reversed.,transaction_charged_twice,polite_expert
c9760665-5bc5-4449-a277-d0bd802e4c98,"I have noticed that a single purchase was debited from my account on two distinct entries, resulting in an identical charge being applied twice; I kindly request your assistance in investigating and rectifying this duplication at your earliest convenience.",transaction_charged_twice,polite_expert
5ebbadbb-d905-452e-9c10-e3cb7cf29311,"I have observed that a single purchase has been debited from my account on two separate entries, and I kindly request clarification and remediation of this duplicate charge.",transaction_charged_twice,polite_expert
1b0d2fbe-e702-4ae5-9400-795e9fc45fbb,"Hey, I just noticed the same purchase hit my account twice this week—can you check it out and get the extra charge removed?",transaction_charged_twice,gen_z_slang
ae498772-b962-4091-9d05-43afad1e264e,"Yo, I checked my app and looks like I got charged twice for that lunch spot earlier this week, can you fix it and refund the extra?",transaction_charged_twice,gen_z_slang
5d4226bd-0263-4a9d-8324-b2a655218863,"Yo, I see the same charge pop up twice on my statement, can u fix that ASAP?",transaction_charged_twice,gen_z_slang
6289964f-f31a-4f62-9935-ec06acb2f152,"Yo, I just noticed my account was hit with two charges for the same purchase—can you sort that out?",transaction_charged_twice,gen_z_slang
8c53589c-d78a-4ddd-ab51-4b7424e598e3,"Yo, I just checked my app and saw the same coffee shop charge show up twice, can you pull one of them so I get my cash back ASAP?",transaction_charged_twice,gen_z_slang
89fe95f4-d732-4810-bfd6-6cb468ef15b7,"Hi, i think my payment was taken two times for same purchase, can you help me fix it?",transaction_charged_twice,non_native_speaker
5bbc1434-b814-4b87-b7e3-00a0a3141bc4,"Hi, I pay for shop and i see same charge two times on my account, can you help me fix it please?",transaction_charged_twice,non_native_speaker
692e52b7-b24f-4ecd-bb13-27c4fbc2987e,"Hi, i bought coffee yesterday and i see same amount taken two time from my account, can you please give back one?",transaction_charged_twice,non_native_speaker
71ad12cc-50d2-4a27-9dfb-a46197d258a6,"Hello, I see same purchase on my app two times. I only bought it one time. Please check and give back the extra charge.",transaction_charged_twice,non_native_speaker
056c864f-16a6-4a41-aaa6-a9afdea03df5,"I see my payment on the app twice, I only bought one thing, please help fix it.",transaction_charged_twice,non_native_speaker
0ca217e3-ced5-4a38-83e6-b0c82b375ac1,Duplicate charge on card,transaction_charged_twice,short_wording
97ace7d0-425a-4aee-ad79-0991b5f475f1,Duplicate charge on purchase,transaction_charged_twice,short_wording
50da48ac-ec66-4188-892b-62fbd8a6b6b1,Duplicate charge on account,transaction_charged_twice,short_wording
7902c944-943c-42b6-a6b5-44a447ab4e3d,Duplicate charge displayed,transaction_charged_twice,short_wording
bb3826e5-e528-4022-b80b-015ab4e250d3,Duplicate card charge,transaction_charged_twice,short_wording
170c5699-e6fa-4854-aa9c-18b8d72bad3e,I tried to move my money and you guys charged me an extra damn fee—what the hell is that for?,transfer_fee_charged,angry_layperson
f9701a9d-a9a3-4f81-b110-c9af75e0559f,"Yo, I moved my cash and you guys sucked a bunch out of it for who knows what—fix that crap right now!",transfer_fee_charged,angry_layperson
1109302b-4f6a-457e-a150-4703a8ce54d1,I sent cash over and got slapped with some random extra fee—what the hell is that for?!,transfer_fee_charged,angry_layperson
d5d381e3-2aa7-4a78-8254-ec443e16930d,What the hell? I paid to move my cash and you suddenly slap an extra charge on it—this ain't right!,transfer_fee_charged,angry_layperson
dd2a1b52-bb4b-4437-a665-cdc86f2aed98,"Yo, I sent out cash and the other guy got way less ‘cause you guys stuck some dumb charge on my transfer—what the hell, fix this now!",transfer_fee_charged,angry_layperson
a9bb7e56-b227-436c-aa75-2b28214c638a,Transfer completed see unexpected fee why did this happen need answer now,transfer_fee_charged,panicking_emergency
320ae450-2a62-4e36-9dec-b1025377f39a,Just sent money fee charged not told urgent fix it now,transfer_fee_charged,panicking_emergency
85212f82-eb8d-4ced-8bbf-90a6cf9015de,Just transferred funds see unexpected charge why hurry please respond fast,transfer_fee_charged,panicking_emergency
a4df54ea-67ff-43cd-9921-40601df559a1,Made a transfer seconds ago got a fee why did it happen I need this money now stop the charge,transfer_fee_charged,panicking_emergency
f246735c-8e5a-4801-a6f7-9af76ea2b84b,Fee taken from my transfer I need that money now help fast,transfer_fee_charged,panicking_emergency
b5f69568-6cae-4d3a-98d6-24125b0358d4,I recently executed an inter‑bank transfer and noticed an unexpected deduction labeled as a transaction fee; could you please clarify the rationale and applicable rate for this charge?,transfer_fee_charged,polite_expert
421b52d3-b9ac-4881-9b7d-ac061da28337,"I have observed that a fee was deducted from my recent transfer, resulting in the beneficiary receiving less than the intended amount; could you kindly clarify the basis for this charge and advise on any possible remediation?",transfer_fee_charged,polite_expert
0072ee83-5ca3-4d26-9636-0a126feac858,Could you kindly provide a detailed explanation as to why a charge was applied to my recent funds transfer and clarify under which circumstances such fees are assessed?,transfer_fee_charged,polite_expert
9fe60afe-9b57-4883-bc75-24855aa635ab,"I have observed that a fee was applied to my recent inter‑bank transfer and respectfully request clarification, as I believed such transactions to be exempt from charge.",transfer_fee_charged,polite_expert
0c716008-5113-4d9f-a8a7-d26720e6a3d4,"I have observed that the amount received by the beneficiary is less than the sum I transferred, indicating an unexpected charge was applied; could you kindly clarify the fees associated with this transaction?",transfer_fee_charged,polite_expert
0f980b14-3c0b-4b85-8121-d40b1761e89f,"Hey, I just moved some cash and got slapped with a fee—what’s the deal?",transfer_fee_charged,gen_z_slang
601ac12b-5197-4471-bd61-847b75b28c65,"Yo, I just did a transfer and got hit with a fee—what’s the deal?",transfer_fee_charged,gen_z_slang
0d312916-e5ef-460f-81da-cabd08c334ac,"Yo, I just sent a transfer and got hit with an unexpected fee—what's the story?",transfer_fee_charged,gen_z_slang
c89160a0-7117-4a2e-b5fd-e1d12f1aa414,"Yo, I just did a transfer and got hit with a fee—what’s the deal?",transfer_fee_charged,gen_z_slang
47745760-26cc-46cd-bee0-8ebc35efacb7,"Yo, I just did a transfer and there’s an extra fee on it—what’s the deal, why am I getting charged for that?",transfer_fee_charged,gen_z_slang
1d276f38-3432-4f41-803e-37daa006f953,"Hello, I send money to my friend but he receive less than I send, I see a charge on my account and I do not know why this happen.",transfer_fee_charged,non_native_speaker
5b550f7f-d845-44fe-a471-91544905f341,"Hi, I sent money to my friend and now I see extra charge on my account, can you tell me why?",transfer_fee_charged,non_native_speaker
9b12d539-ab45-4422-ba06-272ef7bfc354,"Hello, i sent money to my friend and he got less amount because there was a charge on the transfer, can you please explain why i was charged extra?",transfer_fee_charged,non_native_speaker
9f812a77-cfd5-4afa-bec2-2127eee996ec,"Hi, i made a transfer and i see a fee on my account, i thought transfers was free, can you tell me why?",transfer_fee_charged,non_native_speaker
67969cce-9e1d-4b46-a9c0-c5b4aa2df357,"I sent money and now see extra charge, why it happen?",transfer_fee_charged,non_native_speaker
1d413582-bd26-4633-9b26-2645e6bd693a,Unexpected transfer fee,transfer_fee_charged,short_wording
841a3192-cbd5-4ace-8c37-38ba84c351c9,Transfer fee applied?,transfer_fee_charged,short_wording
edacd824-d3c0-4cd0-ac68-d6c45d4dbf0f,Unexpected transfer fee,transfer_fee_charged,short_wording
59ed4f48-e0f3-4adc-a425-0550a4f86eb2,Transfer less than sent,transfer_fee_charged,short_wording
500e5f30-6ce2-4c91-b1b8-3228bc4d98cf,Unexpected transfer charge,transfer_fee_charged,short_wording
b5f4c14c-68c9-47b5-94f5-058b33635eb2,I'm fed up with all this crap—just tell me how the hell I can get my money into my damn account already!,transfer_into_account,angry_layperson
44f29e72-464e-479c-8422-745839dfa6c7,I’m sick of this crap—how the hell am I supposed to get money from my other bank into this account already?,transfer_into_account,angry_layperson
aa9ae31b-079f-40d6-8f60-d51f3c5f71a6,"Why the heck can’t I just get my cash into my account already, this damn system keeps screwing me over!",transfer_into_account,angry_layperson
f4ca64ef-b766-4bc5-af5b-4a358cd04d07,"I’m sick of waiting—my damn money from the other bank still isn’t in my account, fix this now!",transfer_into_account,angry_layperson
eb213438-e09f-4923-a7ca-79fc07ce7a3d,I tried to shove my cash into my account and it’s still nowhere to be found—what the hell is going on?,transfer_into_account,angry_layperson
008dcc9c-2b0f-4727-a092-01e002544707,Balance empty Need money in my account now How do I move it fast,transfer_into_account,panicking_emergency
c9b7f089-ab0d-4ebb-9496-c12cc62b22e4,Need money from another bank into this account ASAP my balance is zero please tell me how now,transfer_into_account,panicking_emergency
f89c1e0a-dae2-4b44-8f5f-48d0f7b6f2ac,Need money in my account now can't figure out how to do a bank transfer please help quickly,transfer_into_account,panicking_emergency
c253181a-cef9-4ceb-b555-966a88b85112,Help transfer money into my account now urgent cannot wait,transfer_into_account,panicking_emergency
c4794d86-8a97-4e3d-9d2f-a63282bc2c85,Need money now transfer into my account ASAP cannot wait help fast,transfer_into_account,panicking_emergency
7e25f7ef-ef5f-48da-92da-b9d8051e4e66,"I would like to inquire about the proper procedure for initiating a transfer of funds from my external bank account into my current account, including any necessary reference information and the expected processing time.",transfer_into_account,polite_expert
73be9911-9ff8-42ed-baec-be606cc0d31e,I require guidance on initiating an electronic funds transfer from my external banking institution into the personal account I hold with you.,transfer_into_account,polite_expert
69a1df8c-32fe-426d-b7d6-5f440d8f8c79,"I am seeking clarification regarding the procedure for funding my account through a bank-to-bank transfer, including the steps required to initiate the transfer from my external banking institution, any reference details that must be supplied, and the anticipated processing time for the funds to become available in my account.",transfer_into_account,polite_expert
9a7aa5c1-277d-41de-9ae3-14d8e40c8940,I kindly request assistance in transferring funds from my external savings account into my primary checking account.,transfer_into_account,polite_expert
754c1c11-ff92-4656-94bd-0c2c8112657c,"I would like to initiate an inward funds transfer to credit my account and kindly request detailed instructions regarding the necessary steps, applicable limits, and any associated processing times.",transfer_into_account,polite_expert
68be5fff-7d70-4433-a604-945d72214b4d,"Yo fam, I need to get some cash into my account rn ‘cause it’s showing zero.",transfer_into_account,gen_z_slang
5e540088-81b3-42f5-b8b5-32a3a08d14df,"Yo, need a hand getting money from my other bank into this account—what's the easiest way to do that?",transfer_into_account,gen_z_slang
a8c32e88-116e-4189-8e26-c4e18b03e39e,"Hey, can you walk me through how I get some cash moved into my account?",transfer_into_account,gen_z_slang
375401c7-55ca-4760-87fb-07a3e8ac1b3c,"Hey, I'm trying to move some cash from my main account to another one but I can’t spot the transfer feature in the app—can you help me sort it out?",transfer_into_account,gen_z_slang
63cda773-9db8-4b5d-9cd2-844d068fb659,hey can u show me how to pull cash from my other bank into this acct?,transfer_into_account,gen_z_slang
230d71d5-8348-4a73-91c6-bd7dd4ad7aed,"Please tell me how I can put my money into my account, I not understand the steps.",transfer_into_account,non_native_speaker
9d331979-b064-44b0-b27f-508016e4bd52,"Hello, I want to put money into my account, can you help me with bank transfer?",transfer_into_account,non_native_speaker
f62a9d1c-5cba-4a16-82cb-d403b5bd6689,"Hello, I want to move money from my other bank account to this account, can you tell me how do it please?",transfer_into_account,non_native_speaker
7983f295-9a4c-44b0-8f15-8ee0ed251e9b,"Hi, I need put money from my other bank into this account, please tell me how.",transfer_into_account,non_native_speaker
2710eca0-4f95-447e-ac92-8fb4ee99a7b4,"Hello, I need put money into my account, can you tell me how?",transfer_into_account,non_native_speaker
9fb73cba-ef3e-43d4-94f9-627ce25eeade,Receive external transfer?,transfer_into_account,short_wording
bb22cd92-7516-4ec6-aa81-d58820deb728,Incoming transfer steps,transfer_into_account,short_wording
b502c098-41ff-4f50-b873-72b24660b0bb,Transfer into account?,transfer_into_account,short_wording
2c2568c5-b243-4b0b-8af2-39780acdb744,Receiving external transfer?,transfer_into_account,short_wording
c45175b3-33aa-4f30-9e2d-fc4ed450674d,Add funds via bank transfer,transfer_into_account,short_wording
b119c13f-5253-4595-a5d5-efbea006af22,"I sent money to my sister yesterday and she still hasn't got it—what the hell is taking so long, sort this out right now!",transfer_not_received_by_recipient,angry_layperson
9bc81483-ac56-4399-adb5-b0a05f45cd72,"Listen, I sent my rent over two days ago and the landlord still hasn't got a damn thing—fix this crap right now!",transfer_not_received_by_recipient,angry_layperson
af5e1360-5348-4ffc-9137-9d8026eac26f,"I sent a bunch of cash to my landlord yesterday and she still hasn’t gotten any damn money—this is bullshit, sort it out right now.",transfer_not_received_by_recipient,angry_layperson
6dbb44b0-8562-4ff6-923d-be0789aa5853,I pumped the cash over to my friend an hour ago and he still hasn't seen a single cent—this is ridiculous!,transfer_not_received_by_recipient,angry_layperson
13a851c7-3f03-4ed6-83d6-11a2d65b6a06,What the hell is taking forever—I've sent money to my friend days ago and he still hasn't seen a single cent!,transfer_not_received_by_recipient,angry_layperson
ae501e3d-4724-4c4c-bd50-3138e6aa06fb,transferred cash this morning friend cant see it need it now fast,transfer_not_received_by_recipient,panicking_emergency
b213574b-5857-4ae4-b0d8-7940c9bece40,Transfer done 30 minutes ago friend says not in account need it urgently,transfer_not_received_by_recipient,panicking_emergency
7045c0a6-4b2f-4dc7-9a34-84d7ca2ef742,Sent money to my friend 45 minutes ago he still hasn’t received it help now,transfer_not_received_by_recipient,panicking_emergency
0edff3ba-3ee9-4b4b-afac-618f34f90759,Transfer done this morning recipient says no funds arrived I need this fixed now,transfer_not_received_by_recipient,panicking_emergency
c4a8df08-8587-4bb9-9faf-fe9334f939b4,I sent payment to my new landlord this morning nothing shows up need it now urgent,transfer_not_received_by_recipient,panicking_emergency
1b7f60ee-2ad4-4a3a-b1be-a56fe2389d81,"Dear Support Team, I executed an electronic funds transfer to my intended beneficiary earlier today, yet the recipient reports no receipt of the funds, and I kindly request clarification on the anticipated processing timeframe and any possible impediments.",transfer_not_received_by_recipient,polite_expert
0580110e-f2a0-449c-8413-0a21b3b58ef9,"I transferred funds to a recipient earlier this afternoon, yet the beneficiary has not received the amount; kindly verify the transaction’s status and advise on any additional actions necessary to ensure its successful completion.",transfer_not_received_by_recipient,polite_expert
27737f0c-4670-49c8-8356-febe156fe67c,"Dear Sir or Madam, I submitted an electronic funds transfer to my landlord on the morning of July 25th and have been advised that the beneficiary has not yet received the credited amount; I would appreciate it if you could confirm the current status of this transaction and inform me of any expected processing timelines.",transfer_not_received_by_recipient,polite_expert
a0759e33-4d40-4f03-8fa2-ad267695099e,"I kindly request assistance in determining the current status of an electronic funds transfer I executed on April 15, 2026, as the designated recipient has confirmed that the credited amount has not yet been reflected in their account.",transfer_not_received_by_recipient,polite_expert
f5471ca6-c888-4ece-8116-3bbbb7dff10e,"I initiated an electronic funds transfer to the beneficiary’s account on March 15, and the intended recipient has informed me that the credited amount has not yet appeared in their balance.",transfer_not_received_by_recipient,polite_expert
8a40c31a-3e9f-4984-ab75-d57268ca7aaa,"Hey, I sent a transfer to my friend yesterday and they still haven’t got it—what’s the hold up?",transfer_not_received_by_recipient,gen_z_slang
bda215d4-0471-4bec-af25-afc245d7e69e,"Yo, I sent cash to my roommate an hour ago and she still hasn’t got it—what’s the hold up?",transfer_not_received_by_recipient,gen_z_slang
94183b02-1732-4192-952e-1ffe8a44812e,"Yo, i sent a transfer to my friend earlier and they still haven't got any cash, what's the hold up?",transfer_not_received_by_recipient,gen_z_slang
defcbd11-7bf7-45df-8352-3daff5909b49,"Yo, I sent the money over to my landlord earlier today and she’s saying she still hasn’t gotten it—what's the hold‑up?",transfer_not_received_by_recipient,gen_z_slang
6f6f302c-17f4-444d-9bc1-6b6189d99c45,"Hey, i transferred money to my friend a few hrs ago and she says nada yet—what's the hold up on it getting there?",transfer_not_received_by_recipient,gen_z_slang
b1c51cb7-b9c2-4b0c-a859-dc150c2ebe7f,"Hello, I sent money to my friend yesterday but she say she not get any, can you please check why the transfer not arrive?",transfer_not_received_by_recipient,non_native_speaker
e08f22eb-2ee5-475e-8d51-537b0e0a4941,"Hi, I sent money to my friend yesterday but he still not see it, please help.",transfer_not_received_by_recipient,non_native_speaker
83e191d4-f849-473a-ab8f-d3c71cde0f4f,"I sent money to my friend a few hours ago and she still not got it, please help me find why.",transfer_not_received_by_recipient,non_native_speaker
44dcbcd1-c763-4eb9-95e9-0540175771d9,"Hi, I do a transfer to my brother but he say no money in his account, can you help?",transfer_not_received_by_recipient,non_native_speaker
b05960f6-87e2-4aaf-b673-72d01d15b9d0,"Hi, I send money to my friend but he not get it yet, can you please check?",transfer_not_received_by_recipient,non_native_speaker
481b3347-4d92-4086-90c3-ed2072842df7,Recipient didn't get transfer,transfer_not_received_by_recipient,short_wording
f8d63a17-26fa-468e-bd97-4280101547da,Recipient missing transfer,transfer_not_received_by_recipient,short_wording
64cf885b-cc3c-4380-ac4d-9ac38eb64d94,Recipient didn't receive transfer,transfer_not_received_by_recipient,short_wording
7116d0fe-0423-4e18-880f-1200d2810ae1,Recipient hasn't received transfer,transfer_not_received_by_recipient,short_wording
4de81bd5-fd5d-4a96-b1aa-bb2e30e7aaa2,Transfer not received,transfer_not_received_by_recipient,short_wording
6030a6a3-b455-4f73-9ebc-4ef12a577ea4,I sent cash over two days ago and it’s still nowhere to be found—what the hell is taking so long and when the heck will it finally hit my account?!,transfer_timing,angry_layperson
44f92384-b5c0-4d4c-862c-ec0ad004c7d7,I sent cash ages ago and it's still not in my account—what the heck is takin’ forever for it to show up?!,transfer_timing,angry_layperson
4f9902f7-662d-4b0a-a946-1dcb00425989,"Yo, I sent a transfer two days ago and it still hasn't hit my account—what the hell is taking so damn long?!",transfer_timing,angry_layperson
1c604b88-34b0-488d-9050-e7e83ba47839,I moved cash over a day ago and it still hasn’t showed up—this stupid delay needs fixing now!,transfer_timing,angry_layperson
8e88e59a-c5c3-4b61-a95c-780ee89e0e2a,I wired my money to Europe yesterday and I’m still staring at a dead balance—what the hell is takin’ forever for it to show up?!,transfer_timing,angry_layperson
4c4d5bac-397b-4ab3-a9ea-4cea4eb4ec53,sent transfer this morning still not showing need funds immediately,transfer_timing,panicking_emergency
7b3cbcd0-7aab-4e74-a75c-0a3ad27d1f8d,Sent transfer this morning where is it why not in account already,transfer_timing,panicking_emergency
da73feb1-8531-4177-acae-b6f7e1ff4f0d,Sent transfer this morning nothing in account need it now,transfer_timing,panicking_emergency
ccc1c1cf-7e2b-4674-9515-d709fbaddf21,Transfer sent five minutes ago account still empty need money now urgently,transfer_timing,panicking_emergency
e85d8511-1f6c-461e-b8b7-b5569d1196b9,sent transfer five minutes ago need the money in my account now urgent cant wait,transfer_timing,panicking_emergency
c4b1ecf2-178f-4a91-970d-76c481651f84,I kindly request clarification regarding the anticipated processing duration before a transferred amount is reflected in my account balance.,transfer_timing,polite_expert
2b9060ca-f730-45e6-81f2-79f1bfd6b6ab,Could you kindly advise on the anticipated settlement period for the recent transfer and indicate when the credited amount will be fully available in my account?,transfer_timing,polite_expert
dbe91595-7ed6-4949-a912-21c27c7a0ee2,I would appreciate clarification regarding the expected processing period for an inbound international wire transfer from the United States to my account.,transfer_timing,polite_expert
27b42688-da32-46e7-9f63-87b48d0d5d0a,I would appreciate clarification regarding the expected processing duration for an inbound international transfer originating in the United States before the funds become available in my account.,transfer_timing,polite_expert
95deadb5-c441-44fe-aa2b-229dd4cec3b0,"Could you kindly inform me of the expected processing duration for an international funds transfer from the United States to my account, and whether any expedited options are available?",transfer_timing,polite_expert
2d3ae883-7d2e-4b0c-875c-99a667485c4d,"Hey, I just kicked off a transfer from the US—any idea how long till the funds hit my account?",transfer_timing,gen_z_slang
61ec622a-f6de-4f3d-8e51-b8f780f17daa,"Yo, can u tell me how soon a transfer I sent will hit my account?",transfer_timing,gen_z_slang
757d89cd-4b76-4a35-8ee1-01d4ba4ff7ab,"Yo, just sent a transfer—any idea how long till it actually lands in the other account?",transfer_timing,gen_z_slang
7e4fd8cb-b482-4249-b0c9-ce659ebc4ac7,"Yo, can you tell me how long it usually takes for a transfer to hit my account?",transfer_timing,gen_z_slang
165bc365-dbd9-4df8-be60-e817bb3ea5bb,"Yo, I just sent a transfer abroad—when can I actually see the cash hit my account?",transfer_timing,gen_z_slang
cfd97fd4-8111-4481-8da6-a1b71db3f6f4,"I send money from my brother in India, can you tell me how many days it will need to reach my account?",transfer_timing,non_native_speaker
e6ab07d6-34ee-4932-965d-e206b6c66c5d,"Hi, i sent money to my family in India and i wonder how many day it will need to reach them?",transfer_timing,non_native_speaker
b315a207-2acb-4d43-a36c-1fe719aa5773,"Hi, I sent a transfer yesterday but I still no see the money, can you tell me how many days it usually take to arrive?",transfer_timing,non_native_speaker
d82d37a5-9801-4a34-81ca-34ff0538611c,"Hello, I send money yesterday and I want know when it will come to my account please.",transfer_timing,non_native_speaker
8b5d7415-5082-42ee-9e80-623a8ef275bd,"Hello, I made a transfer yesterday and I want to know when the money will come to my account, how many days it need?",transfer_timing,non_native_speaker
5e61d667-bcac-4f08-9234-4b7ffcfc7967,Transfer arrival timeframe?,transfer_timing,short_wording
7bbfaf82-aa29-41ce-bcbe-5b13d40834d7,Transfer ETA?,transfer_timing,short_wording
fdb151f8-48d1-4beb-aa4e-004f65626bda,Transfer arrival time?,transfer_timing,short_wording
0e471897-263b-47fe-a906-2b574fdba424,Transfer time estimate?,transfer_timing,short_wording
2f21f3e0-901a-47fd-bb55-0c4ed8e1e730,Transfer ETA?,transfer_timing,short_wording
6ff872ff-d209-42e4-8c96-53406938aaa3,I'm fed up—this damn app won't let me prove who I am no matter what the hell I try!,unable_to_verify_identity,angry_layperson
b35a4c39-5217-4f43-a042-1213f0ef5ec4,I sent you my damn ID ages ago and you're still dragging your feet—what the heck is taking so long to sort this out?,unable_to_verify_identity,angry_layperson
1822ba20-e2e9-4a23-88fd-b301b35481ba,"This damn app keeps saying it's not me, I've shoved my ID in a million times and nothing works—get your crap together!",unable_to_verify_identity,angry_layperson
82549e95-ed87-4900-b8c2-8fa665cf17de,"What the hell is taking forever with my ID, I’ve tried everything and it still won’t get verified!",unable_to_verify_identity,angry_layperson
9e545b43-dd7c-4685-9d08-1a679ad9e42e,I'm fed up—every time I try to prove who I am the damn app just freezes and won’t let me get in!,unable_to_verify_identity,angry_layperson
52ba0ddd-5a57-4332-90ae-383a16552fb7,ID won’t verify need help now my account locked,unable_to_verify_identity,panicking_emergency
6a151128-2a68-46fb-9c1f-15431da6d8ab,Cannot get app to recognize me urgent help needed now,unable_to_verify_identity,panicking_emergency
cd6edb29-d7a3-4cc3-8891-12c996342606,Can’t verify who I am App won’t recognize me Need help now urgent,unable_to_verify_identity,panicking_emergency
8602aad2-46a5-48e9-afb7-4b31ab1d8e2c,Can’t verify my ID system won’t accept anything need help now urgently,unable_to_verify_identity,panicking_emergency
7672570f-4a13-4e1b-b264-c2654d5f2872,Can't verify my ID account frozen need immediate assistance,unable_to_verify_identity,panicking_emergency
674ffdd7-a0cf-440b-962a-eeafc7c1b510,"I am experiencing difficulty completing the identity verification process within the mobile application, as it repeatedly fails to confirm my credentials despite the submission of accurate personal documentation.",unable_to_verify_identity,polite_expert
efcaae71-fcb5-498a-a616-b1390255c112,"I am encountering difficulties confirming my identity through the mobile application, as it repeatedly fails to recognize my credentials.",unable_to_verify_identity,polite_expert
4f6b8809-3228-4cc0-a801-bebfe45af97e,I am presently unable to complete the identity‑verification procedure required for my account and would respectfully request detailed instructions regarding the requisite documentation and any additional steps needed to resolve this matter promptly.,unable_to_verify_identity,polite_expert
d50ae1b7-37ce-4af1-820d-2f26d8788047,"Despite submitting all requisite identification documents via the mobile application, I continuously receive notice that my identity cannot be confirmed, and I would appreciate detailed guidance on how to rectify this issue promptly.",unable_to_verify_identity,polite_expert
919de5aa-449f-4e35-a015-736bd2366113,"Regrettably, I find myself unable to satisfy the identity verification requirements at this time, as I do not possess the requisite documentation.",unable_to_verify_identity,polite_expert
ad96cc26-8b05-413e-9233-ab3577456a52,"Yo, I keep trying to verify my ID and it just won’t go through, like it’s stuck.",unable_to_verify_identity,gen_z_slang
dbf4de2b-a54b-432c-9564-c6197405288b,"Yo, the app won’t even verify I’m me, stuck right now.",unable_to_verify_identity,gen_z_slang
70d7dfe9-88fa-46c2-91b0-ad28260fb20d,"Yo, I keep getting stuck trying to prove it’s me—this verification thing ain’t working.",unable_to_verify_identity,gen_z_slang
dddaf0f1-d639-4fb8-832f-56c98e089503,"Yo, my ID verification keeps failing and I can’t get it sorted, help me out.",unable_to_verify_identity,gen_z_slang
fcea86e9-574f-4066-acc6-a998a8070fc8,"Yo, the app keeps saying I can't prove who i am even though I uploaded my ID, what’s the deal?",unable_to_verify_identity,gen_z_slang
6276372b-c38b-4d18-91e1-0ce41defb14b,"Hi, I try open account but the app no accept my picture and I cant prove it is really me.",unable_to_verify_identity,non_native_speaker
80dd23bc-388d-4b09-83a7-869c9cdb8e03,"Hello, I try to prove who I am but the app no accept my ID picture.",unable_to_verify_identity,non_native_speaker
564eba92-2d00-47f9-8829-2910b63a6930,I upload my ID but the app says it not me and I cannot finish verification.,unable_to_verify_identity,non_native_speaker
8efd931e-9acb-48d8-964c-c0ccd82f4f50,"Hi, I try verify my identity in the app but it keep saying error and I cannot finish, please help.",unable_to_verify_identity,non_native_speaker
f19e5ec1-c41f-436e-8429-26060a6b6a4e,"Hi, I try use the app but it not recognise me and I cannot prove my identity.",unable_to_verify_identity,non_native_speaker
48bc8369-76bc-4d3e-8bf7-675fc13f3596,Identity verification failed,unable_to_verify_identity,short_wording
23ae0fef-e8de-487c-a3ea-8fb33d019763,Can't verify ID,unable_to_verify_identity,short_wording
ec2fec9e-f61c-43d1-a0fb-dca8f504f95e,Identity verification fails,unable_to_verify_identity,short_wording
5de890b0-55d9-4bf2-96e4-8575ceee31a6,Can't verify identity,unable_to_verify_identity,short_wording
4e498c38-4b20-4b99-9617-373e9bba4eb9,Can't verify identity,unable_to_verify_identity,short_wording
a32e169b-68cb-40d4-8704-df6d3d143c42,I'm sick of waiting—just tell me what damn papers I need to send so you finally stop asking me to prove who I am!,verify_my_identity,angry_layperson
77076f06-966d-46f0-8665-c04c0a136bcb,"I've had it with this dumb ID check—just tell me, plain and simple, what you need from me to prove who I am!",verify_my_identity,angry_layperson
60b15f92-7155-4100-b961-271a11944b83,Enough with this stupid nonsense—tell me right now what the hell I have to hand over just to prove I’m me!,verify_my_identity,angry_layperson
c6e92797-a133-4101-b28c-efa2ad79ac02,I'm fed up with this crap—tell me right now how the hell I’m supposed to prove who I am so you stop blocking my account!,verify_my_identity,angry_layperson
cbb65cd3-cecd-4e5b-abfe-5fa5b3bd0c10,"What the heck is this stupid ID check they keep bugging me about, and what the hell do I have to hand over just to prove I'm me?!",verify_my_identity,angry_layperson
ee5f23fd-4969-4cc2-8d93-5d63cb6125f1,Urgent need to confirm who I am account locked can’t wait,verify_my_identity,panicking_emergency
4849051d-6854-4549-8a00-ea2c49044f19,Help I need identity verification now account locked cannot access funds,verify_my_identity,panicking_emergency
b240c3d3-386a-4c20-a3aa-057b2fc12058,Urgent need proof of identity now send required documents immediately,verify_my_identity,panicking_emergency
4def6076-1db9-4b59-a800-ebeafae44aca,Account locked need identity check now send what needed ASAP,verify_my_identity,panicking_emergency
bf5d8bd9-f0c9-49ae-a078-21140e552439,Help me now I cant finish identity check I’m stuck need docs urgently,verify_my_identity,panicking_emergency
7a5fe9c8-6d13-415f-85a4-d07c1d25e9b5,I would appreciate guidance on the documentation and procedures required to complete the verification of my identity.,verify_my_identity,polite_expert
fc4beec9-ad16-469e-87f9-db26b37b760e,Could you kindly furnish me with the detailed procedures necessary to complete the required identity verification for my account?,verify_my_identity,polite_expert
50f5c238-8a6b-4539-b385-979587904681,I have received notice that my identity must be confirmed; please advise on the procedures and required documentation for completing this verification online.,verify_my_identity,polite_expert
b814dc05-9093-42cf-afee-5d3cef8dbb32,I wish to inquire about the necessary documentation and procedural steps required to complete the verification of my identity.,verify_my_identity,polite_expert
c9b6f2ca-26ef-4d4b-8db2-198cb5a9cd50,I kindly request information regarding the requisite documentation and procedural steps needed to complete the identity verification essential for activating my account.,verify_my_identity,polite_expert
c0c1d24c-ed20-4909-9071-28bfad924c07,"Hey, can u let me know what docs I need for the ID check? Thanks.",verify_my_identity,gen_z_slang
062d2240-375c-45a9-8efd-33a45f83682d,"Hey, can you let me know which pics or info I gotta drop so they can lock down my ID for the account?",verify_my_identity,gen_z_slang
e93d24db-d892-45b0-a7a4-cf932d0750e3,"Yo, what docs do I gotta submit for the ID verification?",verify_my_identity,gen_z_slang
64b5796a-5d33-4178-bbaa-bbeed4c85503,"Hey, can u tell me how to get my ID verified and what docs I gotta drop?",verify_my_identity,gen_z_slang
6f9eec45-3235-4901-a27b-c660b15b6def,"Hey, can you let me know how to get my ID sorted so I can unlock the account?",verify_my_identity,gen_z_slang
ce3adfd4-1501-432f-9b75-0bb397826115,"Hello, I need help to check my identity, can you tell me which papers I must send and where I put them?",verify_my_identity,non_native_speaker
2cdc9ab4-bdd8-423d-a5f8-e5f744ea0658,"Hi, can you please tell me which documents I need to give to prove who I am?",verify_my_identity,non_native_speaker
68da39fd-63ac-470f-80fe-8f54af8d6e79,I need know what I must show and do to prove who I am for the bank.,verify_my_identity,non_native_speaker
f6c023bb-6c9f-4894-8ee3-d963b41fe025,"Hello, i would like to know how i can check my identity and which documents i must give.",verify_my_identity,non_native_speaker
9a8d711f-72b7-4ffb-80c3-cbb5a7c885d5,"Hi, I want to prove who i am, can you tell me what papers i need to send?",verify_my_identity,non_native_speaker
87d5f652-68ed-4239-9632-9a4a0112e7be,Need identity verification.,verify_my_identity,short_wording
a876c4e8-1295-4d0b-bece-58179831b158,Verify identity process?,verify_my_identity,short_wording
83bf867f-7c86-4326-8534-ca2d109c3e9d,ID verification steps?,verify_my_identity,short_wording
0120f0b5-0f4a-4dfb-a14c-321b2efed44d,How verify identity?,verify_my_identity,short_wording
ceea46a0-7bb5-4917-8900-090e53b70614,ID verification steps?,verify_my_identity,short_wording
367d64ca-ab7f-4b44-a562-691677584efd,I'm fed up with this nonsense—just tell me where the hell my cash is coming from already!,verify_source_of_funds,angry_layperson
23e79e0a-f26a-4c9e-9edd-1df46328c029,I'm sick of you guys asking where all this money came from—just tell me what the hell I need to do to get my cash cleared already!,verify_source_of_funds,angry_layperson
b28c1c1d-0c44-4f15-961b-8bf760528a41,This damn app won’t show me where any of my money’s coming from—how the heck am I supposed to find it out?,verify_source_of_funds,angry_layperson
254aafbb-df13-4581-92ee-2f055c7ceeec,I'm fed up not knowing where that cash came from—give me the details on the money's origin right now!,verify_source_of_funds,angry_layperson
ab3dea0a-370b-4b60-b93a-867acb370e19,I'm fed up with this crap—just tell me right now where the hell my money's coming from!,verify_source_of_funds,angry_layperson
f3320fca-e572-47bb-8937-29105c9ba982,Help I need to know where my last deposit came from now,verify_source_of_funds,panicking_emergency
e01b9fee-518b-45e0-a448-0863c186866b,need to see where this money is coming from now,verify_source_of_funds,panicking_emergency
e738c7b0-240a-4cde-a64f-5cd11a7a6f5e,Tell me source of my recent deposits now urgent account pending freeze,verify_source_of_funds,panicking_emergency
021fa34e-a3ee-4a20-9ecf-5ea8a1e769bd,Urgent need to see where this money is coming from right now,verify_source_of_funds,panicking_emergency
1b2955d9-ae00-44d8-81da-c6ea14704190,Help I need to prove where my money came from now account frozen,verify_source_of_funds,panicking_emergency
3f02fb9e-c7b7-4cc6-9d61-cd8011b7f11f,I kindly request detailed instructions regarding the documentation and procedures necessary to substantiе the origin of the recent deposits reflected in my account.,verify_source_of_funds,polite_expert
c47b90f9-9714-42f6-ad32-89124f2f0cb3,"I kindly request clarification concerning the origin of the deposits currently displayed in my account, as I must verify the source of those funds to satisfy regulatory and compliance requirements.",verify_source_of_funds,polite_expert
8a9e5ea4-6f13-4316-907c-122c384b985c,I would appreciate guidance on the procedure required to confirm the provenance and legitimacy of the deposits reflected in my account.,verify_source_of_funds,polite_expert
2cbef1ae-6814-4512-93c1-125ad239268c,I kindly request detailed instructions on submitting the requisite documentation to confirm the origin of the funds deposited into my account.,verify_source_of_funds,polite_expert
bef324a5-32f7-4b93-a35d-f176d74ea08f,I kindly request guidance on the procedure necessary to substantiate and confirm the provenance of the funds presently reflected in my account.,verify_source_of_funds,polite_expert
12696be6-14c7-4160-b115-a1c23551f111,"Yo, can u let me know what info you need to confirm where my money’s coming from? thx",verify_source_of_funds,gen_z_slang
14e56b7c-cd56-45b6-9efe-c39bc1b5b1f5,"Yo, can you let me know why you need the deets on where my cash is coming from and show me its history?",verify_source_of_funds,gen_z_slang
6444af5b-b0ff-400e-ad09-51a8e9411aa0,hey can u let me know what i gotta send so y’all can confirm where my cash is coming from?,verify_source_of_funds,gen_z_slang
c0f4225f-3929-43c6-87c9-31a2b4a3dd25,"Yo, can u show me the source of my cash? I need to double‑check where it’s coming from.",verify_source_of_funds,gen_z_slang
d880e0c9-903b-4bae-a1f4-411071baa3f4,"Yo, can you tell me exactly where my cash is coming from and give me the deets on its source?",verify_source_of_funds,gen_z_slang
4818c67e-f28c-4189-86d7-154ac5de2f2a,"Hello, I want to know from where my money come, can you help me check the source please?",verify_source_of_funds,non_native_speaker
a193d2f5-df7e-4b76-a45e-123fa9347bc1,"Hello, I need help to show where my money come from for the bank check.",verify_source_of_funds,non_native_speaker
13efd945-987b-42f8-b903-af6a9304693f,"Please tell me from where my money come, I need to see the source of my funds.",verify_source_of_funds,non_native_speaker
47c64671-3bc5-4e92-b038-301c6a462ae3,"Hello, can you please tell me how I can prove where my money comes from?",verify_source_of_funds,non_native_speaker
5353b09c-737a-442b-a106-fcf380467608,Can you tell me which documents i need give so you know where my money come from?,verify_source_of_funds,non_native_speaker
1c8c9e2b-bb2b-4a3c-ad2c-1816e750f6c0,source of funds?,verify_source_of_funds,short_wording
6f13e04e-cdaf-47c6-a3d6-a0491bf31302,Source of funds?,verify_source_of_funds,short_wording
3cd427ca-db35-42bb-87e2-7bf632cff0d0,Source of funds?,verify_source_of_funds,short_wording
420b3a2f-5f19-478f-aaa8-f44adf631269,Need source of funds,verify_source_of_funds,short_wording
92cb457a-0edb-4efc-ab8c-833a6c746983,Check fund origin,verify_source_of_funds,short_wording
b57ee46c-65f3-4eac-a030-011af4a5c9c0,I topped up my account and now you’re making me jump through some ridiculous verification hoop—where the hell is that code already?,verify_top_up,angry_layperson
7230a58f-d23d-4d77-a5b0-ad2b62fcd020,"I just topped up and still haven't gotten any code—what the hell is this, fix it now!",verify_top_up,angry_layperson
cd515ba0-bbdd-409e-aa95-a36f0c6db122,I'm fed up trying to get the stupid code for my top‑up and nobody's telling me where it is!,verify_top_up,angry_layperson
f35f9745-3331-466e-9251-0f710f2a6a3b,"This stupid ""verify my top‑up"" nonsense is getting on my nerves—just let me add cash already without hunting for some random code!",verify_top_up,angry_layperson
71badef0-7e6b-4196-829d-ff288aa04767,I can't find that damn verification code for my top‑up—what the hell is going on and why do I have to jump through hoops for this stupid thing?,verify_top_up,angry_layperson
272753c9-9b1d-475a-98b0-d14939b10c15,Need topup verification code immediately cannot find it urgent,verify_top_up,panicking_emergency
0ac8b608-0f31-4711-be41-d110ec8fa22a,Top up done can’t access account need verification code now urgently,verify_top_up,panicking_emergency
69074558-1479-44e0-8a77-055a87ad6439,Need verification code now cant locate it on my top up card,verify_top_up,panicking_emergency
6595654e-f2af-4030-adfb-8d379f433566,Help I need the topup verification code now cant find it,verify_top_up,panicking_emergency
5210d943-57bd-43f2-a363-e5ae62d03679,Can't find top up verification code urgent need it now money on hold,verify_top_up,panicking_emergency
e1c56488-a8c6-4a57-a676-c8f1d7f571ea,"I would appreciate clarification on the verification procedure applied to my recent top‑up, including which card was employed and whether a specific verification code is required to complete the process.",verify_top_up,polite_expert
c96c3d01-7cdc-4aa7-873a-8375dc9d81fb,I have recently executed a top‑up to my account and would appreciate detailed instructions on locating and confirming the required verification code to ensure the transaction is fully authenticated.,verify_top_up,polite_expert
8345573f-0e43-4291-816c-646975de5646,"Dear Support, I have initiated a recent top‑up to my account and the system now prompts me to verify it; could you kindly provide detailed instructions on how to complete this verification?",verify_top_up,polite_expert
0c94cd1b-7dc0-4aba-88d8-64a26880aaee,"I kindly request clarification regarding the verification procedure for a recent top‑up on my account, specifically whether a confirmation code is required and how it may be obtained.",verify_top_up,polite_expert
2050365e-2029-4473-9138-0b802a85c781,"Dear Sir or Madam, I have initiated a top‑up to my account using my debit card but have not received the associated verification code required to complete the transaction; could you please advise on how to obtain this code?",verify_top_up,polite_expert
5706bb4f-5adc-40f1-971a-477c6cfcbff1,"Yo, the app keeps asking me to verify my top‑up but I never got a code—what’s up?",verify_top_up,gen_z_slang
aaf0b457-4172-493c-8bc2-c84659bbe93c,"Yo, I just topped up but the verification code isn’t showing up—where’s it at?",verify_top_up,gen_z_slang
df93bdfa-c003-48ed-af8b-ba6dd3588f2a,"Hey, can u tell me why there’s always a verification step when I top up my account?",verify_top_up,gen_z_slang
cbf3bd3c-ca1c-4790-8c85-b268477c1fae,"Yo, I need the verification code for my top‑up—where’s it at?",verify_top_up,gen_z_slang
4cbc5625-ec26-4bc7-b6ee-bbd67c89d123,"Hey, can you hook me up with the verification code for my top‑up?",verify_top_up,gen_z_slang
af637760-80c8-4702-b6bf-566a6ac77527,"Hello, can you tell me what i need do to verify my top up card please?",verify_top_up,non_native_speaker
5ca38189-f35a-4271-b0a0-c2908127051d,"Hello, I try to add money to my account but it says I need a verification code, I don't know where the code is, can you help me find it?",verify_top_up,non_native_speaker
848f20cc-0c4c-4ae3-9d96-f4755f799e59,"Hi, I need know where is the code for check my top up card please.",verify_top_up,non_native_speaker
e236b17b-d9d4-4f1f-93a4-951773a59c53,"I just added money to my account and it says I need to prove the card, how can I do that?",verify_top_up,non_native_speaker
7340024e-41ca-4ab1-b516-4ab93a2420ab,"Hi, I try add money but I no see verification code, can you help please?",verify_top_up,non_native_speaker
cab9f8d9-6ad2-492d-818a-3f8958601b93,Top‑up verification code?,verify_top_up,short_wording
7312e247-d06d-4ddd-92ea-c93f0aedfa32,Top up verification code?,verify_top_up,short_wording
ccaed617-8b7d-4a62-87ed-4ad52a817494,Top-up verification process?,verify_top_up,short_wording
a6129a5e-fe6f-4237-9278-93843647faa7,top‑up verification code?,verify_top_up,short_wording
71206459-ec06-464a-904a-981708a1bcaa,Missing verification code.,verify_top_up,short_wording
9bdf21a5-8e60-4ddc-a93f-83f8fd95d2e5,I tried using that damn online card you gave me for my gym payment and it got flat‑out denied—what the hell is going on?!,virtual_card_not_working,angry_layperson
168cb780-e82c-4e70-b3c6-50a3cc29bb32,I tried using that damn virtual card on a site and it just keeps getting rejected—what the hell is wrong with it?!,virtual_card_not_working,angry_layperson
ca3dbe3e-7df1-49dd-b530-008910a46abf,"My damn virtual card just keeps getting rejected every time I try to pay, I'm sick of this crap!",virtual_card_not_working,angry_layperson
78b001de-4ac7-49fb-a81c-a248bdf7899f,I'm fed up—every time I try to pay with that damn temporary card you gave me it gets blocked and the purchase never goes through!,virtual_card_not_working,angry_layperson
23d4a084-3e32-451d-8519-f63eda9b3250,"I'm fed up—every time I try to use that stupid virtual card for anything, it just gets rejected and I can't figure out why!",virtual_card_not_working,angry_layperson
b95b9707-b774-47f5-8d96-12aa1f0b5157,Virtual card will not work my rent due in minutes need fix now,virtual_card_not_working,panicking_emergency
16c84b1c-e534-4376-89fb-c499f8f6bc6c,Virtual card declined instantly need it for urgent payment cant complete transaction help now,virtual_card_not_working,panicking_emergency
573f58f5-c205-4b9e-b751-02e200c311af,Virtual card will not process payment need it right now cant afford delay,virtual_card_not_working,panicking_emergency
ca8c8563-768e-48b0-bc1c-f71774bdeac5,Virtual card rejected again need it for urgent bill cannot pay,virtual_card_not_working,panicking_emergency
0e5728d4-9dda-4260-a3b4-1bb67a365f80,My virtual card won’t work I’m trying to pay an urgent bill now nothing goes through please help quickly,virtual_card_not_working,panicking_emergency
84b860ac-03de-4f1f-ab3e-e4d0194775b2,"Dear Support Team, I attempted to complete a purchase earlier today using my disposable virtual card, but the transaction was declined despite sufficient funds being available; could you kindly investigate the cause and advise on the steps necessary to restore its functionality?",virtual_card_not_working,polite_expert
e230f29e-875c-47e2-9f4b-cb8ca6e00bd4,"I am currently unable to execute any transactions with the virtual card issued to my account, despite repeated attempts, and kindly request assistance in diagnosing and rectifying this issue.",virtual_card_not_working,polite_expert
7a56c44a-f732-4d27-9767-6664430c7c18,I have encountered repeated declines while attempting to complete online transactions with my recently issued virtual card and would be grateful for guidance on how to resolve this issue.,virtual_card_not_working,polite_expert
80f7c96a-3f4f-407b-bfb6-8df9246fbd81,"I am encountering difficulties when attempting to utilize my disposable virtual card for transactions, as it appears to be consistently declined despite the availability of sufficient funds.",virtual_card_not_working,polite_expert
b1b59827-c9ce-4eb6-991c-0a9b47ace0e7,"I have attempted multiple transactions using my virtual card, yet each attempt has been declined despite sufficient funds and accurate entry of all required details; could you kindly investigate the underlying cause and advise on the corrective measures needed to restore its functionality?",virtual_card_not_working,polite_expert
36b9662a-ffda-41b3-8b05-014c5b8b9ae6,"Yo, I tried paying with my disposable virtual card and it just straight up got declined, what’s the deal?",virtual_card_not_working,gen_z_slang
528474b5-bd1c-4894-abec-0683a7a347ae,"Yo, my disposable virtual card just keeps getting declined every time I try to pay online, what’s the deal?",virtual_card_not_working,gen_z_slang
4492a56d-1e9c-4872-8330-1b7596795992,"Yo, I tried paying with my disposable virtual card and it just got declined, what’s the move?",virtual_card_not_working,gen_z_slang
195533a5-dc9b-4fc9-8e5e-90bad39a2689,"Yo, my virtual card is straight up getting declined everywhere I try to pay, can you fix it asap?",virtual_card_not_working,gen_z_slang
7f339657-07cc-488f-8fb4-133a55b7a040,"Hey, my virtual card is straight up getting rejected on every purchase, what’s the move?",virtual_card_not_working,gen_z_slang
0242ec73-948f-4aeb-9534-f43252b10556,"Hi, I try to pay with my virtual card on a web site but it keep saying rejected, can you please help me fix it?",virtual_card_not_working,non_native_speaker
2aa655a6-8521-4c8e-bff1-06d03fd8bfd9,"I try use my virtual card for payment but it always say declined, please help fix.",virtual_card_not_working,non_native_speaker
1ed9a46e-b9f6-46d8-9454-4e0be58752d4,"Hi, I try use my disposable virtual card for buy thing online but it no work, it keep get rejected.",virtual_card_not_working,non_native_speaker
577d9c1c-3a73-40fe-a38a-3ee0ec66826d,"Hello, I have problem with my virtual card it not work when I try pay on internet, can you please help me?",virtual_card_not_working,non_native_speaker
bc320100-b71e-4b6b-bb9c-8e2a55142d5b,"Hi, I try to pay with my internet card and it always says declined, please help me fix it.",virtual_card_not_working,non_native_speaker
8c34cbb1-ff87-42c0-93ba-d209391d440c,Virtual card rejected,virtual_card_not_working,short_wording
7ff12c8b-5c6c-45de-bce8-24a7528a5882,Virtual card not accepted,virtual_card_not_working,short_wording
34722ce0-d695-4bab-84ae-fb6824369cf5,Virtual card not working,virtual_card_not_working,short_wording
f03bb327-6379-42bb-b2fc-950d8dad53e4,Virtual card declined,virtual_card_not_working,short_wording
8b74020b-b524-41ef-9ec0-96fd7a969e85,Virtual card won’t work,virtual_card_not_working,short_wording
6da8672b-26f5-47d3-9413-c0cb9e53a425,I’m fed up with this nonsense—why the hell can’t I just get a damn Visa or Mastercard right now?,visa_or_mastercard,angry_layperson
284e115e-a5ae-4c8c-94f0-9f3fc52ac495,I'm sick of this crap—tell me right now if I can actually get a Visa or a Mastercard from you instead of making me jump through endless hoops!,visa_or_mastercard,angry_layperson
160581c3-733b-4fb7-9ac6-9f8185a2a61b,I'm fed up with this junk—why the heck can't I just pick a Visa or Mastercard already?!,visa_or_mastercard,angry_layperson
e024c2b9-4030-474b-ba14-c00d809b71dd,"Why the hell can’t I pick whether I get a Visa or a Mastercard, I’m sick of being stuck with whatever junk card you force on me!",visa_or_mastercard,angry_layperson
6f2d3e56-16fe-4b9a-b611-eeaf047a727e,"I’m fed up with your stupid card choices—why the hell do I have to pick between some Visa thing and a Mastercard, I just want a decent card that works!",visa_or_mastercard,angry_layperson
8e825b04-4a2d-4c6d-be42-ec7e874d6804,Need a card now cant tell if it’s Visa or Mastercard what do I do,visa_or_mastercard,panicking_emergency
ed0bafe8-98bb-405f-beed-8d792f1118ec,Urgent need card now cannot wait tell me if it is Visa or Mastercard,visa_or_mastercard,panicking_emergency
1e968274-7672-4ac3-8615-f9ee08b064c1,Help me find out if my card is Visa or Mastercard urgent,visa_or_mastercard,panicking_emergency
9dd079cb-3ef2-4b84-aba0-2ceef37d2d34,Need a card urgently need Visa or Mastercard now can't wait,visa_or_mastercard,panicking_emergency
020e42aa-d33c-4114-bd60-66e0575633db,Need card immediately cannot decide visa or mastercard help fast,visa_or_mastercard,panicking_emergency
3d619a70-7da5-4c61-a79b-96f582cd430d,"I would appreciate detailed information regarding the eligibility requirements, application procedure, and associated benefits for obtaining a Visa credit card from your institution, as well as clarification on whether Mastercard products are also available to qualified customers.",visa_or_mastercard,polite_expert
c5ec0a46-0eb9-47f4-b76d-745eef3f6035,I would appreciate detailed guidance on the procedures necessary to apply for a Visa credit card through your institution.,visa_or_mastercard,polite_expert
59528b92-9ccd-4b51-9be6-8e142173f9d7,I kindly request information regarding the eligibility criteria and application process required to obtain a Visa credit card from your institution.,visa_or_mastercard,polite_expert
f9bb3445-ccab-4a4a-ab86-e3ec21778406,I would appreciate guidance on whether I may select either a Visa or a Mastercard for my forthcoming card issuance.,visa_or_mastercard,polite_expert
b7960848-7957-4253-8c16-59b94e1d39e2,I would like to inquire about the possibility of obtaining a MasterCard in lieu of my current Visa product and request guidance on how to effect such a change.,visa_or_mastercard,polite_expert
70af76c0-2941-46e4-a134-583918b7e5e7,"Yo, can I choose if my new card comes as a Visa or a Mastercard?",visa_or_mastercard,gen_z_slang
36e99637-1a2d-4c02-9c7c-78d22ff4be7d,"Hey, quick question—do you accept both Visa and Mastercard, and can I choose which one shows up for my payments?",visa_or_mastercard,gen_z_slang
9e89191d-f1d9-4c3c-9ebd-6d6b9a8d7f0a,"Hey, is it possible to switch my card to a Mastercard or even have both options?",visa_or_mastercard,gen_z_slang
8475c749-d4b4-4a2d-a825-da9708cb0264,hey can I choose whether my new card is a Visa or a Mastercard?,visa_or_mastercard,gen_z_slang
b07e04c7-d87d-4451-b8b6-40d0dea4bc1c,"Hey, quick question—do I get a Visa or a Mastercard on my new card?",visa_or_mastercard,gen_z_slang
9200f873-3217-4694-840d-5fadde151123,"I want know if you have Visa card or MasterCard, please.",visa_or_mastercard,non_native_speaker
47934a76-56b6-4f81-a943-00f45a24803a,"I want have Visa and MasterCard, is it possible?",visa_or_mastercard,non_native_speaker
27cd3b05-6462-416e-bd4d-9ff048beb86c,"Hi, I want have Visa card, how I can get it please?",visa_or_mastercard,non_native_speaker
f7a9c1fa-c441-4790-bf8f-cc490a78ac17,"hi i need new card, can i have visa or mastercard please thank you",visa_or_mastercard,non_native_speaker
cadf5a23-f704-4385-9547-bd670ec8fd7e,Hi I want know if my card is Visa or Master Card please,visa_or_mastercard,non_native_speaker
f4f4c4b2-a48c-410b-b40c-9f8c755cdc32,Mastercard instead of Visa?,visa_or_mastercard,short_wording
df8748e9-1f03-4ab6-b890-44a64d11dfce,Need Visa and Mastercard,visa_or_mastercard,short_wording
7e16652b-b258-4f96-845f-a3feae402d69,Switch to Mastercard,visa_or_mastercard,short_wording
ecf95eef-4e5e-4b40-900e-d63b9c953268,Visa or Mastercard?,visa_or_mastercard,short_wording
ba418cc3-4b55-43f2-9e62-0547d5bbeeca,Visa or Mastercard?,visa_or_mastercard,short_wording
11cdb75d-bb70-46c0-940c-ec73859a2df3,"Why the heck do you keep making me jump through a bunch of ID hoops just to log in, it's ridiculous!",why_verify_identity,angry_layperson
dc2deacc-8bfe-4a31-96af-3cd834e0f00d,What the hell's the deal with you makin' me prove who I am every damn time I try to use my account?,why_verify_identity,angry_layperson
fd7c18ff-0b90-43eb-be2e-34088fb806ef,What the hell's the deal with you needing every damn detail about me just to open an account?,why_verify_identity,angry_layperson
83a32bb2-4245-434e-b8e7-62c17c8494b5,Why the hell do I have to keep proving who I am just to look at my own money?!,why_verify_identity,angry_layperson
f9f86cbf-70dc-4680-8776-cdb4a48b831b,Why the hell do you keep bugging me for my ID and personal info when I already gave it—what's the damn point?,why_verify_identity,angry_layperson
bf1bbca8-fa84-4048-bd92-a01c3814ebb4,Why are you forcing an ID check now I need to move money urgently,why_verify_identity,panicking_emergency
a1646045-1aa1-4579-8735-5dab1ce05320,why am i being stopped need to verify identity now cant use my account urgent,why_verify_identity,panicking_emergency
decef61b-f96e-42e0-ba5e-bb132a96d018,Urgent need cash now why must I verify identity cannot wait access blocked please help,why_verify_identity,panicking_emergency
13bd8255-449c-4db2-b01d-3250586787db,Cant access account urgent need money verify why need all my personal details now,why_verify_identity,panicking_emergency
bfd1a186-b712-406f-948f-07127c302d6a,Need money now account locked why cant i use it before id verification,why_verify_identity,panicking_emergency
34e5ae20-ea3b-4c88-a119-d8cf7e3e8aa8,Could you kindly elucidate the rationale behind the mandatory identity‑verification (KYC) procedure required before I may access the full suite of services associated with my account?,why_verify_identity,polite_expert
9a836b13-b1fe-44e5-95e0-7d74edb62295,I would appreciate clarification regarding the regulatory and security reasons necessitating the verification of my identity at this juncture.,why_verify_identity,polite_expert
60bc484d-a89e-4389-bec5-228c8d9695f9,I seek clarification as to why the bank requires such comprehensive personal details for identity verification and whether access to my account remains unrestricted pending completion of this process.,why_verify_identity,polite_expert
31b243a3-4c75-4924-9e49-3701b68f9cf7,I would like to understand why it is required to submit comprehensive identification documentation before I am permitted to utilize the full range of services associated with my account.,why_verify_identity,polite_expert
57dfc66d-c48b-4ded-80fc-45e117656894,"I would appreciate clarification on whether I may continue to perform transactions without completing the identity verification process, as I am presently reluctant to provide additional personal documentation.",why_verify_identity,polite_expert
14dd28c7-a174-4a32-a026-0b4da7223d79,"Hey, do I actually gotta go through that identity verification or can I skip it?",why_verify_identity,gen_z_slang
0c015b7b-6c34-4dfd-91dc-0e9f71e355e0,"Yo, why do I gotta verify my ID just to use the app?",why_verify_identity,gen_z_slang
cadaaf41-94b8-4223-b52c-5337d433fa1a,"Yo, why do I gotta verify my identity just to use the app—what's the deal?",why_verify_identity,gen_z_slang
84412aad-f0a5-41f5-90f2-36fcefef51b8,"Yo, why do I gotta dump all my ID deets just to use the app?",why_verify_identity,gen_z_slang
b99e5330-24da-4406-a372-636a1fb2cc5c,"Yo, why’s the app always tripping me for an ID check when I’m just trying to use my account?",why_verify_identity,gen_z_slang
819785fe-0a37-4c04-9422-185b8a1f1676,"Hi, I not understand why I must do identity check, can I skip it please?",why_verify_identity,non_native_speaker
7912f691-8107-4559-8c16-8a9add81618d,"Hi, I wonder why i need to verify my identity every time i want to use my account, please explain.",why_verify_identity,non_native_speaker
c9f3f736-91bd-44fd-82fc-848619312eb7,Why you ask me to verify my identity before I can use the account?,why_verify_identity,non_native_speaker
a70cc7a3-2664-4d45-a82c-f839033db4fa,I don't understand why you ask for my ID each time I want to use my account.,why_verify_identity,non_native_speaker
49a9084e-ede3-4cad-b79c-aa24f1ff65c3,"Hello, I am confused why you ask me to do identity check and if I can still use my account before it is finished.",why_verify_identity,non_native_speaker
7a5c6b80-1d52-4601-9124-89a46e788149,Must I verify identity?,why_verify_identity,short_wording
df10ea19-1020-4f91-ac4f-cebb5982da31,Why verify identity?,why_verify_identity,short_wording
be0f8285-89ff-46aa-9c51-888680abad02,Why verify identity?,why_verify_identity,short_wording
a2d2ab1d-d5aa-481a-9242-0a0d7494df38,Why identity verification?,why_verify_identity,short_wording
295cbcc3-4669-455f-8d01-65370b7b157e,Why verification required?,why_verify_identity,short_wording
110f46d2-52f4-4db4-8ffa-b72f0fcd01bd,"I went to the ATM, asked for $200 and it only spat out like $80—what the hell is wrong with your machines?!",wrong_amount_of_cash_received,angry_layperson
dba4bcbd-ce88-4b65-be1c-3f234919dc97,"What the hell, I asked for a hundred bucks and that stupid machine only gave me ten, I'm pissed off!",wrong_amount_of_cash_received,angry_layperson
ab07efa1-df31-4e8f-b164-abf41a730237,I went to pull out cash and that damn ATM only gave me like half the money I asked for—fix this now!,wrong_amount_of_cash_received,angry_layperson
4c7643ca-21d1-4d54-8845-473f47315d67,"I went to get a hundred bucks from the machine and it only spat out twenty—what the hell is going on, fix this right now!",wrong_amount_of_cash_received,angry_layperson
ec2b97ce-83a9-4a16-ac40-c67a7d09b769,"I hit the ATM asking for $200 and it spat out barely $20, but my app says I pulled the whole thing—what the heck is going on?!",wrong_amount_of_cash_received,angry_layperson
741b6f54-5c58-44e1-a669-4cd44ecd67d8,Withdrawn 200 got only 100 panic need money now,wrong_amount_of_cash_received,panicking_emergency
16a068a3-93a6-45f8-bc6c-2b2e44594482,ATM gave me only 20 when I asked for 100 account shows full amount missing cash,wrong_amount_of_cash_received,panicking_emergency
0d1cd699-9631-4d2b-b96a-635fed1a69b8,Withdraw 200 got only 50 need money now urgent,wrong_amount_of_cash_received,panicking_emergency
789ea69e-4577-4813-9135-58a287d67171,ATM gave me $100 request got $30 account shows full panic need cash now,wrong_amount_of_cash_received,panicking_emergency
10f61942-46b0-4561-934b-d78f6971165c,ATM gave me only twenty when I needed one hundred account shows full withdrawal help now,wrong_amount_of_cash_received,panicking_emergency
7bab8a20-bc21-40a2-b506-e2cb1b89c107,"I initiated a withdrawal of $150 at an automated teller machine; however, the cash dispensed amounted to only $80, and I kindly request assistance in rectifying this discrepancy.",wrong_amount_of_cash_received,polite_expert
5b028296-eaad-4fc6-8101-f90993c93aa5,"I attempted a withdrawal of €150 at an ATM earlier today, yet I was dispensed only €45, and I would appreciate your assistance in reconciling this discrepancy.",wrong_amount_of_cash_received,polite_expert
c62444c9-c204-464a-9ff6-6ce9c2da7e24,"I withdrew $200 from the ATM earlier today, yet only $50 was dispensed while my account reflects the full withdrawal amount.",wrong_amount_of_cash_received,polite_expert
c6f70457-ec5c-43e6-b9dc-46508ebae99f,"I wish to report that the cash dispensed by the ATM during my recent withdrawal was not equal to the amount authorized, resulting in a shortfall.",wrong_amount_of_cash_received,polite_expert
5cb67755-292e-4419-adbd-dda83ca178d0,"Dear Sir/Madam, I am writing to inform you that during my recent withdrawal request for $100 at your ATM, the machine dispensed only $20 while my account was debited for the full amount; I kindly request assistance in rectifying this discrepancy and receiving the missing funds.",wrong_amount_of_cash_received,polite_expert
4e32dcdc-5c83-4e4a-8a9c-77a1c4391988,"Yo, i just tried to pull $50 from the ATM and it only gave me $15 – what’s good with that?",wrong_amount_of_cash_received,gen_z_slang
42887747-09a2-4cab-8508-64244295d783,"Yo I just hit the ATM, app says I pulled $120 but I only got like $70 – can you sort this out?",wrong_amount_of_cash_received,gen_z_slang
955cc003-3804-44ea-9ebc-6cc5f96ffd72,"Yo, I just tried pulling cash from an ATM and it only gave me like half of what I requested, what's up?",wrong_amount_of_cash_received,gen_z_slang
f986ee5d-ea04-4740-b81a-79c14be145cf,"Yo, I hit the ATM and it only gave me like $30 less than what I asked for, can u sort this out?",wrong_amount_of_cash_received,gen_z_slang
93f29243-cefb-4b62-bb04-19f696d9d41c,"Yo, I tried pulling $100 at the ATM but only got $20—what’s the deal?",wrong_amount_of_cash_received,gen_z_slang
a5f5f1da-8613-45a4-b6b8-bc3d9551a605,"Hi I try take 100 cash from ATM but it give me only 40, please help.",wrong_amount_of_cash_received,non_native_speaker
86f08fe6-02e2-4720-9af1-ba61302db992,"I went to the ATM, asked for $100 but it gave me only $50 and I don't know why.",wrong_amount_of_cash_received,non_native_speaker
715f9677-a5c8-49f0-86f4-e9d2a067089f,"Hi, i went to the ATM and asked for 70 dollars but it gave me only 30 dollars, while the app show i took 70. Please help me get the missing cash.",wrong_amount_of_cash_received,non_native_speaker
33f4d3d7-94a1-41e2-93c6-822ac8dd1ffb,"Hi, I went to the ATM and asked for $200 but the machine gave me only $150, please help fix this.",wrong_amount_of_cash_received,non_native_speaker
8586bbc2-9c11-4b41-a7f5-6759c84f0686,"Hello, I try to get cash from the ATM but it gave me less money than I asked for, please help.",wrong_amount_of_cash_received,non_native_speaker
73e707b4-3254-4e26-bedc-9edecab5abf7,ATM dispensed less cash,wrong_amount_of_cash_received,short_wording
4b2b8e7d-9a5a-497d-9531-47dee582456b,"Withdrawn £30, received £10",wrong_amount_of_cash_received,short_wording
45fbdf8b-813f-4aa8-b7cc-967bec01d537,ATM dispensed wrong amount,wrong_amount_of_cash_received,short_wording
ff8f482d-2318-42de-bea8-8a16cdff0c45,ATM dispensed less cash,wrong_amount_of_cash_received,short_wording
f95aaf66-0021-43a0-8c3d-1f64de30e35d,ATM dispensed less cash,wrong_amount_of_cash_received,short_wording
dfd604b6-010a-4972-8c60-2e7cccee303d,"I slapped my card into an ATM overseas, got the cash, and what the hell—my money was slashed by some bogus conversion you guys used, so fix this mess right now!",wrong_exchange_rate_for_cash_withdrawal,angry_layperson
6ab4742d-3dda-45fb-8465-ca1456367ca2,I went to pull cash overseas and you guys slapped me with a messed‑up conversion that ate half my money—what the hell is this?!,wrong_exchange_rate_for_cash_withdrawal,angry_layperson
c728a6ae-962c-494b-a208-e07b751e7457,"Yo, I pulled cash at the ATM and you guys gave me way less money than I'm supposed to because the rate you used is totally messed up!",wrong_exchange_rate_for_cash_withdrawal,angry_layperson
ac39d1a7-f627-40a1-b151-cd38dd61afb8,I just pulled cash from the ATM and they ripped me off with some whacked rate that ate half my money—what the hell is going on?,wrong_exchange_rate_for_cash_withdrawal,angry_layperson
ed9c5ced-7974-43d6-a688-259ee19135bf,I pulled cash at an ATM overseas and what I got back was barely anything—some crazy conversion they slapped on there that’s totally ripped off!,wrong_exchange_rate_for_cash_withdrawal,angry_layperson
509cec9d-ceae-45d5-8cc2-4c08f268d8a4,Withdrawn cash overseas got crazy exchange rate money disappearing fast need fix immediately,wrong_exchange_rate_for_cash_withdrawal,panicking_emergency
07bc280b-0bd3-4dc8-a7a7-dd3a5220443a,Withdrawn cash in Paris the amount shown is far less than expected exchange rate wrong need correction now,wrong_exchange_rate_for_cash_withdrawal,panicking_emergency
d1f4e3d4-3a39-4ecb-b57f-3156d36bf869,Withdrew cash abroad rate huge got far less money need fix instantly,wrong_exchange_rate_for_cash_withdrawal,panicking_emergency
bcdcb840-9184-4d20-8475-cb3b2070fe37,Withdrawn cash abroad got far less money rate is wrong need immediate fix,wrong_exchange_rate_for_cash_withdrawal,panicking_emergency
8131776b-3e0e-4949-9667-580fb7563496,Cash withdrawn abroad rate way off my balance showing less money need correction now urgently,wrong_exchange_rate_for_cash_withdrawal,panicking_emergency
dfd3e4b3-e8c3-47e1-99a1-43ee929625a4,"I recently performed an overseas cash withdrawal at an ATM and have observed that the foreign‑exchange rate applied to the transaction is inconsistent with the prevailing interbank rates, thereby resulting in a charge that exceeds my expectations.",wrong_exchange_rate_for_cash_withdrawal,polite_expert
16e8b8fc-d332-4a3e-88fb-9342f6189d24,"I have observed that the foreign‑currency conversion applied to my recent ATM cash withdrawal deviates markedly from the prevailing interbank rate, resulting in a substantially higher charge than expected; I kindly request that you examine this discrepancy and provide an appropriate adjustment.",wrong_exchange_rate_for_cash_withdrawal,polite_expert
4efa336a-94bf-4db6-91fb-49fbee384e49,"Dear Sir/Madam, I recently withdrew cash from an overseas ATM and have observed that the foreign‑exchange rate applied appears inconsistent with prevailing interbank rates, resulting in an excessive charge; I kindly request a review of this transaction and an appropriate adjustment.",wrong_exchange_rate_for_cash_withdrawal,polite_expert
1eaa39ee-0fc7-4b50-a601-08fdfeefbb88,"Dear Sir or Madam, I wish to bring to your attention that the foreign‑exchange rate applied to my recent cash withdrawal made abroad appears inconsistent with the prevailing interbank rate at the time of the transaction; I would be grateful if you could verify the conversion used and rectify any discrepancy.",wrong_exchange_rate_for_cash_withdrawal,polite_expert
60f70b18-7162-43ed-bb6d-9984ad3c41f5,"I have observed that the foreign‑currency conversion applied to my recent cash withdrawal at an overseas ATM appears inconsistent with the prevailing interbank rate, resulting in a higher charge than anticipated.",wrong_exchange_rate_for_cash_withdrawal,polite_expert
d81b475e-fad3-4161-93c2-6a1f8f8cd7fd,"Yo, I just withdrew cash overseas and the exchange rate they used is way off, can y’all sort this out?",wrong_exchange_rate_for_cash_withdrawal,gen_z_slang
d121e9fb-2a2d-4395-87ac-dd15f8ac0f76,"Yo, I just withdrew cash at an ATM and the conversion came out way off—looks like the exchange rate got totally messed up.",wrong_exchange_rate_for_cash_withdrawal,gen_z_slang
c7417b8f-cef5-4ed5-87b0-4f785e64c1f2,"Yo, I just pulled cash overseas and the exchange rate is totally off, I ended up with way less than what it should've been.",wrong_exchange_rate_for_cash_withdrawal,gen_z_slang
eb335b71-3251-484e-96db-5d6cf0979491,"Hey, I pulled cash abroad and the exchange rate looks totally whack—can u fix it ASAP?",wrong_exchange_rate_for_cash_withdrawal,gen_z_slang
de455201-1081-4afe-8f35-1744c818a485,"Yo, I just withdrew cash abroad and the exchange rate looks totally off—can you check why it’s way worse than expected?",wrong_exchange_rate_for_cash_withdrawal,gen_z_slang
aabe6c9e-3308-44cd-bd93-a697dba1cce1,"Hello, I withdraw cash from an ATM abroad and the exchange rate looks wrong, can you help me please?",wrong_exchange_rate_for_cash_withdrawal,non_native_speaker
351e2e9c-4d0d-4fa8-b36e-d52d6502b98e,"Hi, I withdraw cash from an ATM overseas and the exchange rate was wrong so I get much less money than I think i should have got.",wrong_exchange_rate_for_cash_withdrawal,non_native_speaker
0fbec8e8-8517-46f4-b0ac-1bb7dc3c22f3,"I withdraw cash in another country and I think you used a wrong exchange rate, because I get much less money than I expect.",wrong_exchange_rate_for_cash_withdrawal,non_native_speaker
258bf19a-6881-4fc5-b76d-ec762a545159,"Hello, I took cash from an ATM abroad and the amount I received is much lower than expected because the exchange rate looks wrong, can you please explain why?",wrong_exchange_rate_for_cash_withdrawal,non_native_speaker
cca9fe7c-37eb-4100-9e9f-536e323e682e,"I pull cash from ATM in another country and the bank use wrong exchange rate so I get much less money than I think, please check it for me.",wrong_exchange_rate_for_cash_withdrawal,non_native_speaker
b29e51aa-7a11-4358-8ed6-a7899e9eb630,ATM cash wrong rate,wrong_exchange_rate_for_cash_withdrawal,short_wording
d6f4234a-e9fe-4e2d-b8e3-0a2e86467f44,Cash withdrawal wrong rate,wrong_exchange_rate_for_cash_withdrawal,short_wording
6b3e6160-7295-405d-ad1b-ceea303b4250,Withdrawal exchange rate incorrect,wrong_exchange_rate_for_cash_withdrawal,short_wording
c2d2ea70-d423-491a-a999-592a4fbe99a8,ATM foreign withdrawal wrong rate,wrong_exchange_rate_for_cash_withdrawal,short_wording
68547c6e-f9f2-41c1-bd9a-6efa17474fb5,ATM foreign rate incorrect,wrong_exchange_rate_for_cash_withdrawal,short_wording
